date,S0,S1,S2,S3,S4,S5,S7,B1 Nifty 500,B2-net EW,B2-gross EW
2022-04-27,1.0,1.0,1.0,1.0,1.0,1.0,1.0,1.0,1.0,1.0
2022-04-28,0.9876816410338204,1.0,1.0,1.0,1.0,1.0,1.0,1.010700758377948,1.0069966855124868,1.007058913317555
2022-04-29,0.9773679593120558,1.0,1.0,1.0,1.0,1.0,1.0,1.001853456856533,0.9982323903880117,0.9983217656117577
2022-05-02,0.9745569538507063,1.0048161599339012,0.9935924272292981,0.9779185495821253,0.978416030012313,0.9953645252384073,1.0,0.9986649366147669,0.9920352107258147,0.9921863830596728
2022-05-04,0.9557549369281253,0.9817872532303594,0.9677243732379733,0.9603692713485101,0.9549742875148616,0.967899326275061,1.0,0.9754235300470995,0.969264649079252,0.9694777380340309
2022-05-05,0.9490420289076886,0.9932970101620893,0.9873974835599908,0.9715680901078905,0.9677375816095607,0.9763689203621277,1.0,0.9755692599620494,0.9675086655719569,0.9677693978337644
2022-05-06,0.9381125291183339,0.9699285142199576,0.9741447922334381,0.9573916455427744,0.9481002872528068,0.9500994076855748,1.0,0.9586439414475467,0.9479312830000685,0.9482380535224572
2022-05-09,0.924614845976256,0.9326205148209374,0.9411634608865875,0.9379831274549402,0.9093622917663705,0.9133108909202795,1.0,0.9482075088099756,0.9328545340674909,0.9332127907483533
2022-05-10,0.9016334830787602,0.9112123075789716,0.9044164588911343,0.9208074007775564,0.8863146906697384,0.8805002660615112,1.0,0.9390044859929859,0.9168647842832723,0.9173504812168275
2022-05-11,0.8854360759895826,0.8855330694149496,0.8880041688055446,0.906860208735197,0.8772110198171212,0.8504639883418783,1.0,0.9333016945437449,0.904503149914619,0.9050184332876382
2022-05-12,0.8675994034549231,0.874124522827241,0.8701476519106891,0.8955144944305626,0.8630627070236818,0.8285213546650121,1.0,0.9125271076172404,0.885594830815185,0.8861405894571069
2022-05-13,0.8643272558150262,0.8784924052053504,0.8732533779657838,0.8857180437906289,0.863299785634871,0.8421694341679776,1.0,0.9129506641366224,0.8907024289094702,0.8912835909993777
2022-05-16,0.8729067374011269,0.8954095337204702,0.8923660334148127,0.8870694863591212,0.8730531241719808,0.8706489208058844,1.0,0.9197072509699444,0.902113843556736,0.9027417380183023
2022-05-17,0.8870434288891432,0.9375336867453165,0.9221801976983361,0.8973663124270761,0.9046840423546373,0.9002167865940861,1.0,0.9437550694420913,0.9297768091132402,0.9304840333863835
2022-05-18,0.8895857984533824,0.9737745304668316,0.952614749538738,0.9029110010778073,0.932146228834056,0.9182425182484049,1.0,0.9432231089260301,0.9320521818549229,0.932808834103388
2022-05-19,0.8756736161280994,0.9646362622174101,0.9370809719031804,0.8913730822830959,0.9182317302510814,0.8973186424348227,1.0008032646986682,0.9183315526311331,0.9085601257157666,0.9093438392090516
2022-05-20,0.8889184114671101,0.9982588329817983,0.9564040752934204,0.8925790581151536,0.9419808786740853,0.9347242241995551,1.0184180135687202,0.9416542291059569,0.9310117516918153,0.9318458563723796
2022-05-23,0.8911453934823308,0.9737623628233222,0.9314339677483489,0.8847437975407773,0.9242787735600971,0.9277921483317053,1.0106882173044773,0.937638913302216,0.9218921919895742,0.9227569846469175
2022-05-24,0.8906592951707908,0.9380368650265016,0.899073072876905,0.8827489630923966,0.8923491907357738,0.9144171293258821,1.0010115436002702,0.9316379777717538,0.9114170196514765,0.9123342265851975
2022-05-25,0.8729462983320175,0.8941357804786623,0.8656687271627043,0.8725456642290979,0.8570613740874976,0.8724502614975576,0.9888054458245986,0.9208288153971266,0.8896908030271792,0.8906301484060111
2022-05-26,0.8750316840264378,0.9195355392643653,0.868241239388346,0.8724740833584425,0.8774124809306503,0.894248470230269,0.997085080349927,0.9299640691710152,0.9012229381958697,0.9022395514049535
2022-05-27,0.8865620317061846,0.9194185319662308,0.8777985563062488,0.8766616270963915,0.880736501284152,0.8961246652724122,0.9976515616443947,0.9401701267704663,0.9121586437580194,0.9132420026868401
2022-05-30,0.8957205557551627,0.9251652314986251,0.8735750020468751,0.8752657810041652,0.8827530432961034,0.9074932670041937,0.9988779634732419,0.9592572380514706,0.9321127968116957,0.9332362425809573
2022-05-31,0.8948831289700465,0.9317320858668262,0.8886141641555438,0.878308014427817,0.8749775331629643,0.910572468654153,1.014052649784036,0.9568717544981702,0.9366986665692714,0.9378887104165774
2022-06-01,0.8992977238880195,0.9433755985858648,0.8989498198756836,0.8636028796884021,0.8766651408955056,0.9372938414706217,1.0162784819399462,0.9543846835609243,0.9371148576358882,0.9383339747212258
2022-06-02,0.8963766278886836,0.9391108263244434,0.8955060855672219,0.8696835978214638,0.885597499586213,0.9387965789100935,1.016083633850327,0.9601484274405326,0.9424044222454852,0.9436926750617232
2022-06-03,0.8857445182638176,0.9375338034893158,0.8836996506549437,0.8617703166242762,0.8660746746135022,0.9266340836272775,1.0132393074241228,0.9540458383454188,0.9311861489916958,0.9324839071364571
2022-06-06,0.8890814790069389,0.9524206740897787,0.8947579295750424,0.8670357429127308,0.8796926757227067,0.9350818924795952,1.0134163575378916,0.9524328821750474,0.9284221387205361,0.9297419997441163
2022-06-07,0.8880874043848276,0.9945526728023993,0.9118776717235906,0.8612332719916521,0.8936802870872956,0.9487686301443999,1.0136191660364624,0.9444022505675658,0.9237177016984671,0.9250636768671845
2022-06-08,0.8803573369919345,1.0060847961981718,0.9004544994078224,0.853518396036075,0.889987763606201,0.9495018407212945,1.0201097133409656,0.9411019511131066,0.9227504302937161,0.9241270033163693
2022-06-09,0.8892045600603903,1.026380031000263,0.9144070589880122,0.8754757869480726,0.9053226079695584,0.9610271438976054,1.0257735752480341,0.9472146658562619,0.9267500661590189,0.9281747634675556
2022-06-10,0.8812405641917648,1.0115702363792873,0.9071226922769333,0.8752682742112426,0.8929810617880107,0.9491380592249133,1.0204393786596813,0.9339760097587422,0.9191030142036927,0.9205628000874746
2022-06-13,0.855886764608484,0.9677855730393652,0.8721431244117945,0.8374853714846208,0.8637774946072849,0.9140103049040595,1.0080395193634721,0.9092505008555841,0.8912056838291038,0.8927409399853631
2022-06-14,0.8526433617023724,0.9449354608421966,0.8583197274134422,0.8334550206826206,0.8501286262796838,0.916603992641329,1.0083836453515018,0.9073122665144687,0.8890627957437919,0.8906630068649408
2022-06-15,0.8528272891463403,0.9750330738177374,0.8696684259008606,0.8300412754489691,0.8599132633779273,0.9302396054572102,1.0056742301409363,0.9068073739072242,0.8924311006206858,0.8940709931258197
2022-06-16,0.8337220881022624,0.939540256833912,0.8308271066295296,0.80728396096676,0.8376813674200135,0.9006890731659404,0.989917137977325,0.8870425721952088,0.86835940688096,0.8700357610499136
2022-06-17,0.8284101615056955,0.9345811614928102,0.8223590154494763,0.7989345254386807,0.8261577939286413,0.8960159386111373,0.981800637038641,0.8806417728381676,0.8594873417558251,0.8611802776979872
2022-06-20,0.8150015108704921,0.8441923200327424,0.759049263933941,0.7862347104899687,0.7632353014967292,0.834363319835469,0.9505806516960967,0.8776599349417187,0.8418218931597043,0.8435243816037475
2022-06-21,0.8335659521802423,0.9025159918850926,0.8004529413598962,0.7872815298439271,0.8042217094690063,0.8334974706213508,0.9697889295369675,0.8973909183128896,0.8682546853083177,0.8700561536266405
2022-06-22,0.8252477126945994,0.893802462380133,0.785538375122516,0.7835698308527945,0.7907886210859854,0.8288834689923751,0.9600389678805118,0.8842335321225264,0.8551565198721786,0.8569952978929254
2022-06-23,0.8433385753072153,0.8963619659090408,0.7899292209602615,0.7854199118621692,0.7916280464252335,0.8311190682286483,0.9643923117785842,0.8931146519847859,0.8657074978737742,0.8675980777450083
2022-06-24,0.8579001019913645,0.9057954030558732,0.8006908036824825,0.7898830723003618,0.8023512519906144,0.8376810478506013,0.9689468873295889,0.9028530767145568,0.8784463155622398,0.8803886718635506
2022-06-27,0.8613096110352283,0.915998509487353,0.8101266097882964,0.7922197648320524,0.8074670902798318,0.8494536280042693,0.9726791326405644,0.9111242751889063,0.8887916259458238,0.8908001659541867
2022-06-28,0.865265399304949,0.9410399547483446,0.8285299397727343,0.7936937244973961,0.8249607035571076,0.8533701990010173,0.9711576875123006,0.9124593385741393,0.8903638878714222,0.8924177305868799
2022-06-29,0.866244777492961,0.937679709520912,0.8298798220260049,0.7953056481656189,0.8196765880498317,0.8534753718882573,0.965608753775439,0.9093148285019653,0.8868299638717884,0.8889213633975697
2022-06-30,0.8617567727853703,0.918675912931965,0.8121354584953518,0.7885984836121148,0.8058180491090284,0.8484987787024925,0.9588099579743178,0.9072614397321429,0.8795777602953366,0.8816828324637851
2022-07-01,0.8626222944378443,0.8975213527569985,0.798608907891307,0.7832135070140683,0.7949099110096298,0.8510473168498783,0.9555688630566584,0.907729072601823,0.8842253552103959,0.8863738559240268
2022-07-04,0.8645798783938716,0.898625917186003,0.8016067539084283,0.781427821659238,0.7933312159130872,0.8503346809258401,0.9542799958846779,0.9130286250084712,0.8893034121308012,0.8915455387298648
2022-07-05,0.8574183508297036,0.8950990342345019,0.7969802018382868,0.785926475997717,0.7929849376912571,0.8509259924595147,0.9587076626851339,0.9122966663984142,0.8888833563144407,0.8911680740033859
2022-07-06,0.8774311009343316,0.8920860758296008,0.7862410374603338,0.7908770794527344,0.7871427662974664,0.8652902696776853,0.9579868880787202,0.9237801439880388,0.9009479342267693,0.9033300745741459
2022-07-07,0.8787805616201766,0.9042589935559251,0.7973907063644204,0.8037134312862371,0.7948710366268693,0.872127206695953,0.9629388002677959,0.9328815132403768,0.9136609423743678,0.9161012718222729
2022-07-08,0.8796506527809032,0.909000208899594,0.8040810193439929,0.8032898176783184,0.8062307222967163,0.8765915691624581,0.9632396848070682,0.9371272702629438,0.916399445776462,0.9188804540862584
2022-07-11,0.8849662423169435,0.9266524559511697,0.8230810228626855,0.8125499159116941,0.8295318910105964,0.8914452866736899,0.9635984841146759,0.9410985097163865,0.9253022175353344,0.9278711458129014
2022-07-12,0.8757255990127856,0.9297652538670481,0.8304515849839019,0.8186993504746666,0.8411904843895819,0.884172464221544,0.9672578388206394,0.9337896448902141,0.9199722456907048,0.9225900257947584
2022-07-13,0.8757079048080318,0.9140015613369558,0.8123998045492196,0.8129430293310607,0.8199109921768746,0.8826836765542926,0.9622379462025156,0.9302622794329425,0.9202480775507975,0.9228913353424688
2022-07-14,0.8699100886667792,0.9176789263131879,0.8116936388597066,0.808537880766081,0.8216283153278685,0.8742689533136547,0.9597836373000799,0.9286155049217267,0.9160383633410009,0.91869490805705
2022-07-15,0.8805904535790187,0.9260164021289822,0.8127183240705294,0.8183918915572268,0.8307981975353095,0.8873378157240188,0.9690110055731225,0.9345486714090878,0.9217142897592984,0.9244325138518501
2022-07-18,0.8880612753032394,0.9434872238819143,0.8318683161998585,0.832988139185412,0.848902985026896,0.9086297855982604,0.9781464913206039,0.9477094328154649,0.9353039080574725,0.9381262858857694
2022-07-19,0.8939394458910795,0.9571044339687969,0.8470293732208786,0.8365971485425665,0.8599452087258996,0.9165176287463822,0.989661861903413,0.9522669009640147,0.9419867585322175,0.9448753240390773
2022-07-20,0.888122550676155,0.9629446632733224,0.8545062196521483,0.8373278545239775,0.8626433682356964,0.9119246025880575,0.9864071854423067,0.959907860573665,0.9461375741792784,0.9490840139532827
2022-07-21,0.898840466994187,0.9609374695018276,0.8571339471369721,0.8557576069931606,0.8752701265582828,0.9262889364718137,0.9906246626145091,0.9671862160943007,0.9561304905219052,0.959153822545953
2022-07-22,0.8944617853430168,0.9642158143148899,0.8560192018700691,0.8608076885962701,0.8771679054316566,0.9277343357595719,0.9986088211037462,0.9715776368511114,0.9556569633667233,0.9587441806880849
2022-07-25,0.8929974034205749,0.9881044276761894,0.8609173372092319,0.8527206400462086,0.8795766218560619,0.9279116049460581,1.0158539491123724,0.9677080509623204,0.95515408787669,0.9582876820242671
2022-07-26,0.8879761905634681,0.9822558890584927,0.852532526742414,0.845773390232012,0.8708176092571568,0.9194100425739583,1.0084706881021386,0.9583525477983532,0.9440687516956119,0.9472522334598462
2022-07-27,0.8882267817719718,0.9831787148070958,0.8614520919066014,0.8496316710806958,0.8829850484764377,0.9264258472712673,1.0039770638655938,0.9665593524456153,0.9521114862066222,0.9553867446811264
2022-07-28,0.8925726276445846,0.9917168106321199,0.8777015084156413,0.8584991485269027,0.9019503340471776,0.9365643156409467,1.0029721000316763,0.9805570350620086,0.9614674992591943,0.9648186669712518
2022-07-29,0.9017795763746874,1.0057183496846407,0.8874189122994627,0.8682245378574126,0.9121642690135037,0.9431528620629415,1.007405427168325,0.993877093428097,0.9742795877094093,0.9777305865631587
2022-08-01,0.9102505301384677,1.0163511000926941,0.9049201373255998,0.8808309212342007,0.9275778199457253,0.9631606649619071,0.9988035967123937,1.0061567910934535,0.9879040699275113,0.9914154405027809
2022-08-02,0.9104713862135987,1.0150571346216006,0.914636209279235,0.888825904129707,0.938022280996192,0.9678148436133042,0.9988272425305895,1.0081729201257115,0.9916385794371998,0.9951908748175692
2022-08-03,0.8967895900220033,1.0088901727481732,0.9111556991746239,0.8941445510776433,0.9366901298053055,0.9708947852983625,0.9913886974797326,1.0082711984743493,0.9871453656204328,0.9908717451609738
2022-08-04,0.8997767791271021,1.0086678941721121,0.9120981164010102,0.8877157477002944,0.9444972834557751,0.9824909252935715,0.9921846655378319,1.009247099167288,0.9892001885456917,0.9929679437766286
2022-08-05,0.891213588592283,0.9983215281329958,0.8954451437975216,0.8888974886818516,0.9342209183468648,0.984312421740104,0.9905197208115561,1.009785876296083,0.9901837352384895,0.9940007223076812
2022-08-08,0.9017614956397229,1.000021919357526,0.9061558651575627,0.8868001488610266,0.9443519326166325,0.9854107212583563,0.9956463116585552,1.0160849559077663,0.9942491369254504,0.9981093555231941
2022-08-10,0.9081302502706614,1.004636215941141,0.9156205850004613,0.8790688430048267,0.9480043212152035,0.9918835638345118,0.9971288717943128,1.0155733128684943,0.9933642878652842,0.997248472957415
2022-08-11,0.9123286284943029,0.9987694412792,0.9231030271119212,0.8875775856497107,0.9560775399581072,0.9938539590133798,1.0091239437734991,1.0229838974400245,1.0018974001004308,1.0058776812514933
2022-08-12,0.9135602409502265,1.0095960230137973,0.9301114580179857,0.9008231820146382,0.9581892490050525,1.0022703218598759,1.005230151925013,1.026060572288391,1.005560298790065,1.0095862055274463
2022-08-16,0.925763995595843,1.0315840720507836,0.9539736917500463,0.915805185418059,0.9837482140087477,1.0167180184374784,1.0223306306850892,1.035544863106533,1.018078206208899,1.0221819835143804
2022-08-17,0.9265290316804493,1.0566560977255828,0.9827939122636832,0.9335704517635977,1.0150083587355652,1.0189361501217657,1.0485267420270437,1.0422234890680062,1.0240973620099418,1.0283095050595743
2022-08-18,0.9289240849558055,1.068497133689387,0.9937245632510224,0.9399280961848524,1.0225850479021008,1.0318965216810227,1.0513851099243434,1.0439549748830983,1.0269367294334224,1.031205162659022
2022-08-19,0.9162806901187397,1.0472217944050326,0.9920132846246117,0.9285607399768373,1.003484813197239,1.0166050363102794,1.0237625404189101,1.0325732170388318,1.015236309558483,1.0194808151436436
2022-08-22,0.8959597277890576,1.0476206179598222,0.9954875456381884,0.9103817489757836,1.005333836616424,1.0073694083510185,1.0150738905680343,1.0166542423420981,0.998760182225387,1.0030057993913244
2022-08-23,0.8967390703362691,1.054731226547656,0.9995508106913035,0.9139800345413553,1.0146251039169487,1.0118934838913918,1.0222093797990548,1.0226687449173217,1.0085189422841987,1.0128747985009987
2022-08-24,0.8987985721884791,1.052766738862356,0.9907667837037528,0.9152424021052413,1.005355608688543,1.0179934803087083,1.0180591515920527,1.0260504466403497,1.0145149550602885,1.018922772089263
2022-08-25,0.9007665079778361,1.0338545730256272,0.9780534261804144,0.9135495834979798,0.9972672627531354,1.0153553252872274,1.001572173584697,1.0233566271770804,1.0156141566925316,1.020090923435549
2022-08-26,0.9054129960333219,1.050041599466455,0.9781603678404633,0.9066762994847332,1.0095802278757382,1.0128542120460649,1.0216453608262654,1.0265349555900989,1.0199410403610905,1.0245197041897742
2022-08-29,0.9026675856377837,1.058145499539959,0.965845295991543,0.8957307332775679,1.0023123378105876,1.0178296863629397,1.010816499462175,1.014688940092166,1.0118382600452729,1.0164358893225391
2022-08-30,0.9157292847843449,1.0997686503912545,0.9860905833950944,0.9264998555590743,1.035944788284005,1.038736810103804,1.035733974751611,1.0385639607405461,1.0303726982226689,1.0351171798494303
2022-09-01,0.9266816126710393,1.0874367043902744,0.9644073403652583,0.9269728040025106,1.0129838446995634,1.0479430222356532,1.0300524482608622,1.030848481655767,1.0309559388368497,1.035778265813463
2022-09-02,0.9288112477358983,1.082501622288598,0.9635636811097081,0.9204025874369929,1.0093465643450394,1.0495863296928412,1.0312024493859457,1.0301978591335728,1.0294371437662726,1.034295661060689
2022-09-05,0.9281528430146062,1.0767543142804719,0.9576439069466232,0.9194125059831888,1.003704351373112,1.0538253647217928,1.034276788474651,1.036486879277921,1.0344974015841981,1.039462424794622
2022-09-06,0.9282681618240024,1.0908062489702448,0.9704010294075057,0.918433510349238,1.0128197433508848,1.066853475960717,1.0324632373235054,1.0377507322233328,1.0359479529004463,1.0409706372341812
2022-09-07,0.929074137272232,1.0950372725855022,0.9775970882783834,0.9275883634424562,1.0233624126125818,1.0663718804207216,1.0397026875246766,1.0381811053554486,1.0434028384134857,1.0485276004307005
2022-09-08,0.9361587648061558,1.0952347140009466,0.9720694383162518,0.9289546900579558,1.019495892198586,1.0790713819081774,1.044190150851395,1.046401477047472,1.0487010714353027,1.0538969143930403
2022-09-09,0.9372958542624096,1.090757028385219,0.9608467204839861,0.9245592184048314,1.0131190563969272,1.0759552870230384,1.0413370907248236,1.048210923734413,1.048514257516848,1.0538116591485402
2022-09-12,0.9482303727823036,1.091375565893387,0.9736656783543673,0.9353540687388465,1.0285148218956615,1.0775558089412498,1.0495833711314526,1.0556655184755355,1.0574706090366055,1.0628760588235724
2022-09-13,0.9544678778160781,1.108041979957124,0.9877219626243123,0.9535261737662281,1.0532657970683075,1.0779029844619674,1.067665984041695,1.0619307135656681,1.0609576985174445,1.0664048068021932
2022-09-14,0.9696441067121054,1.1118281748628034,0.9888947059605484,0.9560757669798507,1.0553548496337806,1.072209332350991,1.079660319546586,1.0592775952366833,1.0625387309568204,1.0680628164390247
2022-09-15,0.9870412255733402,1.1188013661783107,0.9869846881553869,0.9584438107377448,1.054622685534987,1.0792528981455063,1.0762930912878068,1.0558653842081187,1.0644299359251874,1.0700260255767553
2022-09-16,0.9626365503569619,1.0942539146109833,0.9743120397955064,0.9475310816014642,1.0345891638756866,1.0533777728376503,1.0622986097464158,1.0330679178173285,1.038044423398411,1.0435138542947946
2022-09-19,0.9575737328717203,1.0882755663603971,0.9753137964259959,0.940682617546935,1.0318963187746937,1.0553574471010305,1.056941307354827,1.0364292358828613,1.0381680146572134,1.0437035193956756
2022-09-20,0.969065694239611,1.1134953190231982,0.9802848741986964,0.9561509260166698,1.0406347648353167,1.0712017477561813,1.074856701676662,1.0484107894669965,1.0503663720398044,1.0560661391686221
2022-09-21,0.9512374309135285,1.093372446900125,0.9689943029915615,0.9484300277873171,1.0285203314103784,1.0652429445587392,1.0617446278088971,1.0410172133369477,1.040869088030156,1.0465811132296226
2022-09-22,0.9533524091649374,1.1060615574255237,0.9694057184809808,0.9605308899164429,1.0334630721828177,1.08011344285399,1.0700252799592584,1.0392585934323326,1.0444927272219486,1.0502580792825806
2022-09-23,0.9309881674650444,1.076377438834228,0.9452190160620052,0.9388217097439813,1.0074011798867684,1.059316281039289,1.0485160929773927,1.0204425583237327,1.0234051071951156,1.0291055267847753
2022-09-26,0.8919113511602657,1.0300878795898145,0.8982403121024346,0.8964700391825411,0.9542854015302251,1.0164311352006017,1.0024576592228764,0.9979466112301776,0.9913226547011683,0.9969118464440216
2022-09-27,0.8884297715014234,1.0320893483929026,0.9003864574574901,0.8941196891996456,0.9592750075959559,1.0051356935687439,1.0045760056717987,0.9980550152268569,0.9956896163606652,1.001346997645497
2022-09-28,0.8852459502897196,1.0242133942945348,0.8846038320786456,0.8825666763297145,0.9493703241516298,1.0005812647706176,1.0066628801956556,0.9908240450918271,0.9909242045303037,0.9965981643380737
2022-09-29,0.8741145656922252,1.0184740646599697,0.8970661580435337,0.8877414440975249,0.9630199995329882,0.9928687108238023,1.0194639179678764,0.9895974518839794,0.99621604871106,1.00195312575897
2022-09-30,0.8798109508667189,1.0361966393224218,0.9146126519664743,0.8951316269367089,0.9761085501576562,1.0141071903453989,1.0458666722421777,1.004970832839184,1.0112567901212353,1.017138556794707
2022-10-03,0.8679351212809032,1.0153639614504077,0.8953224684516978,0.8782095707788888,0.9504903219520624,0.9915864992966772,1.032727156242611,0.9920371374356194,1.0008915919828278,1.0067466418343949
2022-10-04,0.874159609850918,1.0465430731428975,0.9188957664513948,0.8925668759505756,0.9718773355568947,1.015359637997972,1.0541184848719454,1.014217932006472,1.0220867167269942,1.0281464275038985
2022-10-06,0.8733507451165601,1.0749477943017725,0.9410087449606556,0.9090147775485489,0.9924891481140777,1.0314396321404906,1.0603147014541394,1.020130781017044,1.0342622767127947,1.0404181551879936
2022-10-07,0.8696307278223286,1.0862966752267758,0.9508324177352424,0.91453749270608,0.9920893994389817,1.032463982231284,1.064730647505632,1.0190227836346233,1.035064142196231,1.0412691959644311
2022-10-10,0.8611964269758573,1.0622414018697923,0.935923237633261,0.9012115292760192,0.9761843438449084,1.0140343245228667,1.059480939651154,1.013259039755015,1.028256654664312,1.0344641534944914
2022-10-11,0.846373525801387,1.0406015970416849,0.9129081314842021,0.8890272259683525,0.9637033242520491,1.0028395368754617,1.0526368258314405,0.9976891021025346,1.0099647156539004,1.0161232544424592
2022-10-12,0.8483572897652216,1.0519408526344847,0.9223896301693877,0.8913954068703442,0.963595994063369,1.0013875863891142,1.0518951081588996,1.0050115339734684,1.0162550451611496,1.0225505995938409
2022-10-13,0.8469445370911581,1.046130296476958,0.9164789823878707,0.8859071467469638,0.9560908924068121,0.9954652656678934,1.0439934331140381,0.9982583223561602,1.0109643280696587,1.0172913458204844
2022-10-14,0.8504093367405235,1.0469114391491012,0.9081947844529966,0.8848269867887735,0.9479182896046748,0.9987663012874586,1.0373393341646784,1.0040051239749932,1.0108264879199875,1.0172091452879268
2022-10-17,0.8549171523380921,1.0736833310995806,0.934589570606507,0.8953536093969025,0.9812089374998186,1.0234381435470854,1.0509533796939152,1.0101755482939143,1.0148226890175363,1.0213316771772707
2022-10-18,0.8657762867436208,1.0786576026990524,0.938081017657951,0.8938168840403014,0.9877452260166218,1.0353078976840422,1.0696080192118238,1.0203679726678978,1.0244108087856165,1.0310642756813204
2022-10-19,0.8652946739348645,1.08786335413356,0.9494890479447081,0.8930768712855899,0.9979004907327762,1.043772063523016,1.0727967788700363,1.021184576401125,1.0238746596766939,1.0306710045725216
2022-10-20,0.8579944312179192,1.1024409537195805,0.9609219785363703,0.9053448432890132,1.019096252259521,1.0509783552011782,1.07867113572259,1.0241325297760233,1.027254652674119,1.0341598456430823
2022-10-21,0.8588856937460093,1.0900337199586005,0.9609936359860292,0.908785292310316,1.015837831768597,1.037465817493259,1.0707315437211997,1.0220316894398889,1.0210187100871664,1.0279669947595065
2022-10-24,0.8650054686494226,1.0977468264234276,0.9609867759863279,0.9157387607823851,1.0204195189455398,1.0470545939917404,1.0742063148053462,1.030004743833017,1.0282567774019649,1.0353208558210087
2022-10-25,0.8656358460829546,1.0953825210115407,0.9634518445818315,0.91729031695448,1.0268996639979664,1.0501294810510264,1.08867056790623,1.0272499057586744,1.0299796973011777,1.0371080429872819
2022-10-27,0.8717883448503748,1.1034765775316178,0.9642391019446391,0.906029708096821,1.0294084624682869,1.0506191858539364,1.0968400796995972,1.0330882352941178,1.0370927595227364,1.0443571724765623
2022-10-28,0.8651141762822155,1.099712908655225,0.9504411434883144,0.9010261611352912,1.0160612107080889,1.0430487418018402,1.081235036526877,1.0329086208576173,1.0324943553436732,1.0398348830428685
2022-10-31,0.8654492096576122,1.1201592810512653,0.9595852116131185,0.9036275459439436,1.0297869228259884,1.0583873410685076,1.0906517453303974,1.0452697207915425,1.0413325865814074,1.0487853829360219
2022-11-01,0.8697598784385837,1.1276310464085866,0.9518498498687525,0.9213075275796236,1.0369999150706626,1.0586933660574611,1.0843129955176127,1.052954756751491,1.048714486237416,1.0562873557432697
2022-11-02,0.8703869598150241,1.1373655358724168,0.9563419617159659,0.9169493422259481,1.0430754644260865,1.0599038171402775,1.0935017329436327,1.0502541206754878,1.0488414962772146,1.0564851302567526
2022-11-03,0.8745383272005696,1.1487332942079032,0.9652728556657795,0.9133654941338664,1.0480302918344646,1.061025071635007,1.0999259849845604,1.0493833149439211,1.0505366498347644,1.0582859429106146
2022-11-04,0.8754001174287993,1.1589684013047636,0.9752040975353808,0.926755646974686,1.0585477383097035,1.056477985631313,1.1030068755827822,1.0525108165746138,1.0537942683342458,1.0616004719330727
2022-11-07,0.8842124180294341,1.1693424646727424,0.9870245266496759,0.9343485269192859,1.0743083630527628,1.0604417921728988,1.1181257049707,1.0582237998526023,1.0609662917692553,1.0689617359302592
2022-11-09,0.8885004213075557,1.1704806215098817,0.9933079193723249,0.9439193627617514,1.082971912462221,1.0619964249638925,1.1148622812488596,1.0549776362157766,1.0565919064266756,1.0646160915868323
2022-11-10,0.8781218451481703,1.1367095459399972,0.9775928922651864,0.9422191079678781,1.0666571898940878,1.0319204401684847,1.0885307871127516,1.0463540254811603,1.0448975338897752,1.0528868539537033
2022-11-11,0.88312007742776,1.1545140346116984,0.9861164311179352,0.945897869573692,1.072214922469857,1.0517300320708145,1.0884262993408291,1.0605245059213202,1.0518519803080464,1.0600129418998638
2022-11-14,0.8801394809667769,1.154946905531579,0.9793390822027239,0.9439616545472904,1.0674967696767341,1.0492941615931197,1.0762299822795418,1.060599091577155,1.0544602544062267,1.062715681440036
2022-11-15,0.8796337148793978,1.1712078810809723,0.9882700120376188,0.9428846275536369,1.0694640322263453,1.0632706696793006,1.079070966557179,1.0635606119968148,1.0578223620819862,1.0661945928542973
2022-11-16,0.8693743356504073,1.1817904168234847,0.9879921988942783,0.9373405420030163,1.0704977126589705,1.0572820383170292,1.0857881799967701,1.0614868395694972,1.0537395578520086,1.062110692097737
2022-11-17,0.8729698064277159,1.1821798811692001,0.9780926666201463,0.9287286842992236,1.0590295746715341,1.0522668654525036,1.0786024208663365,1.05701070750881,1.0510513914951682,1.059454080190672
2022-11-18,0.8657594005986584,1.1642257870997916,0.9571345106268795,0.9234305523459202,1.0391284035244155,1.0457092560568095,1.071962043187203,1.053866197436636,1.0467163746789347,1.0551146182237827
2022-11-21,0.8607727100076091,1.142301711852041,0.9556461989818885,0.9211389938150162,1.0384688178961954,1.028995455669967,1.066526692969869,1.0472892250398143,1.0439045782697036,1.052314922383048
2022-11-22,0.8675127027193014,1.1769300071099884,0.9682433084548936,0.9235083224338215,1.0588930634656335,1.0354058813916789,1.0786499652427561,1.0510436564998984,1.0464557534779,1.0549301097113077
2022-11-23,0.8659754507181978,1.1790901116715118,0.970087178325946,0.9240353541959236,1.0607577718992895,1.037783899071318,1.0760441715026203,1.0530055835338168,1.0504837644755356,1.0590977042713288
2022-11-24,0.8683840191827589,1.1826517910520387,0.9754570389969255,0.9244887570261241,1.0608361083222848,1.0416757916494856,1.0808830919871246,1.0626727978237667,1.0565374649256285,1.0653089866331549
2022-11-25,0.8719917964864461,1.1652515005200126,0.9695647860996481,0.9220790422354885,1.0532998077138545,1.0430586611872255,1.0764388775076075,1.0658206831119545,1.0653004525074048,1.074190245311522
2022-11-28,0.8707347240824194,1.1758644014527193,0.9773332604635299,0.9155666080678413,1.0457568759399931,1.0494944047508643,1.0727413471390908,1.0696970856134793,1.0723457681594648,1.0813602651607308
2022-11-29,0.8673050517445954,1.1656446809770795,0.9690183641506126,0.9135025615066148,1.03843467168065,1.0370282049702915,1.0609539186823085,1.0715946188203105,1.0705660645344703,1.0796123994738924
2022-11-30,0.8715173011817126,1.1999560935902964,0.9861232688227971,0.930864191397064,1.0601752421123565,1.0494490578011262,1.0893722659655993,1.0806553531190701,1.079656595277039,1.0888042109277762
2022-12-01,0.8781854238065357,1.2024024079337532,0.9940006882704686,0.9287601403775244,1.068752939338856,1.0618035303958993,1.0869099976081893,1.0845723905741733,1.0866168871794941,1.0958701073269006
2022-12-02,0.8919040068897872,1.2034441175954018,0.9929223300307198,0.9237280948742816,1.0669334190205462,1.0646350027867049,1.0917474102924039,1.081831119544592,1.0922772996802372,1.1016706020648903
2022-12-05,0.8963319316872936,1.193442695930371,0.9916812966129549,0.9224618210498848,1.0671784651897613,1.0592926151315107,1.0859605197742535,1.0820818782402073,1.093628654721194,1.103065780190007
2022-12-06,0.901217722123186,1.192572061293366,1.0021397016310891,0.9267642344495592,1.0695729669525649,1.056738010671589,1.086692351857097,1.0790762814702495,1.0896403664964827,1.099173828763452
2022-12-07,0.8996854420517427,1.1823426438651052,0.9948727571618209,0.9260677135319731,1.0676338804398913,1.058255208723596,1.0832706472125868,1.0749525616698292,1.0859530240933075,1.095530045492015
2022-12-08,0.9106821402712716,1.2249796216941804,1.0203553979121798,0.9352839787732752,1.099796047199949,1.0873911496649773,1.1102140777324496,1.0782799952138113,1.0916055489358494,1.1012643922500602
2022-12-09,0.8969376617698963,1.2074750727686014,1.0026658360972667,0.9229686166816028,1.0790179700413622,1.0632192631641655,1.1026773677888895,1.0716149362970995,1.080949819051387,1.090545013941622
2022-12-12,0.9115338674844027,1.216068589282027,1.007841712281625,0.9179876323077736,1.0739523251560503,1.0707604073481514,1.1034530673776934,1.0726484142043915,1.0852346827257178,1.0949211036949897
2022-12-13,0.9125177809211942,1.248581889211149,1.0413039162322166,0.9400268113350392,1.1053167736120464,1.1058074664103532,1.118116429577147,1.0778327460016264,1.090055117605771,1.0998158115768109
2022-12-14,0.9090483551655038,1.2496355080694026,1.0473315296793646,0.9376112055185907,1.1066955822806217,1.106175413246994,1.1220035843518257,1.0818514370213812,1.0964250012449352,1.106287529318408
2022-12-15,0.8984775528272774,1.2223987202629838,1.032066964823613,0.9297199589334202,1.0876704890821411,1.0953091351208415,1.1045017963047845,1.069653009263181,1.0874161106962408,1.097271878045667
2022-12-16,0.888456856294188,1.1948346424783418,1.0071212257836237,0.9276409906566964,1.0746889951100027,1.084924764565605,1.1008021103278778,1.059660450621781,1.0739142085596958,1.0837386937630613
2022-12-19,0.8911119423753673,1.2157495651068242,1.015358880196821,0.9292758991308997,1.085422578057519,1.089972394882953,1.1263562298365333,1.0677148411027717,1.0812563440498502,1.09123205647226
2022-12-20,0.8884781985358078,1.2356711013917094,1.0219261481662918,0.9241729321960667,1.0951442461122352,1.0987967573259168,1.1320343352736397,1.0657495388528395,1.0809049730756088,1.0909100042677686
2022-12-21,0.8705787784771147,1.1873565939497854,0.9872249022389195,0.8882208277254723,1.0586877852422372,1.0612643343015793,1.084932854222473,1.0522871919685213,1.0605238608512662,1.0703839571253428
2022-12-22,0.8548689815131042,1.1256010348950174,0.9552094196751468,0.8605467790476126,1.0244847415586735,1.0283529605072375,1.0463660850438123,1.0457779886148009,1.0465932451039426,1.0563695229015189
2022-12-23,0.834902001091769,1.0344453049163853,0.8995729551990324,0.8107225139012376,0.9582473820655112,0.9794748585952612,0.966559489474756,1.0196530224993223,1.0046719984757033,1.014178693412739
2022-12-26,0.8374285420476141,1.1263466543536877,0.9626943050630284,0.8474185291793163,1.0149651977849552,1.0021663458570667,1.0109314702374466,1.0196530224993223,1.0342337698347916,1.0441176042391904
2022-12-27,0.8455867808032559,1.1507306784470346,0.9914064955991105,0.8562185282170944,1.023648797892188,1.0114258246234138,1.0140827383401836,1.0448867992257387,1.0462975430965658,1.0564152745561417
2022-12-28,0.8472468330714228,1.1578457402159346,0.997367701290932,0.8624809320400749,1.028276693208581,1.0189175570558708,1.0168601501251329,1.0458660751346909,1.0505294070241413,1.0607698505807703
2022-12-29,0.8511425424235107,1.1796777422020253,1.0110424136000586,0.8632694058435915,1.0385873187168138,1.0433279008934997,1.0203319381124243,1.0494171994654717,1.0536033696194853,1.0639194843054454
2022-12-30,0.8600131600166511,1.1976641941526218,1.0219234666812558,0.8626341838415076,1.037064933710637,1.0574619663675326,1.0153913225676392,1.0469537550403225,1.0586085802528682,1.0690261026704184
2023-01-02,0.8703530052416634,1.1982803633625756,1.0214399299023784,0.8654761958428916,1.0395523330493135,1.0672269702494204,1.0182562628941996,1.0520229324088506,1.0672619960801797,1.0778169205648676
2023-01-03,0.8765395898255872,1.2083919643579035,1.0184855540559643,0.8678179241315972,1.0538660377830475,1.0715879922633955,1.0185169717405123,1.05433720552233,1.0700873331373093,1.0806806644615141
2023-01-04,0.8629154651317419,1.2045797705023977,1.0145343002390075,0.8585857775592247,1.0414402107699894,1.0605830979806812,1.0116422856962406,1.043168880455408,1.0592379082110979,1.0697478519783903
2023-01-05,0.8677398800563436,1.2136716973057458,1.025797364276022,0.8569070049817693,1.0470486826513363,1.0560850439385092,1.0132373959369356,1.0427080641984616,1.062918218985748,1.073473506723384
2023-01-06,0.8640268405290568,1.2072341729148026,1.0154605601395217,0.8551437606566079,1.0413719387184452,1.0509952520819343,1.0048837903014705,1.0349688262401735,1.0545466798062715,1.065061258729071
2023-01-09,0.8722059138276995,1.215587318667349,1.0123666195175294,0.8724650815785755,1.0511860617498041,1.0503647588294522,1.0169908460492412,1.047038466344199,1.063952820881131,1.0745718475183073
2023-01-10,0.8652886559169597,1.1935371227582785,1.002623154459385,0.8558382837971447,1.0317499082737085,1.0339654170858126,1.0005604808814326,1.0385775277853078,1.057526219064477,1.0680898181402514
2023-01-11,0.8586035452397829,1.1925950105419327,0.9993742851329085,0.8560345812066044,1.0299250628158734,1.0350164718962314,0.9922322609242581,1.0369578211829087,1.0570808756520325,1.0677015591571974
2023-01-12,0.8512567003276454,1.1948815267855208,0.9961587938416293,0.8525243383812596,1.0347552180035782,1.0347057536265618,0.9920364657413556,1.0354838444954595,1.0555792700902054,1.066207033777013
2023-01-13,0.8589924416523895,1.1947715233093168,0.9830953499064774,0.8575684679238228,1.0430869848098965,1.044548870107332,0.9935273847212186,1.0399904858616833,1.059554935567622,1.07028518748663
2023-01-16,0.8526907482568615,1.18246432053197,0.9793730169415149,0.8453458175894905,1.0338218671902655,1.0458831187984838,0.9845262835258558,1.0372357139680468,1.0567506250464298,1.067475544975335
2023-01-17,0.8506690738149958,1.1844108961055189,0.9829855255072084,0.8508771819332881,1.0314079644271863,1.0414313290965147,0.9877397640844976,1.043382379413459,1.0564910409982737,1.0672769833081714
2023-01-18,0.8579657384148834,1.2099312348229314,0.9946955753425114,0.868840984111452,1.0482843573457865,1.0448265101169658,0.9991863258263548,1.048139713294592,1.0613553754040606,1.0722413888613431
2023-01-19,0.8638300856978998,1.203348073524206,0.987813921626452,0.8622555451501209,1.046477512253294,1.0384664071643641,0.9946006989785326,1.044978327142349,1.0592264041487587,1.0701331456517023
2023-01-20,0.8513307864310699,1.2033132907784845,0.9929491940978843,0.8628898047737743,1.0542331579636197,1.0410505227702336,0.993642400435765,1.0401125230838304,1.052788031192386,1.0636747596794085
2023-01-23,0.8423169221914614,1.2055719308769357,0.989767493307968,0.8550961507310082,1.058871905499559,1.0428386366714497,0.9938421524414256,1.0438601379311805,1.0541444123661705,1.06511108543393
2023-01-24,0.8300809438106316,1.1932155720753646,0.9871403000115695,0.8508800204592797,1.0499865697873036,1.0385116258427933,0.9935549784118348,1.0428672949774669,1.0499938878460182,1.060949093605196
2023-01-25,0.8223600178362225,1.1758723259977382,0.9748818070830195,0.8371832165421846,1.0296055786208007,1.033095486768496,0.9870703582736693,1.0281885467140486,1.0345111949391166,1.045432653251502
2023-01-27,0.8001436562100125,1.1303570817310078,0.9396002474452242,0.81296361789048,0.9707492584253805,0.997392150148517,0.9729873483206886,1.008047573868257,1.0135887988948373,1.0243496376534824
2023-01-30,0.7944924060968165,1.134540448633437,0.9384499765346227,0.8188734275307091,0.9634476376747492,0.9976443877388277,0.9698514007394147,1.0066549332686703,1.0143115047821298,1.0251215092649835
2023-01-31,0.7948288146930705,1.1799231874741725,0.987744311821065,0.8393478424105161,1.0004444658243896,1.0159350798009048,0.9954006219289139,1.0121645432366495,1.0327837688760608,1.043859129466733
2023-02-01,0.7866020040767466,1.1379992790863283,0.9773248601491096,0.8170595992450959,0.9640057439785873,0.9948298704588486,0.9851842266960482,1.0062110592724993,1.0165205255325815,1.0274921054028017
2023-02-02,0.7993455673907621,1.1377373327279048,0.9883791196386338,0.8218440475309672,0.9616136885811603,0.9825806016967793,0.9895543419071424,1.005651964666915,1.0165234883105667,1.0275609914656
2023-02-03,0.7978592203044103,1.1274640953808794,0.9755531863579457,0.8175650394486318,0.9535011921422041,0.9721621415575725,0.9891276354326578,1.0139841155716318,1.0141846858166332,1.0252490694678154
2023-02-06,0.8020291990875792,1.1250937720704999,0.9729073152358164,0.8191845553390591,0.9501432694614792,0.9514525066842273,0.9977082930015352,1.0120730815007455,1.0185284079035226,1.0297167522212223
2023-02-07,0.7926827307878521,1.1211724446531308,0.990194114992132,0.8279165497636318,0.9641345890813183,0.9489999371107212,0.9972882200614722,1.0099078473375238,1.0184051420349212,1.0296471469649473
2023-02-08,0.7991020543540502,1.1271804218501713,0.9825254730154795,0.8154904500914323,0.9575146964285269,0.9545145085397729,0.9905105885218352,1.0184534972002914,1.0279927217778169,1.0394252881741028
2023-02-09,0.8028477927063634,1.1272507670207457,0.9789498805846878,0.810277411234792,0.9546041993322175,0.9490484888109263,0.9837636897437834,1.0185754682417323,1.025880708906783,1.0373605488935524
2023-02-10,0.8025483967520867,1.1206562876617245,0.9770577960883124,0.813572868477054,0.9508059816087531,0.9514569079079775,0.9797725276167943,1.0176097593775413,1.0272019656886051,1.0387538694239336
2023-02-13,0.788736405427758,1.1123139853105792,0.9632866396842239,0.8046648360993892,0.9371376099273111,0.9456859234791929,0.9753385233998265,1.0097926267281105,1.0151016016051788,1.0266037243782045
2023-02-14,0.7909399753988222,1.1093408039923722,0.9639491682925446,0.7980960882200974,0.9384346824980679,0.9446413510273229,0.9668765453720968,1.014428055748509,1.012112533248947,1.0236314838882405
2023-02-15,0.7880958857342152,1.1117855674394965,0.9635760662873727,0.7934478697983206,0.9416943303411445,0.9350167649313192,0.9762263754113061,1.0192227155479128,1.0182163916666283,1.029912048469738
2023-02-16,0.7946538943158222,1.1110270952452217,0.9738612339540025,0.8086338765230947,0.9548671174877783,0.9434406548096353,0.9822214657671515,1.0222113038763894,1.0268739440807664,1.038775599535155
2023-02-17,0.7897431208645852,1.096396078807617,0.966674121132363,0.7987494173790847,0.9434693486588189,0.9416852308875141,0.9741109542865068,1.0168033474730618,1.0197355712435914,1.0315883767011569
2023-02-20,0.7872189980397176,1.08258947030829,0.9588311757562998,0.7974953757287845,0.9260365415392822,0.9364013632457474,0.9746897622310016,1.0123780421947004,1.0170984233750024,1.02900737434937
2023-02-21,0.7874827068138025,1.077349930566612,0.9530772006424809,0.8027361210347499,0.9238048636840764,0.937338757240193,0.9774100074009029,1.0107041335939617,1.0139280443434304,1.0258453326313939
2023-02-22,0.7832085285342784,1.0528950414473843,0.9249733758620484,0.7856696822615099,0.8967863487512865,0.9170358560658683,0.9624434361383725,0.9963337212405123,0.9988475118898748,1.010696939628346
2023-02-23,0.7818463435482139,1.069197505517777,0.9356326362345364,0.7930972386288877,0.902677546548543,0.9170008168697226,0.9662386752466345,0.9939516129032258,0.9973851763153441,1.0093218470020648
2023-02-24,0.7722071956717081,1.06310497501703,0.9222454060162552,0.7894140240843932,0.8943216773760426,0.9170248167236292,0.9699522308514404,0.9914916098747967,0.9941084076562579,1.0060954728982272
2023-02-27,0.7565287594251318,1.0219811824088902,0.886717439621971,0.7778541187462621,0.8708895683034295,0.8914101291050545,0.9440484240999604,0.9859514906012808,0.9824863362491432,0.9944208085550523
2023-02-28,0.7526679771536918,1.045854715199964,0.9156338755353526,0.7819827380995309,0.8818980075048782,0.9060641142302754,0.9612515976571614,0.9839217945242613,0.9887845932412931,1.0008082619995582
2023-03-01,0.7571124657673446,1.0569421603670408,0.9301798820342915,0.7998863193970652,0.903312768685203,0.9220841464028252,0.97130822401264,0.9938228252490512,1.0033420286322472,1.0155894570250743
2023-03-02,0.7528304194310881,1.0480121917920593,0.9309090651366148,0.7941194895533669,0.9143700960511587,0.9219478958285973,0.9665291052499412,0.9885639739766875,1.002503965112339,1.0147951693445945
2023-03-03,0.7543682367911895,1.0560563527617812,0.9386436820961845,0.8022791820097449,0.9327032352073418,0.9230581575695589,0.97035384517884,1.001270669558146,1.0124121995870818,1.0249138822657555
2023-03-06,0.7672753670988196,1.0792423863743899,0.9590774920438799,0.8042384789339283,0.9364225955569433,0.939821883909639,0.9788407164662535,1.008471130387639,1.022578533918606,1.0353333164575271
2023-03-08,0.7808357096882703,1.1018529597386282,0.9609500938515838,0.8039442379270392,0.9406664899297582,0.9585726239702267,0.9813147506537723,1.0112462859387708,1.0269904026086183,1.039848409997965
2023-03-09,0.7814143011726822,1.1165884118706948,0.9649163727000272,0.7999235671867989,0.9357467963003823,0.9545005592751118,0.9911951716893953,1.0032495388528395,1.0231305688656973,1.0360254261039226
2023-03-10,0.777241127667677,1.112678541033859,0.9589881872820747,0.7939871475440947,0.9328624361655531,0.9492653310552279,0.9839623908195717,0.9948393608955679,1.0166585432086397,1.029537813910688
2023-03-13,0.7637082950973668,1.0790566760330842,0.9334741367043116,0.7726669566684183,0.9107092733978809,0.929776787609703,0.9613792630475831,0.9795642582890011,0.9977820135159372,1.0104588663209366
2023-03-14,0.7587726496045077,1.057320227296863,0.9234905070144783,0.7729877447090931,0.8881107925637634,0.9151990665095119,0.9472429854981929,0.973065180583322,0.9907379403509344,1.003371310603644
2023-03-15,0.7637623996220282,1.0559406666051299,0.9339467163400308,0.7845670044921396,0.8956287675050684,0.932814703090116,0.9535696278919891,0.9704730146847045,0.9922699769503853,1.0050119225652592
2023-03-16,0.7598643782691473,1.0425130302420114,0.9182487857381724,0.7696555464568802,0.88003105496,0.9161205687239786,0.9402388021957229,0.9711540803317295,0.9915721744992405,1.0043482983912317
2023-03-17,0.7504352463854467,1.0504576599497397,0.9219519290988862,0.7728251127253103,0.8925590749733712,0.9247024348389281,0.958637058652277,0.97728717873238,0.9992181449979961,1.0121747082487031
2023-03-20,0.7457259471596439,1.0320687543483609,0.9028676196005816,0.7632208397639307,0.8824018832011877,0.9082248781771102,0.9489104893337474,0.9702561405106397,0.9887649528021655,1.0016466265748003
2023-03-21,0.7431215283502665,1.0364947353524243,0.9126955535087068,0.7699943811565739,0.888311541593033,0.921767708149562,0.9460111007014183,0.9766399976069057,0.9955964201966887,1.0085779257078982
2023-03-22,0.7390521658305433,1.0470874025681973,0.9270914112706266,0.771682945979107,0.8969312550502572,0.9278973695730058,0.9557478343574979,0.979940363242071,1.001027983270501,1.0141815056264527
2023-03-23,0.7356757985062659,1.0398227879730781,0.9151227530884611,0.770376771897195,0.886732261022794,0.9342704262845434,0.9464215216878777,0.9761181627388859,0.9989990347925183,1.0121767577954661
2023-03-24,0.7294827771079471,1.0262201596027096,0.9019692791786588,0.7632974402668413,0.8799164551694055,0.9306656625903507,0.9376526167524658,0.9676741664407699,0.9866628943685033,0.9997425022665146
2023-03-27,0.72479261253031,1.0194688770248996,0.8936891507392739,0.7543588305425907,0.8772879086533666,0.9204335622626411,0.9371911555474707,0.9665695442743629,0.9795113041718824,0.9925821554668657
2023-03-28,0.7246118485288882,1.0236909943919528,0.8904209307902253,0.7576262163805678,0.8836793746470406,0.9170175166307187,0.9307667074009143,0.9631200735082339,0.9735471666050314,0.9866000813470024
2023-03-29,0.7331058250446411,1.0356346108751096,0.9018811664669595,0.7704394636083807,0.9003298358572235,0.9277095811250602,0.9443794516875925,0.9721875582390214,0.9891161821073066,1.002389746664014
2023-03-31,0.7380446938821147,1.0561446466408038,0.9378352160001963,0.7880265603704272,0.9188790196354693,0.9496005566979514,0.9532073011215104,0.9865715376372323,1.0008704328272195,1.0143330771351402
2023-04-03,0.7298473051860427,1.062437082150259,0.950466495209991,0.7929611398525277,0.9225156324775323,0.9477141729816606,0.963052728369171,0.989560192146415,1.0069895694149997,1.0205974681733738
2023-04-05,0.7324488547928034,1.075847747419484,0.9706768135723223,0.7936046006067001,0.9281871088281032,0.9573604462276752,0.9724788979960535,0.9968419890637706,1.0121299025802861,1.0258734476576308
2023-04-06,0.7369145505025463,1.095332710456263,0.9777040261382762,0.7920683045249501,0.9354101720821344,0.9605599934799482,0.9813285251235891,1.0002168741740647,1.0178076868252184,1.031674512980931
2023-04-10,0.7329737908603975,1.087653139618981,0.9743547491168189,0.7939927486395602,0.9334023244819338,0.9550521390173499,0.9829611130908632,1.0023414072030021,1.0217228072270095,1.0357089518283646
2023-04-11,0.7309389025188124,1.0865441485262484,0.9787177658129979,0.8078172415560666,0.9332960564282605,0.957524683841554,0.9834470381831639,1.0075393060449986,1.0271764203581135,1.0413005835121736
2023-04-12,0.7346304041865693,1.0833434259654877,0.9828485667404867,0.8116128216940289,0.9374533604601483,0.9553112248836915,0.9905068987489427,1.01257453271127,1.0321105588007367,1.046346042875392
2023-04-13,0.7335084143419256,1.0943351111147037,0.9900327927612931,0.8099813003202293,0.9452120112125186,0.9597367270057029,0.9963167786939965,1.0134352127947954,1.0330336348097342,1.047327665735765
2023-04-17,0.7340783128217699,1.0893543345441847,0.9796228114714423,0.808804756721014,0.9549002552700507,0.9640304391663223,0.9892787377585186,1.0100501358557537,1.035770802399208,1.050194933262029
2023-04-18,0.7354035405884547,1.0896114069901148,0.972612739299401,0.8050764163817168,0.9586193966190003,0.9560649334198196,0.987016551909841,1.0095554350772566,1.0390836189301311,1.0535778353540917
2023-04-19,0.7348018812861186,1.1014872945841436,0.9746336166995219,0.8016765118115328,0.9586980995284311,0.9507726000930085,0.9885257762854324,1.0068379229211846,1.0365824563751982,1.0511666779088567
2023-04-20,0.7326743160955925,1.1111394675651851,0.9847772349515301,0.8095086471366223,0.9645370208268488,0.9551298990474857,0.992249608307087,1.0071665763079425,1.0379853656029474,1.0526121144162481
2023-04-21,0.7346318637334288,1.1172037724395572,0.9999728080144813,0.8190519266407639,0.9680925874840676,0.9564365612592031,1.0043297970594134,1.0061737333542289,1.0351463825573626,1.0498167641601732
2023-04-24,0.7373843018730851,1.121515990032088,1.0138097194351714,0.8259121173227294,0.9994548894229177,0.962798772381556,1.0097169636572934,1.011802005328341,1.0408871926834151,1.0557250988433768
2023-04-25,0.736750545367376,1.1178362764318528,1.0149426947253046,0.8264309408106596,1.0271220835502546,0.961487118181,1.0064076839540828,1.0135334911434333,1.0426177338102465,1.0575454625478584
2023-04-26,0.737542443191799,1.1130718021526647,1.0077580540853668,0.833687789667252,1.0255866177166242,0.9621038596730938,1.000064052795135,1.0161561663475873,1.0448426039095726,1.0598534384311122
2023-04-27,0.747159274830401,1.1237675624922867,1.014612118022509,0.8542598635025428,1.0214765530223597,0.9643680560792013,1.0034313070642273,1.0216216999652683,1.0513237590356381,1.0664744095393364
2023-04-28,0.7540852134463661,1.1305159764361061,1.0243631838250722,0.8534556829179887,1.0386403641806294,0.9718228182921389,1.0104408509373088,1.031414326693379,1.0638199568142528,1.0792191705467946
2023-05-02,0.753378208612603,1.1421170946975727,1.0507248903018511,0.8509921345381622,1.0585591486619306,0.9772204299345654,1.014243827027229,1.0369171862293305,1.071301930905864,1.0868593801635416
2023-05-03,0.751486226356139,1.1463250280565687,1.0592131948940793,0.8654935914248901,1.0868213873695718,0.9838126921888287,1.0117868544420814,1.0352670365021008,1.0732717867838333,1.0889649738260851
2023-05-04,0.7634083746810051,1.1537798166679005,1.0568271741989173,0.8672612051541359,1.0849661499263736,0.9853599623792708,1.0188053486483821,1.044015993494172,1.08142215235073,1.0972596145721043
2023-05-05,0.7620288558311238,1.1572653305098817,1.0563230928167064,0.8579956155937268,1.1066855958539252,0.9848340104230711,1.0255370787919433,1.0354160754523583,1.0761211027421205,1.0919697663154377
2023-05-08,0.7693305348789552,1.1719219250816348,1.0574451699265828,0.8672072309595238,1.09677984573296,0.9920348145928676,1.0394885600399497,1.0454797783528733,1.085355848831643,1.1013894553967492
2023-05-09,0.7587256211503259,1.1491638334241139,1.017128915373086,0.8622285834780252,1.0527778198140039,0.9633759371054954,1.0029996959176724,1.0450392795727161,1.082820348131739,1.098863518182161
2023-05-10,0.7576721322018332,1.1567110338090978,1.016826113008491,0.8754888398454106,1.0440293223148767,0.9685975661908216,1.0127451976119308,1.048119395817803,1.0855738657478022,1.1016898474502703
2023-05-11,0.7569784379137311,1.1577538837161194,1.0202350991587106,0.8834163767612385,1.0494444648772145,0.9654994490187653,1.0156648794901395,1.0493392385936229,1.089797310107333,1.1060620607351215
2023-05-12,0.7580079510454375,1.1631210997505097,1.0082348542028112,0.8823614020139651,1.0421293298611465,0.9692982475450109,1.016871397606843,1.0488851727687043,1.0866261767041558,1.1029114317265254
2023-05-15,0.755122093878978,1.1906149578053036,1.0143130211704232,0.889976928572954,1.0461889518667296,0.9815592028923081,1.0308502171308926,1.0537883027454933,1.0936061381582258,1.1100086843228893
2023-05-16,0.7553446603948465,1.1773551423206756,1.014117637755142,0.9031435552874724,1.0476318963180886,0.9785807647667882,1.0275574394791052,1.049905149811941,1.0940247369678935,1.1104994485907798
2023-05-17,0.7585494175906148,1.1819167140226476,1.0203987814743183,0.9098934374247905,1.0538916884932743,0.981978113658572,1.0377104698599542,1.0454289515705475,1.0935594088073675,1.1101159627484485
2023-05-18,0.7586002839171738,1.1921368910904797,1.0282486568247613,0.8947582846546537,1.0480522152974425,0.986563232887119,1.0414029816212247,1.0410409060297505,1.0884936269401437,1.1050998220081432
2023-05-19,0.7616776084418458,1.1935445682579267,1.0160239981973092,0.8941047546689346,1.0378598495677245,0.984536267403695,1.0434542918349243,1.044154906796388,1.0884545858189079,1.1051076572668657
2023-05-22,0.7605814942841743,1.209596396759514,1.0275963061304165,0.9048394684008347,1.0352575269269422,0.9908242036714229,1.0564239647698765,1.0506912442396312,1.0962312805770642,1.1130726358202236
2023-05-23,0.7601373854896168,1.198524888260701,1.030513352582531,0.9037423498545648,1.018694980538631,0.9765134282445681,1.0529352843693915,1.0534528327460015,1.0995980668560335,1.1165796900772393
2023-05-24,0.7546829127773595,1.2084393420554824,1.0286877581329703,0.9062982309171209,1.0262110180205515,0.9867919824455516,1.0583643236778593,1.0515010975408308,1.1004321606851053,1.1175120088385575
2023-05-25,0.753854946151935,1.2077578477004995,1.0326281267918844,0.9024136171258513,1.036924327916807,0.9928825035982438,1.055331758473652,1.0541644076985632,1.104591118633726,1.121841915855575
2023-05-26,0.751792058666185,1.2138227031453603,1.0386674054201352,0.9255447434964128,1.0448327336668997,0.9986610423653368,1.0571645033281118,1.0637537272973705,1.1113523065287005,1.1287626206665962
2023-05-29,0.7588570746338489,1.2113880460939366,1.0451942595563155,0.9298229291111128,1.0512891774109256,1.0069579961091784,1.061520278671028,1.0688770404835322,1.1148652056749724,1.1323804248260538
2023-05-30,0.7602941732360755,1.2156441435970835,1.0370701537010187,0.9273609301544578,1.0401427487802686,1.0069310837229692,1.0659761364895022,1.070713621259996,1.1154076850470327,1.1329839338514252
2023-05-31,0.7672594230279983,1.2596019064130326,1.069442518037031,0.939737360663259,1.0628497945396322,1.04664340332628,1.094503022901891,1.0684738676216454,1.1228292485093545,1.14064885067206
2023-06-01,0.7590350044867259,1.2693771592241838,1.0713788791813983,0.9406012412200306,1.0546609403763199,1.0509943712035308,1.1126558980270953,1.0680638119663188,1.128414264372397,1.1463491460366604
2023-06-02,0.7627363415822699,1.2804185928777427,1.0752225433530738,0.9413062769350843,1.0632980646738714,1.0593731750028395,1.1263934586871955,1.071509907516434,1.1351332706820874,1.1532064316673498
2023-06-05,0.762878011570898,1.2789796115253673,1.0690513021743262,0.9496184251807596,1.0662655916976929,1.0541480287059466,1.1132323120612966,1.0747831390620763,1.139976326509214,1.1581702112992025
2023-06-06,0.760337500630815,1.2741477890229242,1.0808042156171431,0.9560849299725537,1.0779524411076926,1.059355598134548,1.1141345524789028,1.0760640004489699,1.1435099772602795,1.161846189208801
2023-06-07,0.7690489112659247,1.2976549999904967,1.103756294910874,0.9517199292427745,1.104122658924423,1.082052208182466,1.133038186962418,1.0847587554427012,1.1547113106079865,1.1732715179218762
2023-06-08,0.7634668125892192,1.3035064274255475,1.1118321457436737,0.953612013365373,1.1086978294635097,1.080988119663987,1.13348017354122,1.0789543104288086,1.1481056177927067,1.1665919289358695
2023-06-09,0.7744391395723679,1.3250829547249776,1.133059553547116,0.958506464259612,1.1199653508746399,1.091036924819204,1.1435008674568368,1.0759962314058689,1.1457960598733474,1.164351454094273
2023-06-12,0.7836079570990186,1.3354951657747118,1.131473070738453,0.9585736864864305,1.1234200404921915,1.0925033608427377,1.151677474630337,1.0794998379896312,1.1533523958503422,1.172094357508105
2023-06-13,0.789242923898459,1.3677710028080539,1.1398471284020346,0.9626797248057242,1.1384705578675944,1.0951621902949962,1.1630505483606828,1.0875711707313973,1.1642500457001606,1.1831935629375157
2023-06-14,0.7945504071697115,1.361982079915328,1.1388726339661992,0.9663546315044368,1.1440109227989437,1.0847653879501788,1.1572835041175198,1.0900006644542897,1.1676904303932965,1.1867969017336366
2023-06-15,0.8086516506649142,1.3829237346405143,1.1523250909188945,0.9809176336968775,1.1514165340084124,1.0961562856264624,1.1666037751367933,1.0882522363784224,1.1700699277341933,1.1892586574963442
2023-06-16,0.8107074471744256,1.3724424213085369,1.1537650245998754,1.000211420241357,1.1585590307625162,1.0921366609878678,1.166953154814325,1.0966013957246206,1.179815653306191,1.199208625862281
2023-06-19,0.8132552456725197,1.3792670480300013,1.175044474623662,0.9905006662589475,1.1623583543222638,1.0946517057934912,1.174019790043667,1.093938085566888,1.1824749853034628,1.201957689905431
2023-06-20,0.8195573554319858,1.3730603832978845,1.1829094660035975,0.9877032409755462,1.1701343017524373,1.0999170897223842,1.1864611074305746,1.097855123021991,1.1877915212329182,1.2073957906275863
2023-06-21,0.815661229959744,1.3884880481433128,1.187983107494768,0.9977819422968836,1.1738509008918427,1.1065868817371285,1.1860884796168636,1.1006336537891366,1.1910563383162371,1.210819023781475
2023-06-22,0.8006422862321748,1.3755746843524284,1.1833591446250176,0.994656183769849,1.1660100097592327,1.0940233485684385,1.175123805826347,1.0938465576502778,1.1806042303296365,1.2002589624373965
2023-06-23,0.7949922326926816,1.3524440924961956,1.1677629603163215,0.973206488599542,1.1397816468518867,1.083347619997086,1.158265085122116,1.0851043510902345,1.1660333442485493,1.185511168411506
2023-06-26,0.7981277461901153,1.3822266227002247,1.2039963387133337,0.9835443606231697,1.1671069602630242,1.1147801252509382,1.1884427571552787,1.0887876382912036,1.1757892171239261,1.1955055377887642
2023-06-27,0.8111739514733453,1.4196694275427137,1.2279192213053134,0.9888691731996515,1.1746496573935366,1.1421565808011656,1.2151971254788514,1.0953849281648143,1.1841762700545795,1.204115785005268
2023-06-28,0.8261567232407461,1.4359019163655309,1.2395018842345662,1.0017971404499855,1.1903521564817228,1.1611990229837115,1.2369037594458268,1.103090281601552,1.1890993352355712,1.209173509537801
2023-06-30,0.8345556125535122,1.4676603245712456,1.2605915596672401,1.0093690463399954,1.221648745259544,1.1778170962500596,1.2685700792130479,1.1134453781512605,1.19701425717424,1.2172712447852367
2023-07-03,0.8404296347880176,1.5060807492738282,1.2912182945923198,1.0256478545322918,1.2317982618720655,1.1963511385075558,1.2890716918776841,1.1200833029784494,1.203095896302448,1.2234828139528366
2023-07-04,0.8330690987295314,1.5160849442899251,1.3050099478190127,1.0185131555316471,1.235609226178234,1.2024422273926942,1.2983186435770886,1.1219877189787206,1.2011741241149614,1.2216160698171032
2023-07-05,0.833087394179069,1.5187723033205505,1.3204674376257903,1.0380336628349782,1.237743488306011,1.2169879226316023,1.3089912665981693,1.1247763092132015,1.210233195910564,1.2309150140522087
2023-07-06,0.8341207453938545,1.5095166260123052,1.3109336774751725,1.033771802434632,1.2185887272915648,1.2120961424101697,1.291572575754506,1.131407615969775,1.2200634131841679,1.2409674373113901
2023-07-07,0.8259779033132912,1.5355394319997018,1.30952306308834,1.0251664854103768,1.2193890977282447,1.2273287920079943,1.292851405153182,1.1225874485378828,1.2141436005144783,1.235012183046287
2023-07-10,0.8145658744767327,1.5415586802522776,1.3056426609180687,1.0184343000184932,1.2072581047320026,1.233186414643081,1.286436675273232,1.1218317972350231,1.2111835238764341,1.232048576125941
2023-07-11,0.8148790064889041,1.5716086513114718,1.328485172827966,1.0551464750738224,1.2201208148668612,1.2433452017458642,1.2995178553739613,1.1282190295473027,1.2231274867801316,1.2442298794078246
2023-07-12,0.8149158868954869,1.605331198622152,1.3480688026208347,1.0633466896211596,1.2361300983233776,1.2629075936581098,1.325692473065991,1.127748087642315,1.2300765909109386,1.2513843291564384
2023-07-13,0.8115599000329844,1.5922924945316148,1.3276383954055078,1.056701025580416,1.2205843926841395,1.2410911467260626,1.3017675170994831,1.1265858220808485,1.2237649096595995,1.2450319207025413
2023-07-14,0.8157331173776691,1.6376088622906027,1.3587357853968496,1.059818328578287,1.262179458088262,1.2754195582192824,1.335681781335909,1.1361784507149635,1.23847298130271,1.260043514488604
2023-07-17,0.8151931257688056,1.6653287909119157,1.3755066365468447,1.0587455784751343,1.2687248259202015,1.3037039788745928,1.366314581700284,1.1434027365986716,1.2448031399014732,1.2665504712533417
2023-07-18,0.8135319319676109,1.6431618291860344,1.3650072305880232,1.0585283016033695,1.257552572785937,1.2863775898420697,1.3565653545059162,1.1433992952019518,1.2403948166467182,1.2620909883503018
2023-07-19,0.8192401241132776,1.682073641200557,1.4062459356197794,1.0619101993398412,1.2811366358944247,1.308546677375006,1.378523221374766,1.1489224722146922,1.2484454025021776,1.2703486734377412
2023-07-20,0.828466925667139,1.6952396764810238,1.4260684773833343,1.0638823455490423,1.2980908303056933,1.310664826036239,1.3854714189035153,1.1549573584474113,1.251598450642324,1.2736236011933333
2023-07-21,0.8295281038756706,1.7222890369962227,1.443462171355244,1.0539063952974699,1.3105169757724835,1.320787397319229,1.4065869071606794,1.1455882882386825,1.25072474867594,1.2728497640223382
2023-07-24,0.8302861863806952,1.6878658724595417,1.4308416866139388,1.0559101610513366,1.3160442656117053,1.3307934199020026,1.3923809395651494,1.1429351037289917,1.253587279453246,1.275802212355577
2023-07-25,0.8319993101405777,1.691556067213237,1.4421535074572838,1.049208775686563,1.3254775051121777,1.3408609580893627,1.3937456304592033,1.145086770847452,1.2592922791705667,1.2816778030115006
2023-07-26,0.830700421192955,1.7099214779909229,1.453619250841332,1.0422998801765628,1.3395051096477473,1.367172907790511,1.4103134901307757,1.1503795066413662,1.2651705730537108,1.2877069750900394
2023-07-27,0.8250370621787764,1.710357948571425,1.4501371371173524,1.0397082520710812,1.3225855170703686,1.3724443387354919,1.4055810489486118,1.1465979410917593,1.2663781369356375,1.2890305561840203
2023-07-28,0.8192883673839001,1.6630112597268347,1.427091602054303,1.0424865738104283,1.321575727235848,1.330033927800589,1.3706251232866935,1.148573435170439,1.2710856261363719,1.2938599051622195
2023-07-31,0.8239652298670374,1.658770070704025,1.437329837336163,1.0794157761173808,1.3385243802561937,1.3457057069101142,1.3743199419338752,1.1560721062618595,1.28481401981643,1.3079298631800342
2023-08-01,0.8261977703569346,1.667054847915137,1.4401544753406796,1.0820467261827076,1.333005593949819,1.3506853298045558,1.370092277558153,1.1555401457457983,1.2883388189036034,1.3116271720238855
2023-08-02,0.8136103142351067,1.6096650397751153,1.4054763202757599,1.0700719924036695,1.303856597431959,1.3150180881260647,1.3350764029697662,1.1425148562449172,1.270838371223828,1.2938584591810303
2023-08-03,0.818291402359731,1.6136035915792486,1.4128174566036265,1.0717868105675528,1.3041104486355342,1.3297463363635869,1.348899232169889,1.136642774549336,1.2725050127421285,1.2956051736410714
2023-08-04,0.8260217594412125,1.623605824291612,1.4010791064808157,1.0694943110610302,1.3051414433067898,1.3367025416734593,1.3626519477995176,1.14465977293135,1.28131701280778,1.3046474521635332
2023-08-07,0.8386723342682818,1.6262048009039014,1.4236881060683488,1.0711652907513536,1.3329803066137331,1.3606023486248917,1.4092266328523588,1.1491155875152481,1.288349294437252,1.3119203518465996
2023-08-08,0.8376587073496804,1.629423561398785,1.432124107815129,1.0724690328070898,1.3250009995763083,1.3712608433694842,1.405557393529658,1.1486344537815125,1.2917052576075894,1.3154346705275966
2023-08-09,0.8427194586681105,1.6288473084597292,1.4509060566866108,1.0759646485154257,1.3237887935404855,1.384985462522354,1.4186247963668985,1.1523346170625508,1.2983366909781002,1.322281038610367
2023-08-10,0.8340097445240677,1.6330014921720701,1.4691242204714563,1.0684274303220045,1.3240872054078898,1.3755982659882797,1.4128444645012548,1.1479973983040797,1.2955399165902846,1.3195152345877514
2023-08-11,0.8325936671375025,1.6029722566747575,1.460889463803009,1.0779448660859146,1.3209810930525003,1.3723077241472854,1.4000374016056485,1.1425962585134861,1.294966485034138,1.3189877554095777
2023-08-14,0.8314178270523507,1.6252380485370643,1.4643092376517584,1.0713017131918572,1.348113258489761,1.3901391454409175,1.4176098765621798,1.14025147609447,1.2893253228730912,1.3133203773942526
2023-08-16,0.8303905718044345,1.686681514147991,1.5041781031883064,1.0850546340427323,1.4014658904148407,1.4217225552864428,1.4570520196186563,1.1421151247797505,1.2949015128395729,1.3190399126233963
2023-08-17,0.8291549807378368,1.6872931647091594,1.5175428721415425,1.1108627683650094,1.4179827780663443,1.4399684324674025,1.472723795727444,1.1386724044456493,1.2980578105750624,1.322306355238534
2023-08-18,0.8211228025253109,1.6485124328808378,1.495741546637988,1.1209058140622008,1.386300629202336,1.4312852552951283,1.4532237147416007,1.1356532406309299,1.2930882956368535,1.3173119850664858
2023-08-21,0.8313566990832109,1.6983109645973062,1.5618515922238987,1.1510813859591238,1.4441490640154622,1.4712182053768215,1.497310380147373,1.1420473557366495,1.3049685877975925,1.329466065200905
2023-08-22,0.844041293248234,1.701383927509412,1.559120350993554,1.157950988604526,1.44352395341531,1.4714500522791432,1.4999937804204129,1.1456526158850637,1.3155364347625347,1.3402679823252535
2023-08-23,0.8488107889511068,1.7012125927871125,1.5551992914854105,1.1540163493550326,1.4529764018549092,1.4577664407225484,1.4914667941696096,1.1487022228246138,1.3215764209300684,1.3464715095050153
2023-08-24,0.8563038674525227,1.724961330284364,1.5898266725881216,1.154219965543531,1.4719386263155014,1.4600996999563571,1.5070878082593804,1.1473400915305638,1.3235303597338826,1.3485138877230338
2023-08-25,0.8479715095494321,1.717831823863491,1.5911685302473617,1.1481350135410195,1.4757032330468791,1.451683613747801,1.498231810178276,1.1399328821750474,1.3150365907486614,1.3399085463752396
2023-08-28,0.8471119746096951,1.710257997413824,1.5847329636271716,1.1476504341168465,1.4700111071124562,1.4721124494060898,1.5065054369270205,1.1436229859887503,1.324131815079613,1.3492529380453404
2023-08-29,0.8497202777526445,1.688295089659026,1.5739674736193052,1.1505219785341056,1.4538240961313713,1.4698983525457583,1.5049493132528626,1.1471469762300082,1.3302252015179952,1.355496868406139
2023-08-30,0.8601848722728097,1.7116219688371148,1.5903579449372092,1.1587111607069531,1.4597042612009536,1.487099391472001,1.5097288208044786,1.1499694509860396,1.3372965246905693,1.3627297285711444
2023-08-31,0.8731367714363119,1.7595260565819126,1.6348892848218883,1.170693250721646,1.51245911732849,1.5192920457773167,1.546315456761936,1.1469436691007049,1.3436095836417514,1.3692149025945681
2023-09-01,0.8916445688169504,1.778397395227473,1.6489029327041993,1.170136329757565,1.511668573207016,1.5276884175348837,1.5635696012415565,1.1571259678266468,1.3577608028871628,1.3836674890691802
2023-09-04,0.9007630859356388,1.7939233675271598,1.6742717742686228,1.1830942909011335,1.510344394672791,1.5343112949235145,1.5791417944757764,1.1643364881234752,1.3698443433454697,1.3960449420434216
2023-09-05,0.9026595310573577,1.7988331736290406,1.6776535399445578,1.1973086934344506,1.521694766749188,1.5378224999159824,1.603544042754114,1.1691582820124018,1.37987924940254,1.4063864295838615
2023-09-06,0.8918576101392252,1.813841180675409,1.6552696116103547,1.2017876088247788,1.5023723162703084,1.5221260888644288,1.5796051882319875,1.1713607759131879,1.3814571962208595,1.408087341277495
2023-09-07,0.8915928185071409,1.8136088796298762,1.6551761250223138,1.2073643723660146,1.49362231303828,1.5196150894956306,1.564865631713983,1.1781986988343724,1.3896292725085537,1.4164674949367246
2023-09-08,0.8963079518796104,1.856548688701601,1.6981794265026262,1.213634162196984,1.5082812452493275,1.5438314253326675,1.5814546584034452,1.1851076998339658,1.399962111772249,1.4270478989088946
2023-09-11,0.9061899743666596,1.8852206878414743,1.7750785994475662,1.2239890963269604,1.5208660010960835,1.5689808199883464,1.6426028530595411,1.1963506105567228,1.4156943065789178,1.44312876994214
2023-09-12,0.8790543499312808,1.741759141500718,1.6792449676177261,1.1764000377530703,1.4443765608413184,1.4722185905460887,1.5437668793700832,1.1832848184636757,1.369515362750453,1.3960733200026014
2023-09-13,0.8841468905853883,1.7608686918860639,1.6846290543732143,1.1664443580149666,1.4434731969734274,1.4860945696083712,1.5675301526452203,1.1877710761724045,1.3803491162790358,1.40718161984041
2023-09-14,0.889689839869614,1.7809896865115487,1.7150881440367998,1.1921094233638068,1.4736912613710451,1.5116051173948406,1.5877947284336313,1.1929723502304148,1.395172772850074,1.4224280187954608
2023-09-15,0.8885028342898736,1.8504666656585864,1.7239501549040976,1.196762942929981,1.4769183959857195,1.5217448102300417,1.5950945449750513,1.197194414560179,1.3998682375413969,1.4272985672500444
2023-09-18,0.8850826382119571,1.8164097560151058,1.7079631573248955,1.18951022418787,1.4712322497909973,1.5169308076370767,1.5848540946321488,1.1936567910934535,1.392888982018815,1.420263114162919
2023-09-20,0.8886756139732349,1.7990487887587805,1.7010182493171608,1.1820482403910537,1.455652169181383,1.5042138472197635,1.5736044421583717,1.182525725764096,1.3839378435301317,1.4112274155047169
2023-09-21,0.8728087014303596,1.7822805148184204,1.6729384723689562,1.1636075115456597,1.432093310551304,1.4808099423616832,1.5390337457598573,1.1726416373000814,1.3693128716113874,1.396343172139886
2023-09-22,0.8720557413586377,1.7766288115057338,1.6792407973995604,1.172603611051504,1.4360426928054228,1.486818179861267,1.5392346631672251,1.1697479521042289,1.3694958657819023,1.3965993744522809
2023-09-25,0.8769555209604878,1.7775894316138376,1.6906782376220302,1.1739975308207249,1.4336815503752887,1.4951935117642519,1.5491264020165445,1.1705442383606668,1.3722386599467002,1.3994707562515747
2023-09-26,0.8784053148075174,1.7789989736210934,1.715630814954691,1.1900529704857978,1.465302171692144,1.5021303810044624,1.562218936399662,1.1708288153971267,1.3757553683147972,1.403130031073983
2023-09-27,0.8866788426659435,1.7768171997919435,1.7180030589074569,1.1840591686771218,1.4746115321958557,1.5221762044394835,1.5585201305740966,1.1752236113699512,1.3853089472070705,1.4128881861314901
2023-09-28,0.874917831489447,1.777655453419743,1.7040831845771052,1.1682848365359704,1.4700527033520276,1.5022007203085153,1.5468045546343139,1.1636249131709135,1.3738393130604738,1.4012176846788018
2023-09-29,0.881538080361854,1.7736401443028813,1.7030161986141954,1.172767947635616,1.460533369802713,1.5191715758760012,1.573070514698473,1.1719029282579967,1.3871312192060812,1.4148476147567277
2023-10-03,0.899114199774156,1.7852325574054404,1.71953843285154,1.1676949581522147,1.454192543362037,1.54088867201429,1.5934288334881763,1.1693142037560993,1.389618417584242,1.4174242174121248
2023-10-04,0.8802124902200835,1.7605093771151366,1.6982540593113422,1.146129233977401,1.4394425831518765,1.505533118396813,1.5549148167529374,1.1604160754523583,1.3734746806800135,1.4010052795048922
2023-10-05,0.8759941516580463,1.772194221595385,1.6988081884499457,1.151221067557978,1.4444127813114696,1.5118971293828714,1.5543401601245,1.1653429643026565,1.3790721516795554,1.4068115856138497
2023-10-06,0.8787348578367188,1.7727107720745803,1.6926105075094657,1.1465280538421612,1.4528847486208116,1.5256710946814398,1.563292712794466,1.171970697301098,1.3882691693310996,1.4162503303264053
2023-10-09,0.8684959915366376,1.7319167747861706,1.6341256952800098,1.1218072012896185,1.4031357321365052,1.4683827764736683,1.5090904439419361,1.160727786578341,1.3662704129563161,1.3939061629869258
2023-10-10,0.8823432173731056,1.8040276780839681,1.6394239922859977,1.1308389433944392,1.419789965994599,1.5092071296097183,1.5288487604035892,1.1726314454713338,1.385060981478125,1.4131909615207077
2023-10-11,0.8806913637251834,1.8201731843403672,1.6539501324054238,1.1382984136700087,1.4343852019253327,1.5213585370373495,1.5477116989685604,1.1796794259538492,1.3938502705046525,1.4222176914878202
2023-10-12,0.8792618649374898,1.8461641176686323,1.6784345151216404,1.1464042072152487,1.466354369749665,1.5342865474399028,1.5805513210383977,1.1805163471638656,1.403076908435405,1.4317252542153918
2023-10-13,0.8819743362146917,1.8523395282064157,1.6959050740827326,1.1463346294319776,1.4593238369360435,1.541542798530202,1.5885494457262561,1.1785273522211304,1.4027017513301252,1.4314154697035175
2023-10-16,0.8793893352443127,1.8806334149989756,1.7078112740033864,1.181842477482909,1.4545346369703127,1.5447859949582297,1.5976368964703942,1.1787069666576309,1.4067057332193924,1.4355518199495756
2023-10-17,0.8826524636074212,1.917325384552609,1.7308251442119387,1.2041809138950808,1.4725632067556973,1.5599584237984079,1.6238130161370068,1.1837692612327189,1.4163439663352784,1.445464272572956
2023-10-18,0.8748530604382482,1.86743947158072,1.7186513279815037,1.1947095296466546,1.4552318853635258,1.5358392644203802,1.5897370105990505,1.1753862835456763,1.4058291544902206,1.4347886201135767
2023-10-19,0.8743297397966324,1.8474647016951766,1.7122521857450774,1.1894962298993843,1.455646864218354,1.5505466895886137,1.6065572747513053,1.1731160206017892,1.4057473152768818,1.4347491476792378
2023-10-20,0.8762200687870365,1.8395944077811839,1.7406582236234112,1.1902703797367347,1.4620306198389443,1.5368480009966112,1.5853176023409843,1.166220520466251,1.391987266667784,1.420744920896397
2023-10-23,0.8504428922409122,1.7559866344441983,1.653960475294787,1.1469269618913052,1.410703583472617,1.4496683273227973,1.4964483162287765,1.1445309852771754,1.3470548246404896,1.3749409266651178
2023-10-25,0.8553340424461575,1.7550658796739396,1.629411661937593,1.124486681797058,1.3912261394555487,1.420248849486982,1.4799700879845539,1.135863430553673,1.3377601589686432,1.3655131773532847
2023-10-26,0.8419965538561764,1.7558820562349058,1.6602411361408205,1.1226745236582865,1.384550650195239,1.413889331400023,1.5136636007685262,1.12194695166373,1.3278214591564999,1.3554324940807383
2023-10-27,0.8564016768751426,1.7834217225332216,1.6614447938556451,1.1484626177311623,1.405151956209971,1.438791471091155,1.515767166999603,1.1361784507149635,1.3509597867100438,1.379123315134362
2023-10-30,0.8600449600335976,1.8092519238519746,1.6810304895672443,1.1631212318166149,1.4201514755605134,1.4525301868953524,1.5386512392317722,1.1402886696513284,1.3560601336367841,1.3844234110721065
2023-10-31,0.8619138091334017,1.8052279345120135,1.7026964257364274,1.1824928130853292,1.4280478499038558,1.4528474606755544,1.566999009840854,1.1385944435738005,1.3596742943211304,1.388129384257863
2023-11-01,0.861775299809949,1.7919405592493565,1.6837354998395377,1.1717886825256725,1.4170502454615626,1.4460635440168814,1.5514826032700977,1.1339759568141772,1.3551460456777105,1.38355658142829
2023-11-02,0.8590664225831709,1.797947377218027,1.6892575982823204,1.1832061263214058,1.4325244895050677,1.4627497214478986,1.5527625092741286,1.1446734061568176,1.369222697907904,1.3979936394377328
2023-11-03,0.874316883632811,1.8328200646841977,1.7176239544993954,1.2047200972044434,1.4443229724526696,1.4885881108053889,1.5727592454625934,1.152138060365275,1.3803308054506824,1.4093885465483798
2023-11-06,0.8805674714197127,1.8668809952133263,1.7509907046166555,1.202484957658372,1.4623254648889727,1.5017842506568198,1.6077939342180885,1.1628761446614937,1.3934806919859215,1.422851638961015
2023-11-07,0.8891616360187464,1.8972254628271228,1.7834216658710145,1.209610576007248,1.479272786774593,1.5212280683863793,1.6304933053463022,1.1648008119578477,1.3989100156933552,1.4284337624950074
2023-11-08,0.8910429249002412,1.9239451135783405,1.796539458943838,1.2164067912871612,1.497502753246855,1.5501276969749336,1.6159376096173785,1.1696733002676878,1.4088760787925865,1.4386841051490669
2023-11-09,0.8920126781841734,1.9057235587434453,1.774917354611059,1.2067473823022745,1.4918256860133,1.550075307764638,1.6173931795259595,1.1669084027260097,1.4053904499749725,1.4351568467153892
2023-11-10,0.8932186525650698,1.9565891576890484,1.7960661207134727,1.2145326838687887,1.5000415158395217,1.5515570194251966,1.6619121855752106,1.1694632427063567,1.4101661624205883,1.440153370564182
2023-11-13,0.9074825576288112,2.0491571967748907,1.8856101698563315,1.2318019599050094,1.5576037275734465,1.5900706590324545,1.719611591785424,1.1736649233786256,1.4244299429881535,1.4547659306394514
2023-11-15,0.9185452227711792,2.042063617351543,1.9041291420213105,1.2508958478779955,1.5713832019917793,1.6065584026148045,1.737431108100554,1.1865038480109786,1.4390164486220596,1.4697662886192615
2023-11-16,0.9231650603947696,2.0282545369934293,1.8849409212586319,1.2484223219606791,1.568442635105678,1.5959900663993372,1.71113498380449,1.1922675257098807,1.446135482067098,1.4770650890638928
2023-11-17,0.9286207237486954,2.056778488978993,1.980129456475441,1.2675415741744593,1.6365226108094955,1.6161187705181927,1.7574071688432082,1.1927690431011113,1.452259953933114,1.4833959418786196
2023-11-20,0.926090856708469,2.059253309496819,1.9624105532608482,1.2655832496328587,1.6510623378664038,1.630874598929274,1.7602151328137698,1.190949470766129,1.4544912923267366,1.485725591503604
2023-11-21,0.9294766686765384,2.051387688423749,1.9750199937074684,1.2653182155885871,1.6454921239162876,1.62974602858494,1.7573330509060128,1.194605557696869,1.4590045911261735,1.4903917614067457
2023-11-22,0.9292858212318814,2.054064197163244,1.9164443706336314,1.2831872267712272,1.6176268139793828,1.63836584657311,1.7206513731359028,1.1946123081288966,1.4553642858885607,1.4867020890664149
2023-11-23,0.9363378429737818,2.05795725986279,1.936154980983591,1.2801518747657366,1.6207441145105927,1.6356183509708078,1.7324444659494775,1.1954052853500272,1.4586463061914092,1.4901325101065457
2023-11-24,0.9371063709718661,2.0570911348024428,1.9459499297956564,1.2663417219255804,1.6338040171805837,1.6356652737333426,1.733241066236484,1.1956831119544593,1.4618729085143245,1.4934575148852534
2023-11-28,0.9454579693558025,2.0934759080469556,1.944632253076977,1.2594108582270098,1.6393266715327015,1.657875677381079,1.741484799738613,1.2023448618358634,1.471622083830614,1.5035384179005902
2023-11-29,0.9552883919981828,2.091026759072795,1.9574766715931018,1.2700588930074386,1.6650037907796447,1.65337264112161,1.7510994566195697,1.2133436981143264,1.4823503711240735,1.5145487255531251
2023-11-30,0.9665552818850836,2.124292540249284,1.959630847205093,1.2845379907413217,1.6854057093897237,1.6832661092127947,1.7690498088874371,1.219026105906072,1.4971714792779793,1.529747164173181
2023-12-01,0.9788551635182529,2.130258060258437,1.9783140674397166,1.2920509830557432,1.6983370830380735,1.6920119615981828,1.8076758451320194,1.2276599084694362,1.5067504219869028,1.5395718797185534
2023-12-04,0.9905253079756431,2.168403331869122,1.9938071423157104,1.304721047550763,1.722675045468009,1.735526970455526,1.8561742399190195,1.250237191650854,1.5300675981633185,1.5634481144341508
2023-12-05,0.9912919313007437,2.1948092997503763,1.9901008120289445,1.300245258584994,1.7212045158294318,1.7517603566627566,1.8388026000617743,1.2597282990817296,1.5374933991169888,1.5710881899134017
2023-12-06,0.9958722995040777,2.2060673714089853,1.974782589534268,1.3012986787547436,1.7207406557906222,1.7779982927677436,1.8379670915465762,1.2659257251287612,1.5436340464344407,1.5774402638452325
2023-12-07,0.9947274587345912,2.2493405366609642,1.9654819398547287,1.2992365506559287,1.7042902330792549,1.7714349896801334,1.8263759002794302,1.2675419903344403,1.5528240750354896,1.586868612366394
2023-12-08,0.9994577560388918,2.2328495090638403,1.9515758240660301,1.2890729901529456,1.68682105116319,1.7546073454885014,1.8134759763273114,1.2675182976416373,1.5458813540595033,1.5798163981732525
2023-12-11,1.0071825249132789,2.2287641314837243,1.9680323153868473,1.3034684311537656,1.7070737233403677,1.768081881450693,1.8188727843327557,1.2720384398719164,1.5575430995053703,1.5917526700247706
2023-12-12,0.9966295105769744,2.2142993999689025,1.9448441057749655,1.2914654753924433,1.6941315424773313,1.765109442021861,1.8176130915008701,1.2663866075664136,1.5520279440699611,1.5861485660022725
2023-12-13,1.0054975826346337,2.2733961764193764,1.9554935313751332,1.2988413791397766,1.7197753375903084,1.7829731960558086,1.8477414521809719,1.2707677703137708,1.5619994531359975,1.5963949390508085
2023-12-14,1.0107008763597367,2.283000310483651,1.9713367042455057,1.303667641854741,1.7339720319788035,1.805260556956584,1.8666930646225075,1.2858396319717402,1.5782757091486266,1.6130822482061036
2023-12-15,1.0213088722807715,2.2726775696174566,1.9809152471168407,1.3130305572621128,1.7429474838699992,1.796025747716306,1.8643466126997013,1.297441771567498,1.5862063542017233,1.6212663014643154
2023-12-18,1.014675530889781,2.252637174705392,1.9948339129385346,1.3194628005136277,1.739225934575225,1.8106514013982364,1.8577605593427924,1.2981533465200596,1.59326458666745,1.6285409386413128
2023-12-19,1.0110937699916476,2.2524227487920463,1.9879550094664336,1.3233528080122974,1.7410652149299075,1.821980741936637,1.8530176789155899,1.29908172946598,1.5949471009932923,1.6303673005377166
2023-12-20,0.9822850576852366,2.1780437192936066,1.9112129925491024,1.2981735170912794,1.656113670606706,1.7015634349350128,1.7690970232694265,1.2726653035206017,1.5451920674270987,1.579551367949134
2023-12-21,0.994901925693795,2.2329805689512914,1.9554235606663164,1.323051130265289,1.6933339952542357,1.7419960633508833,1.795214893494023,1.283667713557197,1.5686543481430977,1.6035797300917438
2023-12-22,1.0025104254555681,2.254679961249191,1.9864375923393176,1.3345190994893659,1.7085461213707518,1.7609955263678938,1.8280734068681734,1.2913187326341826,1.5846344500792802,1.619936757033794
2023-12-26,1.0023789602588402,2.265285880304139,1.990801376605665,1.3312809313449017,1.7210785446312613,1.7895819793892962,1.837524053430068,1.2976992145144348,1.5950035272750525,1.6305693331297677
2023-12-27,1.0032879636866756,2.27130563360655,1.9897193843261107,1.329512157498441,1.7189994758748557,1.7868997278491376,1.8411486486231712,1.3077357833254268,1.6021092342206076,1.6379020566240547
2023-12-28,1.0099681789310528,2.2734928862170705,1.9962884862585124,1.3373759541259558,1.7199211091150526,1.790652391407758,1.8462047718143153,1.3146686093792355,1.6109527688220715,1.6469584704978828
2023-12-29,1.0102809230988679,2.2779785515525743,2.0166386109017598,1.3384027271942969,1.733711118602286,1.8195567269439812,1.8527381419553843,1.3166949302402413,1.6215059003558099,1.6578530164507315
2024-01-01,1.007146603559334,2.3113528420228895,2.0281510502739732,1.3376815470455328,1.7484573558440777,1.875183244918917,1.8692932961179782,1.3166949302402413,1.6250168117409134,1.6615617764358062
2024-01-02,1.00234568857591,2.3278242025080864,2.0485238867093614,1.3378449988009913,1.7525995354627004,1.875342659270757,1.890752230311317,1.3159664130269042,1.6240566330715347,1.6606598625433124
2024-01-03,0.9977582595564177,2.337761514640288,2.0580693090750946,1.3347517975210037,1.7523107973122503,1.9077288291197834,1.922469579533572,1.3124932495679724,1.6283312887260075,1.665092626675183
2024-01-04,1.0044314304375348,2.3841160170757356,2.06668595245041,1.3486561332185227,1.786742282750272,1.9329135089043503,1.95883744069638,1.3242918134995934,1.6463674133405073,1.6836000819697596
2024-01-05,1.0010336574032535,2.394704315455328,2.0600026222047,1.3509070258003553,1.793361854586273,1.9409240309911815,1.9618318707449809,1.3276361893043507,1.6514253525586755,1.688805670474455
2024-01-08,0.9981010616374115,2.3672937509053673,2.071568347415652,1.3538173127867927,1.800331192704859,1.9243812389859183,1.9710100060038314,1.3159188952798861,1.6373339847680464,1.6744315970628896
2024-01-09,1.004031900507992,2.3631094260280845,2.0860526739997516,1.3592714875746603,1.7998790869616121,1.941587007015234,1.9709763795980624,1.3187551356227976,1.6430056252114718,1.680288262057831
2024-01-10,1.0046208989029048,2.3526525680119326,2.0938447756901923,1.3532057018491594,1.7921000832360352,1.9500105066891191,1.9898574668730493,1.322705991418745,1.647280916933209,1.684743755753674
2024-01-11,1.0111556039110503,2.362843219372433,2.1036347789201577,1.3801097898263064,1.800631576461576,1.9496403254112398,2.0261780602198503,1.327212632784969,1.6590966371798705,1.6968733765008113
2024-01-12,1.0145215043538967,2.3619830650952687,2.0875104299490124,1.3645802896324823,1.7968215141055408,1.9407442919601234,2.0167478912494428,1.3381403909850231,1.664673108893131,1.7026330204897397
2024-01-15,1.0127838339072313,2.3668907837436364,2.1096961016284252,1.368190051889216,1.807675456117232,1.9658769637627804,2.0621282774734317,1.347624747983871,1.6721153008691858,1.7102853221982393
2024-01-16,1.0007934078264367,2.3929887621981005,2.1794620746265894,1.3707753533823452,1.8945710358865713,2.01385879467564,2.0774892266751035,1.3436941434840064,1.6697592711381501,1.7079618291431466
2024-01-17,0.993622806851735,2.366321410075863,2.175982702222082,1.3821983935905982,1.8811874098962342,1.999681565477817,2.060170333223036,1.3206559778649363,1.653900856995895,1.691810877688019
2024-01-18,0.9939114230137889,2.385812719718092,2.1319012775803032,1.3745106913997074,1.871929420098656,1.9890860902146907,2.0675504215840466,1.3157224709440227,1.6536289438123049,1.6916100394311973
2024-01-19,1.0056674179622012,2.413449719982358,2.199058041484958,1.4057957046810383,1.9298707098242416,2.0654361568327704,2.1103360920032954,1.3287069931299134,1.677359991897993,1.715956289205255
2024-01-23,0.9744335478343831,2.2769203389374972,2.125110251475133,1.3656014795896294,1.8621550363498016,2.0283485776756,2.013822771003148,1.3016026849247764,1.6369606001905679,1.6747421504178273
2024-01-24,0.9917143819631838,2.3537882784752613,2.199296380104376,1.3862167710472444,1.9169341837279326,2.0951836526600434,2.081209030694704,1.318175657359718,1.666072620736484,1.7045953336411315
2024-01-25,0.9935841116168284,2.3906371888148454,2.212347472887342,1.4134722285367767,1.94574284345461,2.17112444209917,2.1255937877814333,1.3142450528598537,1.6694440725806663,1.7080681416482706
2024-01-29,1.0105452838502706,2.430850061704102,2.2238771234663797,1.4221406738271711,1.9559555331084648,2.209332737852309,2.1475303052400387,1.3358396849163052,1.6912025546490426,1.7304955431524482
2024-01-30,1.004088958493832,2.422681737176556,2.243043599382881,1.4254890609784632,1.9378251269341642,2.179356915161169,2.1454425680020583,1.32652475052521,1.6895131511898323,1.728830341112568
2024-01-31,1.017521246457163,2.4805341519697883,2.283778402713383,1.450665235664372,1.9922766280095034,2.2162905470559626,2.1938696317442106,1.3419693419202359,1.7171841074957344,1.757235488950644
2024-02-01,1.0234687347906708,2.4709246410548147,2.279137401704812,1.4645791128623913,1.9868964206403876,2.212671157320044,2.1686233279904825,1.3402920581034834,1.7135165315427352,1.7535150721681023
2024-02-02,1.0404482334052836,2.5086737708968148,2.280920059252566,1.4671949809108846,1.9817131520165243,2.2811140490392887,2.174275155410923,1.349335916322174,1.7256064790017778,1.7660577474808854
2024-02-05,1.0483961241950812,2.527578219462625,2.268797532175074,1.479883068226117,1.9863618035145183,2.2565940061013725,2.1673292025068145,1.3454526972079155,1.7252449627154722,1.7658036801175199
2024-02-06,1.0558245311045993,2.559105484229511,2.3046153611982305,1.4848774898988542,2.0006043477706252,2.261357285752434,2.187824205837318,1.3576680672268908,1.744469324111666,1.7855248088727942
2024-02-07,1.0617730456599694,2.5996644308449848,2.330987427897529,1.496819106492425,2.0333921377180886,2.301774510457735,2.2110696234189064,1.36280501363852,1.754588926212318,1.7959746622852235
2024-02-08,1.0675630382657033,2.6437834739271184,2.3259738191091532,1.4931257026621876,2.0561304023072418,2.295009267466803,2.242660388267644,1.3545371903801844,1.7497853463863706,1.7911177847574926
2024-02-09,1.0475949388263044,2.595715661935707,2.276749005572695,1.4567298106973878,1.98152265336376,2.1991102471584654,2.195709265185381,1.3527717538628354,1.734239480073537,1.7752726715098932
2024-02-12,1.025564707368036,2.4721945731301207,2.142573028549766,1.4043908293925054,1.8397002431641676,2.0510617363779913,2.049327739139617,1.3333694238784224,1.6872507698351995,1.7272191628754718
2024-02-13,1.0320345945677267,2.4788604995254016,2.1795783914806655,1.4183007337675761,1.8949553046238936,2.059060013512767,2.061822159522901,1.3406682292372594,1.6949665307011696,1.7351905802334142
2024-02-14,1.0335981955985531,2.507350988659452,2.212561873867606,1.4480825273900106,1.9242681850702934,2.1207239626904677,2.1247232324793344,1.3501152603178368,1.714854777088245,1.7556261660965176
2024-02-15,1.0405471255991223,2.5783759849370376,2.267920061187532,1.489555418336074,1.9707670090048364,2.1853214362547293,2.2151065120015385,1.3578883166169693,1.7334957217346816,1.7747532886418274
2024-02-16,1.050554587182816,2.627518824838979,2.277384864897164,1.4934638188007106,1.9653156824059979,2.1803494705315796,2.2001592845168414,1.366556003701884,1.7472528635077726,1.788859890371071
2024-02-19,1.0509683755694006,2.6632456829616804,2.33644196596097,1.5361100450789926,2.0366204015275264,2.2338011741085766,2.26582994764146,1.366556003701884,1.7597774657950933,1.8017306471037235
2024-02-20,1.0458307125215411,2.7015767683604746,2.347412176557627,1.5315005906266566,2.034795025361767,2.238892638417349,2.245114878390507,1.373807291313703,1.7574576503760238,1.7994005755744789
2024-02-21,1.0354136479024585,2.6584228381683657,2.3246936859510643,1.5043191422454105,1.9781661211847978,2.1832362273444215,2.190139166918721,1.3640756831966658,1.7425208852992646,1.7841694848198122
2024-02-22,1.0457025341260027,2.668331406381394,2.3357312768063982,1.511696735302584,1.9745928314514343,2.212439701815269,2.198938211052356,1.3746238288662238,1.75471217704208,1.7966912969138347
2024-02-23,1.0499566826823454,2.6884914131008144,2.3467829619113374,1.524605077901529,1.9894383486284175,2.2351048442134904,2.2039247202904795,1.3766264570344267,1.76314087692933,1.8053584024800622
2024-02-26,1.0435930752366644,2.7254497588503246,2.3514513837527797,1.5279482425443518,1.9831269246403314,2.2452965975765777,2.1948919988798465,1.3727162361920575,1.7605486730634587,1.8027803452420275
2024-02-27,1.0404568217069203,2.722517746304476,2.349391820025108,1.518741762876826,1.9726984919703294,2.26636887806255,2.18427447013328,1.3752269998221063,1.7601994706012973,1.8024588839820748
2024-02-28,1.015076399048524,2.6394258162908515,2.299369120230293,1.4859614175813252,1.9172137713566317,2.197214137574831,2.1473760573925893,1.3567633769737735,1.7317495257596807,1.7733715520864621
2024-02-29,1.0234597581967573,2.6645837667025303,2.30753963793378,1.4738383205624683,1.93290095600169,2.2182883067115866,2.1758234012936217,1.3614835172980482,1.7415611157592423,1.7834655269392203
2024-03-01,1.0265770547413378,2.681300762013164,2.2968107261554223,1.4751980693114255,1.9293141375128784,2.213154707184727,2.1863943048569103,1.3790865262435619,1.756822683465735,1.7991661994670707
2024-03-04,1.0295031375715469,2.6224576923141356,2.2995524223584347,1.4758068036919805,1.9039646260566465,2.1803445204042218,2.1682186327253,1.3846605300386283,1.7637138830834942,1.8062946398090565
2024-03-05,1.0306213037841334,2.6109646570618854,2.2925132932816625,1.456206836531434,1.8982563799581997,2.1702382104255817,2.1710390900855856,1.3812686364868527,1.758851838858829,1.8014082430359117
2024-03-06,1.0274995942863139,2.5127618316168157,2.2627634031742074,1.4370830431922317,1.8540863103839968,2.1109488463460457,2.131561039027856,1.38110265527582,1.7372853406711217,1.7793956560614246
2024-03-07,1.0387245539097283,2.50190170082052,2.2518246691827426,1.4494857658857345,1.8537273895276731,2.120634383709035,2.1217220859547186,1.3848468949071564,1.7481501357094549,1.7905889687655097
2024-03-11,1.0389194846491552,2.4148158765423493,2.2030225613593446,1.4321666506761075,1.8010264886763379,2.073451848901546,2.0772770518142107,1.3749491732176742,1.7273895653243092,1.7693570492449926
2024-03-12,1.0079325999757331,2.290268487315779,2.156443271745829,1.4061538532574809,1.7605818567221063,2.017535623111293,2.0302438130306046,1.3669965024820412,1.698891292044417,1.7402157815840522
2024-03-13,0.9728989002374727,2.136534553813204,2.053049656622183,1.3371379878820047,1.6527630224342296,1.9492253539237951,1.895462818437255,1.33141100442193,1.6197690940465277,1.6592084090775976
2024-03-14,0.9833651736333555,2.119306688013726,2.104341312469355,1.3786333764181056,1.6949223402462332,1.9246374356192288,1.9741092972939291,1.3497119550945378,1.667712775192963,1.7083825130827568
2024-03-15,0.9709723496843773,2.1255584602699686,2.1025904877671415,1.381246545350719,1.6899459088170887,1.8968397595908069,2.0054685465949507,1.343534780343589,1.6675153479572815,1.7082340567659486
2024-03-18,0.9803256256202865,2.1006969080922246,2.086227621490117,1.3760909656921083,1.6633902524502278,1.885281542498173,1.9883600023528627,1.3447478726873814,1.668051332616574,1.7088301066511793
2024-03-19,0.9558734418419773,2.1045707733858494,2.0721218815595015,1.3712587994772678,1.6430758644655106,1.8731015983918287,1.98556694458907,1.3289882611310653,1.6481797242174165,1.6885312775932
2024-03-20,0.9598009485237303,2.1140068517785924,2.0626857814738595,1.3596450772038848,1.6283482096530557,1.8711103600636527,1.9733169002283228,1.3304452955577393,1.647767816393744,1.6881495953748091
2024-03-21,0.9784692538279576,2.164584802299896,2.1221097071741366,1.386578556482824,1.6698482098802616,1.9197299982799738,2.0046353921321423,1.3484277846723367,1.6837446762825725,1.7250779714287374
2024-03-22,0.98853055714076,2.196939656077974,2.1453824993564874,1.4000406482522927,1.694894766730566,1.9213138530394713,2.0421340562068555,1.3550148827171997,1.697400544139899,1.7391196513688778
2024-03-26,0.9961186245411499,2.218313632110157,2.1806961188080756,1.429408752953886,1.7194698586476744,1.923092858276685,2.0420221909910063,1.355736649498509,1.7039512199594324,1.7458640608743954
2024-03-27,1.000538519785501,2.2358035669259753,2.2060541146533885,1.444739466554687,1.7199524924354028,1.9227281703461976,2.046449002845382,1.3613310369510707,1.7124484439054073,1.7546082852774285
2024-03-28,1.0087514540926745,2.26084752304671,2.2059554623957913,1.4411825575456605,1.7211385818809655,1.9493405745363312,2.036144922885249,1.3726721598417593,1.7232991462552734,1.765798204602043
2024-04-01,1.0166935613533148,2.347182476246096,2.275768571173071,1.4506581349156187,1.7757634018152733,1.99041543552705,2.1134461694685394,1.3887605571462456,1.7659673206225668,1.8096191287069
2024-04-02,1.0125356933362346,2.3549752007290783,2.288709000664495,1.438487069853059,1.7789459946933777,2.010455395557038,2.1286864460293953,1.3939922743290865,1.7832705572200502,1.827374095303259
2024-04-03,1.0134153447423473,2.3579697897955607,2.3127507430915424,1.4679205031160603,1.802698636939957,2.014217162084743,2.153845178065846,1.3964285184840064,1.7956277397422502,1.84007612244943
2024-04-04,1.0150168069273517,2.3474906702870877,2.30214551929705,1.4835211842986544,1.8059864017174698,2.0124705755859202,2.1478391826580743,1.4004235829916645,1.7991315567182078,1.8437388051601196
2024-04-05,1.0195723212098784,2.372690024250006,2.3182395589317992,1.498578114443266,1.8094627747990615,2.016557638123761,2.1656493107159465,1.4038424782715506,1.8082332875039466,1.8531296024391266
2024-04-08,1.020408503837444,2.36240794115337,2.302947393457681,1.4979525760371901,1.8080480794651093,2.0084748657392235,2.1564710020283027,1.410890458754066,1.8135355152686536,1.858618845988581
2024-04-09,1.0196789838917755,2.360291884974207,2.3047499933564457,1.5132324513749404,1.7899815749142216,2.0030747402235134,2.1365307412478813,1.408965791457712,1.811008144366714,1.8560776773138217
2024-04-10,1.0273146425797866,2.3440239169906563,2.2968810327468403,1.4967234993678842,1.7752742705055002,2.0057177688603565,2.119668396528007,1.4174030373238005,1.822942208926048,1.8683974064702114
2024-04-12,1.0246720450736855,2.2952080199054286,2.280068568656004,1.4836289955601052,1.7622585035325518,1.9828380695620722,2.0930458811334045,1.4059026836541069,1.8105204700515014,1.8557066020971411
2024-04-15,1.012101007771004,2.256745261592798,2.23726321679531,1.4777675625956557,1.7152114852835354,1.9542833457588786,2.0443713231231295,1.3878252914068854,1.7837657057596135,1.8283637222062383
2024-04-16,1.0144315005468298,2.25481986172082,2.2485293337541385,1.4882422696949011,1.7196851804949096,1.9551269228863277,2.0538457772109266,1.3840471672539985,1.7892945840562458,1.834085593169283
2024-04-18,1.0076982039223044,2.237252610514715,2.235303561676508,1.486346941666218,1.7107849799134363,1.951138378388069,2.0360166572291254,1.3773854173725941,1.7826826499403492,1.8273411609445382
2024-04-19,1.0047782428453502,2.251398779289816,2.2405702054862777,1.4909352251709915,1.7229310577851276,1.9534469990207537,2.043283153264089,1.3814854444802114,1.7815399619121215,1.8262239036966421
2024-04-22,1.0081467398627173,2.266131100076262,2.253276695157788,1.5058007859360931,1.7367024479497088,1.9814265417010863,2.0713169579972734,1.3943378699766196,1.8031099039488987,1.8483927973249779
2024-04-23,1.0155893795131763,2.2672292093704773,2.30615467470061,1.5194076123022455,1.7575537040112517,1.9804720571380034,2.070326589001083,1.3996103544744511,1.818157858567219,1.8639116268965137
2024-04-24,1.0221266493241006,2.2829371085190773,2.341866453998372,1.5661850772844785,1.7764504559010448,2.0069615216412946,2.133746899309869,1.4048963398363377,1.8333915025497767,1.8795706805659547
2024-04-25,1.0278976366526573,2.2853719701403166,2.3703735136879764,1.585148772284046,1.7986378909769138,2.029048923222879,2.142068978612085,1.4141976410019652,1.845748503273455,1.8923068783121504
2024-04-26,1.0233201371834182,2.318036080043032,2.3929490451540287,1.5697261436337087,1.8241050116795043,2.073189524234214,2.142946465315454,1.4122627818768636,1.8541382305147145,1.900983770794901
2024-04-29,1.0290791059532796,2.330283938829705,2.373291322249572,1.5802390981942587,1.8333679805243608,2.0783212708486003,2.137659450905243,1.422621253642586,1.8614445811192226,1.9085489192813283
2024-04-30,1.0252668018843412,2.3232924290913837,2.3447799342694946,1.576520456413309,1.8151505677160118,2.0802637920624565,2.1448495977523376,1.4229600988580917,1.866169660738364,1.913447108392226
2024-05-02,1.032866043578688,2.333980037556614,2.3601516067655903,1.5797556722733543,1.8350353093322689,2.0909132957416854,2.1441199044443775,1.42881537065431,1.8741257662110653,1.921674638856699
2024-05-03,1.0308184969016676,2.3185617714243474,2.3279384724641976,1.5725988455864168,1.8094853859517215,2.0752478979131537,2.1259361270929715,1.4204087002744645,1.8670199724603778,1.9144566177499835
2024-05-06,1.0200287092154983,2.2752813705497283,2.2617905045337254,1.5421705161461507,1.7636710145112806,2.0312346062793947,2.05676069289679,1.4139976429079697,1.8490642311079246,1.8960896074794247
2024-05-07,0.9999441730581481,2.225761664833978,2.1807809102594145,1.5197277989989633,1.704373400976901,2.0078624775075262,1.9946073045304584,1.398485414831255,1.8158881358586367,1.862109225701058
2024-05-08,1.0084674445027129,2.2709730736820535,2.217678048205895,1.5233202514102442,1.730559099316141,2.0295813558024105,2.0357738296974803,1.4031512869764842,1.8280603536449056,1.874660400501068
2024-05-09,0.9846809102507624,2.206013724740584,2.1500541808587363,1.4855735765758482,1.6858427997928267,1.9830264361862748,1.9929009708725878,1.3787476810280563,1.7883587981344242,1.8340112878598873
2024-05-10,0.9980212016602801,2.201529260495496,2.137141424077125,1.4901467499785301,1.6915567513230503,1.9913517496851256,1.9951738391599092,1.387171293668677,1.8039586211614862,1.8500918858637043
2024-05-13,1.0151434252064906,2.2098325724594163,2.1185013755007036,1.4912687245246343,1.6853576906203853,2.011862029931917,1.996977956128428,1.3900108430468963,1.8041329145432623,1.8503276880601522
2024-05-14,1.025229969839911,2.2473858589279065,2.1939177118159443,1.5321184821076368,1.748223190643225,2.0629114286377037,2.055422073841479,1.4017213866393332,1.8326636409244408,1.8796805292956027
2024-05-15,1.0456615883425524,2.2570384224319837,2.205235301682853,1.534631713122947,1.7402450937001865,2.093806212166364,2.09053978893653,1.4056553001745054,1.8450404630267316,1.8924562276966987
2024-05-16,1.0598439031272482,2.283879333632972,2.2510683605559825,1.5590171069002183,1.7713829833940777,2.120568726037787,2.1206219117429366,1.4183417444598807,1.860914437197701,1.9087636750032295
2024-05-17,1.076300228094823,2.303421593282663,2.255638847677176,1.5623200999447666,1.8056699493544892,2.15794599513152,2.1551064361170944,1.4275244498000814,1.8846944342734162,1.9331954440948331
2024-05-21,1.0941961880779718,2.401019769167955,2.2948469391086697,1.5787237260295333,1.871202102954018,2.1916321188515435,2.2028222040170444,1.4358667925335458,1.903613956991448,1.9527751790976307
2024-05-22,1.0878329974969831,2.4042828866794514,2.274949679241737,1.5729735688988078,1.8400210019509653,2.1363469624037448,2.13119072249203,1.439261995120629,1.9088979792942082,1.958269752729312
2024-05-23,1.0906846369808583,2.393498145606218,2.2897264229290055,1.5893533765042662,1.8667980485982583,2.1601369914136264,2.1328380500826647,1.4563262931180536,1.9203938916795829,1.9701074138261017
2024-05-24,1.0910060456741189,2.3864714257634287,2.326317488418538,1.6176125118140718,1.8899138879990112,2.1555002243719845,2.1301782092986685,1.4559331797235022,1.9184920144946414,1.968286616141124
2024-05-27,1.0878570120303912,2.347855707165857,2.3256757827479317,1.6197130542722011,1.9030920067199164,2.1426242937111373,2.1219505319712857,1.4565600433721875,1.921839896295351,1.9717682530067417
2024-05-28,1.080463858895215,2.312305266386605,2.2638609974282997,1.5855649032650545,1.8403612407270422,2.1014419422719772,2.086938441739527,1.4494002174962728,1.9051848757142977,1.9547220772531324
2024-05-29,1.0742239311086572,2.3120946071496986,2.272914910865137,1.5945417134584479,1.856835054438583,2.134686019170152,2.104119521899521,1.4405191638147194,1.9019176121539052,1.9514367579589866
2024-05-30,1.0613761742144945,2.2606258083179163,2.2428273496091697,1.5867326975213205,1.8450031203455848,2.1285660007918246,2.076038228956244,1.4257624546794525,1.878393662063482,1.9273698341490144
2024-05-31,1.0604189224036402,2.295369438069297,2.288544248647258,1.5988192193486574,1.8726802850402582,2.1897292828559554,2.0855393407124976,1.4301505002202495,1.887685064657657,1.9369500023761013
2024-06-03,1.0888554499263117,2.365235063262355,2.380713882090819,1.625082338068582,1.948698062008861,2.2768938052023793,2.150312430949349,1.4771889665644484,1.9410515761153717,1.991869383489111
2024-06-04,1.0019962426095694,2.140361107092977,2.1279490236573504,1.4392581439737022,1.7077230704199269,2.0121419992887253,1.9352577816550782,1.3773278401582407,1.7984395227039718,1.845598324122185
2024-06-05,1.0491784652009486,2.1722237108503584,2.118876661643879,1.4449014094843389,1.7493049268209304,2.0401310108624564,1.9676665941072207,1.4268365675403225,1.860357688636301,1.9092333121404366
2024-06-06,1.0428169514871533,2.2320380360070615,2.1533147562656914,1.483929105323474,1.788021790481362,2.1025729685579773,2.0004337404198367,1.4478856058552454,1.9090360752932973,1.9592517664537294
2024-06-07,1.0578787838244479,2.275435292138869,2.202649096544173,1.5106878445602097,1.81439561029918,2.1311741132733286,2.01917431168936,1.4749356458813363,1.9450640574106748,1.996276465184906
2024-06-10,1.0743728763043554,2.255080300553161,2.2139900412746125,1.5521087390835016,1.8193718528039355,2.1526657350769507,2.0167254119647016,1.477924234209813,1.9622256156242315,2.0139629055336434
2024-06-11,1.070026423794047,2.3101637044218757,2.3100556837429593,1.5542308909777451,1.853097088108765,2.19312363342409,2.0404320332488024,1.4808891298454865,1.978446169799859,2.0306602139895147
2024-06-12,1.0795728039209687,2.3300872811126823,2.333850546115742,1.5666462896195104,1.8687007993948646,2.226391700014762,2.04950305639286,1.4882725141467879,1.9969436062829493,2.0497393425231927
2024-06-13,1.0832055694365403,2.362013804146564,2.3315520086780577,1.5802529263008527,1.8686454116981894,2.261677020114205,2.050713156239412,1.4959542410714286,2.010862043045475,2.06409360404871
2024-06-14,1.0971178122739886,2.363887029036101,2.3316957628568393,1.5845348823609728,1.8804781019923995,2.297671007069409,2.0759456864744887,1.5054419071055842,2.028786451302479,2.082562550258084
2024-06-18,1.0989912381377986,2.433029477175413,2.3192356578437585,1.6045543549549948,1.8808559502062854,2.333389424105922,2.1024988205437256,1.513255598358295,2.04542969380916,2.099728403368728
2024-06-19,1.0856145033974751,2.4050836274609737,2.2887764172578544,1.594661323335491,1.8579139164976062,2.3014179632289453,2.0911386178415814,1.5061602324901735,2.031074645896747,2.085046078750108
2024-06-20,1.090996321544084,2.4289453593111343,2.2960719919212913,1.6267740977165501,1.8658725756039816,2.3042481654804323,2.0907937236118874,1.5115952568023177,2.0441010329595675,2.098460874952096
2024-06-21,1.083653690922138,2.3974491860459457,2.3080496673460544,1.6441923793564028,1.8748993248677857,2.295452270646687,2.098181307926398,1.5069259432603688,2.0400317948184785,2.0943287162189033
2024-06-24,1.0861964798717996,2.4187605662191154,2.315748290727125,1.6279956096499328,1.8660179523307145,2.3254681920735907,2.1344190306558497,1.5105109521126998,2.0434784395285823,2.097943869704448
2024-06-25,1.0873585842958513,2.4709048511314067,2.3148942462187807,1.6285381040437792,1.8678768051328654,2.3338173641408373,2.1130204719500507,1.5160375705221605,2.043143549064683,2.097657121038101
2024-06-26,1.076928577431733,2.4806559558293526,2.325291824183256,1.6479788676698222,1.8718163593760628,2.361391976386198,2.1373291898818567,1.5205205191955815,2.045796710247202,2.1004035185852277
2024-06-27,1.0777479545624638,2.5052175822624316,2.3041443172218123,1.6502608032958563,1.8534747265884255,2.3391523011007194,2.126285315681994,1.5273380584592708,2.043474284599337,2.0980495169465674
2024-06-28,1.0698021684887327,2.5281591529954337,2.3188446627812467,1.6706173821410693,1.8586622704741882,2.3561555550369992,2.144747179531534,1.5288492287035782,2.05423014215552,2.1091399260733037
2024-07-01,1.0944243105426874,2.6028248933187923,2.406851164240343,1.6617859763767473,1.8568813313092338,2.3614299509731826,2.1542388380924544,1.5402276775125372,2.080413408928752,2.136086883379561
2024-07-02,1.0959732396459403,2.6232507626330457,2.430054443270147,1.656707921070437,1.8744378190518391,2.3688658968609415,2.1724819053867366,1.5368528585829493,2.0764038996294785,2.1320149192980047
2024-07-03,1.110572855914517,2.6607542797282027,2.509007493309377,1.6558237025088667,1.91709767109555,2.408969217040446,2.19234981386912,1.5486039047675522,2.094396321299319,2.150542970695252
2024-07-04,1.1143053668946092,2.7174224187111,2.5930540337524555,1.6698077202422117,1.9745907572485657,2.4478089510188883,2.1898044828705165,1.5528733544829223,2.104150432641412,2.1606049138347916
2024-07-05,1.1110384142463345,2.7527455938374388,2.646526308713858,1.701635559954714,2.039098233813108,2.4648271186159563,2.224330231591771,1.5578510701155461,2.117798528457724,2.174661460471067
2024-07-08,1.110442513033897,2.7270809620440173,2.683087163389173,1.7381945833328116,2.0997135299918672,2.4788471220347192,2.2357996066093904,1.556732880904378,2.1150713853255536,2.1719624375548165
2024-07-09,1.1037378280348666,2.7377883566481604,2.6393652549281716,1.7302994913632717,2.0664315225334766,2.471772844080425,2.21523324195437,1.56325220990614,2.1227809299604647,2.1799364616618226
2024-07-10,1.0936325555433237,2.680110885805651,2.6320193305481387,1.729543203095845,2.1018450194362317,2.439505816207333,2.194930912396312,1.557173379684535,2.112525713683034,2.1694301830436635
2024-07-11,1.0943130766430194,2.6896189122773038,2.6889803575696773,1.7410306138460636,2.139555869897323,2.4501625479762583,2.1898497327235624,1.5590437788018434,2.1216535169684936,2.1788313582006826
2024-07-12,1.091423452836525,2.6692801869484644,2.7278992403296702,1.78305050113584,2.1488387233957096,2.416260400606504,2.191266083117935,1.5651564935449986,2.122250819415235,2.179472408064119
2024-07-15,1.0958138659937249,2.6525288630530586,2.7279501578244,1.8120834654580913,2.133732815711208,2.4166900317227715,2.168023811405453,1.5729092985480482,2.1374406931873557,2.1951178133192157
2024-07-16,1.0982066005741014,2.674191033131304,2.697835759667229,1.827565377686553,2.128023971813481,2.4051849646020234,2.148154874481202,1.5725298183789644,2.1395521210983217,2.1973104036699453
2024-07-18,1.0907218309224478,2.6363858370691347,2.6085084760714983,1.7718182500836752,2.0523116481364276,2.339193670081777,2.0975470387475785,1.5729229317735158,2.123611839178346,2.1810243110242165
2024-07-19,1.057943235591901,2.5682968190033244,2.5357600232438906,1.7130648475863661,2.0250965611204688,2.2641693743559306,2.051848423244344,1.5487665769432772,2.0770281681981655,2.1332108803580074
2024-07-22,1.0619631119605941,2.607444525557722,2.5766749053692717,1.7178883379201229,2.037693488393207,2.2973743572083896,2.056273840204171,1.554801463175996,2.0964792449366207,2.1532817225695124
2024-07-23,1.0662714432484253,2.5377766564592643,2.5085458163374192,1.6816525414264847,1.9809927768828604,2.2274303057851377,2.0142561937155956,1.5495526713709677,2.084340722703331,2.1408460060190464
2024-07-24,1.054648368273718,2.58979646140711,2.5952030749292856,1.7426381188469626,2.003033374091092,2.269904654436124,2.0347107902989445,1.5533646800454053,2.1117603442646686,2.1690595449071117
2024-07-25,1.0611944169655099,2.5832016420252897,2.5733535536236625,1.7268607333497143,1.9752342043710072,2.2653021861039098,2.0224675515522317,1.5530801030089456,2.111639255640184,2.16897158052249
2024-07-26,1.0712837648339149,2.567626009369697,2.5587318443917786,1.735612840812281,1.959915811770737,2.306620487264051,2.0199930306146237,1.578479993307807,2.141699105488685,2.199955588517859
2024-07-29,1.072081248412809,2.6684278307814835,2.6032441350559252,1.79819731072284,2.0085618541136796,2.339973214178523,2.0350704377940128,1.5854024951714556,2.163692729136975,2.2225846863270124
2024-07-30,1.077101884323463,2.694537838067887,2.6397033244010313,1.835641320532109,2.04091974737187,2.333579146053579,2.0358320877767686,1.588567388901125,2.175901351524672,2.2352284475459903
2024-07-31,1.0914851839058983,2.6807686780732727,2.6262330039064246,1.8329396053557792,2.0472038581385523,2.3167996123912498,2.042053461835744,1.5946598523481974,2.180853523880114,2.240392583395831
2024-08-01,1.077224378951684,2.6399131207632096,2.588542327055782,1.7892372621947141,2.007028371336556,2.26326413470007,2.03366070218894,1.593019762088303,2.1717833698168088,2.231105934531984
2024-08-02,1.074308123000239,2.6344703427510643,2.5928383586083767,1.7631772471816531,1.982033248124465,2.2355512009324072,2.0018926286430023,1.576270616613581,2.1550955774494662,2.2140221955579165
2024-08-05,1.0521748541485825,2.5100732069511245,2.478618344501687,1.6583475421581348,1.8845931899873891,2.1200618903191613,1.9395911609535275,1.5276802127100841,2.0749850057224313,2.1318031358234943
2024-08-06,1.0518213575736894,2.469430289296265,2.430001099630117,1.6228563537195173,1.8445554810372211,2.0850043736269432,1.9065267557291143,1.5209610179757387,2.0648934466631528,2.121530267720896
2024-08-07,1.0720479147794038,2.5202572636617986,2.533919150534518,1.6721432026808218,1.9117191269854967,2.1088861576712308,1.9437470891842277,1.548448115385267,2.1122741484637944,2.1702808111982264
2024-08-08,1.0663672349580986,2.491609104605191,2.4980642426074846,1.6417615013112716,1.8844842861627034,2.091351226157653,1.9445693328271298,1.5387435089963404,2.102126196236049,2.159901723080926
2024-08-09,1.0721198688134397,2.4895194303308177,2.516319624282359,1.6287711550326125,1.903893710094367,2.127915265280628,1.9747551204269858,1.5535036595283274,2.118191217751275,2.1764782061876486
2024-08-12,1.0700552231791058,2.519140893568398,2.5505996230315864,1.721337243914265,1.9492875527212972,2.1596978367996122,1.995529669712829,1.5529851998763216,2.1198594963615274,2.1782390443292483
2024-08-13,1.0571162603979896,2.452673280691821,2.4927378210173643,1.7013922466402815,1.8995112490153083,2.1127408511201966,1.987028282280276,1.5387503917897805,2.09694020630564,2.1547401370111414
2024-08-14,1.0524929217409675,2.4348762041920873,2.459207009119044,1.6927983545432608,1.8877663696355362,2.104686363714755,1.97720975337899,1.5365038215386961,2.0872919920624615,2.14493099932245
2024-08-16,1.0642721278537803,2.4857567010924955,2.533667004200235,1.7164842214880145,1.910827557752078,2.209829054920848,2.029751105928853,1.5625169422607752,2.123965411993459,2.182703622289952
2024-08-19,1.065748776004398,2.509891409304721,2.595370428070397,1.7243732470626365,1.9309659765713987,2.2615553539328452,2.069907239824816,1.568158715098943,2.1454955624818424,2.2049399913671683
2024-08-20,1.0704971689661382,2.431695464298045,2.5731545966691356,1.723278492686235,1.9011369294633993,2.238609098506709,2.0792150423453024,1.5776870160866765,2.1595041261345562,2.2193796078973924
2024-08-21,1.083822402153336,2.4313699828376634,2.562638540527598,1.721399939737166,1.8948767449443307,2.2392971184079866,2.0827117637823513,1.5836710755370698,2.1771734042147806,2.2375945898440253
2024-08-22,1.0858361532220298,2.4492267406528296,2.5666544822016344,1.7400279291892968,1.8922056149854292,2.2455413159283406,2.066275612589911,1.5885537556756573,2.1853028201304125,2.2460204031258986
2024-08-23,1.0845291971640607,2.446656895474918,2.6086243477437514,1.7582925568910959,1.9083465327098108,2.2653364144120003,2.0614319245296913,1.5870595276921253,2.181722151729686,2.2424130245919254
2024-08-26,1.0941578338952853,2.424041270970513,2.5910860916837617,1.7569326600649542,1.8932955639988878,2.2755559850017684,2.0564114174408363,1.5967572512876118,2.190041299432935,2.2510114990271495
2024-08-27,1.0912125894919766,2.4243863482968715,2.5825289523109243,1.759084320492626,1.8838928156468118,2.267546707560778,2.0631044787118693,1.5996780705729872,2.200499475574157,2.261804417749531
2024-08-28,1.1006226715222887,2.427202543342104,2.5839472013513136,1.7703651572591161,1.9210061393956794,2.263529347873438,2.0925612362377946,1.600430280479127,2.1984991977823407,2.259791006838147
2024-08-29,1.0905159205242243,2.384978355669453,2.537501003947202,1.753888640094219,1.8941556685772198,2.214572359311252,2.0815198790557625,1.6014773916118867,2.1882244318262694,2.2493037283184143
2024-08-30,1.0960010259478745,2.4440068170052354,2.596077619841365,1.7605211580084736,1.9380372309025495,2.265580765617197,2.1503738099889174,1.6084677948800488,2.2044334226486817,2.26598945471643
2024-09-02,1.089389530298886,2.4382639062275264,2.5664407220700483,1.7416052872878192,1.9128247689969737,2.251717300929924,2.1386257376368207,1.610239849468013,2.2026286348398423,2.264165220814702
2024-09-03,1.0936026181716538,2.492590537544534,2.5827785557136833,1.758234915212366,1.9220581378508452,2.283144632592039,2.155480118783076,1.6121204404140688,2.2109543860357728,2.2727660594768957
2024-09-04,1.0919352574589505,2.509146299801713,2.558727516914,1.7428630118487038,1.9184068986629526,2.28993010051316,2.142950030212618,1.6094402541762673,2.2136349743563652,2.2755596276602494
2024-09-05,1.095385851864014,2.520255003218218,2.557734662181534,1.7298816621760404,1.92736980239863,2.318346777013407,2.1585089082046047,1.6103822703476551,2.221986627070396,2.2841892933600674
2024-09-06,1.08217903932456,2.491136896915982,2.4861547740801244,1.701292902228906,1.8822058470565326,2.286898249796896,2.1576106410593647,1.5910612102703985,2.1946188536054545,2.2561042912635454
2024-09-09,1.0719992379793535,2.4950935663733698,2.4786964826720994,1.6897358383621996,1.8748906646688561,2.2965601935778515,2.125175185430266,1.592718242791068,2.185559021532835,2.246851526593471
2024-09-10,1.0771273071631362,2.5185152733512726,2.5025216006918227,1.707510184421435,1.8972207608632423,2.3215750114831946,2.1547728635291703,1.6023075623898753,2.207562592462681,2.269517508579993
2024-09-11,1.076810142501668,2.4843949381380064,2.453338505253385,1.6880700499105812,1.8771803214112375,2.312405705278314,2.1313321609062,1.594690295473028,2.1921397957692044,2.2536879391448363
2024-09-12,1.084642809458113,2.501352722217243,2.4620859226900813,1.6965356184528486,1.892986996526285,2.3448895127454894,2.1517317463290726,1.6201782061110734,2.2186514893126703,2.2809710957951888
2024-09-13,1.0877143744018323,2.540266275174876,2.496458840250024,1.7050990010679794,1.9138119961102849,2.368170629996516,2.2160039763205273,1.6215911641874492,2.2335553974166724,2.2963409887050488
2024-09-16,1.096273997881889,2.546399799875793,2.506117732700517,1.6935022331435803,1.9176789811113175,2.33938436227272,2.2797869482017448,1.6243019259114937,2.2373204941869105,2.300241144080962
2024-09-17,1.1104584328579454,2.584580097701624,2.4880017755227164,1.6773450904535148,1.915960824713452,2.347140228530697,2.285472955981634,1.624417212701613,2.233032779946515,2.2958550685166492
2024-09-18,1.109614956144072,2.6197104418102786,2.4630881712385833,1.670833253110172,1.8961170408180106,2.3255449299089808,2.2502713114910295,1.6195886683806586,2.223721464671071,2.2863046770240123
2024-09-19,1.093550846626892,2.5561873883014252,2.4335954483744144,1.642428864118665,1.86921040699878,2.327983657138546,2.238467168466059,1.6165593127371916,2.205782565050132,2.267911101090437
2024-09-20,1.103126695525359,2.5789651371238085,2.4501170156380923,1.7034973296682454,1.8993442815356267,2.39520416172372,2.231085630239014,1.639590727924234,2.2351499123624587,2.2981354776518104
2024-09-23,1.1196782534223535,2.6131171864343457,2.425001270097174,1.6959030953611482,1.8817289881798376,2.423336088525713,2.222854126465287,1.6521550026260505,2.256243099216407,2.319860190634073
2024-09-24,1.1148417698136421,2.619837730426656,2.4269257815214513,1.6865030288554173,1.897378260371509,2.4068465287101954,2.23537566422856,1.652866577578612,2.2581695208551373,2.3218992743769036
2024-09-25,1.1103063521546448,2.6368023701512704,2.4443003141857593,1.6681220667744643,1.9137351969219112,2.4012297811660814,2.251571339129264,1.6516162916779615,2.2512258988924656,2.3148194661160466
2024-09-26,1.1037315944621187,2.62370627837982,2.4206271852714494,1.6505684082031675,1.9127879800501153,2.3856961858737815,2.2522435918863124,1.6601314984158986,2.2518998625048057,2.315584257284435
2024-09-27,1.0984647393282982,2.6388081068759264,2.425713302078893,1.6460321591893776,1.9275704001835985,2.3637379318971887,2.2489426137289446,1.659633422421388,2.253674780751493,2.317465186669595
2024-09-30,1.0896380525485547,2.6099906463164446,2.4042353237058287,1.647942588237136,1.8900661777594407,2.3350149119496457,2.2403786280943523,1.6430739508505015,2.2467652445944895,2.310394203856098
2024-10-01,1.0971341734125464,2.6077183660132293,2.3848914534584402,1.6309747184269152,1.8825454473603644,2.369652841769516,2.228555310030937,1.6448428287645704,2.2548840159802253,2.3188023440707366
2024-10-03,1.072522705674375,2.5313484971347973,2.319609664070909,1.5798676041541369,1.8261566388461488,2.302849997716361,2.180390680039837,1.6098840619917323,2.2088233992770623,2.271511414739946
2024-10-04,1.0576434363353395,2.508600971789687,2.334249242376944,1.575649197170442,1.8125002628189124,2.2879870822370756,2.171430936078996,1.594940987987937,2.1885817246917303,2.250754581655803
2024-10-07,1.0384844910890585,2.356871797404359,2.2083461483687996,1.51550418389036,1.7244344894954027,2.1747427452766686,2.1026362141116777,1.5710185157732448,2.130912674856562,2.191512638291341
2024-10-08,1.0565199846683864,2.4688446145710947,2.317189028658942,1.5505174002782531,1.819913721341905,2.2332083702228296,2.210012467738452,1.593423067311602,2.174152745265043,2.2360706103959105
2024-10-09,1.0731433525116147,2.4967574163104183,2.3459853964513817,1.560909263987543,1.843887619375272,2.262110413333671,2.2598996404953424,1.5993222830967064,2.1975088968082774,2.260140377875469
2024-10-10,1.0636536842787663,2.5103159229128216,2.3503719978075237,1.542221925654022,1.8388472693057643,2.2628568237431947,2.2731486968576213,1.5992240709287748,2.1982068129683094,2.260936789959347
2024-10-11,1.0823527187490907,2.5364646518780956,2.377687779525415,1.551874787433101,1.8563007579960216,2.27732685676298,2.291569667546412,1.6001118189211168,2.207335693870358,2.2703522518692054
2024-10-14,1.0844070496841025,2.560369238557621,2.399161148888527,1.557514734804572,1.8687600530586002,2.298912397107899,2.294440262096955,1.6079595270567903,2.212740266936013,2.2759365606873874
2024-10-15,1.094188315094792,2.583338486013719,2.44764174950587,1.5666362759439205,1.8978638379005046,2.3131976030611003,2.306687565431454,1.6085456233904851,2.224617599009046,2.28822959827982
2024-10-16,1.081786916654996,2.5693396776843214,2.454325358918687,1.5680825376403837,1.896234596722963,2.319593250339753,2.2925066079695577,1.604306749161358,2.2244783773984302,2.2881423657336897
2024-10-17,1.0603378112949287,2.521176340275719,2.4018067272026014,1.5618967990512385,1.861110617227718,2.2761403205662893,2.2577673324539647,1.5842369205746816,2.1905777106871587,2.2532977072728277
2024-10-18,1.0697734811280228,2.5022738241950297,2.3874234040254043,1.5709256632976856,1.8445506737435786,2.271806115261472,2.2521048189803916,1.5885537556756573,2.192169336823406,2.2549837907723957
2024-10-21,1.0519337094319907,2.4391652731689466,2.3376899944715497,1.5402875934350722,1.7917901822680906,2.229185296419625,2.1945040593325174,1.57652819192193,2.1597822009334533,2.2217241138169723
2024-10-22,1.0247409768955191,2.340098976283048,2.2194157958567318,1.4891418287198275,1.7173929933891925,2.127703069729768,2.0994274691437895,1.5461133924335864,2.0928601077566675,2.1529549131769716
2024-10-23,1.0346512137935577,2.416865286856393,2.2594996878530074,1.4961354382268974,1.7538221991074674,2.121596238587229,2.1174843729465924,1.5479194639045135,2.10655613128381,2.167103574731608
2024-10-24,1.0350021128497533,2.4013364734584317,2.2681749943387617,1.4954812659317664,1.7410657014791666,2.078401345491033,2.064525729983583,1.5443107623593793,2.097821906670942,2.1581823342258133
2024-10-25,1.0103696156770698,2.3428642269226976,2.2138509628026832,1.4494956522739062,1.6965775243679102,2.021103457559043,2.0150385575247443,1.5247391421286256,2.053892935909958,2.1130519094323006
2024-10-28,1.0193541920632119,2.3804704295877435,2.241691613796305,1.470107700058707,1.712022509551503,2.0366103048403725,2.0510161412177315,1.5349653848434535,2.0741025202480765,2.1339044263648317
2024-10-29,1.0277250784198164,2.4144282128196664,2.244390996243252,1.4659186133474893,1.7188502038215243,2.0614634363605124,2.068166979905024,1.5447987788865547,2.0931674107929714,2.153569712304059
2024-10-30,1.0245547873169032,2.3969556796939564,2.2594089296875435,1.488002472169507,1.7228113312148228,2.039106235217579,2.03528800901474,1.5417322296862292,2.112396628154273,2.1734237285769487
2024-10-31,1.0246217783289484,2.464765097441517,2.355299549064314,1.5085959138653562,1.7844389081627168,2.0643340649984383,2.0847492671064414,1.5376355116139198,2.124944566608186,2.1863614340787914
2024-11-01,1.0336732319533979,2.486537451209055,2.3872122902461115,1.5078003064043581,1.8115738968624726,2.0698564187679644,2.1102494907971274,1.5467301966149363,2.142509921361641,2.20451191214462
2024-11-04,1.0222039179208064,2.4326687987448055,2.4014321372139156,1.5094987625594374,1.8026116364373346,2.0461823678447946,2.0979220979350863,1.5260436962083221,2.1082422429031933,2.169281615908414
2024-11-05,1.0228586484294937,2.4744409224154573,2.4102589642775527,1.5149815680956857,1.8079435685663823,2.088620072878613,2.103977368656693,1.5369917057044593,2.123084903775703,2.1845791916818764
2024-11-06,1.0306889315073415,2.4991050808713107,2.448564354648537,1.5245392753184432,1.8166181314149026,2.1098858932660254,2.1812412396048364,1.5608023325257523,2.1653645878768466,2.228187011585972
2024-11-07,1.0258450938792472,2.4998056096484884,2.3962749749150647,1.4955995061532037,1.7794349427533387,2.104687757220539,2.1253405017430826,1.5455577392247222,2.150171398837671,2.21260089324116
2024-11-08,1.010431246605649,2.491486690192697,2.3861605186344317,1.4703392232484116,1.7622864626137507,2.080904864124503,2.087059291371116,1.5346740573749662,2.118924363283855,2.180557557576342
2024-11-11,0.9969485024448239,2.4230087532610916,2.358831579794461,1.4563632443264611,1.7592836222163633,2.0411383669047622,2.045478639254694,1.530997586786731,2.1035482816453746,2.164810952574356
2024-11-12,0.9867353675462307,2.429816676382871,2.382882853991818,1.4551125348777905,1.7688237605745283,2.034512822864701,1.9981467273673341,1.513353942887639,2.0807758257108384,2.1414054905026765
2024-11-13,0.9680436582076242,2.3676553707915065,2.319186907555159,1.393895043809573,1.7219926867012152,1.9690877597823855,1.952296269846226,1.4851551381641366,2.0255863896212025,2.0846936262603757
2024-11-14,0.9716814171291499,2.4001220162219132,2.3304743065258275,1.3982767035764214,1.7176220106798887,1.982921740111224,1.9308696293382617,1.4884182440617375,2.0368479231345957,2.096415141418467
2024-11-18,0.9613746015159047,2.3998913777059623,2.318649912589055,1.3964056169272143,1.697241038680309,1.9715111968211216,1.907979150999446,1.4841014089607618,2.029694862294145,2.089129476463069
2024-11-19,0.9654156650116157,2.4352451587191934,2.376671105441747,1.4185310329875378,1.729829325505715,2.000327608344105,1.9262267826374189,1.4912137170896584,2.0481596542653415,2.1082044902971466
2024-11-21,0.9736389506657258,2.465654280091645,2.3702151373948426,1.4054013962087142,1.7248700249562219,2.0085692104772073,1.9189597767141255,1.4787780976806044,2.0276673068125404,2.0872420484985152
2024-11-22,0.9846331866111524,2.483989852106716,2.390624534116118,1.4074891768946496,1.7515923790903971,2.031608019975037,1.9240426022824584,1.5062043088404717,2.051914046000687,2.11226305094504
2024-11-25,0.9953962621344482,2.5012463822058444,2.432032777138011,1.4374664403886948,1.771361948101262,2.0597642238183203,1.947640229053369,1.5284291135809163,2.0898949572403236,2.151467228114069
2024-11-26,0.9914371069143595,2.4779114917230745,2.4313393253541014,1.431680302691632,1.7610925524382635,2.055549139353373,1.9660256833776193,1.5290355935721063,2.094628292665414,2.1564010955021176
2024-11-27,0.9882150413239348,2.538534837055394,2.4769303488979144,1.4489541029240314,1.7999129269243368,2.08421543414341,2.002626007366086,1.537794742392925,2.115814915615032,2.178258203094314
2024-11-28,0.9796970169607585,2.538987237086135,2.478491205577636,1.4632486142764591,1.7955991989739408,2.084739828364724,2.006049651039419,1.5257759290712252,2.1179563243134703,2.18051001519518
2024-11-29,0.989143341448645,2.5818801149269657,2.519880477709826,1.4689745984121738,1.8247840316486095,2.128473665411425,1.9964123463544177,1.5374762808349147,2.1322748153859323,2.1953115784925274
2024-12-02,0.9962519636245202,2.6121484970501947,2.55878743124933,1.4860296987336574,1.8396203309809214,2.158000404946823,2.007520612355884,1.5475636764282326,2.145951364745971,2.2094565940780675
2024-12-03,1.0002616877493402,2.6272026372844626,2.5692772076074304,1.5048406787693147,1.850136977131153,2.1541943935122507,2.023859231191502,1.5601009494019382,2.1665979909845507,2.2307596613065717
2024-12-04,1.0046706795383302,2.6719625832922325,2.6023650094502426,1.5254324975841935,1.8734494703792135,2.1901605095984418,2.0197521464561303,1.565431011114123,2.1810605729833887,2.245696615458292
2024-12-05,1.0168733160650065,2.71078185948529,2.617947616818518,1.5292913337985774,1.8951210504760923,2.2125805892540256,2.0408545603612724,1.5775243439109514,2.189133494663828,2.2540786260994583
2024-12-06,1.014018379241273,2.755712028941451,2.624540284216422,1.527743949545651,1.910297905567003,2.229571649043205,2.0664720515116364,1.579838683205137,2.196993734753513,2.262242750958177
2024-12-09,1.0171590401256057,2.785288372848781,2.648947360788515,1.529233742906431,1.9229317108011523,2.2355820364522745,2.0912382947710113,1.578476551911087,2.202354079560424,2.267810337083063
2024-12-10,1.0175749259058715,2.7650209124040517,2.6487282838820967,1.5206021390865778,1.912844305134356,2.228357859354389,2.086164409629007,1.5800284894703849,2.2065766880247546,2.272215850227167
2024-12-11,1.0185594148245696,2.7702783276734455,2.6708365875585267,1.5292257091625645,1.9264522316186201,2.2474223482519444,2.0819865510390407,1.582959500584508,2.213268453867327,2.279240889192039
2024-12-12,1.019544626863245,2.7288085398705317,2.6345407967040955,1.5139702226899676,1.899491309882769,2.242244596701863,2.0980648302186613,1.5760640004489699,2.1983995560958323,2.263973477515614
2024-12-13,1.0260999220823186,2.768958684294755,2.6663849554058343,1.4978887876850062,1.902311326347563,2.262854442105683,2.104255826887558,1.5830136364021414,2.194545346493031,2.260048130111029
2024-12-16,1.0441461383084427,2.831779071075029,2.784183930699128,1.5391659059592162,1.9718743742798206,2.3385064397275306,2.131130507353393,1.5825731376219843,2.205277797738298,2.2711246336710484
2024-12-17,1.0492741493184283,2.8135466298012823,2.763142624862821,1.534609692941245,1.9593556286789624,2.338709127546414,2.142021385816767,1.5651768772024939,2.1862060675198154,2.251557115581045
2024-12-18,1.047712903077563,2.7571056018800673,2.6931019118013806,1.5282671393286182,1.9498381997747531,2.2926115842956993,2.119639601040559,1.554242368570412,2.171007488527025,2.235946934395198
2024-12-19,1.0428005294843765,2.7570982750008897,2.7090728542108606,1.5186674709519692,1.9548141692424756,2.3056477670907793,2.1321503800043544,1.5418914604652345,2.1625775832752665,2.2273360135754126
2024-12-20,1.016283426384794,2.67691176684011,2.6596820084631725,1.5067191158711657,1.907587512921813,2.263640657012134,2.091931431395623,1.5125644070632285,2.1182335908739938,2.1816902006323327
2024-12-23,1.0192094465542665,2.722640053356805,2.6530564755881194,1.4881026032665572,1.9089638247952925,2.265738539758991,2.111992738729412,1.5188601776396042,2.118318842131923,2.1818186470979435
2024-12-24,1.0201179469456172,2.7781039452243523,2.6837749757054756,1.4912876088346056,1.9195667757507824,2.2727368916549,2.123173739718547,1.5182094889367037,2.122411684666584,2.186056349635934
2024-12-26,1.0281305053026408,2.7760044056748674,2.65238656252857,1.4763517649251627,1.9071649446795125,2.259458886192585,2.1280964424365485,1.5200833294507319,2.12226870193331,2.1859506561671025
2024-12-27,1.0219356418422672,2.782054104234429,2.669263546546315,1.4798920962855142,1.9221482381094204,2.2776641329005733,2.1587554332837198,1.5210896732685009,2.125572197850964,2.1893954239267073
2024-12-30,1.0335130294992345,2.7826362364022037,2.6872328053532835,1.4749836650468278,1.9177661662095153,2.2767506644187367,2.1615337834580055,1.5151226884402955,2.1171057576698535,2.18072064551817
2024-12-31,1.0272762736796894,2.7589642775945267,2.6645798180797233,1.480018028185539,1.9004214691486179,2.28727383235404,2.1585810648153467,1.5163594734768908,2.128931325491019,2.1929300056353407
2025-01-01,1.0305582393901753,2.811039321820133,2.7219938881219123,1.5330283091779742,1.9285699484564978,2.3340283793519374,2.204969011831328,1.5163594734768908,2.1429628815292516,2.2074654236707265
2025-01-02,1.0452222616593692,2.8153193251877067,2.697872346131569,1.537784645479528,1.9346461521409548,2.349306782295375,2.218953607016822,1.5464726213065871,2.1656732296019774,2.2309012273937587
2025-01-03,1.0434676766592426,2.8162983408175277,2.716228340467059,1.5338846272627127,1.9425216266086682,2.3652461321339233,2.2216648873990987,1.5389096225687855,2.165352692552816,2.230613160414216
2025-01-06,1.0212391708709367,2.785454979109478,2.640530844100589,1.478479966671199,1.8842231785112906,2.290038302499809,2.155015055326659,1.5061941170117241,2.1054468010485596,2.1689799091796753
2025-01-07,1.02412498541079,2.806594040451909,2.6704864862537407,1.5015617758786406,1.903808420506424,2.3357879287725,2.1807228807833683,1.5140722682722283,2.1287790526975523,2.1930617552336202
2025-01-08,1.0069241193089122,2.7713089937129944,2.6266047608956957,1.485731501076267,1.877407344211633,2.295606061629101,2.1568116813203,1.5066278653598537,2.1102625251106844,2.1740448631277545
2025-01-09,0.9957626112537418,2.704289111478075,2.593525860744468,1.4536792735939894,1.8578953923674293,2.2423925297799374,2.1192876789407427,1.4940736501253726,2.0890507842643404,2.152264220447332
2025-01-10,0.9705930180245387,2.6161286774146415,2.511279084500539,1.3930464914109522,1.8009387944425146,2.1701959348693203,2.0674628808995155,1.4772973705611276,2.0455465642456003,2.10754415014899
2025-01-13,0.9416175337690669,2.4604804653224726,2.371984430326728,1.3167626053226251,1.700994272007549,2.0419883268580734,1.9794660372318877,1.4396482257217402,1.9656289043126953,2.025317208557881
2025-01-14,0.9356132962023656,2.5110331624895657,2.423365450408526,1.335315994306603,1.7321726530017947,2.0578193856235254,2.0129955884980344,1.4557502562516942,2.005430115661219,2.0664118982318227
2025-01-15,0.9359770570430681,2.5352871922605247,2.433882728951654,1.3284541740257216,1.7352865409500258,2.0669749213755826,2.0320688283931667,1.4605041487361075,2.010795874484515,2.0720951483340024
2025-01-16,0.9485913263113093,2.60182630845383,2.509142824021724,1.3636408975050986,1.785721600188543,2.0753978484405162,2.0617819013551753,1.4715743278158038,2.0381446691924263,2.100363919495325
2025-01-17,0.9388969025049284,2.568708701662221,2.498947098606481,1.364446270861681,1.7725784486119334,2.064207914866008,2.0456920567254335,1.4692497966928706,2.042190483324446,2.104589638573757
2025-01-20,0.9403254103699765,2.569742661729521,2.4765991482999077,1.3722627891899966,1.7718434712808426,2.084492614529979,2.055607548556131,1.4779750609921387,2.0573345928980995,2.1202454733339615
2025-01-21,0.9292438041796379,2.4687326432750285,2.3774126775109865,1.3385474087217992,1.708155132728178,1.9668759788771708,2.013979622713269,1.4525074016501762,2.0204124840453535,2.082236453727087
2025-01-22,0.9140291304209543,2.3835289777244593,2.295644820947134,1.3147507096315778,1.6608609558214564,1.9584274123016638,1.986996687664506,1.4500237721096503,1.9935795109308174,2.0546091153425095
2025-01-23,0.9283582262996195,2.4454148814605254,2.3849473695732373,1.3334673214226915,1.7062596323885757,1.969139034779557,1.996070426904296,1.4596130917084575,2.0137466398444346,2.0754383025735614
2025-01-24,0.9191055720116196,2.385028298861543,2.3313124370306526,1.3015409712457569,1.6659102233084064,1.9441670288419428,1.9718462966524053,1.4447614794405665,1.976274595153681,2.0368760979521077
2025-01-27,0.8945859679085828,2.294701197843644,2.212679903948216,1.2596494913678942,1.591717558455083,1.870044310560817,1.8791252235623843,1.4171150188906207,1.9175187138283796,1.9764342623128857
2025-01-28,0.8811055498647022,2.2066482724707797,2.1234442261041147,1.239229724384011,1.52827539628662,1.8208507168846164,1.8214906437133032,1.418050284629981,1.9002700471829261,1.9587163103004426
2025-01-29,0.8951998261889701,2.3996695436243334,2.248520888208543,1.3025316095060269,1.6060912749582443,1.811206804706232,1.9042476326823532,1.4397872052046625,1.9518003408281697,2.011890204949459
2025-01-30,0.8963456009329744,2.368063287217002,2.203864036428136,1.3044310682796285,1.6099223101006586,1.7972433465856132,1.8579132284190674,1.4433111954459203,1.9550886114153858,2.0153845802075008
2025-01-31,0.8980364803507901,2.435203534343477,2.3154775421044698,1.3506482248685245,1.6770479099936646,1.7950205337722562,1.9015100083524612,1.4625169687330577,1.9927351421042192,2.0542610726045103
2025-02-01,0.9002331164578771,2.471481309464301,2.381746902072619,1.3711918260857612,1.7299891103509903,1.8027865393200497,1.9017644273223644,1.4625169687330577,1.991868466905424,2.0534166951424853
2025-02-03,0.9078463023754936,2.4206960375220135,2.3587348776617847,1.3340112441113732,1.7086718463769428,1.7953586876345438,1.8796123273360041,1.450430386368257,1.9587548517498368,2.0193841779199038
2025-02-04,0.9095946187692358,2.4676906301147974,2.41129022898874,1.3688763535077368,1.7541963786563997,1.7887259017486739,1.9077743569383934,1.4724484425826783,1.984914884527673,2.046486130841758
2025-02-05,0.9031754304258736,2.5163231075892925,2.456959602027498,1.3985373346402528,1.7798634838053682,1.7992084465647762,1.927664066352329,1.4762977771753862,2.0060595612169436,2.0683825567510516
2025-02-06,0.8942185829276903,2.493925550453263,2.4555852572519057,1.39264954668056,1.770068448045127,1.7903971072523603,1.936781031097796,1.4687211452121172,1.9973123526154573,2.059409534086415
2025-02-07,0.8944644828260323,2.5014130512679675,2.432898830168604,1.3939178660846245,1.757421593817798,1.7867621622578906,1.9259005348926295,1.4669388987954053,1.9937359958171517,2.0557517102317493
2025-02-10,0.8847994366135675,2.423453844297979,2.3429667787250996,1.3605152909460534,1.7034978333576096,1.7916672840716472,1.875900857487769,1.4483126037713472,1.9570938311915362,2.0180194935344997
2025-02-11,0.864499402417486,2.332303672251193,2.242568794742031,1.307797874573415,1.629955431693239,1.767738732569854,1.8161646017593576,1.4197918960931146,1.8984683946252432,1.957634422009416
2025-02-12,0.8601246715159395,2.3509047577202873,2.285048191206501,1.3268891537584417,1.6603764779393184,1.771793168909585,1.8197281829206755,1.4169049613292897,1.890899833806713,1.9499224415212408
2025-02-13,0.8570494447691367,2.3195663682902645,2.2267873265988323,1.3024208120527134,1.6165285707449564,1.747988785415493,1.7996345298387004,1.416667769678436,1.889714479988843,1.948759344872554
2025-02-14,0.849309998642628,2.2443773537429905,2.1533001247978647,1.2518799612423983,1.55275132408584,1.7163885601244386,1.7623132378074329,1.3982854167372594,1.837699657780496,1.8951632886337164
2025-02-17,0.8501301658782131,2.2667173208650433,2.1852870232239723,1.252392584573868,1.5650729258571372,1.7058117890278,1.7631370458487077,1.399589970816956,1.8374445483422146,1.895000839497904
2025-02-18,0.8544334932001934,2.2162302954793978,2.12010766348691,1.2259578913721514,1.5291545762913752,1.7021577186941923,1.7374338174286086,1.3968148814465302,1.823434516334831,1.88057723704087
2025-02-19,0.8554743952027122,2.3192766279034065,2.1826935518490522,1.2511297792630947,1.5817051565919682,1.6936270333538403,1.7772124825773212,1.4049504756539712,1.8551653144532407,1.9133739437815334
2025-02-20,0.8592789369760475,2.361699311530138,2.226655526263434,1.2686213667287336,1.6080627081153565,1.7009279431771163,1.7862052349872484,1.4117036872712794,1.8784812908259396,1.9374479328248477
2025-02-21,0.8520451468176065,2.331402914045264,2.183900166813614,1.2506088906716144,1.5730414532199795,1.689308103080544,1.7721026948271672,1.4021584440227703,1.8651304460053766,1.9237268836936319
2025-02-24,0.8456602529232164,2.31775496273381,2.1433239534834954,1.2321393164859376,1.547288651899995,1.6734461271632335,1.7596459324931009,1.387127217318379,1.846833699968177,1.9049324846851137
2025-02-25,0.8514792872615073,2.315279686545739,2.130135318524067,1.2277750414854494,1.531273120029318,1.666947726963208,1.756860906550249,1.3837591488208187,1.8382165422972871,1.8961244884868116
2025-02-27,0.8511338498168141,2.2733770132836515,2.0699101728777722,1.1923541420039085,1.4814408976175417,1.6703053134740455,1.7430682317136366,1.376765436517349,1.8142496778987347,1.8714534288180844
2025-02-28,0.8300988472001559,2.2184006462811263,2.0322283987529355,1.1772183848106963,1.4607583501097285,1.6329004356627952,1.7307982934804054,1.3473095954611682,1.7684967262385949,1.8243379535049697
2025-03-03,0.8402542711322029,2.2193590630760873,2.038492411039193,1.160343952887028,1.4517489800425474,1.631406477059535,1.7215412880756946,1.3483972091860938,1.7652336736268923,1.8210178006685442
2025-03-04,0.8346918449562017,2.2756821526932582,2.0764404444553817,1.1921456184059536,1.4728990553529253,1.6273423365240514,1.7233754094471738,1.3498136086591894,1.7792680923582533,1.8355747950367038
2025-03-05,0.8394833603496189,2.3035422766472498,2.12561393339525,1.2229311140273955,1.5018425089291063,1.651067450591234,1.7357088554403834,1.3727636215776633,1.82672974489458,1.8846603933555788
2025-03-06,0.8408570448923581,2.3276057472592875,2.1691213464840073,1.2456629897672338,1.5355810308451607,1.6493039219973986,1.7503149818341777,1.3856803747204527,1.8514535232580733,1.9102144611203868
2025-03-07,0.8384645144456895,2.3347192290874412,2.1727405798811184,1.254125749114851,1.5437190207492089,1.6571082396011882,1.7523237688950548,1.3854296822055434,1.858200262096334,1.917242061992319
2025-03-10,0.8343632482264762,2.3303982593014414,2.1642690532101168,1.2193113529493076,1.5414682232272827,1.647901219826425,1.7600596470578773,1.3734413120086744,1.8298462722015327,1.8880494133207213
2025-03-11,0.8354435236454245,2.30458544227812,2.1785734964174073,1.2062240744891393,1.5472575103149269,1.637578591207179,1.7580466966986001,1.3758809975603143,1.8272833337171404,1.8854418280764877
2025-03-12,0.8331384783385848,2.2683386492969135,2.1630115058082726,1.1924779024544951,1.5351413816962414,1.6413587977418846,1.7464721855944256,1.3732955820937245,1.82214615098212,1.8802044328320562
2025-03-13,0.8266330102399376,2.2492460873598152,2.14006997393924,1.1889372559920055,1.5255649741541808,1.6240625708548662,1.7405248102602593,1.367311655004744,1.8123066650579034,1.87008918372442
2025-03-17,0.8357656694647994,2.2757987629187055,2.1491094950833345,1.1979391399211,1.5390588467562407,1.6479082027676082,1.7458909612564981,1.3749187300928436,1.8217306152012012,1.879867973927444
2025-03-18,0.8357656694647994,2.2757987629187055,2.1491094950833345,1.1979391399211,1.5390588467562407,1.6479082027676082,1.7458909612564981,1.3999186242037138,1.8220655433941757,1.8803249066976968
2025-03-19,0.8507943707395746,2.3721154046358035,2.290495683818599,1.2953414502429141,1.6449287137771553,1.7078636580529951,1.77273912825544,1.4139671997831391,1.902430309953983,1.9633779384896426
2025-03-20,0.8575211507896694,2.4002682720006794,2.340575220479047,1.3087204194629027,1.668477691078479,1.7124682275581964,1.777934476488013,1.4278971795371374,1.9157907131552456,1.9772346130450165
2025-03-21,0.865133837624459,2.493992319088566,2.3917613686428756,1.3497975778283755,1.710250656362856,1.7376534473947702,1.7914917624296327,1.4417118725010165,1.949955011719618,2.0125384291730155
2025-03-24,0.8714070845572627,2.4996426277205432,2.374427601652341,1.3540057329704873,1.6993603758207223,1.7541632296667888,1.7873956096710826,1.4596164007437653,1.975146953550203,2.0386064206958707
2025-03-25,0.8641060241911634,2.421367494640867,2.272844307321736,1.3204263493082036,1.6287297819788826,1.7314667075909127,1.7446702639353917,1.4528158037408512,1.9519739672021863,2.014714853209299
2025-03-26,0.8551748656494783,2.3827144484571936,2.2541854054325916,1.3043624962884284,1.6118043973013185,1.7178340438432012,1.7310806853681064,1.441816835100976,1.9338985702243898,1.996149476071587
2025-03-27,0.8597038999525959,2.4462148538382396,2.3127637349813925,1.3280394321273226,1.6480061415517988,1.735705316621654,1.7434981024031735,1.4507962333118731,1.9515886026051144,2.0144785855309775
2025-03-28,0.8632020146876221,2.437994527732031,2.3179105968033293,1.3325849604841253,1.652814036480503,1.727685948847808,1.7406680483166366,1.446160936652887,1.9445439792165173,2.007284027061851
2025-04-01,0.8476553951497758,2.4120047035788645,2.304843404923918,1.321287712677495,1.6465274454294476,1.7031988576126982,1.7479231019411208,1.4279445649227434,1.9327972453434623,1.995239953152811
2025-04-02,0.8514362432609804,2.4322467255031417,2.325225793166546,1.3375039319024928,1.6620817078172605,1.7291659512581896,1.7688701977513883,1.4411527778954323,1.9539300543641092,2.0170941574504413
2025-04-03,0.8467528884677812,2.411398014231022,2.314043174434722,1.3476747677333423,1.6680495686202674,1.7233678387314026,1.7751082185343903,1.4396449166864327,1.9615647725124774,2.02503902811238
2025-04-04,0.8358821577780778,2.345240531495053,2.1892383895898084,1.2781884810727782,1.5866822422944946,1.6900930238900391,1.7337135934079777,1.4099586344114259,1.9019184427285611,1.9635552897637376
2025-04-07,0.7779417424470446,2.2301668156862737,1.9707277164922596,1.162679814955805,1.4435084756878778,1.5489951457787048,1.6743840441662101,1.3625439969334507,1.8302413172422798,1.8897823226311798
2025-04-08,0.790150849302223,2.287750127152733,2.0545868208874,1.2166621610758903,1.4914872848914,1.5712614940758063,1.6994173630702334,1.3879642708898074,1.8706645487315063,1.931607673043886
2025-04-09,0.794377205405661,2.2620887130265874,1.9963679216417276,1.19122917072391,1.4234085512324435,1.5516849238480646,1.6895813095304246,1.3795574681485498,1.8531542460087231,1.913579281565383
2025-04-11,0.7955924606732181,2.3331845466776073,2.1293790190159427,1.260094378530972,1.5194249220463083,1.577249905886632,1.7151869991074675,1.4064007596486174,1.899570680080545,1.9615768057679825
2025-04-15,0.8085843010261851,2.389852878095278,2.2221420724413465,1.3182541961637213,1.577216090533249,1.6221253486999143,1.7398212682850889,1.4420846022380727,1.9598922299524444,2.023953596198062
2025-04-16,0.8105482254765505,2.3892739322637353,2.221299530917313,1.3175159014943296,1.5787898816159802,1.6352719993837888,1.735442897706226,1.4505522912289917,1.9778402253290432,2.0425152218880003
2025-04-17,0.8188713814666129,2.423222256898281,2.2262793427735974,1.3148716433442857,1.5897614908186741,1.6464288575047086,1.730179644471695,1.469337949393467,1.9896032682607716,2.0547076321781024
2025-04-21,0.8227816372965853,2.4280825741861247,2.226179740192877,1.328138505924198,1.5916958651027013,1.6660998957636501,1.7251476630319016,1.4913086202222825,2.026201821031461,2.092550744478531
2025-04-22,0.8261552251031847,2.4115905095771257,2.265002346384124,1.3456666966238329,1.6208614059991178,1.668302112098798,1.7376984991219822,1.496689508716793,2.038550640520566,2.1053877202847486
2025-04-23,0.8284358617360977,2.4291060618019977,2.25490700931783,1.345506971610692,1.618271543619458,1.6711133504615678,1.7392320036834168,1.5070208463929926,2.051170527536312,2.1184896566884075
2025-04-24,0.8248472083770518,2.450296843571257,2.245432443331093,1.341983116969454,1.6218251012939051,1.6717292831404023,1.7423228827272443,1.5031614523329493,2.048207438049695,2.1154987052897605
2025-04-25,0.8042612098823553,2.408187214552206,2.170301442357201,1.2979544740620537,1.5723078145096787,1.642452920920023,1.699992333267575,1.4806282455018298,2.0001160423055424,2.065853254103553
2025-04-28,0.8029833676241085,2.4332449933081923,2.183585467722718,1.3128472875321644,1.5751994345123133,1.656050703883319,1.7232479936212486,1.497821198792017,2.0180123259797758,2.0843754522074613
2025-04-29,0.7994084052928102,2.433294768705169,2.1529375792222796,1.3153994498175436,1.5553074680430905,1.669872819582963,1.7101238694509429,1.4985362151412984,2.0198590878805773,2.086308505693326
2025-04-30,0.7900010521058031,2.424701620458089,2.0959870172302675,1.294085559137799,1.5191243137888446,1.654551423110266,1.6787655977217133,1.4929554609142044,1.9990411130773507,2.0648604767800722
2025-05-02,0.7908238773975694,2.475651742514795,2.094911814920663,1.2969438016309953,1.5166452311181666,1.6507519347723922,1.6863524561193883,1.4913255624830577,1.9923570621156503,2.0580165485165045
2025-05-05,0.7990274579455887,2.501728901518847,2.104101976563318,1.3168525857092626,1.5214462161306928,1.6646560130196912,1.6883394950384472,1.5041441034579155,2.0213549641095088,2.0880384904282048
2025-05-06,0.7961436651958069,2.476503398070224,2.0305732395793754,1.2635143750423905,1.4851706777586344,1.657752247629302,1.6519189987503544,1.4879777452815803,1.9794113590354432,2.0447798769921675
2025-05-07,0.7940246890506911,2.4940933994285093,2.0826693428542344,1.279175089405774,1.498288680523697,1.6693755441997056,1.6840519736084898,1.4958287624525617,2.000980207041607,2.0671260160393223
2025-05-08,0.7830363575997891,2.444129831983912,2.03590531213268,1.260802983321948,1.4652661170214467,1.6409864042357158,1.6449672579897021,1.4802826498542965,1.973651312318469,2.0389521451045907
2025-05-09,0.7760222192379288,2.439397247896069,2.0146042790597725,1.2542917095924653,1.4565171640884271,1.6443533374032757,1.6509813758356637,1.4689313351348603,1.9665510104774744,2.031728067441158
2025-05-12,0.7872589387102744,2.4740872596564407,2.113499829033838,1.310838776932252,1.5246186998206606,1.6761567483544526,1.701449881778384,1.525576063338642,2.0460760957756206,2.1140388584503516
2025-05-13,0.7892423923390541,2.4672322739826287,2.0988541633275903,1.3231838907688698,1.518939675134298,1.6647035861607755,1.6843663729994793,1.514597478356262,2.052236725221742,2.120460829040141
2025-05-14,0.7916978055022864,2.4628697549862,2.093420102515205,1.328167554912503,1.527420079855188,1.663544462852626,1.6774232059008758,1.5247695852534562,2.0793469161019438,2.1485015445610247
2025-05-15,0.8069449694781708,2.4858669623218304,2.0797147416266153,1.325948006680957,1.5299214811615534,1.6710600730211091,1.6975067377400201,1.5443752223671727,2.1011291745575758,2.1711062711866873
2025-05-16,0.813058083790161,2.459259297437993,2.0650273648663493,1.352102185994931,1.534241965414175,1.688861757491282,1.6777182108047919,1.5499390343334916,2.126531531644279,2.1974245858195722
2025-05-19,0.8101923904941242,2.3942996221401627,2.0518527213513353,1.3689153286687286,1.5379402634466388,1.6894069692681544,1.6780045530606418,1.5495934386859582,2.137283342095858,2.2086372515246686
2025-05-20,0.7991474107676533,2.362343644053558,2.061570314456479,1.357137733934146,1.5144046109071398,1.6640159498363587,1.6625359244840308,1.5306044733921795,2.1079219495096853,2.178365909557133
2025-05-21,0.8089235629393934,2.421292464341118,2.059208928400818,1.3569584161873003,1.529652065701073,1.6862995133145193,1.6796027575089294,1.5404344260385605,2.1252772907414768,2.1963720946291128
2025-05-22,0.8129813263005502,2.459066533977419,2.0357744169480094,1.3466811132024321,1.5440637523885217,1.6810311383277743,1.6769027102333316,1.5312415288696124,2.121335870239569,2.1924025032890686
2025-05-23,0.8161713733542525,2.4594262739516832,2.0493603962679954,1.360306156890857,1.550223973888362,1.6805461978983376,1.6639415671214968,1.5438500122831391,2.133764641043522,2.205378945622262
2025-05-26,0.8216435492278589,2.4764727478324704,2.051700399927893,1.36344903891439,1.5566263003594327,1.6890167419372055,1.6738462804852479,1.5524736230177556,2.145432504934493,2.2175758743577183
2025-05-27,0.8197412030147598,2.5146486689966094,2.0366014310231435,1.3525312799312745,1.5498387759264103,1.6944663109318658,1.6721753047477124,1.5462523719165084,2.1467323874186612,2.2190213945886996
2025-05-28,0.824523583393175,2.5793808613053235,2.059523647821972,1.3576184016713344,1.5703624576495514,1.7090429184478322,1.7063909367660515,1.5437381668897399,2.1531735903963813,2.225704347716713
2025-05-29,0.8189059795049389,2.624126769660088,2.0930272476363956,1.378632831979814,1.596177980328818,1.6989046703593726,1.7027928321343044,1.5492917870273109,2.16456824751485,2.237526355626691
2025-05-30,0.8158108718465427,2.6300325160612084,2.1069600465906224,1.395085685233027,1.5894622415204407,1.7060915712254627,1.7170950754527765,1.5452662793948224,2.1605740303522207,2.2334444312694806
2025-06-02,0.8184977564352182,2.583970301091606,2.1010308068276204,1.3886721489569223,1.576189268596329,1.689845902912311,1.69451903665311,1.5474722146923285,2.1692775116070737,2.2425140898706593
2025-06-03,0.8241543154146177,2.6202760759176953,2.1055683037140778,1.4003438816084666,1.6052027847499377,1.6901388094704042,1.6950432997260894,1.5391231215268366,2.1650260978772087,2.2381637252751725
2025-06-04,0.830746537714901,2.6567811008735527,2.1131298611296936,1.4091598168285933,1.624653060075367,1.6853759239135147,1.7103600380204462,1.5456661432214014,2.1797665863058366,2.2534699549133603
2025-06-05,0.8308131100696465,2.6829701155217225,2.1505753836209367,1.435523255929505,1.6492929821350664,1.6919069712345558,1.7260754421578939,1.5542491190024397,2.192432394861034,2.2666332640246583
2025-06-06,0.8249905869649138,2.6344934988858677,2.127347679689301,1.4203574542721495,1.625298849893261,1.6924016166318485,1.7020681070000465,1.5698766338692736,2.207664228650727,2.282404793657883
2025-06-09,0.8318492902953187,2.637418387308515,2.1591445573409462,1.4293840352904823,1.6461110821666645,1.7082792301686076,1.7001405018428963,1.5810891014671997,2.2314227376772755,2.3069958428809625
2025-06-10,0.8352960583593294,2.649105869227596,2.197757605318989,1.4435956140809438,1.6684635130265497,1.70968063530562,1.698470713980449,1.5817260245832203,2.2345203329803636,2.3102521554749775
2025-06-11,0.8349746466595076,2.5979889025506444,2.1656957302893316,1.4750104227252259,1.6465646658906439,1.7021332580053956,1.686128253411326,1.5815837360649905,2.2311810869918833,2.306821598490036
2025-06-12,0.8268663595511041,2.5762158837921114,2.1308970345170044,1.4432591647694262,1.612931061472416,1.6752859245334617,1.6750988963331748,1.561835810433044,2.1967994065656624,2.2712961797159017
2025-06-13,0.8272216956285494,2.6016288213136503,2.141271680143058,1.4349325553785135,1.6034679109833558,1.6641103250399876,1.6832453699295298,1.5523312021381133,2.1861842254331934,2.2603808772221177
2025-06-16,0.8355784840729211,2.610812649594726,2.152183391157555,1.443523441795836,1.6075133210197876,1.657485807077045,1.6948949861776932,1.565129491816888,2.199674879216173,2.2743768338209556
2025-06-17,0.8320390736451025,2.6130763043866327,2.1459561997507897,1.438380853577721,1.6073751314085465,1.6578248168249667,1.6846679910032079,1.557434264028192,2.1836020527728013,2.2577781530498795
2025-06-18,0.8297283485691886,2.615292732123303,2.1507611484431943,1.4280130897538745,1.6133061530642046,1.6532841189144514,1.679275742642942,1.5536188139570344,2.177197302607491,2.2511989676575945
2025-06-19,0.8235690598397217,2.5670649815837967,2.111054889174109,1.4014984486609525,1.5856637680288834,1.6072104599640153,1.660098980469492,1.5426606126321496,2.1446531084466796,2.21756522700751
2025-06-20,0.8294655244953885,2.599093990341574,2.138387212849142,1.4240947996711901,1.608970115194936,1.6198678034844127,1.6812579246632653,1.5614732725247358,2.1622711029788477,2.2358016533967846
2025-06-23,0.8351638396024229,2.632811893536516,2.1721890587113006,1.4370437111809113,1.6333152357808685,1.6420490502707146,1.6816745410035687,1.558789644890214,2.172309010708895,2.2462312618348013
2025-06-24,0.8398707903863017,2.582048323048654,2.1452217087230676,1.4371694604764051,1.626373233241502,1.627398646670363,1.6816216793467575,1.5663593940600433,2.1878582098580095,2.2624063406260837
2025-06-25,0.8465644241006177,2.5799703039794886,2.1498105637587694,1.42981024939477,1.621541760939773,1.6142026439426178,1.6940898451103783,1.578805205297845,2.211509350261843,2.286904923882554
2025-06-26,0.8522859217793823,2.5899427433036695,2.146492176176957,1.416534151490211,1.6125527080472266,1.6024633638613774,1.6955663824556042,1.5937619125271076,2.2218998283203604,2.2977226346893658
2025-06-27,0.8520438228956155,2.642856121679476,2.1913679468220604,1.4237850535342231,1.6268570180116761,1.6191730749016024,1.7416969267950555,1.6007149898769992,2.23444439037333,2.3107936773251323
2025-06-30,0.86131937738913,2.702410773181889,2.189003021372589,1.4495820796066547,1.6448079648461926,1.6265376342079563,1.780205879369556,1.6005149917830035,2.249293358744356,2.326224162370147
2025-07-01,0.8603334366643566,2.6548393790199505,2.1675488751495053,1.4299023753491542,1.622669534273052,1.6173165857306968,1.7729341660855213,1.6003963959575767,2.2455997660023153,2.3224298720611154
2025-07-02,0.8526773449943968,2.636028396998666,2.136010680258817,1.4255234762510416,1.6053494739862715,1.6134512770976972,1.7959251856812466,1.5957746001626456,2.243051046696881,2.319837992856826
2025-07-03,0.8489771093452332,2.628441311552261,2.136386969079227,1.443367392899517,1.6147841389858797,1.629653992164938,1.7900746123037796,1.5940532399955951,2.246542313957943,2.3234890916631996
2025-07-04,0.851810279615842,2.610072407526164,2.1211697792738042,1.432676238597147,1.6019425006230448,1.6058866907559386,1.7894587240548365,1.5968046366732176,2.2491626215129887,2.3263000101453577
2025-07-07,0.8445592085050141,2.5950162066610067,2.097420417410981,1.429319060575902,1.59375364875204,1.5997943214232604,1.7869410818102713,1.59604223493833,2.2432551397163363,2.3202400511387617
2025-07-08,0.8394710584400122,2.58134225088176,2.0679555447798483,1.4106623864436083,1.5703602103499537,1.5944523521630802,1.806323698574737,1.5974892098976687,2.2424669406881512,2.3194941504924804
2025-07-09,0.8374814334032984,2.648874670333229,2.0904333028022766,1.4383786081026788,1.5831787033713463,1.6176167056806734,1.8467100302037247,1.596465791457712,2.248923872913749,2.326192966929938
2025-07-10,0.8361441728126657,2.608200170169145,2.0663150999914097,1.4369317361003335,1.5723310113634417,1.599049377676117,1.8482653202123422,1.590634344715709,2.247312067269458,2.324567168399642
2025-07-11,0.8359677418453665,2.5668235889438926,2.04279736124517,1.434984496232301,1.5469452531547676,1.5856609658971654,1.8443807931217964,1.5778462468656818,2.2319309678409622,2.3087037793110463
2025-07-14,0.8407360506398589,2.582169298492777,2.0644175481519342,1.457259165985634,1.5474860943822961,1.5871393268691953,1.8616340961501638,1.579632067040526,2.2439704089868173,2.32126650155729
2025-07-15,0.8470899477490689,2.5998994847705625,2.074902328441255,1.469659972897117,1.564621097332978,1.599583752267415,1.8677033517132853,1.5891264835067092,2.2634574313054214,2.341449435632454
2025-07-16,0.8505721949578535,2.5834033718255527,2.05765881791304,1.4764638066192064,1.5600763057262381,1.5880402694832818,1.855515007179218,1.5907088641908376,2.2675902500075247,2.345795891764572
2025-07-17,0.854502952554047,2.567013791017377,2.0357771151501574,1.4659295094872835,1.5526004915516207,1.587319342589813,1.8352411219480371,1.587130605770534,2.2717720667363395,2.3502241904811503
2025-07-18,0.8493218792495105,2.5577780324571835,2.018365340197743,1.4463611355421804,1.539349879984514,1.5815432306468509,1.8122356877523742,1.5773346700071158,2.259274949757757,2.337315116287358
2025-07-21,0.8568954120266437,2.590026442367428,2.019319766966634,1.4504258366920615,1.56357268467059,1.5892304240572033,1.8383255520382484,1.5843351327426132,2.265104593474943,2.343401946811973
2025-07-22,0.8504705152609608,2.59674225366261,2.0407543007697373,1.4403695716614462,1.569611056242222,1.5887208113615507,1.8523962902620328,1.5804351037289917,2.2576617038701987,2.3357472879480774
2025-07-23,0.8481400445693127,2.6117510082734228,2.0596931316617666,1.445842836621756,1.579738283765155,1.5994812681387627,1.8624177763183791,1.587720275862361,2.261989322025101,2.340279374146781
2025-07-24,0.8384731847538532,2.6229337456859416,2.0233424841672947,1.4440475942257582,1.58068782077262,1.5773380175323726,1.8879112026018534,1.5790932237310247,2.252631713129479,2.3306701419717353
2025-07-25,0.8247344819598894,2.543347285099451,1.9923650970106415,1.4149380179326978,1.5364297593757719,1.5333626492045311,1.8579951325958064,1.559691026108024,2.2124496387387995,2.2891696763228717
2025-07-28,0.8222836518532285,2.555856164209778,1.9813571605852707,1.4131023385511168,1.5284173668198555,1.5164521061308245,1.8457549773605166,1.5483158863343724,2.1912305170065367,2.2672468214307173
2025-07-29,0.8304147955883219,2.617897826120479,2.009021212887837,1.4304384579765055,1.5581048946804246,1.5451770497186967,1.8744349143452528,1.5591860673200733,2.212404532046816,2.289233585555711
2025-07-30,0.8314079811859441,2.590743268294613,2.0116101814524314,1.4390706890857035,1.5595909425930583,1.5428405983275637,1.8803057905585554,1.5609616956661696,2.216126573960897,2.2931420922360823
2025-07-31,0.8341950415239919,2.5621277356339425,2.0070755326176783,1.45289484278929,1.5530123942384157,1.527668782629376,1.8683625485321358,1.5529241812652481,2.2002115585676445,2.2767327853786243
2025-08-01,0.8262216555475136,2.5449437333098786,2.000175179281526,1.423811460796021,1.536228555340869,1.501162472353783,1.8303869633102356,1.5365715905817972,2.1678875874461094,2.24333282960091
2025-08-04,0.8276874288400888,2.6210534535623022,2.0417613897676206,1.4534600717367843,1.5632166686815818,1.5061966832229232,1.8482741305672559,1.5492274593809299,2.1932179573758197,2.269593113092007
2025-08-05,0.8241409750772489,2.6327111471060562,2.0396589363182844,1.4417652539140415,1.5675307609103402,1.5107179587868074,1.85709017508783,1.5450325291406886,2.1883934286943383,2.2647345828213403
2025-08-06,0.8121775423202593,2.6477905161874062,2.0613818052349373,1.396615486692906,1.5705630682777831,1.4972214792144616,1.854650695344962,1.5361107081441447,2.1658350433486206,2.241435506195564
2025-08-07,0.8056057431710402,2.636375258540366,2.0378551446249515,1.399324372647939,1.558873952227251,1.4938555033767906,1.8406122844929793,1.53795741456865,2.167356128987203,2.243060922132492
2025-08-08,0.8116129256685148,2.6195269726923422,2.015603364614958,1.3499225631881275,1.5459395736799415,1.4701857933781541,1.8321183276093949,1.520950826146991,2.140231520927552,2.2150417431434053
2025-08-11,0.8185153115583831,2.650428117834598,2.0302092544193693,1.3657867943684616,1.5659617203788232,1.4884339873977321,1.8503754944480086,1.5338471956322852,2.154446413618041,2.2298145741229756
2025-08-12,0.8194067831316608,2.647400148965149,2.0012361237719385,1.377376854496114,1.5415757767765912,1.4857795927132829,1.8441723048205991,1.5294523996594604,2.152353957144782,2.2277512987430264
2025-08-13,0.824839678796009,2.7460443211745247,2.049874370314962,1.3977492730677459,1.5826313533930305,1.5132993357749307,1.8578026074699538,1.5382284907410544,2.167347799131648,2.243347293234444
2025-08-14,0.8218911325356419,2.7147016658799643,2.0112972221891896,1.3892259950615649,1.5464949030557527,1.5050906263770585,1.8420692851701712,1.5370188397939821,2.161051867940979,2.236902721888375
2025-08-18,0.8299817153025554,2.7513603728480938,2.0171056683109345,1.4023479350577912,1.5683706153364618,1.5266369963167201,1.858524976125524,1.5540458118731364,2.189521177535197,2.266415669562516
2025-08-19,0.83838770322295,2.8060765124163125,2.02392948625582,1.4064322337885375,1.570497610886058,1.5370409980654445,1.888493416288777,1.563201383123814,2.2071561894036327,2.28480242618042
2025-08-20,0.8449729104583326,2.786156654818003,2.0632664610716716,1.4066524090438082,1.5716989145224456,1.5357637920959404,1.8956204113979833,1.568389156317769,2.2138664309623826,2.2918179767474367
2025-08-21,0.8399767686624212,2.843284759772531,2.063962871899937,1.3870657410578437,1.5795573835773709,1.553085288320056,1.925416565633452,1.5679825420591624,2.2142832601146294,2.292382191609843
2025-08-22,0.8382002794256032,2.7838073148061615,2.0351542481268936,1.3795198595981266,1.5657263173919433,1.5321483737623607,1.8961230872673007,1.5580984535951476,2.2066784505177903,2.2845807103234175
2025-08-25,0.8381267981923669,2.7700162176847765,2.031165838989042,1.3804298334293081,1.5613944775135855,1.5285041655530387,1.8867239807601766,1.5622119815668203,2.2084298542035388,2.2864689437296284
2025-08-26,0.8338307253329718,2.7265108364545068,1.993038459520611,1.3685815048239052,1.542734294455289,1.5173604628724708,1.8874857422770457,1.5430096496764028,2.1748223999551155,2.2516933660074057
2025-08-28,0.8273380720228811,2.6888727347044035,1.9735689249522472,1.3440225078974266,1.5271605254155707,1.5086861873313226,1.8721212072754847,1.5276260768924506,2.1496995664713916,2.225732549751908
2025-08-29,0.8204454777366413,2.6834326524781553,1.9687354812713276,1.3453705034315355,1.527730874802226,1.5128082243576775,1.8708705116026934,1.5222925737835458,2.141359852879949,2.217138621407457
2025-09-01,0.833486915417186,2.7096204647608184,1.9916991184219754,1.372728144975635,1.5579693353460253,1.5377471249155423,1.903958477866187,1.539275601873814,2.17405681445317,2.2510625276124685
2025-09-02,0.8327507672803793,2.7191968628925944,1.9796888983074055,1.3654028220016468,1.5570151455979084,1.5339082625445395,1.8928084204015516,1.5400108695191785,2.1853370749854784,2.2627815911320472
2025-09-03,0.8376386764710188,2.7203001537371976,1.9890901599609883,1.3908241094225895,1.5654195635473434,1.5381871398203524,1.882685968867185,1.5495154778141096,2.202597881142294,2.280726404160602
2025-09-04,0.8351120347860854,2.643704525041506,1.9737599804121133,1.3769539039501795,1.5246975285659692,1.5295388400100056,1.843328488903599,1.5464658708745596,2.1879797783224983,2.265671787849435
2025-09-05,0.8405808359373457,2.6456760053963806,1.9763123815138355,1.3910632938722163,1.521444152795481,1.5265297658349628,1.8256438191643274,1.54710967678402,2.190290330413014,2.268136338084762
2025-09-08,0.8526866881908548,2.699650108842822,1.9847438591173219,1.3836973516703626,1.5313983625913459,1.539827221672491,1.8094636405148972,1.5504642444175252,2.1984611507715717,2.2766535795754055
2025-09-09,0.850573098838227,2.7747631801538053,2.0148645893758284,1.4038903348392138,1.556554064026739,1.5493848720135195,1.83118278652671,1.5552385205594335,2.205745045278669,2.2842378782718926
2025-09-10,0.8409660193456157,2.759378813704035,2.038845065391683,1.3916925672955014,1.5545870532604629,1.549168487525029,1.8290239848568515,1.5637130923437923,2.2226777591616833,2.3019098906722313
2025-09-11,0.8398693165404508,2.7585729659531792,2.0038597450212143,1.3702500665109694,1.5430450030251923,1.553469886737301,1.8206978574996104,1.565644510072174,2.223928773764306,2.3032473748011215
2025-09-12,0.8419229934018042,2.757574506290134,1.977709185847244,1.3715167998953772,1.5313841633000995,1.5560515881848498,1.8285045324578078,1.5715810517755489,2.2310824301115155,2.3107229459195016
2025-09-15,0.8422441490427911,2.814707536574135,2.014786145310714,1.380950346900165,1.5598096762261693,1.573584632008478,1.8428971184493361,1.573315912806655,2.244446634920873,2.324639717054659
2025-09-16,0.8495359068084073,2.836659361880185,2.0315492563746202,1.3953079075226942,1.570356130905844,1.579509427572558,1.8614496654894133,1.5837151518873678,2.259628706541803,2.340498209707953
2025-09-17,0.8495150796242098,2.8423934278336334,2.046591951591897,1.408929307658032,1.5782629517589883,1.5688767203718808,1.8689768159848203,1.5888587163696124,2.2677906368527085,2.349055342610393
2025-09-18,0.8500695649155037,2.815652628194942,2.0173433451352913,1.395972048420051,1.5567012497089248,1.5696824308494186,1.8367478764883372,1.5938533742630117,2.2709363018746194,2.3523345081504905
2025-09-19,0.8498674344369544,2.8399672440608503,2.058549160085518,1.4038687939415504,1.5679538501316286,1.5749226927270945,1.866741227246641,1.5916678226230008,2.2743948297625676,2.35595993438613
2025-09-22,0.8504748154167862,2.8560766366462325,2.065490307705566,1.3820982081316848,1.5505849191141834,1.5569271748491376,1.8579928081161279,1.5845384398719164,2.2643440670338575,2.3456386571131733
2025-09-23,0.8528195123098807,2.8742106649933388,2.0511759251831556,1.3771804736173696,1.5432339397007346,1.559395436464215,1.8773485456624799,1.580729872594199,2.256667499336115,2.337725826894469
2025-09-24,0.8524666017408637,2.853488981351728,2.072437653094636,1.3783233122859053,1.5646447880684053,1.5674647984513252,1.8908811290076375,1.5707678232583355,2.243489386869062,2.324094145874039
2025-09-25,0.8443941041818966,2.8306189192370654,2.0629774471395215,1.3563594967923738,1.544855488695598,1.5397237765057006,1.8701451181339626,1.56020604436331,2.227048092353296,2.3071307951079443
2025-09-26,0.8286590163214239,2.7827058201675716,2.0368207085221295,1.3129046936027178,1.509132313217896,1.5044414559827666,1.8371814643623234,1.539248467784291,2.1849446601457347,2.2635714106616778
2025-09-29,0.8369820194471579,2.763529264217609,2.072930157161297,1.3543050674620571,1.524440863298326,1.5010803487586577,1.8431836779189306,1.5410070215082001,2.18771771539965,2.2664721026701122
2025-09-30,0.8396838519295077,2.7117588262746426,2.0401664357596108,1.3326110626012146,1.5113736785409153,1.4797564565452528,1.8249291374815824,1.5406681762926946,2.1896148296793876,2.268461692158718
2025-10-01,0.8435546768473349,2.789724431031196,2.0926910604788023,1.3454385732544745,1.544849578414724,1.5118394112990288,1.8479667446344852,1.5538290038797777,2.2110204100125697,2.2906821734562883
2025-10-03,0.8502419874807413,2.8414213220210756,2.129506295704331,1.3605199127320031,1.563634397422277,1.5306734352075584,1.8545305113333748,1.5605651408748984,2.230365064888501,2.3108274721292053
2025-10-06,0.8486458823732052,2.8125051533192242,2.123045918188549,1.363101175347215,1.558499937825947,1.5495735452004966,1.8461273220373853,1.5701850359599485,2.235749710525209,2.3164873730191182
2025-10-07,0.8470582120873514,2.8187254851756514,2.111639091459843,1.358883111176102,1.5559072856431917,1.5717444520753987,1.8244974766999464,1.5728856058552454,2.2387016097829795,2.319614038837491
2025-10-08,0.8410779950685953,2.8011444889944666,2.1116281118519984,1.3500431017522738,1.5546287234912373,1.5654693645836761,1.8207920683229983,1.5660985097163866,2.225127203023984,2.3056850340306054
2025-10-09,0.8455752131035102,2.7796281219558105,2.1171090165907502,1.366458380730262,1.5518926510422144,1.5463045281985257,1.8329202658291326,1.575071157495256,2.2350463599282535,2.3160075725373557
2025-10-10,0.8415123718520252,2.801347696455801,2.113728582550713,1.3777621099222062,1.5576318101771063,1.54634968536322,1.8263936471724946,1.5815634847689075,2.2441230230098004,2.3254840016792695
2025-10-13,0.8470967265140231,2.7825249523785565,2.0928555123805292,1.3811424654071334,1.5499086673920406,1.5524821751724727,1.8315347809254423,1.5786663581763352,2.2381549622701926,2.3193712940294238
2025-10-14,0.8383990352447344,2.755827602257065,2.067695016845271,1.3703922416383367,1.5351266751511485,1.5489018757586022,1.8195604005796626,1.571160936652887,2.218481197755306,2.2990963216631854
2025-10-15,0.8523850746400402,2.804450147788366,2.110398135982523,1.3851900035973372,1.5598825023380014,1.5664025183980255,1.854151736217387,1.5842606132674844,2.2400018046470884,2.3215329696830826
2025-10-16,0.8506133979103779,2.7782731208090317,2.0923415458183925,1.385554755367903,1.5543905661748263,1.560800947708777,1.8474625876367414,1.596896230770534,2.251341639602703,2.3333418811093756
2025-10-17,0.8548103206608978,2.7580376005483784,2.078449758249151,1.3917418944491404,1.5517061384699185,1.548762590784231,1.8409144883034227,1.599217320496747,2.2446811893738503,2.3264845263561043
2025-10-20,0.8612909673912873,2.7819242434839992,2.0873833308746637,1.4040291467365094,1.556543707942908,1.5630399126932495,1.8610507289225187,1.6072173766179858,2.2560085587625998,2.338253095777819
2025-10-21,0.8607383923650018,2.7897748149354418,2.085324643088694,1.4206958602859776,1.5583071620183604,1.5634627665901766,1.8610185847827896,1.6101381959033614,2.2666138050004876,2.3492903678748656
2025-10-23,0.8526266394778957,2.7504591801542446,2.0012123666912656,1.4023607025965628,1.5046268376037377,1.5281772988119247,1.8143001127438994,1.6099146374779751,2.2626268837257433,2.345188950483396
2025-10-24,0.8545597585032335,2.739891771097258,1.9870067599922516,1.3905719937190135,1.494049907210546,1.5250895007198875,1.7976698313929824,1.6052181898465032,2.2593409132479567,2.34180377592093
2025-10-27,0.8617820567395041,2.774217916761367,1.991487529919841,1.397749329613341,1.4975001799197518,1.5484474714776093,1.799442022655131,1.6156750061415694,2.2720988528650343,2.3551012592900578
2025-10-28,0.8627783506611781,2.884848947160269,2.030870864707965,1.418066939269992,1.5377849263935695,1.5666330350937048,1.8206976784025624,1.6137537802419355,2.2733968386587837,2.356590577277262
2025-10-29,0.8676584455231736,2.8616222489883016,2.0411205858857215,1.4057422221573552,1.5402651150424116,1.5511184803846558,1.822220915458124,1.6232312544473435,2.2891449480060237,2.3729768417428216
2025-10-30,0.8638958726833283,2.880224213811643,2.0348306951243007,1.4075942346399775,1.5416759489168348,1.5588498471407235,1.824240932875505,1.6157021402310925,2.2852608820060714,2.3690315952763172
2025-10-31,0.867210666328633,2.8799987821768784,2.023761661844552,1.409094458096461,1.542876288269568,1.5520672333498131,1.843432468827314,1.6068311460168745,2.274339060013443,2.357770992333039
2025-11-03,0.8796735428048222,2.8794133585507242,2.04529886223714,1.4507531626708694,1.557605709426606,1.5626847317985297,1.8724186734494974,1.6136283016230686,2.2896633366521586,2.3737425326994663
2025-11-04,0.8769570370960365,2.8448868064554405,2.0146572209031404,1.4216892340090461,1.542076862805433,1.5459309236680356,1.85651019530253,1.6044625385436433,2.275536059125291,2.3591780946632674
2025-11-06,0.8674871764955231,2.7522637147843714,1.9458518865928487,1.3945920949463244,1.5024331745888337,1.508275884787864,1.804757260064752,1.5934637022651803,2.246093704548059,2.328692319734903
2025-11-07,0.8832794616104174,2.826319004712751,2.0021479356970913,1.4097466792188993,1.529964855645439,1.546279362944693,1.83180846397704,1.5940295473027921,2.2477284578417733,2.3304692204876885
2025-11-10,0.8819055953865592,2.866201237356686,2.0214864498015603,1.393501172301134,1.5293127618536955,1.5512283394913675,1.8303023265442626,1.5991393596248984,2.25113360187357,2.334054418362928
2025-11-11,0.879369109547438,2.850800641599506,1.9937819830712677,1.3824092896199143,1.523489412206321,1.5315006442409727,1.8209577790083324,1.6049505550708187,2.255421201336381,2.338559320849093
2025-11-12,0.8813787050339502,2.925850881040951,2.0410539523992135,1.4058133694659285,1.5617423459913882,1.5465300763407823,1.84712293797247,1.6154039299691652,2.273160109198419,2.3569981609630464
2025-11-13,0.8764430888745701,2.9189477502170096,2.0327348202486317,1.3930058616008396,1.5573474563192717,1.540224390316058,1.834352041141664,1.6139875304960694,2.265233601917222,2.348828756840432
2025-11-14,0.8758736750923672,2.9693557246124085,2.0656749518025244,1.3985456737841024,1.5642181608355852,1.5790385279191201,1.851915079629968,1.6153666040508945,2.267517975667302,2.3512480349506197
2025-11-17,0.8851133787677309,2.9716576691803436,2.0278972213830575,1.4130845940327248,1.5475175672039032,1.5797934480492666,1.8164146160894479,1.6233769843622934,2.2813187803919144,2.3656022659345233
2025-11-18,0.8828194835096221,2.931643788531351,1.9931993973030016,1.4028711853826452,1.5266728887576664,1.5651516365512308,1.7952112468347179,1.6145737591911764,2.26131188620118,2.344900864714532
2025-11-19,0.8800788844040244,2.922547552330079,1.9936095109283003,1.4000392594048192,1.5555273835986148,1.552038164546526,1.8364525831631118,1.6201071280326647,2.2609426423949106,2.344561916816059
2025-11-20,0.8717445280864022,2.9352683252253193,1.9985015584360852,1.4013533050104232,1.5459931658811126,1.55157410944363,1.8197305096405028,1.6247932514739767,2.261055773861744,2.3447837840728134
2025-11-21,0.8615448989033273,2.8898747405777794,1.9642502637245312,1.3741441162301562,1.5142555258801473,1.5300151945301061,1.791270838268183,1.6122424776362159,2.2340321819777498,2.3169290814777237
2025-11-24,0.8635044664449765,2.890225126709265,1.971921374448436,1.3820305608564947,1.5112687978823505,1.5422441935137294,1.7850225884692636,1.6044016522939821,2.2220102826045705,2.304594831654759
2025-11-25,0.8709597479153346,2.900524358374552,1.9784859983994019,1.3688514837300958,1.5223497059649955,1.5430117902338025,1.8000369905113258,1.6030801559535104,2.2236488721821317,2.3063634833071127
2025-11-26,0.8745247991001368,2.8402745978540187,1.9833470542100693,1.3924706615375042,1.5340578909345026,1.5417417655113062,1.7941912376856948,1.6234209283511791,2.249893989606044,2.333662352573139
2025-11-27,0.8791824216842382,2.850106237172613,1.9841764476031796,1.3859233555010526,1.5345652419192166,1.5435787822900113,1.8142789541954383,1.6229161019246408,2.244602627573146,2.3282443864480284
2025-11-28,0.883314999819638,2.857605440827644,1.9742439403612217,1.3857213248924838,1.534287776205607,1.5629002661298257,1.8163918174743348,1.6219300094029547,2.2419555509805673,2.3255493135283096
2025-12-01,0.8834350962802554,2.8879418124888927,1.988090756910248,1.382704474274148,1.531279686914589,1.5572084723065123,1.8320547843692256,1.6212014921896178,2.2432655227316167,2.3270161458275256
2025-12-02,0.8809995434498895,2.8507677048744973,1.983687346596289,1.3655256242308313,1.519307944535259,1.5383668131070187,1.8090700258610546,1.6144110870154513,2.2347150010165473,2.318200930772339
2025-12-03,0.8679872568194646,2.8867906553555986,2.008639966462973,1.364581199054771,1.5378357677693806,1.548889940099797,1.8225273487188143,1.6072310098434535,2.220186619776876,2.303214082903385
2025-12-04,0.8671729494831805,2.886802951668275,1.9946502946110658,1.3540716266149742,1.528644809332587,1.544773946206855,1.8323166389427563,1.6089116026955137,2.2189245076907116,2.302003958861057
2025-12-05,0.8697808189096515,2.843407673459017,1.9788689625064422,1.3504455700402305,1.5165637586613971,1.5400463434946616,1.8126809881408281,1.615292084575766,2.213917050575272,2.2969124871860256
2025-12-08,0.8552634448050805,2.809550303150839,1.9680831574586237,1.3202998915485005,1.4918041689385575,1.5079997093233937,1.8024664989695725,1.5943480088608024,2.1705859836542505,2.252027680600646
2025-12-09,0.8514278604765498,2.8517488255512036,1.9982822566129916,1.325058943637023,1.5111297851090686,1.5314952211748676,1.8242768699263068,1.5936737598265112,2.1862082919767847,2.268259098824233
2025-12-10,0.8430613893722656,2.8367728457100285,2.0022075202022735,1.319425877638943,1.5107752651518644,1.5345538048496263,1.8133589564408934,1.5863920290898617,2.1751572106568133,2.2568466018269904
2025-12-11,0.8424859723998118,2.8512784595815703,2.011494519656942,1.3273001584425184,1.5130081695026838,1.5294422199082205,1.8193503721780946,1.5960185422455273,2.1876262854606945,2.2698262380927234
2025-12-12,0.8507681078908487,2.8719852871115203,2.0314605691776646,1.3300566031029406,1.5252591201831691,1.5386417976470792,1.8371508399438323,1.6079018174810247,2.208814734380784,2.2918806113026666
2025-12-15,0.8502364582195093,2.9350041461640464,2.07055428861983,1.3356709799280393,1.533606605871267,1.5387664691678773,1.8519888179980077,1.6078340484379237,2.213689408141143,2.2970102959110763
2025-12-16,0.8469073970449464,2.9424697504528567,2.078706317042231,1.3451750729268472,1.5368231105485215,1.5330680433741422,1.8505191299672965,1.5973265377219437,2.1984897103915397,2.2813124109249503
2025-12-17,0.843926344194646,2.9556007350067746,2.0740754125795253,1.33751828566079,1.5363450944358565,1.5323933506283856,1.8468954180944124,1.5923048781004336,2.185196200179826,2.2675621211459394
2025-12-18,0.8497075816232644,2.979197697352249,2.081912369699022,1.3579430094130658,1.5323410265450188,1.5263240703901744,1.8676568202501738,1.5919964760097587,2.183560053326257,2.2659383436963725
2025-12-19,0.852714432194081,3.0320231540904077,2.1168094558174206,1.372279512259032,1.5533424323179696,1.5409423451804085,1.8850167730727778,1.6046049594232854,2.208235344841359,2.2915701443027
2025-12-22,0.8641984184104561,3.1157921195148153,2.162137643694967,1.4154165366270872,1.5866168300127086,1.561970495430272,1.9153001148435407,1.6174878280445242,2.2307387188142376,2.3150496506048714
2025-12-23,0.8625459332586393,3.1306528526302446,2.1754438048648024,1.413139252884614,1.5914074538972265,1.57827796777792,1.9284040728761118,1.6193514767298047,2.2386609749583006,2.3233451287310776
2025-12-24,0.8655986781257772,3.1443041710968114,2.1803368486102577,1.4030553655297398,1.5894021507863179,1.5822843197205243,1.9474081897019142,1.6163086202222825,2.2354520825276443,2.3201345256663815
2025-12-26,0.8693003190545197,3.1570107460660175,2.1730087047215383,1.3980355502427644,1.5758965906490658,1.5835067102835105,1.985401365328815,1.6115647872052046,2.2314990118730034,2.3161161694337773
2025-12-29,0.8637186456750722,3.1607110987560816,2.1635597758309917,1.3953105577107998,1.571797364065827,1.5872823149444653,1.9917623808282348,1.604913229152548,2.22147829182291,2.3057856142372817
2025-12-30,0.8831713251314491,3.2643916823092303,2.2119773682364094,1.3994021404874082,1.5918657215382166,1.610060581260083,2.0384943344327002,1.6040119802961508,2.2160675270270067,2.300243764938596
2025-12-31,0.8890120523528345,3.2952429965368344,2.2383263484623384,1.4297062599680006,1.6145599373077761,1.6116370343692845,2.048214204267362,1.6177521537849011,2.241032052468324,2.3262302677327007
2026-01-01,0.893885812227433,3.3192267737820855,2.24470053606075,1.4415882554474944,1.6201947735076383,1.6140658173176354,2.062075479416348,1.6177521537849011,2.2422609182730775,2.327618844948382
2026-01-02,0.9017402762091589,3.1206856651432173,2.0900389848928094,1.4070065433294252,1.5405585135593394,1.5553109435228811,1.9987962015848746,1.633166169693684,2.2630201431499826,2.3492077338874693
2026-01-05,0.8991216662848406,3.0816273485839396,2.078264727230925,1.3958580494658748,1.5335951719160925,1.5437028112014486,1.990271858700043,1.630418082051369,2.265106975766421,2.3514557649313157
2026-01-06,0.9038719639317203,3.2043717213879557,2.146663583077398,1.4098214200349122,1.5709560372713616,1.5654337861977992,2.060612026120529,1.6271686093792355,2.2598976198480085,2.3461846996264533
2026-01-07,0.9014857078689231,3.2227957469520887,2.170539642268723,1.404544560320794,1.5926395165407121,1.5785997355917711,2.07811064466161,1.6275819740698698,2.2641766630015008,2.3507025217964257
2026-01-08,0.8793537731602451,3.100532942129446,2.1006671003070014,1.3665329606876115,1.54321860471475,1.5412333247376193,2.0011948430044564,1.6047776910663458,2.219944668670566,2.304849475555681
2026-01-09,0.8692563842103135,3.1517197784092255,2.089920525100803,1.345733583042291,1.5429029992351222,1.532453159507769,2.0246112895896746,1.5903598271465844,2.1910388647686942,2.2749411915279785
2026-01-12,0.8687856046613671,3.2006787497485965,2.1129313359947126,1.364447297184306,1.537768668633857,1.5175295614228073,2.0439042770074742,1.59328064643196,2.186681547065541,2.2705269263263825
2026-01-13,0.8709336376765241,3.2236601897780983,2.123399491586457,1.3827443279058336,1.5461501609983237,1.5276762350346516,2.050167355804278,1.5912612083643942,2.1894197357130327,2.273413330138764
2026-01-14,0.879779045935388,3.3143823219985618,2.171675885176818,1.3884505851991358,1.5923395635863469,1.5673633438294374,2.1083228260336306,1.5909358640129438,2.195017911496767,2.2792503685463417
2026-01-15,0.879779045935388,3.3143823219985618,2.171675885176818,1.3884505851991358,1.5923395635863469,1.5673633438294374,2.1083228260336306,1.5909358640129438,2.194986479259371,2.2792503685463417
2026-01-16,0.8780682944678556,3.2934095068340548,2.14850022090362,1.3768432513794326,1.5686429445006906,1.556023440361846,2.089506726308239,1.5915763608870968,2.1872551036676846,2.2722656603206617
2026-01-19,0.8766563934224572,3.210801271303513,2.100993700067478,1.3546072875010817,1.5444800552474842,1.525812984602352,2.058657656765923,1.5840166711846029,2.1723200704108026,2.2568646952349583
2026-01-20,0.8590940094734939,3.1029972305741174,2.0324658549532826,1.3126136306776903,1.502755247050145,1.495787522401418,1.9997594678971482,1.5550725393484006,2.117298201534661,2.1997754372652008
2026-01-21,0.8536096693072536,3.073393073847436,2.0008035933498935,1.290015833812678,1.4798885598410112,1.4737732161758021,1.9769866921149877,1.5475162910426268,2.1031686916690178,2.185142429259627
2026-01-22,0.8565779112740405,3.1163638445184305,2.0320537267221015,1.3206154730651722,1.4900290780580878,1.4755634031080753,1.9762588967871464,1.5592809704526973,2.125686014284957,2.208591773211497
2026-01-23,0.8506141596117166,3.068770835262543,2.0036102380352707,1.2943242130624246,1.4775484321492074,1.4686590590640423,1.9389482487971565,1.538777393517891,2.083800181877587,2.1650998542495974
2026-01-27,0.8686138074978436,3.1044303293393076,2.016341325207385,1.309819810075713,1.485522355585421,1.4975904909555424,1.9669531733942,1.5464387367850365,2.0917524417286955,2.173423187064493
2026-01-28,0.8794917927825894,3.2246600238581533,2.0897896255255093,1.3189926237778535,1.5341980038342642,1.5397191930390508,2.0385648175971958,1.5642518032918813,2.1339400255214667,2.2173318187527338
2026-01-29,0.8847788332075439,3.321551866244449,2.1545023757678217,1.3300025582445931,1.5634406493065667,1.5763025260277224,2.105852182184659,1.5678233112801572,2.132569892757932,2.2159905452474553
2026-01-30,0.859344494351012,3.2463313855442957,2.1195232746008945,1.349721909362253,1.5281567850190176,1.5084459491418853,2.054117862978719,1.5640756302521008,2.141793053753888,2.225695185593305
2026-02-02,0.8299857510197937,3.1700758618829057,2.0755182030557613,1.3298523578165953,1.4913443551171748,1.4602429509330386,2.0081563257380775,1.5476416373000814,2.1152022323193105,2.198228926064623
2026-02-03,0.8296952617781074,3.2367062143003005,2.1179391286134863,1.3669451519647173,1.5232391800462524,1.4913317969287456,2.0407462156449805,1.5889333682061535,2.179394434208747,2.265074691541326
2026-02-04,0.835259882553245,3.2955133363427658,2.1490166989146227,1.3689073375152874,1.5525736299996529,1.5150975276998695,2.075344465107262,1.594940987987937,2.1969081386822857,2.2833477500717936
2026-02-05,0.826765228910359,3.2359120825756453,2.100381654608547,1.363386752883482,1.5207118564603066,1.489336119256513,2.0424021971287045,1.586588453425725,2.1826755152549095,2.268589778574927
2026-02-06,0.8273228433656195,3.2424818102893482,2.1140616480255088,1.3605557465082325,1.5274311236710565,1.4737265854697754,2.0386788564197973,1.588099756031445,2.180831575884328,2.2667377543671523
2026-02-09,0.8341622701784237,3.2900143859360265,2.1693670210617113,1.3754323250603662,1.5750747797556506,1.5108116100634739,2.0851121691517984,1.6050013818531446,2.223904405595273,2.311545867192543
2026-02-10,0.8362628400646018,3.3489343177486277,2.203170215468191,1.4038327082335509,1.5994040390632673,1.5317599961011779,2.118653619477599,1.6097689075630253,2.234498108847559,2.322643601354575
2026-02-11,0.8419700673247921,3.3380816710095607,2.2127247553542992,1.4079468554861942,1.5998052055933996,1.5455826825175802,2.117374484612322,1.6117545934704527,2.2365202055697146,2.3248677013728405
2026-02-12,0.8416372771696806,3.3579540807358694,2.213468336052597,1.4028646176880797,1.6119596369335516,1.5532793281721737,2.122043890156361,1.6028429643026565,2.2203544775630197,2.308176670072149
2026-02-13,0.8283958505392014,3.282587295850722,2.1387325478739605,1.3602210791497333,1.5605343856663965,1.512972786045146,2.071982713460617,1.579909893644958,2.1849609376802706,2.271519737379198
2026-02-16,0.8328494215989074,3.2673872445870447,2.1278259813115414,1.35193135885097,1.5631288994245156,1.4972619536498886,2.0786303458248474,1.5907054227941178,2.1932922109077886,2.280231774432143
2026-02-17,0.8305080144042081,3.295709415755956,2.146759741767233,1.3691965655314313,1.5741875778515257,1.4886648720490585,2.095578235294711,1.5952867159968827,2.204933607564884,2.293511858511964
2026-02-18,0.826210489967391,3.3088926673133705,2.16198289979348,1.378684075482402,1.5764629188012387,1.513433364592513,2.1035330392551534,1.6024532923048251,2.2158540961801987,2.3049237707043697
2026-02-19,0.817758437070778,3.247538994126668,2.12225629756302,1.3496353965938575,1.5441522125063214,1.4947934872716329,2.061039282769641,1.5788458402514232,2.185799241514165,2.273705157576679
2026-02-20,0.8226184845843538,3.2907448087514117,2.155726133136123,1.3580213191660742,1.5612210327554794,1.5076313927867624,2.083793055116472,1.5854567633505015,2.1906839959199336,2.2788307896634397
2026-02-23,0.8251807850644168,3.279850843305738,2.139848967434775,1.365300066959599,1.5644205127760125,1.5132268906188915,2.0919361936492504,1.5915525358328815,2.1981960564217724,2.2867461234226027
2026-02-24,0.8284145713150972,3.281913161717461,2.1518529664833213,1.3491116498480082,1.5710014099806109,1.522842441616056,2.105024990193372,1.5793304153818786,2.1858195015795636,2.273914460779133
2026-02-25,0.8309475593579132,3.307942342624214,2.1795859483692244,1.36087981321948,1.5945687219615325,1.544744991562527,2.12892396532548,1.5860531838743561,2.199209158045163,2.287901700282495
2026-02-26,0.8330554915563253,3.314038488925887,2.1907287760806304,1.3721580173199175,1.6029653872275154,1.5438803311026945,2.1389826517056663,1.589082407156411,2.205811671872702,2.2948690999240817
2026-02-27,0.8258530260989236,3.2787745496033924,2.1740309416333425,1.338973743195911,1.5862891050942278,1.5309854591462928,2.11779407577628,1.5699952296947004,2.1851036231086205,2.2734165275401685
2026-03-02,0.8132464956356609,3.222385326658886,2.1152850364028777,1.3139890126567706,1.5583762611446028,1.4971864435522475,2.0889795660764485,1.5475704268602601,2.1471360222225324,2.234070266290551
2026-03-04,0.7881077577293674,3.1177843243170917,2.043762991560811,1.2744072342785366,1.505645286790487,1.4455424684601637,2.0121642573062926,1.5186907550318514,2.097548029505106,2.1825587071594263
2026-03-05,0.8020720160530425,3.2258761563709344,2.099790318598223,1.3218330929287447,1.5483550219733777,1.4656868526605829,2.078799495549091,1.5382082394449716,2.1282220062360433,2.2145525666415944
2026-03-06,0.8030386357817565,3.2166975893962517,2.1013762701705594,1.3137865693946,1.5471119029237954,1.4671313765284317,2.0941340582745926,1.523536241613581,2.1202306359924443,2.206281612762656
2026-03-09,0.7818092398836302,3.270263979002402,2.142495214099826,1.3076984714667215,1.5519543354283254,1.4129646310419244,2.081926773301442,1.494751340556384,2.0733053255128846,2.157526246410815
2026-03-10,0.7888934709173361,3.3534371360079818,2.1827752861060095,1.340001449990681,1.5782688376480183,1.4252993513195014,2.1172296996874067,1.5141602886114123,2.1119696675673336,2.197834947444435
2026-03-11,0.7910742579150678,3.274109495086578,2.1188710930232713,1.3074722304750053,1.536261553750712,1.392621755767276,2.0652649250303865,1.493785631692193,2.0971500402155097,2.182458275263154
2026-03-12,0.7975977461115106,3.2217837372995066,2.075148956988259,1.2913510689206869,1.5118497885083422,1.3790762553296352,2.0371441054982244,1.4839726213065871,2.0920955236189114,2.1772490422788504
2026-03-13,0.7758263718086625,3.066950919339929,1.9874298545575815,1.2424955817865306,1.4613472928613207,1.3206045981373231,1.9564165478417048,1.4496611018399295,2.0349228683433456,2.1177790244319303
2026-03-16,0.7610884084466023,3.0219286177379687,1.9866331043113388,1.2604368661467231,1.4509758025854413,1.3625499477794356,1.9562793965871577,1.4569531567667389,2.028671986927272,2.1113045243270885
2026-03-17,0.7714927034190301,3.0817000120734206,2.0357882603172692,1.2936534239016897,1.4773920742044828,1.405325254286933,2.0115373761669053,1.4685077786154785,2.044784509129127,2.1281164171612605
2026-03-18,0.7708985704415086,3.092413064222226,2.04273692761177,1.2913847157297016,1.4817810486053176,1.3863261635972908,1.9977609843831154,1.4853212517365817,2.0807563545186696,2.1655939388040153
2026-03-19,0.7568204487213855,3.008519855510754,1.9887584033234469,1.2698841477247413,1.4448522891005255,1.362341460422233,1.9634041637080808,1.4384522080001356,2.020862379692063,2.1033701914876133
2026-03-20,0.7638972138025212,3.0139479815151518,1.9885545155633795,1.2921439975004576,1.4489298006392894,1.3788279250681186,1.987863510917326,1.4453714008284766,2.033870896020027,2.116978039653242
2026-03-23,0.7311948189536014,2.8517893283425297,1.9232311600414993,1.2641062609231837,1.3952061699767477,1.3217846880319335,1.9235821531345774,1.4003964489021414,1.9550904826478865,2.03507684923987
2026-03-24,0.7374629110767369,2.919162381377674,1.9670622330298846,1.2989286440611811,1.4406796590509945,1.3531901480604895,1.974784424827327,1.427690431011114,2.0012220745214284,2.0831444335661744
2026-03-25,0.7449215090074549,2.9974715022500353,2.0189705727626293,1.3187024515375436,1.484549604579139,1.3810297011914245,2.01774055582521,1.4555570085897263,2.0480371585204606,2.1319084222819082
2026-03-27,0.7414254416436392,2.9749551322773145,2.0363527958444116,1.3130067091613753,1.4791457678125401,1.365509288443414,2.038453837133944,1.4245154778141096,2.006868696174703,2.0891749289230526
2026-03-30,0.7340490068499409,2.9108059848927708,2.0204234502367004,1.2918351264446095,1.4641836150023948,1.3427906698736043,2.015037542451906,1.3911663581763352,1.9546023388800542,2.0348321673748364
2026-04-01,0.7358425316035168,2.9815401531159345,2.083535302440261,1.3072470140822543,1.5062549048011387,1.3578584077379787,2.05484239537235,1.418755109150515,2.0142162638875107,2.096997582574239
2026-04-02,0.7289502648401295,2.954841219842835,2.078177070313878,1.2821075159047566,1.4973201311234907,1.3451346591903346,2.033520318868186,1.4189719171438737,2.011707740718553,2.094445392354656
2026-04-06,0.7366228490849974,2.9761319239638313,2.11754742984322,1.3168003100958638,1.5349266487936564,1.3645210768987335,2.071668370650089,1.4363005408816754,2.0373250814493473,2.1211460040890886
2026-04-07,0.7378273203175992,3.0038186707935672,2.115636154769586,1.3101483115655213,1.555766798487848,1.379014822768721,2.0944664678253417,1.4432399850060993,2.042121516751896,2.1261865271614786
2026-04-08,0.7527427502122955,3.0664341469441183,2.184908831411229,1.3767744842396972,1.6081176687410963,1.4089219257470031,2.160477644768796,1.500210057561331,2.1217702436804595,2.20922998679004
2026-04-09,0.7644458270878447,3.117809860357902,2.2075155493551146,1.3813531492875382,1.6416878417577223,1.4291535748320718,2.1723001410708886,1.4934602873407428,2.124962576438338,2.212610287968301
2026-04-10,0.7716313992496678,3.187905095357163,2.271808554876327,1.4043881310983095,1.6687989628409308,1.4605728140384342,2.192660457268513,1.5144178639197614,2.160604703691284,2.2497700273884536
2026-04-13,0.7767319235105482,3.2010353515150918,2.2756231107357463,1.4150743948006932,1.692113080514402,1.4654291562534525,2.2087913890181525,1.50305304833627,2.150456100135871,2.239271956965422
2026-04-15,0.7914379278419759,3.3188725753832156,2.3255789392137345,1.444258838722578,1.756395240788424,1.5043903012431736,2.2629203080785363,1.5312788547878828,2.200077794409663,2.2910143800260885
2026-04-16,0.7926900019225853,3.307873234655201,2.3411385074465594,1.4682339275046918,1.7701741601544583,1.5098122620043335,2.2807329248443504,1.5353958241562755,2.2185078517877987,2.310275492811892
2026-04-17,0.8058160180866402,3.3872648231624205,2.4117769275889342,1.4943222200172146,1.8060482397515778,1.5429184648030967,2.3337721331248673,1.5498373807688397,2.249904383428131,2.3430278497845825
2026-04-20,0.8073687795853937,3.3993324295903236,2.4198542648328396,1.489248228682381,1.8161909884046386,1.5566699526723604,2.3406895378414507,1.5495934386859582,2.245363261429833,2.3383216117082046
2026-04-21,0.8100668995003947,3.4271541475053526,2.4446773342452404,1.501355454288936,1.8348062294331895,1.5631847208320384,2.370819265837804,1.561557983828612,2.261555754571252,2.3553443211364775
2026-04-22,0.8212444952420551,3.5099219529700476,2.4702271118294132,1.52146446536745,1.863152446712585,1.6058320379092526,2.4207795520578856,1.558111954459203,2.276517903306011,2.3709775049605852
2026-04-23,0.8293994421534282,3.510492435976416,2.477475326607587,1.5117438066433366,1.8500502725429027,1.5979526488889895,2.3936881815572617,1.5458694503507049,2.264586357052538,2.3585966789957182
2026-04-24,0.828167839105507,3.437504629588874,2.4584066222279137,1.493322129652139,1.8274102124258955,1.5872491639532877,2.363531806699579,1.5295507441888045,2.2389751758281666,2.331968626942226
2026-04-27,0.8445319745243639,3.460442072799476,2.4814993556592504,1.5247314002042758,1.8588231851213401,1.6152590242924951,2.419612038446158,1.5465844666999864,2.2765174915394946,2.3711210303992
2026-04-28,0.848647214291833,3.513035104246527,2.4731858267100333,1.5273828924608859,1.8650186860421765,1.6345660339960661,2.4234975547127897,1.5428029011503794,2.2743169274158364,2.3688773124966884
2026-04-29,0.8450470800380466,3.5998693019151893,2.510882708018559,1.5587555811851004,1.9191474674796047,1.6752336369869192,2.481730937502767,1.5499457847655191,2.2798790219474707,2.3746984954451826
2026-04-30,0.8445441251972403,3.660585447879805,2.535916621076497,1.593102690324004,1.886197952972945,1.6987409118813726,2.5332216204093316,1.5372425305807806,2.260999305361066,2.3550986225252597
2026-05-01,0.8445441251972403,3.660585447879805,2.535916621076497,1.593102690324004,1.886197952972945,1.6987409118813726,2.5332216204093316,1.5372425305807806,2.260938197271732,2.3550986225252597
2026-05-04,0.8504624005647118,3.6690646376852025,2.5669895306673696,1.6045615524962296,1.9156040491273816,1.7145846982498822,2.5741157304947806,1.5472180807806994,2.279547765164708,2.3754034655734717
2026-05-05,0.8479068138646613,3.717791058070584,2.6098748178301,1.6172257114587378,1.951325748375204,1.7410058541900313,2.6160892724289107,1.5456932773109244,2.283847306562529,2.379961242257224
2026-05-06,0.8444059473920124,3.7685204984034537,2.590295317871462,1.6283983065095118,1.9575884195461355,1.736937327180307,2.634145722977847,1.5677284081475331,2.319690787330446,2.417344943263473
2026-05-07,0.8518870105571893,3.9011214551866606,2.6799624172346563,1.6814513172772751,2.0267150714238813,1.7888114908139776,2.7196870058808775,1.5731905665492003,2.3403661008320653,2.4389398273246603
2026-05-08,0.852327128842505,3.881360400849188,2.6846335190269692,1.6707045145040125,2.0457583656842053,1.7739431388950428,2.7342595700123375,1.5665255076324884,2.3396079028407986,2.4381783856415304
2026-05-11,0.8416368637703502,3.901207657642886,2.6317123855848403,1.668200718626073,2.0458351662632444,1.783672676678027,2.734619774026453,1.5448461642721605,2.3104635455190015,2.407845087725097
2026-05-12,0.8176368573329515,3.800823970046029,2.499162886152029,1.6096743780894103,1.976975545033885,1.7587260968896266,2.633174869912576,1.5112429107227567,2.2478796307268314,2.3427026408305753
2026-05-13,0.8231559012076004,3.887533661726681,2.5491835001428598,1.6536374455008775,2.029118423645236,1.7925225045105,2.7249453797548417,1.516491570166373,2.2582548062349894,2.3535499081781315
2026-05-14,0.8342107311785999,4.0087805352436385,2.590177511423884,1.6921674170666252,2.1088505206973505,1.8371379382905915,2.8166828177838332,1.53246812207746,2.2709543779575805,2.3668201202948556
2026-05-15,0.8273406998995365,3.942461295930997,2.538093766855962,1.6619178558525716,2.089715481617132,1.834366657285817,2.7453870060457954,1.5269145019398889,2.257760864871044,2.3531226254552595
2026-05-18,0.8213642026383777,3.907069326056866,2.521229281433633,1.6732343143221942,2.0827523362675624,1.822611641273922,2.7552132822742474,1.5221639184907834,2.2351067912005282,2.3295717022485785
2026-05-19,0.8241959863201394,3.8539074135434914,2.4662552197265017,1.6585973879459321,2.0329950176641427,1.7849344493328754,2.697213382843479,1.526277446462456,2.2514206179952687,2.3466059829704333
2026-05-20,0.8288525716656537,3.9791612354641708,2.554560823499695,1.6961663451279025,2.0998804317119575,1.826839139505355,2.776793505907434,1.5300996469656412,2.2565402317654875,2.3519949089980017
2026-05-21,0.8311447924781532,4.1027459763453225,2.5904110793780224,1.7286417453518013,2.1478289831180977,1.9022913689067642,2.8477604444025726,1.5317734893856736,2.269123272534047,2.3651422185746673
2026-05-22,0.8231590431006185,4.13753885310543,2.5957725507710885,1.730260275597912,2.1644324123610046,1.9172364931407677,2.8687071483225415,1.5350569789407698,2.2696785406007414,2.3657683551171016
2026-05-25,0.8278397304878767,4.225775885981124,2.6242301117521,1.7399956816884723,2.1928837172686046,1.933524407128864,2.897708349908914,1.553906832390214,2.295196496240609,2.392400079961813
2026-05-26,0.8345216047728439,4.258694964900579,2.654835726103596,1.768861026566641,2.230494869960152,1.9706728277185235,2.9580362484494978,1.5517212807502032,2.2998618038145158,2.397321389552901
2026-05-27,0.8397012688794435,4.334306130809871,2.68890074780714,1.759936838473266,2.2565293178027854,2.0012706276024614,2.9889322700048515,1.5564787469927488,2.312834486365514,2.410923253360286
2026-05-28,0.8397012688794435,4.334306130809871,2.68890074780714,1.759936838473266,2.2565293178027854,2.0012706276024614,2.9889322700048515,1.5564787469927488,2.312834486365514,2.410923253360286
2026-05-29,0.8329890454688209,4.3771024379190075,2.677445841722071,1.756489526281444,2.269545307222554,2.0101108029532146,3.020223276790586,1.5354432095418813,2.2883817559963915,2.385474939937932
2026-06-01,0.8176253392518529,4.2935274545800155,2.620837838163172,1.6940569798535705,2.2429593048795433,1.9695858860131958,2.9758679021426535,1.5205983477060179,2.265308761179681,2.3614846516400956
2026-06-02,0.824019561061355,4.33555550833867,2.647909682444542,1.6867662235828436,2.282965645200089,2.018191400848757,3.0219688210590645,1.5262333701121578,2.277317231781557,2.3749046113368535
2026-06-03,0.8187404078210355,4.444449691115334,2.6995992235891877,1.7114147227991603,2.34065162188437,2.0701619643889444,3.0989424364088034,1.5215403638774059,2.2735548736057583,2.3710301342946236
2026-06-04,0.8232213200618582,4.557125832813484,2.7677619553333614,1.747669612724694,2.4304550164302205,2.1256600618581816,3.193250059417486,1.5246475480313093,2.2860051770074366,2.3840621313454777
2026-06-05,0.8228594431931405,4.439113492770482,2.7461493431701496,1.7443510208196673,2.3879083797092955,2.11235105724052,3.1438389498715305,1.5224552459592708,2.2837670850289946,2.381775312008421
2026-06-08,0.8086233626145789,4.266015701235344,2.7109869492333156,1.7146658966117976,2.3304366661721456,2.045586840665511,3.080944576640828,1.5026903780665493,2.2452336032582276,2.341666323810214
2026-06-09,0.8118410660611731,4.390442657438099,2.775035700035103,1.7450168857265291,2.3938821898328166,2.0974108688476196,3.1606772842711224,1.5160036860006099,2.2738188765527974,2.3715253785142423
2026-06-10,0.8032566745973699,4.288334208489572,2.767713617290422,1.7300521165667921,2.340869508826954,2.0542038456048513,3.1130284884457886,1.5067667124813635,2.2497431973861124,2.346440384513247
2026-06-11,0.80006463732493,4.12799424856093,2.756535393872444,1.6904880402959968,2.2968851462965296,2.0089568920462315,3.0374766530806765,1.4986750622628084,2.2292210374511536,2.3251491791687906
2026-06-12,0.8137405031124232,4.306002410523922,2.859724026489847,1.7592676143519719,2.3908356244356104,2.089386321229198,3.162787390999724,1.5315668732210626,2.2843800351927372,2.3827610700810764
2026-06-15,0.8208978189651764,4.44621347309157,2.9007412909506916,1.7798944136629926,2.442511113916694,2.1367326970432874,3.2292456745059055,1.5513215492850365,2.3180112741863077,2.4179028181130837
2026-06-16,0.8184476926899571,4.5300503504040135,2.903035240519799,1.7851509901717602,2.4605059943943552,2.1497693774808253,3.2474977276819446,1.5585016264570344,2.328386947070643,2.4287512447473554
2026-06-17,0.8217047029280271,4.616334299694578,2.9661883633469963,1.807176523359245,2.5085891253635335,2.1730972378939706,3.2980298871268445,1.5661222024091894,2.343583169204147,2.4446486015305458
2026-06-18,0.824978722317549,4.704329600590391,2.981468079984698,1.8285628312762106,2.533871032465874,2.213701438635859,3.3377661780348227,1.572678857329222,2.356566729362738,2.458251330716029
2026-06-19,0.8296956141158855,4.7887637959131935,3.0688784517049656,1.865199971775808,2.5820675206311465,2.254930791007047,3.402722521585909,1.5684602343961778,2.3615665727867037,2.4635043138665575
2026-06-22,0.8280654869953807,4.7358296988931405,3.085217356566543,1.8690485788431148,2.583236939512953,2.2377915003799314,3.3901305408371103,1.576433288789306,2.379165830260723,2.481911535624634
2026-06-23,0.8242271349543425,4.659041954837345,3.049475533720323,1.854790681276338,2.5579900418337282,2.233107648201706,3.3390622879523684,1.5594300094029547,2.3579040326734773,2.459837247376938
2026-06-24,0.8235363059407131,4.549943502916832,2.991659688841333,1.8246284879483423,2.4968012833742472,2.1984101223642503,3.276430270597253,1.5672472744137977,2.3617286992696886,2.4639025532608265
2026-06-25,0.8193372757501276,4.640083477554207,3.030009846999703,1.8392586230452033,2.5403823005888855,2.222595094567644,3.325981463984145,1.566393278581594,2.35252157840203,2.45437241020719
2026-06-26,0.8193372757501276,4.640083477554207,3.030009846999703,1.8392586230452033,2.5403823005888855,2.222595094567644,3.325981463984145,1.566393278581594,2.3524898590099617,2.45437241020719
2026-06-29,0.8184508508074025,4.621764752378795,3.063537833742447,1.8620732577882884,2.5719805154003885,2.2529467796379774,3.376007982863412,1.5586879913255625,2.33951128995941,2.440884848997998
2026-06-30,0.8171608636337957,4.642263243271831,3.106436090871076,1.8671625809841323,2.5948900679459372,2.2439333864902267,3.4030190655656507,1.5583932224603552,2.349613254503556,2.451497011657428
2026-07-01,0.8146742093616136,4.6644238923972825,3.106957110983754,1.8853327036462806,2.5731786799687386,2.2251032465741907,3.3910605582904507,1.5662544314600841,2.3569130084754573,2.4591616601796638
2026-07-02,0.8233918546968091,4.584401009849866,3.0862876782585515,1.8733529246767577,2.541770197801835,2.2137470387452884,3.358129890816832,1.5766332868833017,2.3772959735059023,2.480475601268551
2026-07-03,0.828527967667707,4.586140028194333,3.0767023155135216,1.8633301710874581,2.537285850494813,2.2078994229897724,3.3651070573667607,1.5790966651277447,2.379103882124494,2.4824171618892747
2026-07-06,0.84037227613535,4.713689745426235,3.2040314541213886,1.8746601883207892,2.602734556826078,2.211753185954132,3.4242029053513408,1.588096314634725,2.38829669808641,2.4920575138228305
2026-07-07,0.8354947229279674,4.658071102626213,3.233182272942703,1.8592046009054124,2.586933955849701,2.170386335949677,3.415104869705758,1.583684576401125,2.3750442010066215,2.478290824189549
2026-07-08,0.812038882546685,4.419705300388139,3.078294430392927,1.8024444664358175,2.491958225599113,2.0988360153394985,3.3031351745761066,1.5524566807569802,2.328190315991799,2.4294772852136806
2026-07-09,0.8281535871039167,4.542946900059286,3.195949046538846,1.8402462502992742,2.561993866936007,2.1536525032960263,3.387140650075559,1.5641874756455,2.360016545955004,2.4627326180578186
2026-07-10,0.8347182564240597,4.5512384032193225,3.213070500250496,1.849332711603753,2.5797073864708158,2.164701086924348,3.3920695900060314,1.5822987524142722,2.3938160131872603,2.4980504396021104
2026-07-13,0.828542383392928,4.451209603419273,3.1177475573527222,1.8302221663970628,2.5114173556241353,2.1595826341701265,3.300188041396996,1.5822072906783682,2.3958989691484276,2.5002803043509942
2026-07-14,0.8327132813248173,4.4214009804273635,3.1974278543441517,1.8311796440236843,2.5486353123695484,2.1558052528227627,3.3497258612811276,1.5722044740275143,2.3750495537089686,2.478575328503354
2026-07-15,0.8340293687792644,4.510521250986968,3.2587531218961177,1.8632657894761075,2.5975017606433886,2.159140470574699,3.431453294160574,1.5765722682722283,2.3880140807374124,2.492132880918959
2026-07-16,0.8290732212178601,4.463335589656839,3.1764969011876554,1.830265697581052,2.53955062604126,2.1711518256850426,3.3555091093820444,1.5744544856753184,2.3865870049062683,2.490670759801438
2026-07-17,0.818076399020774,4.35448013887577,3.137725972985743,1.812493460726918,2.4990136534571232,2.144837583640759,3.316771849521088,1.581478773465031,2.377519827546492,2.481282744018275
2026-07-20,0.8232999925019233,4.273397279411397,3.0625032881431804,1.7931694516070558,2.447287049317541,2.1448213884947687,3.2570723851761842,1.5815973692904581,2.38482927060387,2.488986632027227
2026-07-21,0.8395413150496746,4.317131719964447,3.1140338614767846,1.8011813387446964,2.483473979868951,2.156143647416001,3.289479195258901,1.5825528863259013,2.3920428267568346,2.496538881872615
2026-07-22,0.8303193421782229,4.3796547031365325,3.100204069806221,1.7945956379198327,2.5025844834605624,2.1356361021023025,3.303723947798617,1.5685179439719437,2.3671259211646998,2.470596768653585
2026-07-23,0.8159685733388581,4.319432686230149,3.111936038741487,1.7702969136191933,2.5068964515037133,2.111650202076609,3.296844767387372,1.5574952826392654,2.3460118438457562,2.4486223973442383
2026-07-24,0.8152277375168464,4.30144076982428,3.1140127724047297,1.7490696108756216,2.524586216337107,2.104952904728932,3.2982120982243743,1.5528124682332611,2.343313316591152,2.4459084897272905
2026-07-27,0.8177285402979458,4.316375320726467,3.181457885038937,1.774056960204249,2.5796749351735677,2.1552837852818882,3.356510104226959,1.5690634053520602,2.371712381359935,2.475623572443382
2026-07-28,0.8164339580740947,4.282656415436216,3.211320904637366,1.7661341438934226,2.5692422425650605,2.1747999089155137,3.337539016826712,1.5664746808501626,2.36393353883031,2.4675523107364574
2026-07-29,0.8242923403684156,4.232557297284995,3.1593652421669955,1.7715984870418768,2.5196084609919973,2.2142048907723106,3.2995375807115446,1.5825833294507319,2.390177046865602,2.4949978111405926
2026-07-30,0.8324847069021346,4.139425465261976,3.1035052993566388,1.763600104220629,2.4985574402053654,2.197590767536111,3.2595091942028227,1.5826477894585254,2.377316669108645,2.4816381996445074
2026-07-31,0.8364503393480174,4.227245471113181,3.121585215968843,1.7794039464851337,2.5296680122450494,2.209525357281489,3.2790638502330762,1.5899091365376796,2.3881888206342925,2.493050714778813
2026-08-03,0.8460512617785211,4.343719934192823,3.135904534548099,1.7815694628768006,2.5571556427100406,2.239463188340838,3.320995439830566,1.6130963411070074,2.421577986627045,2.5279451207121637
2026-08-04,0.8434501569905466,4.390907449262967,3.1808180908255204,1.813248454161654,2.6280909236336885,2.277845155043581,3.4460848752540736,1.605458822894077,2.418259016423245,2.5245187506571516
2026-08-05,0.8575593353060126,4.531694898020226,3.328250481290543,1.8768470751031052,2.73804838976763,2.340870566149664,3.5866149362278508,1.60853556392315,2.430949585074609,2.5378214915056123
2026-08-06,0.8572787008893249,4.507539523754403,3.408460202168423,1.9122247802272763,2.7933747958476705,2.3733707752516624,3.6632433009842713,1.6081220668711034,2.4299291724280923,2.5368366182609887
2026-08-07,0.8592340196183021,4.505858250472662,3.416814087427936,1.921071000981574,2.8215803704329283,2.3845379995173817,3.697595559799231,1.6069463004455815,2.4313389717661704,2.5383636408251564
2026-08-10,0.8645362224310169,4.522858709019068,3.428655280342968,1.928443547173903,2.818481829073339,2.40136609509651,3.6879846005496306,1.6090538912137435,2.4332942760843737,2.5404341513582422
2026-08-11,0.8599399290539647,4.5370650531546906,3.5115016216399972,1.9544504065781274,2.8535294906549002,2.428664442582445,3.7361009409507253,1.6048489015061669,2.432654555947445,2.5398459229480372
2026-08-12,0.8635880387554162,4.616909581151225,3.6378107245060565,1.983047086037467,2.9687554230362516,2.454208147484484,3.848579101998721,1.60425923141434,2.4312611528108428,2.53847097370173
2026-08-13,0.8565145459241262,4.66343866241391,3.666794214918102,1.9859765471572333,2.9947637944599155,2.47143598666748,3.871002499432367,1.6032867721181214,2.435403993804939,2.5428496219120493
2026-08-14,0.8506581697728438,4.644241364681684,3.6569966803166025,1.9870599006430611,2.9644374661847315,2.46327001794914,3.849537024095954,1.5990038215386961,2.425863380634439,2.5329408428233933
2026-08-17,0.850349328838039,4.552448147589006,3.4388201682610577,1.9266540517723267,2.876320896900665,2.423757489411737,3.7144291019463935,1.5969401747594199,2.4288512452386337,2.5361133917704857
2026-08-18,0.8529434939741523,4.673064806053512,3.575199716212161,1.9861957558902226,2.9527824541055536,2.463560135587343,3.8234713123747253,1.59070211375881,2.4267921732318745,2.534045224374923
2026-08-19,0.8487618553854669,4.614874842377935,3.545161047191622,1.9590702012682972,2.9121554663633216,2.4621135296086956,3.767449228298667,1.5848603428266468,2.4138584665662743,2.520589673682756
2026-08-20,0.8522401904880389,4.609292569408156,3.52831092520041,1.9562563109355569,2.9129947843924824,2.4594532167108794,3.7767687868195567,1.5934500690397126,2.425158733052667,2.5324489953012783
2026-08-21,0.8617522971314182,4.684968851802972,3.549391325045064,1.9569978524596428,2.9242232759237456,2.4943539350488897,3.8063830619380576,1.5946259678266468,2.42772972317434,2.535212091231367
2026-08-24,0.8593949034222629,4.74460835183805,3.58052447594,1.9611706380438478,2.9491226105285127,2.5061591729090207,3.831166785397853,1.5933687991325562,2.4263279675396023,2.533796360614637
2026-08-25,0.8594703621020323,4.7246351472324735,3.5368567324678755,1.9551912924938988,2.928742216465547,2.4926395153215535,3.8221972494225582,1.6001355116139198,2.4284165841842094,2.536053048913871
2026-08-26,0.8584945191030264,4.751342324535145,3.563634277621092,1.9761962340824049,2.967489575519091,2.506102726667638,3.868611163788763,1.5965843872831391,2.4340404256673707,2.5419742717017626
2026-08-27,0.8569487266340594,4.8008039792355515,3.5436890603101867,1.9628818817987772,2.9856386195548734,2.537912118715664,3.8864096670663413,1.5913526701002982,2.428323346369947,2.5361119740380764
2026-08-28,0.8606827485346344,4.877220611842322,3.5890432978965876,1.9690747092433398,3.0409335974241656,2.54924965660298,3.953592704468775,1.59450737200122,2.4316062846944098,2.5395842888912843
2026-08-31,0.8553457305653458,4.839142187037708,3.580313111815713,1.944542418177984,3.052620444910005,2.5429997329373624,3.9651724316644907,1.5892077534138656,2.4201754478707804,2.527728966465256
2026-09-01,0.8500505823309016,4.688013137813893,3.5332124623204004,1.9213103722897704,2.977724855864146,2.5415785711393135,3.9065378575549126,1.5817227155479128,2.4082128172580455,2.5153006025867994
2026-09-02,0.8451439550846894,4.687171703419886,3.559401426810921,1.9142826354303852,2.9888799108900965,2.5305216988135157,3.9232232816435344,1.573786987073055,2.396715038585399,2.503340498164947
2026-09-03,0.8406655424705206,4.699542663800132,3.568228130822403,1.9305578528782872,2.9746888647585563,2.5478059618719713,3.921543310828799,1.5759047696699648,2.410498230283408,2.5178106397765827
2026-09-04,0.8358507195074278,4.775516296182836,3.616295092624,1.9560864191433325,3.0323131146914615,2.534449928462571,3.9697421284805228,1.5759115201019924,2.411506398036572,2.5189156269418604
2026-09-07,0.8324981786544092,4.879755582036002,3.65118603237771,1.971800505896431,3.095629712965904,2.5808035571690664,4.039510070053234,1.569273462913391,2.399910292512852,2.5068958747058607
2026-09-08,0.8353833388976052,4.978736249521267,3.629603362701322,1.9771855967072307,3.138485587195963,2.63343123449108,4.065508627967787,1.565878260326308,2.4019878126040304,2.5091450222107827
2026-09-09,0.8287152837882873,5.037520124740243,3.651521026076706,1.9655506556928972,3.150185627406485,2.6434891638785665,4.093329643178679,1.5558925182976417,2.3923130312018865,2.499151573048936
2026-09-10,0.8207349692520317,4.9664351352972345,3.641188417181834,1.9721624712483476,3.127502927359594,2.639181394449348,4.113555622770293,1.5554587699495122,2.3877762401658527,2.4944592028032293
2026-09-11,0.8171019077032218,5.054730142299041,3.667413534337289,1.9734409277625098,3.1846436001132923,2.63562429308232,4.153468712012903,1.549640824071564,2.3758616204461824,2.4820994029805212
2026-09-14,0.8171019077032218,5.054730142299041,3.667413534337289,1.9734409277625098,3.1846436001132923,2.63562429308232,4.153468712012903,1.549640824071564,2.375828698576153,2.4820994029805212
2026-09-15,0.7908504126312939,4.9232732283959395,3.5986392121280444,1.9281664868853818,3.089929545084306,2.5383720625807555,4.031219697069128,1.5232752249085117,2.3221969192650516,2.4265914825832606
2026-09-16,0.7823726017588524,4.8269432414555205,3.5466085739840683,1.914337569364056,3.027442518556973,2.51375750544815,3.9758206262753895,1.5269720791542423,2.323199377991769,2.427716426749104
2026-09-17,0.7869113435565354,4.836425995589688,3.550167264689619,1.9203784982004786,3.0504502252425962,2.5467614304602186,3.9951909813952304,1.535283978762876,2.34452539424891,2.450143030468737
2026-09-18,0.8002416552874336,4.864723313513545,3.5072625149230343,1.9229379671100513,3.043471128599119,2.59326550411237,4.002304051108301,1.5478822703476551,2.3767630004339635,2.4839445613049147
2026-09-21,0.8012555098798805,4.863273781921884,3.403937248422998,1.8747518353760169,2.980212935174773,2.594416760421574,3.9178677509664404,1.5492037666881269,2.3753725043552314,2.482606133958983
2026-09-22,0.797604008708982,4.909388768231842,3.482233273603754,1.8858153404873366,3.039782648410334,2.6131527836914086,3.9549198138659434,1.5447410693107888,2.3716839215267855,2.478893169373987
2026-09-23,0.7991152055982064,5.002850867964494,3.620063156551813,1.9414338491792482,3.12630827350048,2.634759179893107,4.069933047951347,1.5542897539560179,2.390109861888913,2.4982114801132385
2026-09-24,0.7853048221638989,4.858213381433714,3.504815351434189,1.8971635495900567,3.0344177209466925,2.5864614032987494,3.9603242761870634,1.5283680949698428,2.3547154452064873,2.4612888084534217
2026-09-25,0.7864856934277884,4.8770439937006,3.5500916055420286,1.897915998436817,3.04822519349552,2.636477971501376,3.985754991244463,1.5318175657359718,2.357738601975579,2.4645414377854227
2026-09-28,0.7760446728024862,4.778516621173937,3.48368397102751,1.8676401591756153,3.0056525275339534,2.5929152695846946,3.942166110276036,1.5066515580526565,2.3195478369129794,2.4247336464965863
2026-09-29,0.7683358923507123,4.923296514926938,3.7062634685515947,1.9499453739128676,3.1457913429442375,2.6099083685348385,4.101171656769779,1.4977636215776633,2.302266375642121,2.406742971339538
2026-09-30,0.7740920908627905,5.0739495779606125,3.8806239487191276,1.9996844713409536,3.2782600353436,2.618657110082563,4.268847992547557,1.4958050697597587,2.305348351190455,2.410001247505316
2026-10-01,0.7638790013264513,5.116512923202578,3.885470127014854,1.9786734141970843,3.3110246006863426,2.5955976744319864,4.29970881846079,1.481278801843318,2.2783109303232294,2.381787430490732
2026-10-02,0.7638790013264513,5.116512923202578,3.885470127014854,1.9786734141970843,3.3110246006863426,2.5955976744319864,4.29970881846079,1.481278801843318,2.2782132884262154,2.381787430490732
2026-10-05,0.762773943866301,5.209460090734076,3.862156957699557,1.9719051938913212,3.330013242195786,2.590790391756718,4.309786586667373,1.488994280928097,2.2830090914479997,2.3894449517401295
2026-10-06,0.7738305455949326,5.309418523256995,4.005451678890925,2.022203521876053,3.416301397237208,2.6536979578895035,4.425712437405096,1.504665872145229,2.309474563100821,2.417238369786109
2026-10-07,0.7692679675621676,5.415186102397605,4.18118995340444,2.0754085714492256,3.4956858797614356,2.670890731340794,4.533758845644431,1.4949783403784902,2.2990507529882054,2.4064573955706927
