sym,entry_i,exit_i,entry,exit,qty,reason
BAJAJ-AUTO,635,636,4000.0,3713.262989388188,0.9972527074057065,STOP
TVSMOTOR,635,637,689.9500122070312,648.778406808894,6.7220867746840405,STOP
BHARTIARTL,635,638,751.0,737.0,6.133401482238692,REPLACED_BY_AMBER
ADANIPORTS,635,638,899.0,830.4963883029726,5.201605633811313,STOP
M&M,635,639,945.0,910.0,4.9796458293769215,REPLACED_BY_POWERGRID
ACC,635,639,2383.0,2325.0,1.964077112723529,REPLACED_BY_EIDPARRY
RELIANCE,635,639,1296.79150390625,1222.4341993418655,3.599559625165096,STOP
COLPAL,635,639,1640.0,1569.239482948885,2.821139740455144,STOP
TATACONSUM,637,639,823.2999877929688,778.6803343540378,4.470921547889741,STOP
EMBASSY,635,640,390.3999938964844,382.8999938964844,11.849815736233207,REPLACED_BY_VEDL
M&MFIN,635,640,186.75,172.0500030517578,24.88077959776073,STOP
AMBER,638,640,3928.0,3644.4367563578276,1.1101633459992102,STOP
EIDPARRY,639,640,534.0,488.7464327194409,8.313563578861334,STOP
ADANIENT,635,641,2359.85009765625,2193.1950832620655,1.9773721872592702,STOP
PAGEIND,635,641,46280.0,43508.1985944327,0.1008127608792721,STOP
TATACHEM,640,642,1038.800048828125,981.2953070210251,4.186365072313477,STOP
ABB,641,642,2253.89990234375,2090.088563913828,1.920748038407788,STOP
OIL,642,642,155.8000030517578,145.36701898583593,27.077747271608978,STOP
SCHAEFFLER,635,643,2240.0,2079.73861601201,2.0651415352179487,STOP
TIINDIA,638,643,1833.0,1716.6263778480054,2.437321677980163,STOP
NTPC,639,643,159.60000610351562,150.3095545154746,27.80445510041531,STOP
SUMICHEM,641,643,440.0,407.3052441186738,9.848175126807236,STOP
IOC,641,643,83.76666259765625,79.39829552668886,37.537080231131576,STOP
AIAENG,641,644,1894.800048828125,1804.0,2.2642768773939466,REPLACED_BY_NAVINFLUOR
ITC,640,644,249.39505004882812,240.36089843172866,17.358856690235374,STOP
PETRONET,642,644,216.10000610351562,203.39999389648438,19.72476549519119,STOP
BHARTIARTL,644,645,715.25,687.4855789622795,5.653494059699247,STOP
OFSS,644,645,3500.550048828125,3347.5878242737385,1.1560639045749659,STOP
NAVINFLUOR,644,647,3946.0,3899.10009765625,0.8368155551694771,REPLACED_BY_APOLLOTYRE
PVRINOX,643,647,1777.0,1748.0,2.348080297089776,REPLACED_BY_GESHIP
EMBASSY,643,648,371.0,371.5,10.197470181840657,REPLACED_BY_TVSMOTOR
SUNPHARMA,646,649,881.9500122070312,885.0,4.281979110277778,REPLACED_BY_EICHERMOT
POWERGRID,639,649,178.8000030517578,167.25,24.754078044441155,STOP
AMBUJACEM,645,651,378.0,365.6499938964844,10.719595957374288,REPLACED_BY_TATACHEM
UPL,643,652,801.0,789.0,5.268910320125485,REPLACED_BY_ASHOKLEY
POLYCAB,646,652,2550.050048828125,2543.199951171875,1.57011957169767,REPLACED_BY_HINDUNILVR
COLPAL,645,653,1568.949951171875,1559.4000244140625,2.5580074591614723,REPLACED_BY_KOTAKBANK
TATACHEM,651,654,995.0,928.0,3.970011957781151,REPLACED_BY_CIPLA
HINDUNILVR,652,656,2380.0,2342.199951171875,1.6478708510004123,REPLACED_BY_HDFCLIFE
EICHERMOT,649,656,2622.0,2755.300048828125,1.436644626782523,REPLACED_BY_HEROMOTOCO
APOLLOTYRE,647,657,209.1999969482422,219.0,19.15284150020001,REPLACED_BY_ABB
GESHIP,647,658,393.6499938964844,398.20001220703125,8.424809405926657,REPLACED_BY_MRF
CIPLA,654,658,972.0999755859375,994.5,3.767238225432699,REPLACED_BY_SUMICHEM
KOTAKBANK,653,659,379.57000732421875,369.6400146484375,10.446280430107773,REPLACED_BY_COALINDIA
BAJAJ-AUTO,644,660,3585.0,3719.0,1.1311368954056369,REPLACED_BY_ADANIENT
HEROMOTOCO,656,660,2724.0,2675.0,1.3317858670604465,REPLACED_BY_M&MFIN
HDFCLIFE,656,661,605.6500244140625,601.9500122070312,6.841372561020815,REPLACED_BY_RELIANCE
MRF,658,662,77200.0,74000.0,0.05319071364696877,STOP
ABB,657,663,2392.0,2369.25,1.7328281977223665,REPLACED_BY_ICICIPRULI
ADANIENT,660,664,2235.0,2160.300048828125,1.8725097677242926,REPLACED_BY_BANDHANBNK
COALINDIA,659,666,196.5,196.64999389648438,19.533152001771295,REPLACED_BY_BAJAJ-AUTO
M&MFIN,660,666,186.5,172.21423442494677,18.96884747162627,STOP
RELIANCE,661,666,1282.9696044921875,1213.638188826012,3.1869712835217214,STOP
BANDHANBNK,664,666,329.75,306.3424233612291,12.194039243355583,STOP
BAJAJ-AUTO,666,667,3825.0,3663.154648693276,0.9982264029510541,STOP
SUMICHEM,658,668,472.0,438.8500061035156,6.307055053815441,REPLACED_BY_DRREDDY
ICICIPRULI,663,668,560.0,537.7999877929688,6.9441047221261645,REPLACED_BY_BEL
EMBASSY,663,668,396.0,378.55086364372744,10.377661418959782,STOP
ITC,650,669,266.7275085449219,251.34332434870768,15.226641137911026,STOP
DRREDDY,668,670,861.3400268554688,818.9389043821271,4.564174567360517,STOP
HEROMOTOCO,667,671,2595.949951171875,2446.0808466124727,1.5200271400897476,STOP
BEL,668,671,81.03333282470703,75.19790519513013,27.161411523747702,STOP
SBILIFE,669,672,1131.3499755859375,1080.0999755859375,3.451604226690285,REPLACED_BY_MAXHEALTH
SIEMENS,667,674,1398.6729736328125,1336.920654296875,2.114285497805732,REPLACED_BY_PVRINOX
TORNTPHARM,670,675,1393.5250244140625,1438.875,2.729926287667564,REPLACED_BY_AIAENG
ABBOTINDIA,672,675,17828.400390625,18100.0,0.21098614302856256,REPLACED_BY_ABB
MFSL,672,676,787.0499877929688,825.0,4.7753527694477675,REPLACED_BY_HINDUNILVR
COROMANDEL,640,676,900.0,944.0,4.800475555892809,REPLACED_BY_SHRIRAMFIN
BRITANNIA,672,677,3378.60009765625,3455.0,1.1133443811229058,REPLACED_BY_HEROMOTOCO
HAL,644,677,774.9749755859375,903.75,5.249361648078154,REPLACED_BY_BEL
MAXHEALTH,672,678,362.3999938964844,370.0,5.148440342838675,REPLACED_BY_BOSCHLTD
SHRIRAMFIN,676,679,253.8000030517578,247.0,15.897932109054635,REPLACED_BY_SIEMENS
HINDUNILVR,676,679,2315.85009765625,2224.89990234375,1.718624549721023,REPLACED_BY_COALINDIA
ABB,675,680,2292.949951171875,2260.35009765625,1.640867556946463,REPLACED_BY_SHRIRAMFIN
AIAENG,675,681,2151.0,2212.14990234375,1.8308240291784108,INELIGIBLE
EICHERMOT,668,681,2744.0,2793.800048828125,1.4453317616420713,REPLACED_BY_ADANIENT
PVRINOX,674,681,1795.0,1885.0,1.5653052292945917,REPLACED_BY_PETRONET
COALINDIA,679,682,188.10000610351562,183.0,19.703028368539524,REPLACED_BY_BRITANNIA
BEL,677,683,79.81666564941406,76.5999984741211,49.68059150184226,REPLACED_BY_SCHAEFFLER
SHRIRAMFIN,680,684,253.24000549316406,256.0,14.55831627273456,REPLACED_BY_HINDUNILVR
PETRONET,681,684,216.6999969482422,222.0,13.805827705080153,REPLACED_BY_VBL
ADANIENT,681,685,2232.199951171875,2286.0,1.7835918617174318,REPLACED_BY_CUMMINSIND
MARUTI,667,685,7805.0,8620.0,0.49992995811785285,REPLACED_BY_ABB
ASHOKLEY,652,686,69.0,71.44999694824219,60.57405959824064,REPLACED_BY_M&MFIN
BOSCHLTD,678,686,14614.0,16100.0,0.19903692747004598,REPLACED_BY_UBL
SCHAEFFLER,683,687,2334.5,2384.25,1.6203762384018845,REPLACED_BY_EICHERMOT
TVSMOTOR,648,688,677.2000122070312,850.9000244140625,5.56068802445736,REPLACED_BY_INDIANB
CUMMINSIND,685,689,1133.0,1087.1500244140625,3.5885072191115377,REPLACED_BY_MRF
BRITANNIA,682,689,3709.0,3726.0,0.9663211037871571,REPLACED_BY_AIAENG
UBL,686,692,1600.1500244140625,1644.8499755859375,2.2803804207155762,REPLACED_BY_TVSMOTOR
HEROMOTOCO,677,692,2748.0,2815.0,1.4426692534403558,REPLACED_BY_FLUOROCHEM
ITC,681,693,275.0567321777344,283.9637145996094,14.540765204743844,REPLACED_BY_FEDERALBNK
EICHERMOT,687,694,3038.5,3053.0,1.2638706885007194,REPLACED_BY_TIMKEN
M&MFIN,686,694,196.9499969482422,205.0,20.52022221133444,REPLACED_BY_BRITANNIA
INDIANB,688,695,175.25,177.0,23.082868738409122,REPLACED_BY_CUMMINSIND
AIAENG,689,696,2268.050048828125,2399.64990234375,1.7845065855843114,REPLACED_BY_BEL
VBL,684,696,166.0,175.52000427246094,16.20971986119716,REPLACED_BY_SHRIRAMFIN
M&M,644,698,884.9000244140625,1140.0,4.606987316686186,REPLACED_BY_CUB
FEDERALBNK,693,698,108.44999694824219,105.4000015258789,37.84554742779282,REPLACED_BY_COALINDIA
BRITANNIA,694,699,3844.0,3863.5,1.0130557926087351,REPLACED_BY_PVRINOX
TVSMOTOR,692,699,870.5,857.9500122070312,4.667210533569378,REPLACED_BY_PAGEIND
FLUOROCHEM,692,700,3289.10009765625,3288.0,1.131519742705471,REPLACED_BY_HAL
SHRIRAMFIN,696,700,294.6000061035156,280.98042856014877,9.882984463351935,STOP
CUB,698,702,121.42500305175781,120.375,33.689696648977154,REPLACED_BY_BOSCHLTD
HINDUNILVR,684,702,2505.0,2600.0,1.6209102476001906,REPLACED_BY_CIEINDIA
CUMMINSIND,695,703,1225.0,1200.0,3.3152874140015216,REPLACED_BY_BALKRISIND
SIEMENS,679,703,1412.1446533203125,1567.28857421875,2.831192123128349,REPLACED_BY_ADANIENT
ABB,685,704,2569.949951171875,2689.0,1.5828251718812858,REPLACED_BY_VBL
BALKRISIND,703,704,2440.0,2311.096954587804,1.7229092368504093,STOP
CIEINDIA,702,705,277.3999938964844,266.8999938964844,14.515585810138633,REPLACED_BY_CIPLA
TIMKEN,694,705,2825.699951171875,2998.0,1.4590401151317918,REPLACED_BY_AIAENG
PVRINOX,699,706,2039.0999755859375,2110.0,2.027903403103671,REPLACED_BY_CHOLAFIN
PAGEIND,699,706,47500.0,48445.0,0.08674858171307295,REPLACED_BY_TATAELXSI
BOSCHLTD,702,707,17617.900390625,17350.0,0.2380346237073348,REPLACED_BY_M&M
CIPLA,705,708,1040.0,1040.5,3.9758888498454263,REPLACED_BY_ICICIBANK
MRF,689,709,77399.796875,82995.0,0.05230403327678139,REPLACED_BY_BDL
ADANIPOWER,705,709,69.13999938964844,68.5999984741211,59.79576797906048,REPLACED_BY_INDHOTEL
BDL,709,709,443.0,406.9974512847231,9.52442311240689,STOP
CHOLAFIN,706,710,774.8499755859375,784.0,5.333627360869789,REPLACED_BY_TORNTPOWER
TVSMOTOR,701,710,908.9000244140625,958.0,3.20971043808353,REPLACED_BY_FLUOROCHEM
AIAENG,705,711,2443.0,2576.35009765625,1.6174707057374926,REPLACED_BY_SOLARINDS
COALINDIA,698,711,202.39999389648438,223.5,20.25878194231128,REPLACED_BY_KARURVYSYA
VBL,704,712,189.8000030517578,207.3000030517578,21.955382894234642,REPLACED_BY_EICHERMOT
M&M,707,712,1277.0,1274.0,3.2599485336406144,REPLACED_BY_SBICARD
SBICARD,712,712,983.0,950.7003007189892,4.2728695950081965,STOP
TATAELXSI,706,713,9321.2001953125,10614.150390625,0.4418810195325087,REPLACED_BY_SBILIFE
INDHOTEL,709,714,277.75,271.45001220703125,15.024796172470861,REPLACED_BY_AMBUJACEM
BEL,696,714,89.9000015258789,95.0,46.419997555105915,REPLACED_BY_LT
TRENT,710,714,1390.5999755859375,1309.6469954009692,3.0493088998797595,STOP
AMBUJACEM,714,714,418.1000061035156,406.95597428905813,10.058241592976001,STOP
FLUOROCHEM,710,715,3597.949951171875,3399.449951171875,0.7252697099466051,REPLACED_BY_SUNTV
TVSMOTOR,713,715,981.4000244140625,926.0905887329998,4.401788429738456,STOP
HAL,700,716,1020.0,1120.0,4.069410440390997,REPLACED_BY_M&M
SBILIFE,713,716,1320.0,1284.0,3.2376847067326158,REPLACED_BY_GESHIP
LT,714,716,1937.0999755859375,1861.1176782429256,2.1843380562954975,STOP
TORNTPOWER,710,717,579.2000122070312,582.0,7.27975102286704,REPLACED_BY_ASAHIINDIA
ICICIBANK,708,717,860.0499877929688,873.2999877929688,4.9223403505821945,REPLACED_BY_ABB
SIEMENS,715,718,1683.33837890625,1705.820556640625,2.449754848260385,REPLACED_BY_THERMAX
PIIND,715,718,3365.0,3419.449951171875,1.2237936500863584,REPLACED_BY_CUB
SUNTV,715,719,494.8999938964844,490.0,5.219965021816058,REPLACED_BY_COALINDIA
GESHIP,716,719,554.0,525.5499877929688,7.529874511797492,REPLACED_BY_TEJASNET
CUB,718,719,142.875,133.5,29.259323033759927,STOP
SOLARINDS,711,720,3315.0,3330.25,1.2936184216881899,REPLACED_BY_ATGL
EICHERMOT,712,721,3400.0,3241.0,1.2586201187935688,REPLACED_BY_PCBL
THERMAX,718,721,2460.050048828125,2423.0,1.6961297855399429,REPLACED_BY_GESHIP
COALINDIA,719,722,221.39999389648438,231.0,18.172773506937986,REPLACED_BY_TVSMOTOR
ASAHIINDIA,717,722,634.0,639.4500122070312,6.6564522162272866,REPLACED_BY_PIDILITIND
M&M,716,723,1274.949951171875,1319.0,3.250958910229701,REPLACED_BY_KALYANKJIL
ATGL,720,723,3550.0,3588.050048828125,1.1196807871012218,REPLACED_BY_HAL
TEJASNET,719,724,526.0,658.0,5.032173292866696,REPLACED_BY_INDHOTEL
GESHIP,721,724,571.5,539.9000244140625,6.874627827607856,REPLACED_BY_TIINDIA
PIDILITIND,722,725,1414.9749755859375,1408.449951171875,2.895980659999361,REPLACED_BY_AMBUJACEM
CEATLTD,720,726,1395.0,1429.6500244140625,3.003718880720261,REPLACED_BY_APOLLOTYRE
HAL,723,727,1190.824951171875,1217.0,3.339334966023164,REPLACED_BY_SCHAEFFLER
ABB,717,727,3050.0,3333.0,1.355454645098817,REPLACED_BY_BANKBARODA
KALYANKJIL,723,728,84.6500015258789,82.9000015258789,50.55213430570262,REPLACED_BY_M&MFIN
FEDERALBNK,717,728,114.75,120.1500015258789,36.388606161476886,REPLACED_BY_LICHSGFIN
TIINDIA,724,729,2525.0,2745.0,1.065377547337853,REPLACED_BY_CCL
PCBL,721,730,137.0,137.1999969482422,30.737766202551438,REPLACED_BY_ADANIPORTS
TVSMOTOR,722,731,1022.0,1041.800048828125,4.213370270266186,REPLACED_BY_INDUSINDBK
M&MFIN,728,732,224.85000610351562,230.0,19.256536761001907,REPLACED_BY_IDFCFIRSTB
KARURVYSYA,711,732,54.791664123535156,70.83333587646484,78.45919514949173,REPLACED_BY_PIDILITIND
AMBUJACEM,725,733,440.04998779296875,517.0,9.213598609968031,REPLACED_BY_ADANIENSOL
SCHAEFFLER,727,733,3515.0,3279.6549172898294,1.2306974765156504,STOP
LICHSGFIN,728,733,436.70001220703125,416.0442818352555,9.57592641106135,STOP
PIDILITIND,732,733,1451.5,1392.940690792249,3.1397727201284393,STOP
ADANIENSOL,733,736,4165.0,3877.949951171875,1.085032767500932,REPLACED_BY_PATANJALI
BEL,716,736,100.0,108.5999984741211,41.60290692611808,REPLACED_BY_CGPOWER
IDFCFIRSTB,732,736,52.79999923706055,49.576057755770385,86.36160923718617,STOP
FLUOROCHEM,734,737,3694.0,3750.0,1.207054891840878,REPLACED_BY_COCHINSHIP
BANKBARODA,727,738,139.5,130.0,30.139520849386518,REPLACED_BY_PAGEIND
CCL,729,738,500.1000061035156,503.0,5.812771538923128,REPLACED_BY_ITC
ADANIPORTS,730,738,941.0,899.2516855879712,4.454828675396003,STOP
INDUSINDBK,731,738,1219.0,1153.582148683901,3.579352905380985,STOP
SOLARINDS,734,738,3653.0,3448.548430869933,1.2128517498905949,STOP
CGPOWER,736,738,262.3999938964844,245.0,16.625717003983915,STOP
VBL,737,738,235.0,217.8084156210033,18.795762185303218,STOP
COCHINSHIP,737,738,216.375,202.59371095332511,20.0495916019702,STOP
PAGEIND,738,738,52941.19921875,50511.105587904945,0.08095362388691617,STOP
ITC,738,738,332.0613098144531,323.09222896307523,7.574658072665869,STOP
PATANJALI,736,739,480.0,453.9524835221136,8.981233916510979,STOP
APOLLOTYRE,726,740,277.0,270.0,15.41002973333155,REPLACED_BY_PIDILITIND
BAJFINANCE,734,741,756.9949951171875,731.25,5.885814381312685,REPLACED_BY_MARICO
TITAN,739,741,2669.949951171875,2524.5585570710855,1.550184119160985,STOP
MAXHEALTH,739,741,419.5,389.58370156488127,9.818757134005953,STOP
PIDILITIND,740,741,1397.5,1340.8651430591176,2.9191081592811337,STOP
BAJAJFINSV,739,742,1688.5,1625.75,2.454981994608676,REPLACED_BY_KIMS
ADANIENT,703,743,2685.0,3440.0,1.5498691298105205,REPLACED_BY_GRANULES
KAJARIACER,739,744,1184.0,1204.5,1.6482692925960425,REPLACED_BY_SOLARINDS
ASIANPAINT,739,744,3454.85009765625,3330.0,1.1973397332697726,REPLACED_BY_BHEL
MARICO,741,744,550.0999755859375,520.1084028402471,7.463921003971634,STOP
SUPREMEIND,742,745,2117.39990234375,2070.0,1.9053438673128547,REPLACED_BY_LEMONTREE
UBL,742,745,1699.699951171875,1705.449951171875,2.3735806521603777,REPLACED_BY_FLUOROCHEM
HINDUNILVR,739,746,2676.0,2611.89990234375,1.5472416804356564,REPLACED_BY_TVSMOTOR
EICHERMOT,739,746,3543.800048828125,3531.35009765625,1.1709444813064733,REPLACED_BY_COALINDIA
KIMS,742,747,289.5899963378906,289.9100036621094,12.452201454281786,REPLACED_BY_TATACHEM
RHIM,739,747,651.5,656.0,6.317547702070288,REPLACED_BY_POONAWALLA
ESCORTS,742,749,2100.0,2050.0,1.9276482903274905,REPLACED_BY_SUNTV
FLUOROCHEM,745,749,4014.89990234375,3990.0,0.9078139746444579,REPLACED_BY_RITES
LEMONTREE,745,749,92.0,84.2407305413454,44.28740814790084,STOP
BHEL,744,750,61.400001525878906,61.900001525878906,50.09458905495714,REPLACED_BY_FEDERALBNK
INDHOTEL,724,751,310.45001220703125,324.0,13.820881379781174,REPLACED_BY_ABB
GRANULES,743,751,348.0,351.0,11.758117432492575,REPLACED_BY_SUNPHARMA
SOLARINDS,744,752,4034.949951171875,3847.5,1.0083836217730122,REPLACED_BY_RKFORGE
POONAWALLA,747,753,326.6000061035156,328.0,11.603252995470402,REPLACED_BY_INDUSINDBK
ABB,751,754,3312.0,3227.0,1.1969241299163937,REPLACED_BY_CGPOWER
RITES,749,754,180.0,194.64999389648438,20.160180699330557,REPLACED_BY_GRANULES
SUNTV,749,755,530.0,529.0,7.357956621237413,REPLACED_BY_BLUESTARCO
TATACHEM,747,756,1169.8499755859375,1161.9000244140625,3.3962431176381096,REPLACED_BY_PAGEIND
INDUSINDBK,753,756,1207.0,1166.0,3.2891021481509695,REPLACED_BY_EIDPARRY
COALINDIA,746,757,233.0,240.89999389648438,17.262739155655943,REPLACED_BY_GODFRYPHLP
CGPOWER,754,757,263.6000061035156,259.0,15.339311148565555,REPLACED_BY_INDIANB
SUNPHARMA,751,758,976.0,991.9500122070312,4.036529004570947,REPLACED_BY_BANKBARODA
CIPLA,740,758,1101.0,1147.0,3.7320881782726927,REPLACED_BY_BDL
EIDPARRY,756,759,661.0,620.9500122070312,5.710071365475241,REPLACED_BY_UNIONBANK
RKFORGE,752,759,224.89999389648438,229.89999389648438,17.565299723323733,REPLACED_BY_BHEL
PAGEIND,756,759,53800.0,50799.89170634291,0.0736112157532762,STOP
BLUESTARCO,755,760,608.375,614.9749755859375,6.474302173810803,REPLACED_BY_POLYCAB
TVSMOTOR,746,760,1080.0,1120.0,3.7503250927840712,REPLACED_BY_BHARTIARTL
GRANULES,754,761,357.1499938964844,369.45001220703125,11.18826997756995,REPLACED_BY_BHARATFORG
INDIANB,757,761,232.0,246.5,17.422509655620534,REPLACED_BY_AEGISLOG
BDL,758,762,482.5,479.75,8.29015798376138,REPLACED_BY_SCI
AEGISLOG,761,764,318.3999938964844,311.0,12.575857196107314,REPLACED_BY_NTPC
IDFCFIRSTB,745,764,53.849998474121094,55.04999923706055,75.83802174505125,REPLACED_BY_GRANULES
AXISBANK,750,765,807.0,869.0,4.841715252168695,REPLACED_BY_INDIANB
BANKBARODA,758,765,144.3000030517578,148.89999389648438,27.638165569907184,REPLACED_BY_LEMONTREE
POLYCAB,760,766,2784.449951171875,2754.449951171875,1.4498815041651905,REPLACED_BY_CEMPRO
GRANULES,764,767,376.5,365.0,10.664110574952266,REPLACED_BY_ZYDUSLIFE
NTPC,764,767,179.35000610351562,177.75,22.200445711589023,REPLACED_BY_SBIN
INDIANB,765,768,253.39999389648438,267.8500061035156,16.039462900150284,REPLACED_BY_ABCAPITAL
SCI,762,768,131.0,131.4499969482422,30.726007443465523,REPLACED_BY_ITC
CEMPRO,766,768,128.0,116.84196522255027,31.888779254961303,STOP
ZYDUSLIFE,767,768,451.04998779296875,430.84477401070984,9.047734178807348,STOP
LEMONTREE,765,769,93.6500015258789,90.9000015258789,43.26185004181155,REPLACED_BY_CEATLTD
BHARTIARTL,760,769,819.0,830.75,4.610911112515965,REPLACED_BY_CANBK
ITC,768,770,345.68658447265625,335.5856222825852,11.806776611349905,STOP
FEDERALBNK,750,771,125.55000305175781,136.35000610351562,22.967161497670237,REPLACED_BY_ADANIENT
UNIONBANK,759,771,51.650001525878906,64.75,77.3522216555003,REPLACED_BY_BHARTIARTL
CRAFTSMAN,769,771,3420.0,3149.649754985821,1.2005302798570165,STOP
BHEL,759,772,71.5999984741211,70.6500015258789,52.93733497108263,REPLACED_BY_INDIANB
BHARATFORG,761,772,839.9500122070312,852.0,4.792455791587058,REPLACED_BY_BANKBARODA
COCHINSHIP,760,773,281.0,331.0,14.365006879746495,REPLACED_BY_NCC
ABCAPITAL,768,773,129.9499969482422,123.93112659015434,31.399471543786195,STOP
SUPREMEIND,769,773,2430.0,2281.8974931381663,1.655990118594346,STOP
SBIN,767,774,621.0,601.0,6.558980145805854,REPLACED_BY_ENGINERSIN
ADANIENT,771,776,4025.050048828125,4001.85009765625,1.0098524991702922,REPLACED_BY_HINDZINC
ENGINERSIN,774,776,81.4000015258789,76.08314044180673,49.92678521246869,STOP
HINDZINC,776,777,324.3500061035156,304.1000061035156,12.24282626536839,STOP
CEATLTD,769,778,1746.0,1716.0,2.3535830746399635,REPLACED_BY_AEGISLOG
GODFRYPHLP,757,779,483.6666564941406,587.6666870117188,8.354535354163298,REPLACED_BY_BANKINDIA
BHARTIARTL,771,780,822.6500244140625,840.25,4.7550017509500595,REPLACED_BY_ABCAPITAL
PNB,778,781,50.54999923706055,53.45000076293945,79.38053413447093,REPLACED_BY_APOLLOTYRE
EXIDEIND,772,781,181.9499969482422,185.6999969482422,22.32525586233402,REPLACED_BY_LTF
AEGISLOG,778,782,331.20001220703125,317.0,11.17957295738719,REPLACED_BY_BRITANNIA
IIFL,777,783,465.0,470.0,8.493219687921792,REPLACED_BY_JSWSTEEL
INDIANB,772,783,271.1499938964844,268.6000061035156,15.003133123636854,REPLACED_BY_SUPREMEIND
ARE&M,774,784,638.2000122070312,646.0,6.354532752703645,REPLACED_BY_BHEL
NCC,773,784,78.9000015258789,79.94999694824219,50.855473462253705,REPLACED_BY_JKCEMENT
CANBK,769,785,62.79999923706055,64.0,50.62576942796968,REPLACED_BY_INDIANB
CUMMINSIND,774,786,1374.0999755859375,1446.4000244140625,2.918045565295503,REPLACED_BY_PNB
SUPREMEIND,783,787,2447.949951171875,2454.35009765625,1.6517688997077753,REPLACED_BY_JSL
JKCEMENT,784,787,3201.949951171875,3177.199951171875,1.2661981014559673,REPLACED_BY_CEMPRO
APOLLOTYRE,781,788,314.29998779296875,316.25,12.851856388641364,REPLACED_BY_CUMMINSIND
BANKINDIA,779,788,82.05000305175781,93.5999984741211,49.29798391065752,REPLACED_BY_AXISBANK
JSWSTEEL,783,789,747.1500244140625,748.4500122070312,5.410798240269075,REPLACED_BY_PFC
ABCAPITAL,780,789,136.39999389648438,161.60000610351562,29.745583381144268,REPLACED_BY_LT
BHEL,784,790,85.1500015258789,85.8499984741211,47.88143439374404,REPLACED_BY_IIFL
INDIANB,785,790,282.8999938964844,273.45001220703125,12.855619098100492,REPLACED_BY_ABCAPITAL
JSL,787,791,204.0,214.75,21.0819378888107,REPLACED_BY_UBL
JINDALSTEL,771,791,514.0,555.0,7.88620153830495,REPLACED_BY_REDINGTON
LTF,781,792,88.75,92.5,45.28197915054836,REPLACED_BY_AEGISLOG
REDINGTON,791,792,200.64999389648438,186.2879759421379,21.098693666829277,STOP
CUMMINSIND,788,793,1466.0,1490.0,2.8426454546850044,REPLACED_BY_BHARATFORG
ABCAPITAL,790,793,153.5,155.10000610351562,26.536617212127112,REPLACED_BY_IDFCFIRSTB
CEMPRO,787,795,134.35000610351562,132.64999389648438,28.183458134769914,REPLACED_BY_APOLLOTYRE
BHARATFORG,793,795,910.0999755859375,865.2778690340652,4.617407891203292,STOP
PNB,786,796,55.150001525878906,55.95000076293945,75.01208510114509,REPLACED_BY_HINDUNILVR
UBL,791,797,1777.0,1733.0,2.361272663010646,REPLACED_BY_GODFRYPHLP
BANKBARODA,772,797,164.25,184.64999389648438,20.72966165507272,REPLACED_BY_GESHIP
PFC,789,797,116.44000244140625,110.50288928002843,36.346838134710396,STOP
IDFCFIRSTB,793,797,63.0,59.63890129491284,66.87302199718366,STOP
SUPREMEIND,793,798,2570.0,2427.300048828125,1.635140867825434,REPLACED_BY_NESTLEIND
AEGISLOG,792,798,362.5,335.08753009454585,11.621469641998925,STOP
GODFRYPHLP,797,798,678.6666870117188,623.2828972128627,6.055626609044696,STOP
LT,789,799,2168.0,2090.6574229939797,1.9389899129910977,STOP
IIFL,790,799,489.5,454.96437897940206,8.457885753082346,STOP
HINDUNILVR,796,799,2706.0,2626.0717925944987,1.4956772034353552,STOP
GESHIP,797,799,729.0,673.4423559630128,5.16143840922715,STOP
RKFORGE,798,799,262.0,240.10217500787172,15.418479687477648,STOP
APOLLOTYRE,795,800,323.8500061035156,305.86043109527816,11.474977176429826,STOP
NESTLEIND,798,802,1019.75,989.5,3.7615874068253383,REPLACED_BY_RBLBANK
ZYDUSLIFE,800,803,421.0,415.25,9.168198817771282,REPLACED_BY_CRAFTSMAN
ICICIGI,801,804,1239.0,1241.949951171875,2.8157756283959503,REPLACED_BY_CANBK
LUPIN,800,804,760.5499877929688,745.0,5.0920301964886425,REPLACED_BY_BANKBARODA
COHANCE,800,805,510.0,494.0,7.768156327021283,REPLACED_BY_CIEINDIA
BRITANNIA,782,805,4297.9501953125,4379.9501953125,0.9341002021880688,REPLACED_BY_JSWSTEEL
SUPREMEIND,800,806,2319.300048828125,2422.60009765625,1.4659487909329865,REPLACED_BY_PFC
HINDZINC,799,806,312.25,329.45001220703125,11.832476661237807,REPLACED_BY_NMDC
JSWSTEEL,805,807,771.9000244140625,736.6614611920312,5.02774258641894,STOP
NMDC,806,809,42.150001525878906,40.666664123535156,79.61657842158662,REPLACED_BY_APARINDS
BANKBARODA,804,810,186.89999389648438,184.3000030517578,17.60576836843726,REPLACED_BY_GODREJCP
CIEINDIA,805,811,346.79998779296875,345.0,11.535284618899649,REPLACED_BY_ZYDUSLIFE
CANBK,804,812,64.69000244140625,63.7400016784668,61.16067243482023,REPLACED_BY_MRF
APARINDS,809,812,1850.0,1826.050048828125,1.7396607105040303,REPLACED_BY_HDFCLIFE
SOLARINDS,800,813,3980.0,4354.39990234375,0.9546492333130628,REPLACED_BY_IOC
RBLBANK,802,813,166.3000030517578,181.9499969482422,22.247894912602177,REPLACED_BY_TATACOMM
MRF,812,813,94261.0,90513.98896079796,0.0424115579035273,STOP
CRAFTSMAN,803,814,3290.0,3463.300048828125,1.1502493357017964,REPLACED_BY_JSWSTEEL
AXISBANK,788,814,915.6500244140625,935.5,4.539872341435951,REPLACED_BY_CIEINDIA
TATACOMM,813,816,1430.0,1370.050048828125,2.796109079847862,REPLACED_BY_LTF
ZYDUSLIFE,811,816,443.5,439.0,8.91965405685945,REPLACED_BY_ULTRACEMCO
PFC,806,817,120.72000122070312,120.23999786376953,33.542199387878014,REPLACED_BY_LT
HDFCLIFE,812,817,600.0,610.0,5.058349111368893,REPLACED_BY_HINDCOPPER
ABBOTINDIA,796,818,20800.0,21960.0,0.1969210569219768,REPLACED_BY_HINDALCO
CIEINDIA,814,818,357.0,375.0,11.009883736125234,REPLACED_BY_CGPOWER
RECLTD,799,819,112.0,123.94999694824219,35.07154795951197,REPLACED_BY_CIEINDIA
INDIGO,814,820,2100.60009765625,2110.0,1.8664055425297281,REPLACED_BY_RECLTD
JSWSTEEL,814,820,765.0,730.0782527468411,5.146213917892846,STOP
ULTRACEMCO,816,820,7280.0,7027.905993603141,0.5402301637547324,STOP
GODREJCP,810,821,919.1500244140625,928.0,3.5090386227083163,REPLACED_BY_OIL
LTF,816,821,95.30000305175781,89.16648130767922,41.360963721215896,STOP
CIEINDIA,819,821,382.79998779296875,355.1337608685504,10.443767093219282,STOP
HINDALCO,818,822,493.1499938964844,484.1000061035156,7.873231481257325,REPLACED_BY_HCLTECH
JINDALSTEL,798,823,548.75,596.0,7.337575017902888,REPLACED_BY_INDIGO
HINDCOPPER,817,823,128.75,127.44999694824219,26.066776490600418,REPLACED_BY_PERSISTENT
IOC,813,823,83.75,80.32917857418222,47.43010710555575,STOP
LT,817,823,2221.0,2130.106620345044,1.77405665483778,STOP
CGPOWER,818,823,308.3999938964844,289.8311387121314,12.842035969598143,STOP
RECLTD,820,823,124.94999694824219,118.45808679906533,31.661716862281963,STOP
ENGINERSIN,821,823,89.0,83.12781279541689,43.73021931646313,STOP
SAIL,821,823,92.94999694824219,87.83740000573418,41.757428868715046,STOP
OIL,821,823,160.93333435058594,152.5701534359905,23.69445601756964,STOP
HDFCBANK,822,823,845.7000122070312,816.0,4.519189404408765,STOP
JSL,822,823,253.1999969482422,237.0961553025608,14.910070580190048,STOP
HINDZINC,808,825,334.54998779296875,330.0,11.004598228463998,REPLACED_BY_AEGISLOG
PETRONET,824,825,226.9499969482422,216.9529844380532,16.373179654188913,STOP
SUNPHARMA,824,826,1041.949951171875,1007.1666700827731,3.539362310292386,STOP
BAJAJ-AUTO,824,826,3940.0,3788.8669899100473,0.9380760071046645,STOP
MFSL,824,826,832.5,794.5903253574186,4.405834725825729,STOP
TMPV,824,828,445.6000061035156,447.0,8.287636154366185,REPLACED_BY_ARE&M
AEGISLOG,825,828,370.0,361.8999938964844,9.756198601888766,REPLACED_BY_APLAPOLLO
INDIGO,823,829,2109.0,2180.0,1.7994584684739692,REPLACED_BY_CYIENT
TATASTEEL,824,830,120.44999694824219,112.5999984741211,30.608957101232708,REPLACED_BY_BALKRISIND
ARE&M,828,831,614.0499877929688,588.4500122070312,5.993481126267276,MQS_LT_50
COFORGE,824,831,862.0,868.8200073242188,4.300052035903643,REPLACED_BY_M&MFIN
ITC,827,832,348.1901550292969,360.13031005859375,10.432460511266719,REPLACED_BY_ZYDUSLIFE
PERSISTENT,823,833,2296.0,2410.0,1.6523760446794598,REPLACED_BY_CANFINHOME
HCLTECH,822,834,1134.8499755859375,1121.25,3.1230734388364962,REPLACED_BY_CGPOWER
POLYCAB,826,834,2949.0,2988.0,1.1973417016311345,REPLACED_BY_ALKEM
BALKRISIND,830,834,2295.0,2081.0,1.5816807317481625,STOP
SUPREMEIND,824,836,2545.5,2550.0,1.45452678941732,REPLACED_BY_ITC
M&MFIN,831,837,266.70001220703125,263.0,13.372396368619235,REPLACED_BY_CUMMINSIND
CARBORUNIV,827,837,969.0,980.0,3.7220327016368504,REPLACED_BY_SIEMENS
CANFINHOME,833,838,599.0,583.0999755859375,6.172152080685856,REPLACED_BY_PERSISTENT
ALKEM,834,839,3297.949951171875,3260.0,1.1108117396068198,REPLACED_BY_SHREECEM
BRITANNIA,824,840,4396.5,4454.9501953125,0.79784714478765,REPLACED_BY_TVSMOTOR
KPITTECH,827,841,742.5999755859375,814.0,4.466938784482336,REPLACED_BY_BOSCHLTD
CGPOWER,834,842,328.79998779296875,315.70001220703125,11.298061474800289,REPLACED_BY_DALBHARAT
LT,835,843,2215.0,2160.0,1.4771051045327324,REPLACED_BY_POLYCAB
ACE,831,843,361.0,371.79998779296875,10.119031403907206,REPLACED_BY_SUPREMEIND
BOSCHLTD,841,843,18344.30078125,17717.11073356294,0.19671337963918803,STOP
SHREECEM,839,844,25600.0,25350.0,0.14060874144382784,REPLACED_BY_ALKEM
APLAPOLLO,828,844,1193.0,1227.199951171875,2.9436398660620067,REPLACED_BY_JINDALSAW
TVSMOTOR,840,844,1134.0,1067.0626830376084,3.115614519422999,STOP
JINDALSAW,844,844,78.7750015258789,72.51662917803344,43.87935957535749,STOP
ALKEM,844,845,3297.0,3161.3816743896978,1.0808780096859618,STOP
DALBHARAT,842,846,1915.0,1843.0999755859375,1.8544276023739477,REPLACED_BY_PETRONET
PERSISTENT,838,846,2453.02490234375,2400.0,1.4583840635635368,REPLACED_BY_BAJAJHLDNG
CYIENT,829,847,901.0,955.1500244140625,4.101383606133736,REPLACED_BY_JSL
SIEMENS,837,848,1905.9580078125,1851.9833984375,1.8574809385527524,REPLACED_BY_GAIL
ITC,836,848,367.5928955078125,363.01904296875,9.810023684414892,REPLACED_BY_INDIAMART
BAJAJHLDNG,846,849,6380.0,6169.7001953125,0.5177890631991928,REPLACED_BY_PFC
SUPREMEIND,843,849,2708.800048828125,2700.699951171875,1.2071581362394805,REPLACED_BY_ABCAPITAL
INDIAMART,848,851,2457.97509765625,2475.0,1.4162250187734207,REPLACED_BY_OIL
ZYDUSLIFE,832,852,469.70001220703125,469.0,7.780935290691824,REPLACED_BY_SIEMENS
POLYCAB,843,852,3097.5,2921.840553531903,1.1755482548195317,STOP
ABCAPITAL,849,853,155.4499969482422,153.0,20.82106163149685,REPLACED_BY_MAXHEALTH
RADICO,845,854,1180.0,1154.1500244140625,2.5151220838579365,REPLACED_BY_MGL
OIL,851,854,177.03334045410156,170.0,19.680975770499046,REPLACED_BY_TORNTPOWER
LINDEINDIA,844,854,3886.60009765625,3663.913013232674,0.920605801698458,STOP
KPIL,853,856,585.0,543.5443031065171,6.176955218392744,STOP
PFC,849,857,125.0,127.27999877929688,28.05107538975423,REPLACED_BY_POWERGRID
ABB,846,858,3232.0,3300.0,1.0797246481750349,REPLACED_BY_BPCL
TORNTPOWER,854,859,531.0,531.3499755859375,5.043060448610932,REPLACED_BY_INDIAMART
JSL,847,859,272.8999938964844,288.3500061035156,12.887203781212477,REPLACED_BY_GODREJCP
POWERGRID,857,859,175.46249389648438,167.49265112674087,19.09884356813852,STOP
GAIL,848,860,104.6500015258789,105.5,33.71763059619359,REPLACED_BY_GLENMARK
CUMMINSIND,837,861,1639.9000244140625,1610.0,2.233156629067263,REPLACED_BY_NCC
NTPC,845,861,172.8000030517578,174.0500030517578,20.25331392670058,REPLACED_BY_SRF
NH,855,862,800.1500244140625,774.9000244140625,4.190266687360826,REPLACED_BY_AEGISLOG
PETRONET,846,863,222.9499969482422,224.0,15.609310962084798,REPLACED_BY_KEI
GLENMARK,860,863,436.0,424.0,7.50418448722852,REPLACED_BY_KPITTECH
BAJAJ-AUTO,860,864,3921.75,3821.0,0.8781503218852846,REPLACED_BY_AIAENG
MAXHEALTH,853,864,460.04998779296875,459.3999938964844,6.588686892973505,REPLACED_BY_ANURAS
BPCL,858,864,177.4250030517578,168.19615662485776,19.712847758500804,STOP
AEGISLOG,862,865,391.04998779296875,377.6499938964844,8.621116439551841,REPLACED_BY_DRREDDY
SRF,861,866,2381.10009765625,2411.10009765625,1.432445142736365,REPLACED_BY_ABB
GODREJCP,859,867,961.1500244140625,970.0,3.0752830409506813,REPLACED_BY_ALKEM
MGL,854,867,992.75,942.517200831158,3.5591534333593127,STOP
KPITTECH,863,867,891.5,822.3881947519171,3.798491711231057,STOP
NCC,861,869,104.3499984741211,105.94999694824219,32.51677737392092,REPLACED_BY_ABBOTINDIA
INDIAMART,859,870,2454.97509765625,2500.175048828125,1.4036038390431733,REPLACED_BY_IGL
ANURAS,864,870,825.0499877929688,944.0,3.634785135307492,REPLACED_BY_LINDEINDIA
AIAENG,864,871,2890.949951171875,2909.800048828125,1.1571271484173593,REPLACED_BY_TMPV
KEI,863,871,1669.9000244140625,1719.9000244140625,2.0254126738584852,REPLACED_BY_CYIENT
ABB,866,872,3391.0,3293.89990234375,0.9976751522429903,REPLACED_BY_BAJAJ-AUTO
BOSCHLTD,865,872,18532.19921875,18640.0,0.18046225050516243,REPLACED_BY_ITC
SIEMENS,852,873,1913.6182861328125,1960.5489501953125,1.8622146170691134,REPLACED_BY_INDIAMART
ACE,868,874,414.70001220703125,402.1000061035156,8.168103961662784,REPLACED_BY_DLF
GLENMARK,868,875,477.0,488.20001220703125,6.399017052098661,REPLACED_BY_TVSMOTOR
ALKEM,867,875,3410.0,3345.550048828125,0.8842145128139046,REPLACED_BY_VBL
ABBOTINDIA,869,876,22800.25,22679.94921875,0.14797046204879566,REPLACED_BY_NAVINFLUOR
LINDEINDIA,870,877,4165.0,4142.7001953125,0.819967732905204,REPLACED_BY_GLENMARK
TVSMOTOR,875,878,1172.6500244140625,1117.155875297468,2.8966388926314446,STOP
INDIAMART,873,879,2687.47509765625,2625.0,1.2719248014199018,REPLACED_BY_AUROPHARMA
IGL,870,880,234.6750030517578,242.75,14.709239872264876,REPLACED_BY_KEI
DLF,874,880,415.70001220703125,410.04998779296875,8.194175241007297,REPLACED_BY_KIRLOSENG
TMPV,871,881,463.75,473.0,7.33352709156257,REPLACED_BY_NCC
DRREDDY,865,881,909.8900146484375,962.0,3.5034091628292465,REPLACED_BY_ACE
KIRLOSENG,880,882,418.0,410.79998779296875,8.175143555814065,INELIGIBLE
CYIENT,871,883,1077.8499755859375,1170.0,3.1481072349481725,REPLACED_BY_CHOLAFIN
ZYDUSLIFE,857,884,483.5,519.9000244140625,7.311719807921223,REPLACED_BY_NESTLEIND
ACE,881,884,431.0,419.8500061035156,7.931856859436408,REPLACED_BY_BAJAJHLDNG
VBL,875,885,291.989990234375,285.6000061035156,9.309707472264522,REPLACED_BY_SYNGENE
MINDACORP,879,885,266.0,283.04998779296875,12.744253927517763,REPLACED_BY_PFC
KEI,880,886,1799.0,1836.1500244140625,1.9011855253375927,REPLACED_BY_M&MFIN
NAVINFLUOR,876,886,4618.9501953125,4805.0,0.7222175765788595,REPLACED_BY_INDIAMART
NESTLEIND,884,887,1090.0,1089.99755859375,3.1986852542885713,REPLACED_BY_ABCAPITAL
BAJAJ-AUTO,872,887,4177.39990234375,4463.10009765625,0.8075751051697703,REPLACED_BY_SIEMENS
BAJAJHLDNG,884,888,6880.0,6815.0,0.5082386982329035,REPLACED_BY_ABB
AUROPHARMA,879,888,590.0499877929688,599.1500244140625,5.3308998821308755,REPLACED_BY_CANFINHOME
PFC,885,889,139.16000366210938,137.1199951171875,21.964225498379726,REPLACED_BY_APOLLOTYRE
NCC,881,889,118.1500015258789,119.05000305175781,28.792440104983825,REPLACED_BY_INDHOTEL
OFSS,882,890,3500.0,3453.949951171875,0.9622043568715877,REPLACED_BY_ALKEM
ABCAPITAL,887,891,173.25,172.39999389648438,20.325486839928228,REPLACED_BY_MGL
ITC,872,891,382.9995422363281,411.4055480957031,8.707153871696422,REPLACED_BY_VBL
CANFINHOME,888,892,642.2000122070312,643.9500122070312,4.814222688593141,REPLACED_BY_POWERINDIA
ALKEM,890,892,3622.550048828125,3481.818117173066,0.9119335427068493,STOP
M&MFIN,886,893,272.5,282.0,12.774946474392504,REPLACED_BY_ELECON
INDHOTEL,889,893,371.95001220703125,353.24257874301276,7.632402466342367,STOP
MGL,891,893,1100.0,1043.9268364598624,3.1806343697070463,STOP
VBL,891,894,324.0,313.2799987792969,10.884425783605117,REPLACED_BY_CANFINHOME
APOLLOTYRE,889,894,377.45001220703125,363.0,9.437226085916139,REPLACED_BY_IDFCFIRSTB
INDIAMART,886,895,2867.550048828125,2925.0,1.1990383961629494,REPLACED_BY_CEMPRO
SYNGENE,885,895,692.2000122070312,691.0999755859375,5.004505260055817,REPLACED_BY_RAINBOW
ELECON,893,896,260.0,271.0,12.250428787909817,REPLACED_BY_CYIENT
DLF,894,897,474.70001220703125,460.8999938964844,7.444577465052114,REPLACED_BY_MAXHEALTH
CEMPRO,895,898,140.39999389648438,150.4499969482422,24.865950076919752,REPLACED_BY_CARBORUNIV
RAINBOW,895,898,919.2000122070312,895.9500122070312,3.734716810222025,REPLACED_BY_AUBANK
SIEMENS,887,898,2107.298828125,2025.4017775353557,1.673725232580511,STOP
POWERINDIA,892,899,3819.85009765625,3948.949951171875,0.8116068747035144,REPLACED_BY_ANURAS
IDFCFIRSTB,894,900,67.05000305175781,66.0,33.26633603045848,REPLACED_BY_IOC
CANFINHOME,894,900,663.4500122070312,672.7999877929688,5.2889882847912695,REPLACED_BY_RAINBOW
CARBORUNIV,898,901,1200.8499755859375,1174.0,2.9273337034035594,REPLACED_BY_ENGINERSIN
CYIENT,896,901,1270.0,1320.449951171875,2.5984303804484106,REPLACED_BY_CIEINDIA
HAL,894,902,1519.3499755859375,1514.9000244140625,2.304745669178265,REPLACED_BY_INDIGO
ANURAS,899,902,1212.1500244140625,1198.0,2.5333374795734778,REPLACED_BY_CGPOWER
GLENMARK,877,903,512.0,591.4000244140625,6.594844072848969,REPLACED_BY_BALKRISIND
TMPV,893,903,523.8499755859375,525.0,6.7806922237081215,REPLACED_BY_BAJAJHLDNG
CIEINDIA,901,904,470.04998779296875,460.0,7.120010088434212,REPLACED_BY_IDFCFIRSTB
MAXHEALTH,897,904,534.25,539.7999877929688,6.384052505244794,REPLACED_BY_TVSMOTOR
AUBANK,898,905,753.7999877929688,773.0,4.663617899727211,REPLACED_BY_CEMPRO
CHOLAFIN,883,905,860.9500122070312,1046.5,4.036080669191284,REPLACED_BY_RECLTD
IOC,900,906,89.0999984741211,90.5,39.41939769176924,REPLACED_BY_INDHOTEL
BAJAJHLDNG,903,907,7094.9501953125,7035.0,0.4890293006708348,REPLACED_BY_CANFINHOME
TVSMOTOR,904,907,1299.050048828125,1286.9000244140625,2.6945815786809315,REPLACED_BY_OLECTRA
RAINBOW,900,908,912.7999877929688,941.9000244140625,2.4181862320117578,REPLACED_BY_TITAGARH
ITC,904,908,424.6456298828125,428.4972839355469,8.09910041292361,REPLACED_BY_ANANTRAJ
ENGINERSIN,901,909,108.44999694824219,109.5999984741211,32.08799453893585,REPLACED_BY_GRAVITA
ABB,888,909,3728.449951171875,4045.0,0.9457375708417723,REPLACED_BY_PFC
GRAVITA,909,909,632.0,587.9573875278485,5.605309720880597,STOP
CGPOWER,902,910,375.1000061035156,376.6499938964844,8.019464846876701,REPLACED_BY_TMPV
CANFINHOME,907,910,728.0,723.2999877929688,4.811480016088725,REPLACED_BY_USHAMART
INDHOTEL,906,911,389.70001220703125,396.0,9.086982874332094,REPLACED_BY_GLENMARK
INDIGO,902,911,2305.64990234375,2432.0,1.5090127052016742,REPLACED_BY_HAL
IDFCFIRSTB,904,912,70.19999694824219,72.3499984741211,49.92754371143913,REPLACED_BY_ASTRAL
CEMPRO,905,912,155.0,165.60000610351562,22.704949602266847,REPLACED_BY_HEGAM
CRAFTSMAN,910,913,3922.050048828125,3876.800048828125,0.8921671048042782,REPLACED_BY_ETERNAL
GLENMARK,911,914,664.9500122070312,638.5499877929688,5.353226120024185,REPLACED_BY_PRESTIGE
RAMCOCEM,899,914,877.0,938.9500122070312,3.9895170247358815,REPLACED_BY_KPITTECH
KPITTECH,914,914,1146.9000244140625,1073.3652886805226,3.1662526677065252,STOP
USHAMART,910,915,249.10000610351562,289.3999938964844,11.767904460546227,REPLACED_BY_PAYTM
OLECTRA,907,915,767.6500244140625,917.9500122070312,4.59863289364936,REPLACED_BY_NH
ETERNAL,913,916,78.30000305175781,74.5,46.06101237909192,REPLACED_BY_LTF
ANANTRAJ,908,917,156.64999389648438,166.5500030517578,18.758492691657654,REPLACED_BY_DALBHARAT
PRESTIGE,914,917,565.0,570.9000244140625,6.433606604317895,REPLACED_BY_LTFOODS
TMPV,910,918,558.7999877929688,570.6500244140625,6.314439951257677,REPLACED_BY_ACUTAAS
HEGAM,912,918,273.9700012207031,317.8399963378906,12.907773571315758,REPLACED_BY_BEL
NH,915,919,955.0,1008.0,3.811908478261082,REPLACED_BY_CHOLAHLDNG
PFC,909,919,155.52000427246094,158.1999969482422,22.72770126281431,REPLACED_BY_AUROPHARMA
PAYTM,915,920,836.0,895.75,4.3716287413886805,REPLACED_BY_HDFCLIFE
DALBHARAT,917,920,2260.0,2250.0,1.6554249437151198,REPLACED_BY_ENGINERSIN
CHOLAHLDNG,919,921,934.0499877929688,909.0,4.012277658212489,INELIGIBLE
ACUTAAS,918,921,662.4249877929688,640.4749755859375,5.687595180340611,REPLACED_BY_CREDITACC
TITAGARH,908,921,380.8999938964844,474.8999938964844,9.31302004373956,REPLACED_BY_ANGELONE
ASTRAL,912,922,1956.949951171875,1962.1500244140625,1.8052630447805766,REPLACED_BY_EXIDEIND
RECLTD,905,922,140.4499969482422,160.0,25.00213664210486,REPLACED_BY_PNBHOUSING
BEL,918,922,126.3499984741211,119.85666193265708,29.88599656926041,STOP
ENGINERSIN,920,922,121.0,112.39929520239087,31.32565142597175,STOP
LTFOODS,917,923,135.5,129.60000610351562,22.252780470804623,REPLACED_BY_FORCEMOT
HAL,911,923,1759.0250244140625,1821.5,2.0352096236277015,REPLACED_BY_ENDURANCE
PFC,921,923,167.16000366210938,158.67451060721672,22.537059646987075,STOP
IDFCFIRSTB,915,924,75.25,78.0999984741211,48.698656419059,REPLACED_BY_MUTHOOTFIN
CREDITACC,921,924,1320.0,1339.6500244140625,2.864222134172172,REPLACED_BY_APARINDS
EXIDEIND,922,925,229.75,233.0,16.09439020936404,REPLACED_BY_INDIGO
ENDURANCE,923,926,1567.0,1590.0,1.901530697284528,REPLACED_BY_GLENMARK
FORCEMOT,923,926,2357.89990234375,2715.0,1.579847113076456,REPLACED_BY_TORNTPHARM
PNBHOUSING,922,926,615.0,573.8743357759386,6.046919060599256,STOP
HDFCLIFE,920,927,645.0,651.0,5.876296936389542,REPLACED_BY_GODREJPROP
JBMA,924,927,534.5999755859375,672.5250244140625,6.9124908089988235,REPLACED_BY_CHOLAFIN
AUROPHARMA,919,928,676.9000244140625,717.4000244140625,5.535706536143834,REPLACED_BY_ANANTRAJ
TORNTPHARM,926,928,1937.0,1880.927416838324,1.7961090880378845,STOP
MUTHOOTFIN,924,929,1241.949951171875,1242.1500244140625,2.9760989867723335,REPLACED_BY_LODHA
TRENT,923,930,1726.8499755859375,1731.699951171875,2.12713123509893,REPLACED_BY_ABREL
LUPIN,923,930,858.0499877929688,899.9500122070312,4.275205266670631,REPLACED_BY_HEROMOTOCO
LTF,916,931,112.4000015258789,130.9499969482422,30.61982516510688,REPLACED_BY_AUROPHARMA
ANANTRAJ,928,932,186.25,178.85000610351562,20.837529593855038,REPLACED_BY_TMPV
CANFINHOME,929,932,801.9500122070312,774.0499877929688,4.818817125180729,REPLACED_BY_M&M
GODREJPROP,927,933,1574.9000244140625,1577.0,2.4557972869867326,REPLACED_BY_EXIDEIND
LODHA,929,933,705.0,675.5499877929688,4.986699147052527,REPLACED_BY_WELCORP
M&MFIN,927,934,336.95001220703125,327.3999938964844,11.448342978487394,REPLACED_BY_FORTIS
APARINDS,924,934,3350.89990234375,3395.89990234375,1.099322981787217,REPLACED_BY_PFC
HEROMOTOCO,930,935,3139.0,3078.85009765625,1.1606345301639966,REPLACED_BY_USHAMART
ABREL,930,935,928.0,898.0,4.140885028176024,REPLACED_BY_NLCINDIA
AUROPHARMA,931,935,750.9500122070312,724.1361031049066,5.056860787328519,STOP
CHOLAFIN,927,936,1146.550048828125,1167.050048828125,3.3728503807901613,REPLACED_BY_MOTHERSON
ANGELONE,921,936,162.4949951171875,174.5,23.202405498440037,REPLACED_BY_ENGINERSIN
WELCORP,933,937,309.79998779296875,304.45001220703125,11.000677415569864,REPLACED_BY_KIMS
INDIGO,925,937,2544.0,2650.0,1.4799406170692062,REPLACED_BY_ABREL
M&M,932,938,1567.0,1536.0,2.3946706649435803,REPLACED_BY_BSOFT
PFC,934,938,182.16000366210938,178.72000122070312,20.184325152983764,REPLACED_BY_CEMPRO
ETERNAL,936,938,84.0,77.15202261073583,45.56765469752748,STOP
FORTIS,934,939,332.0,327.0,11.324841797131707,MQS_LT_50
TMPV,932,939,624.0,614.0,6.166621857527758,REPLACED_BY_ANANTRAJ
EXIDEIND,933,939,253.14999389648438,248.60000610351562,14.972260907581838,REPLACED_BY_RELIANCE
KIMS,937,940,386.75,386.0,9.79224399870948,REPLACED_BY_ZENSARTECH
CEMPRO,938,941,181.0,175.0,19.16715601942184,REPLACED_BY_HDFCAMC
ABREL,937,942,935.0499877929688,954.0,3.8859790498234843,REPLACED_BY_UNITDSPR
RELIANCE,939,942,1306.0445556640625,1240.5,2.548244273696984,REPLACED_BY_AUROPHARMA
UNITDSPR,942,942,1049.0,996.5754000983421,3.684703400933336,STOP
KEI,939,943,2449.449951171875,2636.14990234375,1.5391841759752862,REPLACED_BY_KEC
ANANTRAJ,939,943,193.5500030517578,193.0,19.449690254191612,REPLACED_BY_PNBHOUSING
CANFINHOME,943,943,909.7999877929688,844.6437167735503,4.305961052221836,STOP
BSOFT,938,944,385.0,379.3500061035156,9.79926993520158,REPLACED_BY_SUPREMEIND
NLCINDIA,935,944,116.0999984741211,118.6500015258789,30.10063985447181,REPLACED_BY_SONACOMS
ENGINERSIN,936,945,124.0,148.0,30.477307002202057,REPLACED_BY_KIRLOSBROS
MOTHERSON,936,945,63.900001525878906,66.46666717529297,59.11090766392553,REPLACED_BY_TMPV
PNBHOUSING,943,945,694.0,648.2100655936397,5.254182913737225,STOP
LTFOODS,939,946,148.3000030517578,160.60000610351562,25.46465134377337,REPLACED_BY_LUPIN
USHAMART,935,946,299.45001220703125,326.8999938964844,12.53507882094997,REPLACED_BY_PFC
SUPREMEIND,944,946,3760.85009765625,3540.3260589762776,1.024463561083905,STOP
SONACOMS,944,946,596.7999877929688,567.1449464370806,5.330421510489463,STOP
KEC,943,947,640.25,634.75,6.014423517462626,REPLACED_BY_COLPAL
ALKEM,944,947,3936.64990234375,3985.0,0.9719911687834782,REPLACED_BY_GODREJPROP
TMPV,945,948,647.0,645.0,5.980349539809876,REPLACED_BY_HEGAM
HDFCAMC,941,948,1259.5,1270.0,2.6472306355951005,REPLACED_BY_HBLENGINE
AUROPHARMA,942,949,776.5999755859375,814.4500122070312,3.8140363048906565,REPLACED_BY_NTPC
RECLTD,946,949,189.8000030517578,199.0,20.233068149035436,REPLACED_BY_BSE
GODREJPROP,947,949,1762.5,1669.3244042333436,2.0184422331204184,STOP
ZENSARTECH,940,950,458.04998779296875,479.0,8.202587664102955,REPLACED_BY_GPIL
HEGAM,948,951,363.4200134277344,351.6000061035156,10.548127641018239,REPLACED_BY_BSOFT
ESCORTS,947,951,2540.0,2569.0,1.4905614367521103,REPLACED_BY_ELECON
TATACOMM,947,952,1779.949951171875,1693.300048828125,2.134114613815864,REPLACED_BY_ALKEM
COLPAL,947,953,2038.050048828125,1995.050048828125,1.845181689499082,REPLACED_BY_RKFORGE
KIRLOSBROS,945,953,774.7999877929688,876.5,5.040428345375865,REPLACED_BY_POONAWALLA
NTPC,949,953,225.0500030517578,216.12022203150107,16.936356126767855,STOP
HBLENGINE,948,954,193.5,225.0,17.27504589229153,REPLACED_BY_SUPREMEIND
GPIL,950,954,577.0,563.5,6.011410967336128,REPLACED_BY_CEMPRO
AJANTPHARM,950,955,1698.0,1749.300048828125,2.2298176528969678,REPLACED_BY_NATCOPHARM
GLENMARK,926,956,678.0,814.7000122070312,5.6439182476804,REPLACED_BY_FORCEMOT
RKFORGE,953,956,591.0,572.8499755859375,6.569577917066343,REPLACED_BY_NAVA
ALKEM,952,956,4149.0,3937.0018423166803,0.8657698369437076,STOP
CEMPRO,954,957,192.8000030517578,201.89999389648438,18.24843514313578,REPLACED_BY_COFORGE
NATCOPHARM,955,957,916.0,842.2612060060101,4.232845425190813,STOP
POONAWALLA,953,958,436.6000061035156,431.0,8.895312979945338,REPLACED_BY_MOTILALOFS
BSOFT,951,958,435.0,450.0,8.706154116249193,REPLACED_BY_GRAVITA
FORCEMOT,956,959,3344.10009765625,3385.0,1.2661674353830705,REPLACED_BY_POLYCAB
BSE,949,959,282.0,279.95001220703125,11.625982797335999,REPLACED_BY_RECLTD
COFORGE,957,959,1053.5799560546875,1005.2553668587749,3.177260800699999,STOP
SUPREMEIND,954,960,3765.0,4348.0498046875,1.0031700897300158,REPLACED_BY_BSOFT
NAVA,956,960,203.22500610351562,192.5,19.39425935550609,REPLACED_BY_RKFORGE
LUPIN,946,961,985.0,1066.0,3.886764638620177,REPLACED_BY_BHARATFORG
MOTILALOFS,958,961,945.0,907.4000244140625,4.066242448126712,REPLACED_BY_ACE
MANAPPURAM,957,962,147.75,147.0,25.982015961830488,REPLACED_BY_GMRAIRPORT
GRAVITA,958,963,752.2000122070312,743.5,4.74660182753022,REPLACED_BY_IDFCFIRSTB
ACE,961,964,797.8499755859375,784.9000244140625,4.790541862057146,REPLACED_BY_JSL
ELECON,951,964,411.5,425.5249938964844,9.00535714864351,REPLACED_BY_BSE
PFC,946,965,203.44000244140625,217.1999969482422,18.787564147948856,REPLACED_BY_CEMPRO
TRENT,958,965,1929.0,2062.050048828125,1.9886572846626915,REPLACED_BY_TATACOMM
DIXON,954,966,4850.0498046875,4851.2998046875,0.7955301177459267,REPLACED_BY_SUPREMEIND
RKFORGE,960,967,616.5,662.0,5.777140859371766,REPLACED_BY_LINDEINDIA
JSL,964,967,438.0,419.95001220703125,9.083209755567916,REPLACED_BY_MRPL
CEMPRO,965,968,214.75,210.5,18.267490568240383,REPLACED_BY_BHEL
MRPL,967,970,94.5,95.19999694824219,41.09898585383249,REPLACED_BY_JSL
LINDEINDIA,967,970,5977.0,6285.0,0.653110411409516,REPLACED_BY_NAVA
SUPREMEIND,966,971,4498.2001953125,4400.0,0.8700623559479044,REPLACED_BY_CEMPRO
IDFCFIRSTB,963,971,92.69999694824219,95.0,38.73407795191287,REPLACED_BY_ANGELONE
GMRAIRPORT,962,972,55.900001525878906,63.599998474121094,69.26048399210248,REPLACED_BY_NBCC
ESCORTS,960,973,2795.0,3073.0,1.3714411108789906,REPLACED_BY_ELECON
TATACOMM,965,973,1823.050048828125,1877.9000244140625,2.160010822213477,REPLACED_BY_ABREL
ELECON,973,973,476.75,444.27717635873285,8.807866622774673,STOP
RECLTD,959,974,223.5,236.9499969482422,16.338873722226744,MQS_LT_50
BHEL,968,974,115.5,135.8000030517578,33.09354054132629,REPLACED_BY_CHOLAHLDNG
ANGELONE,971,974,193.3000030517578,183.5,16.86050645988781,REPLACED_BY_COFORGE
NBCC,972,975,37.56666564941406,39.33333206176758,111.35807760355809,REPLACED_BY_CASTROLIND
CEMPRO,971,975,239.39999389648438,236.10000610351562,17.560411854613843,REPLACED_BY_NMDC
ABREL,973,976,1114.949951171875,1087.3499755859375,3.736599035852321,MQS_LT_50
NAVA,970,976,209.89999389648438,206.47500610351562,18.58311278767801,REPLACED_BY_OFSS
BSOFT,960,976,470.1000061035156,520.7000122070312,8.140542633867284,REPLACED_BY_FORCEMOT
COFORGE,974,977,1120.0,1113.800048828125,2.6253610687456526,MQS_LT_50
POLYCAB,959,977,4868.0,5189.85009765625,0.7896104805287913,REPLACED_BY_BANKINDIA
CESC,974,977,92.25,86.87124105495597,44.69344148911021,STOP
CASTROLIND,975,977,162.0,150.54727211443867,25.69493558885237,STOP
NMDC,975,977,47.666664123535156,45.39338361545142,86.39000602140344,STOP
BSE,964,978,306.3333435058594,422.29998779296875,11.648221834654784,REPLACED_BY_PHOENIXLTD
OFSS,976,978,4369.7998046875,4182.501853068844,0.9514820152382378,STOP
FORCEMOT,976,978,3938.300048828125,3534.9427170520194,1.0065735060618348,STOP
CHOLAHLDNG,974,979,1027.949951171875,1125.0,4.018809756358575,REPLACED_BY_GLENMARK
EMAMILTD,976,980,540.0,565.9000244140625,7.664300012509584,REPLACED_BY_GILLETTE
NAM-INDIA,978,981,332.0,335.0,12.214884833097994,REPLACED_BY_APARINDS
JSL,970,981,459.0,491.20001220703125,8.864632573489494,REPLACED_BY_HDFCAMC
PHOENIXLTD,978,982,932.5,919.9249877929688,4.34282322650937,REPLACED_BY_CANBK
LEMONTREE,978,982,116.0,117.0,34.48511576829279,REPLACED_BY_WELCORP
LT,978,983,2943.5,2885.050048828125,1.378069287110723,REPLACED_BY_POLYCAB
AUROPHARMA,979,984,904.0499877929688,876.0,4.521526821659775,REPLACED_BY_CHOLAHLDNG
APARINDS,981,984,5240.0,5282.35009765625,0.7889685510095562,REPLACED_BY_SUNDARMFIN
LUPIN,974,984,1144.9000244140625,1091.5642574374967,3.613770876165765,STOP
GLENMARK,979,984,864.0,805.0,4.734514260307715,STOP
BERGEPAINT,985,985,668.0,638.670840365968,5.633510113979989,STOP
HDFCAMC,981,986,1362.0,1335.9749755859375,3.0085891591535194,REPLACED_BY_INDIANB
CHOLAHLDNG,984,987,1200.0,1155.75,3.347193895102207,REPLACED_BY_TVSMOTOR
SUNDARMFIN,984,987,2905.10009765625,3201.64990234375,1.3814398879657024,REPLACED_BY_THERMAX
BHARATFORG,961,988,974.9500122070312,1092.25,3.9039892352478187,REPLACED_BY_RECLTD
WELCORP,982,988,394.95001220703125,398.04998779296875,10.327384446502842,REPLACED_BY_APARINDS
LTTS,986,989,4737.4501953125,4625.0,0.8564387800430467,REPLACED_BY_LT
GILLETTE,980,990,6105.0,6143.7998046875,0.6726337359266504,REPLACED_BY_LUPIN
TVSMOTOR,987,990,1531.800048828125,1537.050048828125,2.648059030721552,REPLACED_BY_UNIONBANK
APARINDS,988,991,5749.9501953125,5517.7001953125,0.7123038839436807,REPLACED_BY_SUNTV
ANANDRATHI,985,991,395.48748779296875,434.48748779296875,10.320847719548757,REPLACED_BY_SOLARINDS
CANBK,982,992,74.0199966430664,75.05000305175781,54.86899878031417,REPLACED_BY_GRANULES
PNB,977,993,69.5,77.44999694824219,60.48322738998669,REPLACED_BY_ANANDRATHI
LUPIN,990,993,1171.0,1159.050048828125,3.4737564943246855,REPLACED_BY_SUNDARMFIN
UNIONBANK,990,994,106.9000015258789,102.5,38.27504399973305,REPLACED_BY_ESCORTS
BANKINDIA,977,994,100.0999984741211,107.0,27.737228275520287,REPLACED_BY_MPHASIS
POLYCAB,983,995,5300.0,5200.39990234375,0.7756977988213571,REPLACED_BY_LTTS
INDIANB,986,995,430.8999938964844,408.0,8.15608030329334,REPLACED_BY_AUROPHARMA
THERMAX,987,996,2960.0,2921.050048828125,1.3675757719799952,MQS_LT_50
GRANULES,992,996,360.95001220703125,359.79998779296875,11.298899523173896,REPLACED_BY_HDFCAMC
ANANDRATHI,993,996,451.75,471.26251220703125,9.11084154139459,REPLACED_BY_PFC
SUNTV,991,997,618.0,628.0,6.670027617566533,REPLACED_BY_ETERNAL
SUNDARMFIN,993,998,3175.0,3129.050048828125,1.276819810746706,REPLACED_BY_COHANCE
MPHASIS,994,998,2461.60009765625,2424.64990234375,1.4550838280599538,REPLACED_BY_ANANDRATHI
LTTS,995,999,4775.0,4725.85009765625,0.8444249197768382,REPLACED_BY_WELSPUNLIV
LT,989,1000,3040.0,3109.89990234375,1.3415555811236093,REPLACED_BY_MCX
HDFCAMC,996,1000,1396.0,1432.949951171875,2.9474564752241226,REPLACED_BY_WELCORP
ANANDRATHI,998,1000,472.5,446.78736748930334,7.367072316218206,STOP
PFC,996,1001,253.0,251.10000610351562,16.060614574982274,REPLACED_BY_NMDC
AUROPHARMA,995,1001,911.0999755859375,906.5999755859375,3.606028989982427,REPLACED_BY_DIXON
ESCORTS,994,1002,3148.0,3299.949951171875,1.269707409009834,REPLACED_BY_KPRMILL
RECLTD,988,1002,284.20001220703125,287.70001220703125,14.391995081363337,REPLACED_BY_BLUESTARCO
COHANCE,998,1003,589.0,571.5999755859375,6.878772099936419,REPLACED_BY_SYRMA
BSOFT,996,1003,543.0,547.9500122070312,7.553985337370183,REPLACED_BY_BSE
SOLARINDS,991,1004,4970.0,5306.75,0.8343318110302065,REPLACED_BY_PGEL
WELCORP,1000,1004,448.0,417.0998599936389,9.104351996314522,STOP
CHOICEIN,1001,1004,218.97500610351562,209.56415610352278,18.74295140035484,STOP
NMDC,1001,1004,55.06666564941406,51.95222941064795,73.97906797555244,STOP
BLUESTARCO,1002,1004,944.3499755859375,892.1588225892496,4.275727707160186,STOP
KPRMILL,1002,1005,819.9000244140625,770.1147976623297,4.922325266312101,STOP
SYRMA,1003,1005,651.7999877929688,601.4762446324869,6.200627082854733,STOP
PGEL,1004,1005,210.51499938964844,196.32909216667213,19.210472588157995,STOP
ETERNAL,997,1006,110.19999694824219,101.71557075455149,37.29109514714962,STOP
NESTLEIND,1006,1006,1213.0,1171.4322101408447,3.254127157111238,STOP
HDFCAMC,1005,1008,1404.875,1382.0,2.7749667607134194,REPLACED_BY_PERSISTENT
DIXON,1001,1008,5479.9501953125,5206.461109447261,0.46622225084855856,STOP
IPCALAB,1005,1009,998.0,984.5999755859375,3.9298368933555707,REPLACED_BY_VIJAYA
BSE,1003,1009,516.6666870117188,633.3333129882812,7.873376874162949,REPLACED_BY_MOTILALOFS
RAINBOW,1007,1009,1130.0,1059.284076825852,3.430105572496831,STOP
KARURVYSYA,1007,1010,120.58333587646484,120.25,30.547845658096374,REPLACED_BY_CDSL
ANANTRAJ,1006,1011,229.0,241.3000030517578,15.002553715621435,REPLACED_BY_DLF
BAJAJ-AUTO,1006,1011,5333.85009765625,5383.89990234375,0.738259630974896,REPLACED_BY_KARURVYSYA
MOTILALOFS,1009,1012,1010.0,995.0,3.2236328318071554,REPLACED_BY_BSOFT
PRESTIGE,1005,1012,743.0,751.7000122070312,5.258736485429771,REPLACED_BY_RECLTD
VIJAYA,1009,1013,577.9500122070312,576.0,6.8699175509509205,REPLACED_BY_ETERNAL
COALINDIA,979,1013,281.29998779296875,313.20001220703125,14.592090275741096,REPLACED_BY_NAM-INDIA
KARURVYSYA,1011,1014,124.58333587646484,122.75,28.44088852010403,REPLACED_BY_CRISIL
WELSPUNLIV,999,1015,128.5500030517578,149.60000610351562,30.85766906491205,REPLACED_BY_IOC
CRISIL,1014,1017,4393.0,4203.0,0.852950028749361,REPLACED_BY_LALPATHLAB
NAM-INDIA,1013,1017,395.6000061035156,397.0,10.2549140881573,REPLACED_BY_GABRIEL
IOC,1015,1017,105.4000015258789,97.8499984741211,39.440872802567476,STOP
BSOFT,1012,1019,580.0,591.9500122070312,6.86328867336591,REPLACED_BY_COALINDIA
ETERNAL,1013,1019,119.5999984741211,123.30000305175781,34.63784286429096,REPLACED_BY_KARURVYSYA
LALPATHLAB,1017,1020,1362.4749755859375,1317.300048828125,3.0132890655634,REPLACED_BY_ALKEM
CREDITACC,1009,1020,1615.050048828125,1683.4000244140625,2.4700922694948,REPLACED_BY_ABREL
CDSL,1010,1021,733.0499877929688,896.6749877929688,4.45869321337731,REPLACED_BY_PGEL
GABRIEL,1017,1021,367.70001220703125,412.45001220703125,10.705585296236675,REPLACED_BY_OBEROIRLTY
MCX,1000,1022,440.0,574.27001953125,9.236329054613474,REPLACED_BY_GRANULES
KARURVYSYA,1019,1022,133.3333282470703,128.3333282470703,29.847320720995274,REPLACED_BY_TVSMOTOR
SOLARINDS,1005,1023,5197.75,7100.0,0.7589321362026274,REPLACED_BY_PNBHOUSING
ABREL,1020,1023,1242.0,1236.0,3.0803475100823796,REPLACED_BY_HEROMOTOCO
COALINDIA,1019,1023,359.0,333.81082816329234,11.98906816096875,STOP
PNBHOUSING,1023,1026,819.0999755859375,797.0,5.212836671586519,REPLACED_BY_BOSCHLTD
FORTIS,1024,1027,373.0,371.1000061035156,11.51958213554938,REPLACED_BY_BPCL
PGEL,1021,1028,225.8000030517578,239.10000610351562,18.84083988905294,REPLACED_BY_COHANCE
PERSISTENT,1008,1028,3068.675048828125,3187.47509765625,1.2422504181354115,REPLACED_BY_BALRAMCHIN
BOSCHLTD,1026,1030,21250.0,21700.0,0.2037769596347889,REPLACED_BY_PFC
HEROMOTOCO,1023,1030,3354.949951171875,3860.0,1.2772917859055688,REPLACED_BY_HAL
BALRAMCHIN,1028,1031,470.0,476.45001220703125,9.3190649573039,REPLACED_BY_SOBHA
DLF,1011,1031,579.0,639.0,6.919065198893265,REPLACED_BY_BOSCHLTD
COHANCE,1028,1032,652.75,678.3499755859375,6.719513400380244,REPLACED_BY_EICHERMOT
ALKEM,1020,1032,4359.0,4649.9501953125,0.9757164752513864,REPLACED_BY_360ONE
PFC,1030,1033,340.0,379.1000061035156,13.32046718194337,REPLACED_BY_PNB
HAL,1030,1033,2495.0,2559.0,1.8745374764270126,REPLACED_BY_CANBK
BOSCHLTD,1031,1034,22200.0,21679.94921875,0.19784371160928635,REPLACED_BY_LT
GRANULES,1022,1034,373.0,392.95001220703125,11.49508309442574,REPLACED_BY_BANKINDIA
NMDC,1018,1035,57.650001525878906,61.666664123535156,66.54297945154038,REPLACED_BY_ALKEM
OBEROIRLTY,1021,1036,1332.949951171875,1405.0,3.0825805922167846,REPLACED_BY_TECHNOE
EICHERMOT,1032,1036,4181.0,4055.0,1.0936058370190167,REPLACED_BY_ANANTRAJ
ALKEM,1035,1036,4875.0,4685.933130408408,0.8609553826450218,STOP
SOBHA,1031,1037,965.9500122070312,1060.0,4.759078395118672,REPLACED_BY_UNIONBANK
BPCL,1027,1038,207.02499389648438,224.75,21.067249212227555,REPLACED_BY_KARURVYSYA
360ONE,1032,1038,625.9500122070312,645.0,7.138654221012022,REPLACED_BY_ULTRACEMCO
BANKINDIA,1034,1038,118.0,108.55000305175781,39.40277436686634,STOP
COHANCE,1037,1040,692.0,676.75,6.735054546731321,REPLACED_BY_DLF
RECLTD,1012,1040,304.0,443.0,10.318963747742094,REPLACED_BY_BSOFT
TECHNOE,1036,1041,769.8499755859375,764.9500122070312,6.036618207904675,REPLACED_BY_COHANCE
KARURVYSYA,1038,1041,140.625,142.5,33.46343993131827,REPLACED_BY_SUNDARMFIN
ANANTRAJ,1036,1042,285.3999938964844,298.20001220703125,14.246218754629838,REPLACED_BY_HAL
CANBK,1033,1042,86.91000366210938,88.79000091552734,52.642887312119946,REPLACED_BY_BAJAJ-AUTO
UNIONBANK,1037,1043,121.0,122.94999694824219,36.06639357331283,REPLACED_BY_ANANTRAJ
HAL,1042,1043,2819.949951171875,2669.0845642601707,1.66475335832439,STOP
ANANTRAJ,1043,1043,304.75,285.41149564958687,14.463778118748255,STOP
COHANCE,1041,1044,695.5,656.0,6.747399687105527,REPLACED_BY_CYIENT
BAJAJ-AUTO,1042,1044,6470.0,6238.447820115077,0.645206998839899,STOP
ULTRACEMCO,1038,1045,9899.9501953125,9987.0,0.46238937868064733,REPLACED_BY_GESHIP
SUNDARMFIN,1041,1046,3670.0,3569.800048828125,1.2635656181655481,REPLACED_BY_HINDALCO
TVSMOTOR,1022,1046,1754.949951171875,1967.5,2.452473026889383,REPLACED_BY_KIRLOSENG
NAM-INDIA,1044,1047,454.8500061035156,447.0,9.864280424185903,REPLACED_BY_BEL
PNB,1033,1047,85.5,89.1500015258789,53.825806224474775,REPLACED_BY_IOC
GESHIP,1045,1048,997.75,984.0,3.8627794918298335,REPLACED_BY_AARTIIND
LT,1034,1048,3392.300048828125,3545.0,1.354931351549115,REPLACED_BY_HEROMOTOCO
CYIENT,1044,1049,2157.5,2299.0,1.8214821868486102,REPLACED_BY_COLPAL
VBL,1044,1049,498.0199890136719,497.5199890136719,9.042650940688004,REPLACED_BY_BHEL
KIRLOSENG,1046,1050,659.2999877929688,662.0,7.002272582435935,REPLACED_BY_TMPV
SHYAMMETL,1045,1050,590.0,636.0,8.02912195425806,REPLACED_BY_GMRAIRPORT
BSOFT,1040,1051,704.2000122070312,703.7000122070312,6.257497487375785,REPLACED_BY_LICI
HEROMOTOCO,1048,1051,4064.300048828125,4114.0498046875,0.966354371577969,REPLACED_BY_CESC
DLF,1040,1052,700.0,715.25,6.668725197293034,REPLACED_BY_TATACONSUM
TRENT,1010,1052,2163.699951171875,3009.0,1.8462263074254528,REPLACED_BY_NMDC
COLPAL,1049,1053,2515.85009765625,2502.0,1.8432850564715548,REPLACED_BY_CHAMBLFERT
BEL,1047,1053,184.0,182.5,25.426570538937142,REPLACED_BY_HAL
LICI,1051,1054,426.8999938964844,418.29998779296875,10.825895637856462,REPLACED_BY_ALKEM
IOC,1047,1054,128.39999389648438,132.8000030517578,34.846831093239274,REPLACED_BY_BLS
HINDALCO,1046,1055,574.9500122070312,587.0,8.111089657985783,MQS_LT_50
AARTIIND,1048,1055,645.0,629.0,7.170824362988838,REPLACED_BY_ADANIPORTS
NTPC,1039,1055,297.75,316.45001220703125,14.279042851086546,REPLACED_BY_NHPC
GODREJCP,1055,1055,1184.199951171875,1171.5845114253823,3.787478324653771,STOP
BHEL,1049,1056,191.9499969482422,196.85000610351562,20.823627427365615,REPLACED_BY_ANANDRATHI
CHAMBLFERT,1053,1056,401.20001220703125,384.0,11.908554372023598,REPLACED_BY_HINDPETRO
NMDC,1052,1057,72.55000305175781,72.16666412353516,63.73654247889706,REPLACED_BY_DLF
GMRAIRPORT,1050,1057,80.9000015258789,85.25,57.88745937962229,REPLACED_BY_POWERINDIA
NHPC,1055,1058,72.80000305175781,69.69999694824219,64.21341956671264,REPLACED_BY_TRENT
CESC,1051,1058,137.0500030517578,139.0,29.295583820937594,REPLACED_BY_HDFCAMC
ALKEM,1054,1058,5275.0,5052.491610200782,0.8797573180165975,STOP
TATACONSUM,1052,1059,1097.949951171875,1125.449951171875,4.214266336005789,REPLACED_BY_EXIDEIND
HAL,1053,1060,2876.0,3016.0,1.6045428993134567,REPLACED_BY_TATACONSUM
ANGELONE,1056,1061,382.94000244140625,350.0,12.104687122903846,REPLACED_BY_CHOICEIN
ANANDRATHI,1056,1061,694.75,672.3499755859375,6.677108252851919,REPLACED_BY_IOC
EXIDEIND,1059,1062,341.79998779296875,321.95001220703125,13.379378772189927,REPLACED_BY_CHOICEIN
BLS,1054,1063,338.79998779296875,393.1000061035156,13.719554468741272,REPLACED_BY_GODREJPROP
HDFCAMC,1058,1063,1715.0,1655.5,2.3479673689350147,REPLACED_BY_PERSISTENT
POWERINDIA,1057,1064,5700.0,5961.0,0.8153917222997917,REPLACED_BY_BRIGADE
TATACONSUM,1060,1064,1190.0,1156.75,4.040040503168102,REPLACED_BY_BHEL
ADANIPORTS,1055,1065,1160.0,1199.1500244140625,4.0027336728275245,REPLACED_BY_PNB
TMPV,1050,1065,785.0,824.9000244140625,5.978376763521829,REPLACED_BY_SWANCORP
DLF,1057,1065,790.4500122070312,752.9540978030943,5.868786132523905,STOP
BRIGADE,1064,1065,749.25,690.5863157864933,6.1666359705688745,STOP
CHOICEIN,1062,1066,269.82501220703125,264.9750061035156,15.868519674972372,REPLACED_BY_UNIONBANK
HINDPETRO,1056,1066,292.0,296.6666564941406,14.693687002012854,REPLACED_BY_MEDANTA
BHEL,1064,1067,215.0,211.0,21.6228311233003,REPLACED_BY_JKCEMENT
PERSISTENT,1063,1068,3894.5,4225.0,1.1892410856042708,REPLACED_BY_ANANDRATHI
UNIONBANK,1066,1069,139.1999969482422,141.0,32.13566061779002,REPLACED_BY_MGL
BHARTIARTL,1066,1069,1140.0999755859375,1162.1500244140625,3.883752681683472,REPLACED_BY_PERSISTENT
TRENT,1058,1069,3190.0,3038.6198652497333,1.4610258691744462,STOP
GODREJPROP,1063,1070,2314.949951171875,2373.14990234375,1.9776409544903948,REPLACED_BY_PFC
IOC,1061,1071,138.25,148.5,33.95849715213876,REPLACED_BY_BLS
PERSISTENT,1069,1072,4346.5,4189.35009765625,1.0651308454952113,REPLACED_BY_EIDPARRY
APOLLOHOSP,1066,1072,6153.5498046875,6320.0,0.730836580197353,REPLACED_BY_LICHSGFIN
MEDANTA,1066,1073,1137.8499755859375,1257.0,3.5009256102775,REPLACED_BY_MCX
MGL,1069,1073,1420.0,1471.5,3.2975502515027015,REPLACED_BY_EIHOTEL
SWANCORP,1065,1074,606.0,677.5,7.934937742019455,REPLACED_BY_HINDPETRO
PNB,1065,1074,106.6500015258789,122.4000015258789,45.41626289291339,REPLACED_BY_GAIL
ANANDRATHI,1068,1075,775.0,850.0125122070312,6.029548217013719,REPLACED_BY_TORNTPOWER
BLS,1071,1075,426.0,405.0,11.181552158869923,REPLACED_BY_LICI
EIDPARRY,1072,1075,658.6500244140625,600.0,7.1821526002847165,STOP
JKCEMENT,1067,1077,4175.0,4257.5,1.0862574229205353,MQS_LT_50
PFC,1070,1077,442.29998779296875,410.5354206340993,9.969675416196937,STOP
GAIL,1074,1077,178.5,170.02330574798896,26.64510561569393,STOP
LICHSGFIN,1072,1078,634.9000244140625,651.0499877929688,7.159511002856858,REPLACED_BY_SBIN
LICI,1075,1078,515.5250244140625,556.0250244140625,9.500485282211947,REPLACED_BY_ICICIGI
MCX,1073,1079,736.9600219726562,697.77001953125,6.5689976214906745,REPLACED_BY_ZYDUSLIFE
EIHOTEL,1073,1079,339.0,391.1000061035156,12.851233214153764,REPLACED_BY_HCLTECH
HINDPETRO,1074,1080,343.3333435058594,330.0,14.27641093358634,REPLACED_BY_BOSCHLTD
TMPV,1070,1080,865.2000122070312,900.0,5.395886200437209,REPLACED_BY_WIPRO
TORNTPOWER,1075,1080,1175.0,1088.0141419041383,4.183402497780566,STOP
BSOFT,1061,1081,786.0,840.0,5.065822761293207,REPLACED_BY_BAJAJ-AUTO
ANANDRATHI,1078,1081,854.0750122070312,875.0,5.661157971732904,REPLACED_BY_APOLLOHOSP
MAXHEALTH,1078,1082,880.0,864.0999755859375,5.529567050336822,REPLACED_BY_SWANCORP
MEDANTA,1078,1082,1272.6500244140625,1412.0,3.808628250345579,REPLACED_BY_PNB
BOSCHLTD,1080,1083,26650.0,28400.0,0.18110649279250915,REPLACED_BY_ANANDRATHI
HCLTECH,1079,1084,1675.0,1661.0,2.839542704410693,REPLACED_BY_BLUESTARCO
SUNPHARMA,1076,1084,1501.050048828125,1532.0,3.2752914983928836,REPLACED_BY_CHOICEIN
HEROMOTOCO,1059,1085,4242.64990234375,4594.64990234375,1.0747712698942329,REPLACED_BY_INDHOTEL
ICICIGI,1078,1085,1650.0,1658.9000244140625,2.440207148018406,REPLACED_BY_SUNDARMFIN
WIPRO,1080,1086,251.97500610351562,261.3999938964844,18.620940318553497,REPLACED_BY_BOSCHLTD
SWANCORP,1082,1087,745.0499877929688,722.2000122070312,6.5127814430016535,REPLACED_BY_CUMMINSIND
CHOICEIN,1084,1087,296.0,290.0,17.228284433191188,REPLACED_BY_M&M
APOLLOHOSP,1081,1088,6750.0,6769.9501953125,0.6140856513190455,REPLACED_BY_THERMAX
BLUESTARCO,1084,1089,1279.9000244140625,1270.0999755859375,3.820441207093516,REPLACED_BY_AMBUJACEM
SBIN,1078,1089,726.0,758.9000244140625,6.666740522321562,REPLACED_BY_VBL
VBL,1089,1089,612.0,583.9568933858704,7.838215499054876,STOP
PNB,1082,1090,129.64999389648438,124.0,37.272215503153454,REPLACED_BY_VOLTAS
ACC,1081,1090,2635.050048828125,2669.39990234375,1.8210616249109834,REPLACED_BY_POWERGRID
ANANDRATHI,1083,1091,927.25,919.9874877929688,5.31926948608289,REPLACED_BY_JKCEMENT
POWERGRID,1090,1091,291.5,275.25677438793576,15.435710166670823,STOP
BAJAJ-AUTO,1081,1092,8120.60009765625,7955.0,0.5901616079720907,REPLACED_BY_GODFRYPHLP
SUNDARMFIN,1085,1092,4175.2001953125,4209.9501953125,1.049567402467655,REPLACED_BY_INTELLECT
VOLTAS,1090,1093,1128.199951171875,1104.0,4.298150286755958,REPLACED_BY_TMPV
THERMAX,1088,1094,3754.85009765625,3680.050048828125,1.1005658814762154,REPLACED_BY_BEL
M&M,1087,1094,1926.3499755859375,1925.0,2.509592904737463,REPLACED_BY_DIXON
SWANCORP,1090,1095,763.9000244140625,724.0,6.3768786743521035,REPLACED_BY_CANBK
JKCEMENT,1091,1095,4446.7001953125,4384.0498046875,1.0535830593092927,REPLACED_BY_SBIN
AMBUJACEM,1089,1096,607.9500122070312,598.2999877929688,7.9142024603796495,REPLACED_BY_BAJAJ-AUTO
INTELLECT,1092,1097,1117.800048828125,1090.9000244140625,3.5867947324082743,REPLACED_BY_ABB
BOSCHLTD,1086,1098,28250.0,29477.400390625,0.17034254065206772,REPLACED_BY_BANKBARODA
CANBK,1095,1098,120.80000305175781,113.31812582380594,39.47807945976596,STOP
INDHOTEL,1085,1099,548.75,573.9500122070312,8.7977959830105,REPLACED_BY_SIEMENS
DLF,1092,1099,902.0,855.5923311797609,5.241522812320394,STOP
BEL,1094,1099,211.0,197.90439689203916,22.66962215779349,STOP
DIXON,1094,1099,7140.0,6751.863627315501,0.5664826821722463,STOP
SBIN,1095,1099,783.6500244140625,748.6564984448736,5.62957867912616,STOP
BANKBARODA,1098,1099,277.0,260.1622318431065,17.285555557230293,STOP
ANANDRATHI,1099,1099,971.125,917.8914992151183,4.744333318308647,STOP
GODFRYPHLP,1092,1100,985.9833374023438,958.3333129882812,4.791621667756215,REPLACED_BY_CIPLA
BAJAJ-AUTO,1096,1100,8638.0,8202.959463459967,0.5448879148304011,STOP
EMBASSY,1100,1102,381.79998779296875,395.0299987792969,11.749797397560185,INELIGIBLE
TMPV,1093,1102,993.25,945.8499755859375,4.748826706719854,REPLACED_BY_COLPAL
M&M,1100,1103,1853.699951171875,1856.050048828125,2.4223459754864622,REPLACED_BY_CRISIL
TORNTPHARM,1100,1103,2652.0,2543.896166820026,1.685580697379601,STOP
TATACONSUM,1102,1103,1213.050048828125,1150.8485356423191,3.6970760668535085,STOP
THERMAX,1100,1104,3607.050048828125,3594.949951171875,1.2373217663202605,REPLACED_BY_ICICIBANK
CIPLA,1100,1105,1467.0999755859375,1427.0,2.5819433265742053,REPLACED_BY_DELHIVERY
CRISIL,1103,1106,5223.5498046875,5001.5498046875,0.866188699205071,REPLACED_BY_BAJAJ-AUTO
LINDEINDIA,1104,1107,6789.9501953125,6556.5,0.6580684371777052,REPLACED_BY_PIDILITIND
ICICIBANK,1104,1108,1080.0,1083.699951171875,3.786190943720424,REPLACED_BY_THERMAX
DELHIVERY,1105,1108,468.95001220703125,461.0,7.809771946597979,REPLACED_BY_SONACOMS
COLPAL,1102,1109,2728.550048828125,2678.0,1.6424147494094277,REPLACED_BY_MARUTI
POWERINDIA,1101,1110,6750.0,7033.25,0.6582156341421009,REPLACED_BY_INDUSTOWER
SONACOMS,1108,1111,703.0,689.5999755859375,4.360129653507201,REPLACED_BY_DLF
BHARTIARTL,1100,1112,1173.949951171875,1195.0,3.841970153138518,REPLACED_BY_JINDALSTEL
ABB,1097,1112,5801.0498046875,6458.0,0.6704696228606586,REPLACED_BY_BLUESTARCO
DMART,1104,1113,4015.0,4562.0,1.0990566927586378,REPLACED_BY_JSWENERGY
MARUTI,1109,1113,12569.9501953125,12490.0,0.3478196209968635,REPLACED_BY_CANBK
DLF,1111,1113,948.25,893.8171413072312,3.1518679571118,STOP
ZYDUSLIFE,1079,1114,856.0,985.9500122070312,5.525448476704855,REPLACED_BY_INDHOTEL
PIDILITIND,1107,1115,1490.9000244140625,1500.75,2.8766619591148483,REPLACED_BY_VOLTAS
INDUSTOWER,1110,1115,294.8999938964844,316.5,15.604279122720433,REPLACED_BY_VEDL
INDHOTEL,1114,1115,620.0,584.672360890851,5.695040552502675,STOP
OFSS,1100,1117,8000.0,8425.0,0.5589715953352935,REPLACED_BY_POWERINDIA
BAJAJ-AUTO,1106,1117,8700.0498046875,9034.7998046875,0.4949822183084818,REPLACED_BY_IPCALAB
JSWENERGY,1113,1118,582.0,617.0,8.045586630332814,REPLACED_BY_INDIGO
VOLTAS,1115,1118,1310.0,1339.800048828125,3.8186466113176176,REPLACED_BY_HONAUT
JINDALSTEL,1112,1119,892.7000122070312,892.5499877929688,5.210437656755381,REPLACED_BY_ABB
SIEMENS,1099,1119,2808.70458984375,3238.006591796875,1.6571096130014742,REPLACED_BY_VOLTAS
POWERINDIA,1117,1119,7785.14990234375,7161.832618853565,0.6082379305958225,STOP
INDIGO,1118,1119,3830.0,3603.356648429727,1.2492957435568528,STOP
ABREL,1116,1120,1740.0,1735.0,1.9021920484439059,REPLACED_BY_GAIL
BLUESTARCO,1112,1120,1311.4000244140625,1367.4000244140625,3.21513126030144,REPLACED_BY_TATAPOWER
CANBK,1113,1121,122.94000244140625,117.77999877929688,37.576469407419346,REPLACED_BY_AARTIIND
DMART,1114,1121,4645.0,4644.2998046875,1.0085344941451027,REPLACED_BY_CHOICEIN
ABB,1119,1121,6660.0,6405.367990082575,0.700324370218301,STOP
HONAUT,1118,1122,43043.0,43784.80078125,0.108119526974942,REPLACED_BY_GLENMARK
VOLTAS,1119,1123,1300.0,1364.0,3.611911009912705,REPLACED_BY_HAL
KEI,1120,1123,3947.14990234375,3798.0,1.1663072629935836,REPLACED_BY_LINDEINDIA
GAIL,1120,1124,203.0,201.0,22.93193662476325,REPLACED_BY_APARINDS
TATAPOWER,1120,1124,431.3999938964844,430.04998779296875,8.675120801933348,REPLACED_BY_INDUSTOWER
IPCALAB,1117,1125,1330.0,1322.1500244140625,3.3016946160011265,REPLACED_BY_MCX
VEDL,1115,1125,323.8999938964844,376.0,12.961125270337112,REPLACED_BY_KEI
MCX,1125,1125,780.0,748.1944880963222,5.826975581580796,STOP
THERMAX,1108,1126,4097.0,4485.0,1.1208558724459823,REPLACED_BY_VOLTAS
BEL,1120,1127,232.5,238.5,19.924228966881973,REPLACED_BY_ABSLAMC
LINDEINDIA,1123,1127,7470.0,8386.0,0.6161539287811362,REPLACED_BY_EICHERMOT
KEI,1125,1128,4006.800048828125,3950.0,1.157634819773331,REPLACED_BY_POLYCAB
GLENMARK,1122,1128,1032.0,1090.0,4.3778357803098045,REPLACED_BY_DIXON
AARTIIND,1121,1129,754.9500122070312,756.0,6.252242363127469,REPLACED_BY_ABREL
CHOICEIN,1121,1129,308.95001220703125,326.8500061035156,14.031616057739644,REPLACED_BY_MAHABANK
ABSLAMC,1127,1130,569.0,545.0,8.470927670389715,REPLACED_BY_INDIGO
INDUSTOWER,1124,1130,359.8500061035156,359.0,9.987921911913622,REPLACED_BY_PNB
JINDALSTEL,1126,1131,935.75,948.5,5.037381326497683,REPLACED_BY_SBIN
ABREL,1129,1132,2006.5,1965.300048828125,2.375391784761451,REPLACED_BY_NMDC
MAHABANK,1129,1132,71.4000015258789,68.80000305175781,65.20022747272029,REPLACED_BY_VEDL
PNB,1130,1132,141.10000610351562,132.64999479225892,23.937937931194615,STOP
APARINDS,1124,1133,7400.0,7685.0,0.6345960051918946,REPLACED_BY_ABB
DIXON,1128,1133,8568.0498046875,8410.5,0.5504584188792506,REPLACED_BY_ZYDUSLIFE
SBIN,1131,1133,834.7999877929688,795.4759613582075,5.68923606429816,STOP
HAL,1123,1134,3800.0,3703.0,1.2362215721321237,REPLACED_BY_TRENT
VOLTAS,1126,1134,1415.949951171875,1280.0,3.260615234854912,STOP
CHOICEIN,1133,1135,344.0,323.3485716894371,13.785724192573467,STOP
ZYDUSLIFE,1133,1136,1029.0,970.0,3.0427891293579887,REPLACED_BY_TMPV
NMDC,1132,1136,90.56666564941406,84.33333587646484,53.06886504045944,REPLACED_BY_M&M
TMPV,1136,1137,1037.0,981.6635481671196,4.4110267969058725,STOP
UNITDSPR,1135,1138,1237.800048828125,1187.0999755859375,3.3516082661441584,REPLACED_BY_ASTRAL
DMART,1136,1139,4798.64990234375,4614.9501953125,0.9470749516472501,REPLACED_BY_CGPOWER
TRENT,1134,1139,4498.9501953125,4550.0,0.9867440875513213,REPLACED_BY_HAL
EICHERMOT,1127,1141,4591.0,4660.0,1.027938710701075,REPLACED_BY_JINDALSTEL
ASTRAL,1138,1142,2225.949951171875,2089.863397892092,1.6001337516292968,STOP
VEDL,1132,1144,418.0,480.0,10.27058077531599,REPLACED_BY_HEGAM
CGPOWER,1139,1144,612.0,644.0,7.773666067253121,REPLACED_BY_DIXON
HEGAM,1144,1144,519.7999877929688,497.65693626262447,9.342700879534842,STOP
SIEMENS,1122,1145,3272.258056640625,4311.51123046875,1.4200430235366692,REPLACED_BY_OBEROIRLTY
JINDALSTEL,1141,1146,1005.0,1071.0,4.737849941411,REPLACED_BY_MOTHERSON
TECHNOE,1143,1146,1150.0,1058.768427017466,2.8904840057081254,STOP
INDIGO,1130,1147,4019.0,4252.0498046875,1.1882581839793978,REPLACED_BY_SUPREMEIND
HAL,1139,1147,4105.7998046875,5139.0,0.986385738448663,REPLACED_BY_RECLTD
SOLARINDS,1145,1147,10150.0,9432.320285901194,0.49769676023425974,STOP
ESCORTS,1138,1148,3609.0,3602.0,1.3015563156071615,REPLACED_BY_SCHAEFFLER
CUMMINSIND,1087,1150,2765.0,3592.75,1.7481280104164416,REPLACED_BY_BEL
RECLTD,1147,1150,581.0,555.0999755859375,6.299900232751144,REPLACED_BY_COROMANDEL
SCHAEFFLER,1148,1150,4594.7001953125,4257.616659186989,0.9524459432920748,STOP
SUPREMEIND,1147,1151,5579.89990234375,5400.0,0.8958016386633075,REPLACED_BY_GLENMARK
M&M,1136,1152,2211.85009765625,2634.25,1.2182398938286416,REPLACED_BY_SBIN
DIXON,1144,1152,9345.0,8746.634870424212,0.5372226338383803,STOP
OBEROIRLTY,1145,1152,1788.1500244140625,1663.773445168286,2.8152391714608984,STOP
ASHOKLEY,1147,1152,113.875,106.92087288436005,44.295355841664694,STOP
BEL,1150,1152,294.20001220703125,271.32059504034714,16.8541523085324,STOP
CHOICEIN,1151,1152,369.8999938964844,337.99023969815534,13.734365361292495,STOP
GLENMARK,1151,1152,1174.949951171875,1091.642028159598,3.1992355175018794,STOP
SBIN,1152,1152,897.0,863.5491764489773,3.5562443049859844,STOP
HAVELLS,1134,1153,1670.949951171875,1774.050048828125,2.7586760436815485,REPLACED_BY_M&M
POLYCAB,1128,1154,5600.0,6900.0,0.8443531683651975,REPLACED_BY_SUNTV
ABB,1133,1154,6977.0,7801.0498046875,0.6783267047801619,REPLACED_BY_GODREJCP
BRITANNIA,1153,1156,5325.10009765625,5465.0,0.8684527911219612,REPLACED_BY_INDIGO
UNITDSPR,1153,1156,1227.949951171875,1327.0,3.8410282747619586,REPLACED_BY_ENDURANCE
DABUR,1153,1157,585.0,619.8499755859375,7.998266940813393,REPLACED_BY_CROMPTON
MARICO,1153,1157,621.4500122070312,651.0,7.525177991495372,REPLACED_BY_SUMICHEM
EIDPARRY,1153,1158,650.0,713.2000122070312,7.136725374712034,REPLACED_BY_ULTRACEMCO
GODREJCP,1154,1158,1427.0,1442.1500244140625,3.3938617755574674,REPLACED_BY_ABSLAMC
DIVISLAB,1148,1159,4360.0,4501.2998046875,1.1353922180610465,REPLACED_BY_WHIRLPOOL
COROMANDEL,1150,1159,1307.300048828125,1475.949951171875,3.641611631099656,REPLACED_BY_BLUESTARCO
SUMICHEM,1157,1160,500.0,490.0,10.010384543016254,REPLACED_BY_GLAXO
INDIGO,1156,1161,4398.0,4300.0,1.1164632867799116,MQS_LT_50
SUNTV,1154,1161,748.0,760.0,6.471583223630206,REPLACED_BY_CARBORUNIV
ENDURANCE,1156,1161,2439.89990234375,2696.050048828125,2.0171941425358724,REPLACED_BY_HONAUT
ABSLAMC,1158,1162,623.5,676.0,7.982193950210398,REPLACED_BY_IEX
HEROMOTOCO,1153,1162,5315.0,5774.7998046875,0.8708075908512607,REPLACED_BY_EXIDEIND
BLUESTARCO,1159,1163,1694.8499755859375,1706.4000244140625,2.9638304958185335,REPLACED_BY_BHARATFORG
GLAXO,1160,1163,2718.0,2576.39990234375,1.851153556805531,REPLACED_BY_DIXON
ULTRACEMCO,1158,1164,10871.5,10882.5,0.4516907667367796,REPLACED_BY_LTF
BALKRISIND,1153,1165,2920.0,3201.050048828125,1.5960373297723551,REPLACED_BY_ESCORTS
CARBORUNIV,1161,1166,1800.0,1689.949951171875,2.8544326567323703,REPLACED_BY_SUZLON
IEX,1162,1167,186.64999389648438,180.0,27.289327950677126,REPLACED_BY_ANANTRAJ
SIEMENS,1161,1168,4593.24169921875,4452.42041015625,1.1073243455387054,REPLACED_BY_AFFLE
LTF,1164,1168,184.89999389648438,181.75,27.418283720357728,REPLACED_BY_WOCKPHARMA
EXIDEIND,1162,1169,567.0,566.9500122070312,8.984620250853292,REPLACED_BY_SIEMENS
HONAUT,1161,1169,57926.80078125,57500.0,0.08741412616856978,REPLACED_BY_CUMMINSIND
CROMPTON,1157,1170,415.5,405.29998779296875,12.041389488759732,REPLACED_BY_GRASIM
ANANTRAJ,1167,1170,445.8999938964844,434.0,11.352965094336541,REPLACED_BY_GODREJPROP
SUZLON,1166,1171,55.150001525878906,53.0,91.64925873057392,REPLACED_BY_INDUSTOWER
BHARATFORG,1163,1171,1704.0,1668.75,2.9414866768847467,REPLACED_BY_NAUKRI
WHIRLPOOL,1159,1172,1820.0,1941.75,2.7858564615897365,REPLACED_BY_SUNTV
ESCORTS,1165,1172,4332.5,4130.0498046875,1.153876703999721,REPLACED_BY_ANANTRAJ
CUMMINSIND,1169,1173,4103.60009765625,3973.949951171875,1.2119979647695647,REPLACED_BY_HDFCBANK
M&M,1153,1173,2572.89990234375,2890.0,0.7613381190865937,REPLACED_BY_SANSERA
NAUKRI,1171,1174,1392.969970703125,1354.010009765625,3.3246429924941987,MQS_LT_50
AFFLE,1168,1174,1375.0,1354.0,3.6266020291607624,REPLACED_BY_OFSS
HDFCBANK,1173,1174,879.875,842.5,5.796195745565572,STOP
WOCKPHARMA,1168,1175,683.9500122070312,914.0,7.630395151761614,REPLACED_BY_GLENMARK
SUNTV,1172,1175,789.9000244140625,784.75,6.45155042138816,REPLACED_BY_PRIVISCL
SIEMENS,1169,1176,4609.47216796875,4555.1162109375,1.0819410484409941,REPLACED_BY_BEL
GRASIM,1170,1176,2666.199951171875,2735.10009765625,1.8489575016304838,REPLACED_BY_POLYMED
INDUSTOWER,1171,1177,391.6000061035156,386.70001220703125,12.963401012970499,REPLACED_BY_CROMPTON
RKFORGE,1174,1177,962.0,939.0,5.361705360462244,REPLACED_BY_FEDERALBNK
PRIVISCL,1175,1178,1565.0,1548.699951171875,3.3103317792043883,REPLACED_BY_HSCL
MOTHERSON,1146,1179,94.0,132.6666717529297,53.89310521234069,REPLACED_BY_COHANCE
ANANTRAJ,1172,1179,485.8999938964844,506.5,10.327346861476919,REPLACED_BY_NEULANDLAB
CIEINDIA,1175,1180,617.9500122070312,600.0,8.376818426368835,REPLACED_BY_GRASIM
POLYMED,1176,1180,2121.0,2100.0,2.421106386607227,REPLACED_BY_MARICO
SANSERA,1173,1181,1353.0,1393.0,1.3856500292183727,REPLACED_BY_ETERNAL
HSCL,1178,1181,437.5,419.70001220703125,11.661163914899669,REPLACED_BY_ABSLAMC
BEL,1176,1182,338.0,326.5,15.317152413141661,REPLACED_BY_NAVA
ETERNAL,1181,1182,230.0,214.51537642195834,22.07114376235718,STOP
GODREJPROP,1170,1183,3290.0,3364.449951171875,1.5240610911949546,REPLACED_BY_MOTHERSON
DIXON,1163,1183,11400.0,11945.849609375,0.44198782234763484,REPLACED_BY_HINDUNILVR
NAVA,1182,1183,423.0249938964844,390.2784019811512,11.751394793910514,STOP
MOTHERSON,1183,1183,136.8733367919922,128.0970942992211,36.95928357587996,STOP
COHANCE,1179,1184,854.5499877929688,820.5999755859375,5.913794052505434,REPLACED_BY_LALPATHLAB
GRASIM,1180,1184,2850.0,2702.0,1.7713719606476146,REPLACED_BY_KALYANKJIL
NEULANDLAB,1179,1185,8065.0,8010.64990234375,0.6232516721705873,REPLACED_BY_BAJAJHLDNG
TECHM,1183,1185,1538.0,1473.0209590059696,3.2702769597195904,STOP
ABSLAMC,1181,1186,710.0,680.0,6.456343701672641,REPLACED_BY_INDUSTOWER
CROMPTON,1177,1186,426.5,429.04998779296875,11.912018388016705,REPLACED_BY_DABUR
DABUR,1186,1186,650.0,622.3994104900596,6.790397383863875,STOP
KALYANKJIL,1184,1187,531.4000244140625,590.0,7.888132963433296,REPLACED_BY_COHANCE
BAJAJHLDNG,1185,1187,9950.0,9453.90991394134,0.4911682742808795,STOP
LALPATHLAB,1184,1188,1495.699951171875,1487.5,3.2618967377983394,REPLACED_BY_SUZLON
GODREJCP,1186,1189,1516.699951171875,1474.9000244140625,3.244710867954032,REPLACED_BY_ICICIPRULI
HINDUNILVR,1183,1190,2739.0,2715.60009765625,1.8120260897218732,REPLACED_BY_ATUL
COHANCE,1187,1190,872.2999877929688,903.0,4.629600235402141,REPLACED_BY_COROMANDEL
MPHASIS,1184,1191,2868.0,2902.0,1.6992273844307544,REPLACED_BY_COHANCE
OFSS,1174,1191,10488.0,11112.0,0.40024363814243125,REPLACED_BY_SUNTV
INDUSTOWER,1186,1192,439.1499938964844,435.8999938964844,11.324940635684356,REPLACED_BY_COLPAL
MARICO,1180,1192,658.9500122070312,675.6500244140625,7.748560532634203,REPLACED_BY_AFFLE
COROMANDEL,1190,1193,1680.050048828125,1620.0,2.446680764533205,REPLACED_BY_LUPIN
SUZLON,1188,1193,62.68000030517578,67.80000305175781,72.79340860116496,REPLACED_BY_TVSMOTOR
FEDERALBNK,1177,1194,187.75,193.0500030517578,27.13275414609935,REPLACED_BY_AUROPHARMA
ZYDUSWELL,1187,1194,466.1600036621094,444.6700134277344,10.27289954522249,REPLACED_BY_WHIRLPOOL
INFY,1184,1194,1800.1500244140625,1724.7198195061414,2.723341457640614,STOP
GLENMARK,1175,1195,1338.0999755859375,1428.699951171875,3.8320588205042245,REPLACED_BY_NTPC
TVSMOTOR,1193,1195,2574.800048828125,2454.6291805453657,1.5396382774072181,STOP
COHANCE,1191,1196,947.0,994.0,5.266422375995455,REPLACED_BY_HINDUNILVR
ICICIPRULI,1189,1196,724.9000244140625,708.25,6.562279096294183,REPLACED_BY_TORNTPHARM
WHIRLPOOL,1194,1197,2088.550048828125,2067.35009765625,2.3175806071020455,REPLACED_BY_ZYDUSLIFE
SUNTV,1191,1197,879.3499755859375,888.0,4.930072925379289,REPLACED_BY_SYNGENE
NTPC,1195,1198,413.25,413.79998779296875,11.751219926272036,REPLACED_BY_NATCOPHARM
SYNGENE,1197,1198,854.25,792.3499755859375,4.84016395809792,STOP
GODREJCP,1196,1199,1494.449951171875,1444.800048828125,3.28321398081642,REPLACED_BY_SUNTV
COLPAL,1192,1199,3350.39990234375,3432.5,1.476399807022028,REPLACED_BY_GLENMARK
SUNTV,1199,1199,899.0,867.5240224469338,5.397006795149243,STOP
ATUL,1190,1200,7850.0,7840.85009765625,0.6288250739147656,REPLACED_BY_GLAXO
ZYDUSLIFE,1197,1200,1281.0,1258.0,3.887271514893434,REPLACED_BY_SUMICHEM
HSCL,1195,1201,452.54998779296875,459.0,10.728358997045456,REPLACED_BY_TVSMOTOR
HINDUNILVR,1196,1202,2781.699951171875,2737.89990234375,1.7652624591131474,REPLACED_BY_TRENT
AFFLE,1192,1203,1524.0,1580.0,3.335953915080934,REPLACED_BY_ICICIGI
TORNTPHARM,1196,1203,3230.050048828125,3348.949951171875,1.2887565643466368,REPLACED_BY_PERSISTENT
SUMICHEM,1200,1204,539.6500244140625,533.6500244140625,8.384226476135314,REPLACED_BY_KIMS
NATCOPHARM,1198,1205,1455.0,1441.9000244140625,3.322038488012066,REPLACED_BY_SHRIRAMFIN
LUPIN,1193,1206,1949.5,2125.0,2.545270887486242,REPLACED_BY_UTIAMC
GLAXO,1200,1207,2900.0,2918.0,1.7087505975859518,REPLACED_BY_SANSERA
COROMANDEL,1199,1208,1709.0,1748.5,2.9215597160205498,REPLACED_BY_WELSPUNLIV
AUROPHARMA,1194,1209,1428.3499755859375,1543.5999755859375,3.435422306750361,REPLACED_BY_DIXON
SANSERA,1207,1210,1535.0,1517.0,3.292524510080328,REPLACED_BY_VOLTAS
PERSISTENT,1203,1210,4905.0,4925.0,0.9380499836707012,REPLACED_BY_SBILIFE
TVSMOTOR,1201,1211,2635.800048828125,2750.0,1.8510501686510696,REPLACED_BY_BALRAMCHIN
SHRIRAMFIN,1205,1211,627.989990234375,639.7999877929688,7.581956925609773,REPLACED_BY_LTM
UTIAMC,1206,1212,1160.0,1117.050048828125,4.346387292201524,REPLACED_BY_BAJAJ-AUTO
JUBLFOOD,1200,1213,651.0,654.0,7.582277730539648,REPLACED_BY_PERSISTENT
WELSPUNLIV,1208,1213,195.0,193.97000122070312,25.38939653305104,REPLACED_BY_NAUKRI
DIXON,1209,1213,13399.9501953125,12556.04360358376,0.3770469266485393,STOP
BALRAMCHIN,1211,1214,582.2000122070312,591.8499755859375,8.647934515417557,REPLACED_BY_INFY
GLENMARK,1199,1214,1475.5999755859375,1694.5,2.5209715013939897,REPLACED_BY_LTFOODS
GRANULES,1188,1215,548.4500122070312,681.2000122070312,8.890579359120531,REPLACED_BY_BAJAJHLDNG
NAUKRI,1213,1215,1535.989990234375,1459.0248751126362,3.075084658871671,STOP
LTM,1211,1216,6114.0,6089.7998046875,0.8029746950125384,REPLACED_BY_CHOICEIN
INFY,1214,1217,1967.0,1897.5295781418101,2.5594052829231617,STOP
BAJAJ-AUTO,1212,1218,10835.0,10830.099609375,0.4454165643879361,REPLACED_BY_UTIAMC
BAJAJHLDNG,1215,1218,10625.0,10342.11819329211,0.46289827661975513,STOP
HCLTECH,1214,1219,1806.0,1749.449951171875,2.78302471998318,REPLACED_BY_GLENMARK
LUPIN,1216,1220,2285.0,2229.0,2.213064524436087,REPLACED_BY_LTM
TRENT,1202,1220,6440.0,7160.9501953125,0.7484566933810552,REPLACED_BY_AJANTPHARM
ICICIGI,1203,1221,2043.449951171875,2141.949951171875,2.411756922099747,REPLACED_BY_COFORGE
SBILIFE,1210,1221,1838.75,1863.0,2.738718253014902,REPLACED_BY_ETERNAL
COHANCE,1218,1222,1200.1500244140625,1189.9000244140625,4.161706776308052,REPLACED_BY_SHRIRAMFIN
CONCORDBIO,1219,1222,1860.0,2000.0,2.6680806328382514,REPLACED_BY_CHOLAFIN
CHOICEIN,1216,1223,459.79998779296875,461.0,11.100663410290926,REPLACED_BY_CHOLAHLDNG
AJANTPHARM,1220,1223,3415.89990234375,3339.10009765625,1.4508556259423315,REPLACED_BY_PVRINOX
PERSISTENT,1213,1224,5214.5,5301.0,0.9782658901480021,REPLACED_BY_NAVA
UTIAMC,1218,1224,1302.0,1270.0999755859375,3.7551173584065536,REPLACED_BY_HSCL
ETERNAL,1221,1225,276.29998779296875,270.6499938964844,18.28847457366077,REPLACED_BY_UNITDSPR
GLENMARK,1219,1225,1713.0,1714.0,2.7061983624728683,REPLACED_BY_BAJAJ-AUTO
VOLTAS,1210,1226,1745.0,1899.0,2.889066856535366,REPLACED_BY_RADICO
KIMS,1204,1226,487.989990234375,546.75,9.11387035018071,REPLACED_BY_MCX
RADICO,1226,1226,2299.0,2123.430427555339,2.27078423567148,STOP
NAVA,1224,1227,555.5250244140625,610.0,9.136378215237109,REPLACED_BY_MFSL
HSCL,1224,1227,596.0,664.8499755859375,8.528107615326366,REPLACED_BY_BAJAJFINSV
LTM,1220,1228,6332.0,6400.0,0.7837115602571302,REPLACED_BY_SANSERA
PVRINOX,1223,1228,1665.949951171875,1660.0,3.0330907262162654,REPLACED_BY_BHARTIARTL
COFORGE,1221,1229,1379.5999755859375,1377.800048828125,3.6323786173346804,REPLACED_BY_IEX
SHRIRAMFIN,1222,1229,679.9400024414062,716.2999877929688,7.360205184544604,REPLACED_BY_HEROMOTOCO
IEX,1229,1229,240.5,226.10104436817824,21.588945525508713,STOP
CHOLAFIN,1222,1230,1580.0,1614.300048828125,3.1773308246754564,REPLACED_BY_TRENT
CHOLAHLDNG,1223,1231,1909.949951171875,2050.0,2.647027529090995,REPLACED_BY_HSCL
HEROMOTOCO,1229,1231,6191.0,5913.511998328759,0.8347797769292183,STOP
KALYANKJIL,1230,1231,775.7000122070312,713.5120732834235,6.665056415785027,STOP
LTFOODS,1214,1232,385.04998779296875,399.0,10.334498785618575,REPLACED_BY_ICICIPRULI
MCX,1226,1233,1165.739990234375,1143.5999755859375,4.40951559626189,REPLACED_BY_BOSCHLTD
SANSERA,1228,1233,1666.75,1689.949951171875,3.054659654625955,REPLACED_BY_M&M
SARDAEN,1227,1234,415.8999938964844,444.0,12.19709497958651,REPLACED_BY_IPCALAB
BHARTIARTL,1228,1235,1719.0,1665.0,2.9743560562861457,REPLACED_BY_BRITANNIA
HSCL,1231,1235,664.0499877929688,639.0999755859375,7.763204129116363,REPLACED_BY_COFORGE
ICICIPRULI,1232,1236,770.0,757.4500122070312,4.81453583485952,REPLACED_BY_JSWSTEEL
MFSL,1227,1236,1166.0,1169.5,4.371726075065031,REPLACED_BY_COLPAL
M&M,1233,1236,3163.14990234375,3031.390239050262,1.5924606705988529,STOP
BRITANNIA,1235,1236,6444.2001953125,6225.159900208174,0.7855502731764058,STOP
CHOLAHLDNG,1232,1237,2080.85009765625,2001.300048828125,2.4498740382085185,REPLACED_BY_TORNTPHARM
TRENT,1230,1237,7618.25,7307.2001953125,0.6751328159781537,REPLACED_BY_ALKEM
COLPAL,1236,1237,3840.0,3679.7487281980966,1.0382100939579848,STOP
UNITDSPR,1225,1238,1560.5,1495.0999755859375,3.294354984436234,REPLACED_BY_TRENT
BAJAJ-AUTO,1225,1238,11840.5,11585.0,0.38663305000401144,REPLACED_BY_LALPATHLAB
JSWSTEEL,1236,1238,1042.0,992.4178158622212,4.763838814093783,STOP
BAJAJFINSV,1227,1239,1892.0999755859375,1849.0,2.669888747608838,REPLACED_BY_DIXON
BALRAMCHIN,1232,1240,630.0499877929688,657.7000122070312,8.313579470574288,REPLACED_BY_PAGEIND
BOSCHLTD,1233,1240,37976.0,38606.1484375,0.13350072940200314,REPLACED_BY_CHOICEIN
ALKEM,1237,1241,6230.0,6188.89990234375,0.7494831185360892,REPLACED_BY_DIVISLAB
LALPATHLAB,1238,1242,1729.9749755859375,1757.074951171875,2.0584054647455834,REPLACED_BY_MANKIND
WHIRLPOOL,1237,1243,2379.300048828125,2372.300048828125,2.066126742933402,REPLACED_BY_OBEROIRLTY
TORNTPHARM,1237,1244,3490.0,3497.60009765625,1.4053147863153717,REPLACED_BY_SIEMENS
NAUKRI,1237,1245,1661.780029296875,1636.469970703125,2.9769726130330243,REPLACED_BY_NUVAMA
VIJAYA,1238,1246,973.0,1001.3499755859375,4.878128749718012,REPLACED_BY_NATIONALUM
MANKIND,1242,1246,2828.0,2667.75,1.3769707790774859,REPLACED_BY_HINDPETRO
PAGEIND,1240,1247,43935.3984375,45451.0,0.1127330010749803,REPLACED_BY_HDFCLIFE
TRENT,1238,1247,7520.0,7820.0,0.6433996031261109,REPLACED_BY_HINDALCO
COFORGE,1235,1247,1390.4000244140625,1351.8313955493816,3.55274789425434,STOP
SIEMENS,1244,1247,4619.71533203125,4386.025419066092,1.0576032541812388,STOP
NUVAMA,1245,1248,1466.0,1390.199951171875,3.3032628621500146,REPLACED_BY_FLUOROCHEM
HINDPETRO,1246,1248,430.3999938964844,404.10026882332824,8.45375186718916,STOP
IPCALAB,1234,1249,1498.050048828125,1565.0999755859375,3.3569847046444745,REPLACED_BY_TIINDIA
HINDALCO,1247,1249,760.0,714.1103679737345,6.552642424346014,STOP
FLUOROCHEM,1248,1249,4775.0498046875,4430.570663327593,0.9106770435769609,STOP
HDFCLIFE,1247,1251,748.8499755859375,718.0,6.650166321726625,REPLACED_BY_CRISIL
DIXON,1239,1251,14550.0,13552.296609066376,0.3224533501609523,STOP
TORNTPOWER,1250,1253,1952.300048828125,1837.199951171875,1.992092705849589,REPLACED_BY_ICICIBANK
NATIONALUM,1246,1254,224.0,227.89999389648438,21.734098064384824,REPLACED_BY_CUB
COHANCE,1248,1254,1276.800048828125,1279.5,3.8025363982191083,REPLACED_BY_COFORGE
OBEROIRLTY,1243,1255,2000.0,1927.75,2.436075850162795,REPLACED_BY_BALRAMCHIN
TECHM,1250,1255,1735.050048828125,1646.47726672615,2.750835812523379,STOP
HCLTECH,1252,1255,1845.0999755859375,1775.1727422829802,2.354258319446248,STOP
BALRAMCHIN,1255,1255,661.0,614.9276382871545,7.169607293640682,STOP
TIINDIA,1249,1257,4441.14990234375,4449.7001953125,0.8723461527846775,REPLACED_BY_ABSLAMC
MFSL,1248,1258,1199.5,1253.199951171875,4.068785802570191,REPLACED_BY_MANKIND
POLYMED,1249,1258,2532.0,2879.0,1.8736550419006754,REPLACED_BY_FORTIS
IPCALAB,1256,1259,1600.0,1599.800048828125,2.3732825340172092,REPLACED_BY_SBIN
DIVISLAB,1241,1259,5975.0,5810.0,0.8261607214892155,REPLACED_BY_MAXHEALTH
MCX,1239,1260,1209.989990234375,1293.0,4.06187983469388,REPLACED_BY_PRIVISCL
COHANCE,1256,1260,1309.0,1325.0,3.6005965466592547,REPLACED_BY_NATIONALUM
ICICIBANK,1253,1261,1301.3499755859375,1270.0,2.7955424252514387,REPLACED_BY_WELCORP
FORTIS,1258,1261,633.25,623.0999755859375,7.42912263167483,REPLACED_BY_PERSISTENT
MANKIND,1258,1262,2730.0,2662.550048828125,1.7273961338983168,REPLACED_BY_FEDERALBNK
GILLETTE,1256,1262,9962.099609375,9836.0,0.4750233570736793,REPLACED_BY_PAGEIND
WELCORP,1261,1262,799.0,727.7000122070312,5.928340974548523,STOP
CHOICEIN,1240,1263,474.8999938964844,524.7999877929688,10.488023968839334,REPLACED_BY_DIXON
NATIONALUM,1260,1263,245.0,226.61817266626454,19.418017473626065,STOP
PRIVISCL,1260,1264,1963.949951171875,1825.5,2.4496759760644986,REPLACED_BY_RAINBOW
SBIN,1259,1264,849.2000122070312,813.3691024370286,5.559215734589103,STOP
FEDERALBNK,1262,1265,207.8000030517578,196.25589464304284,22.554184524475207,STOP
PAGEIND,1262,1265,47800.0,45553.322395066876,0.09475701939736822,STOP
MAXHEALTH,1259,1266,1043.0,1055.0999755859375,4.519324315536716,REPLACED_BY_ECLERX
CRISIL,1251,1266,5117.9501953125,5190.0,0.9273744391872525,REPLACED_BY_TECHM
WIPRO,1263,1266,287.5,272.3851373938534,16.046384587670698,STOP
DIXON,1263,1267,15451.900390625,14850.9501953125,0.2990236246699207,REPLACED_BY_MFSL
CUB,1254,1268,132.6374969482422,127.92749786376953,35.74758028871356,REPLACED_BY_HDFCBANK
COHANCE,1265,1268,1250.949951171875,1274.3499755859375,3.539486361630064,REPLACED_BY_IPCALAB
MFSL,1267,1268,1240.0,1166.3842145827828,3.5851116696407557,STOP
ECLERX,1266,1271,1660.1500244140625,1671.199951171875,2.685841271850876,REPLACED_BY_FEDERALBNK
PERSISTENT,1261,1272,5757.35009765625,5968.9501953125,0.6789831532613384,REPLACED_BY_LAURUSLABS
IPCALAB,1268,1273,1569.8499755859375,1529.949951171875,2.8299552923124285,REPLACED_BY_BEL
RAINBOW,1264,1273,1611.050048828125,1588.9000244140625,2.8035109555350677,REPLACED_BY_CDSL
FORTIS,1266,1274,642.0,654.4000244140625,7.017186097623251,REPLACED_BY_POLYCAB
CRISIL,1269,1274,5589.5,5307.5498046875,0.803957104184956,REPLACED_BY_KARURVYSYA
TECHM,1266,1275,1684.75,1710.0,2.657590200695111,REPLACED_BY_SYNGENE
HDFCBANK,1268,1275,874.7000122070312,901.75,5.114954349543313,REPLACED_BY_KFINTECH
FEDERALBNK,1271,1276,212.8800048828125,212.0,21.58087415018472,REPLACED_BY_CAMS
HCLTECH,1264,1276,1866.0,1884.0,2.4316754113761556,REPLACED_BY_KAYNES
ABSLAMC,1257,1277,812.7000122070312,873.7999877929688,4.747703182758335,REPLACED_BY_CAPLIPOINT
KFINTECH,1275,1279,1169.800048828125,1263.050048828125,3.88618125821859,REPLACED_BY_ETERNAL
BEL,1273,1279,308.0,314.5,14.839734530156528,REPLACED_BY_KIMS
SYNGENE,1275,1280,938.9000244140625,892.9606392345723,4.852547852643933,STOP
KARURVYSYA,1274,1281,199.1666717529297,201.27499389648438,21.428189134493227,REPLACED_BY_LLOYDSME
CDSL,1273,1282,1623.3499755859375,1912.0,2.5632198387423486,REPLACED_BY_LTM
ETERNAL,1279,1282,300.0,290.0,15.678173920392815,REPLACED_BY_WIPRO
POLYCAB,1274,1283,7175.5,7401.25,0.632473341952797,REPLACED_BY_MAXHEALTH
RAMCOCEM,1267,1284,905.3499755859375,995.0,4.962381506801017,REPLACED_BY_MUTHOOTFIN
KIMS,1279,1284,620.75,596.0,7.623262036297853,REPLACED_BY_PERSISTENT
CAPLIPOINT,1277,1285,2312.39990234375,2446.60009765625,1.7833101322495453,REPLACED_BY_ZENTEC
CAMS,1276,1286,1024.0,1038.0,4.505895269734077,REPLACED_BY_ECLERX
KAYNES,1276,1286,6349.64990234375,7206.89990234375,0.7067493325675964,REPLACED_BY_NAUKRI
LAURUSLABS,1272,1287,546.2000122070312,570.5999755859375,7.569048699718144,REPLACED_BY_SHREECEM
ZENTEC,1285,1288,2178.0,2316.89990234375,2.0050586543373625,REPLACED_BY_HCLTECH
LTM,1282,1288,6634.60009765625,6370.0,0.7138297079395931,REPLACED_BY_LEMONTREE
ECLERX,1286,1289,1926.5250244140625,1793.7627134546692,2.514255349278186,STOP
SHREECEM,1287,1289,28320.0,27162.698780456056,0.15437177642865835,STOP
MAXHEALTH,1283,1291,1132.0,1151.449951171875,4.110504213650352,REPLACED_BY_AMBER
WIPRO,1282,1291,308.1499938964844,307.5,15.106462688218596,REPLACED_BY_MANKIND
MUTHOOTFIN,1284,1291,2124.949951171875,2027.3575375854678,2.2119493122955762,STOP
HCLTECH,1288,1292,1910.0,1887.0793586992193,2.466701392315831,STOP
AMBER,1291,1294,6829.75,7404.5498046875,0.6809756698926274,REPLACED_BY_LAURUSLABS
LEMONTREE,1288,1294,151.0,148.97999572753906,29.312748743053742,REPLACED_BY_DRREDDY
MANKIND,1291,1295,2974.89990234375,2858.35009765625,1.568851304925749,REPLACED_BY_BAJAJHLDNG
DIXON,1281,1295,17400.0,18000.0,0.2706449408491012,REPLACED_BY_DIVISLAB
BAJAJHLDNG,1295,1295,12488.0,11724.058462075798,0.3776530552230006,STOP
NAUKRI,1286,1296,1751.0,1737.5899658203125,2.73536341795101,REPLACED_BY_IPCALAB
PERSISTENT,1284,1297,6420.0498046875,6435.0,0.7311415475138224,REPLACED_BY_MUTHOOTFIN
DRREDDY,1294,1297,1389.5999755859375,1371.449951171875,3.311636225049729,REPLACED_BY_JUBLFOOD
COROMANDEL,1290,1298,1842.050048828125,1940.199951171875,2.5501760270137703,REPLACED_BY_WELCORP
OBEROIRLTY,1292,1299,2306.0,2270.0,1.934819052462903,REPLACED_BY_BLUESTARCO
WELCORP,1298,1299,820.0,772.3843531848063,5.87946708850721,STOP
DIVISLAB,1295,1300,6029.39990234375,5910.0,0.760247492018031,REPLACED_BY_APARINDS
LLOYDSME,1281,1300,1115.0,1405.0,3.558577555977222,REPLACED_BY_PATANJALI
BLUESTARCO,1299,1300,2377.449951171875,2158.505248617615,1.8771608246390081,STOP
INDHOTEL,1266,1301,742.0999755859375,857.0,6.049347287195174,REPLACED_BY_ANANTRAJ
360ONE,1290,1301,1238.050048828125,1164.09146706552,3.193341891206023,STOP
LUPIN,1296,1301,2354.0,2243.9652482113474,2.012682093461123,STOP
COFORGE,1254,1302,1550.75,1913.06005859375,3.0587435213824072,REPLACED_BY_NH
APARINDS,1300,1302,11179.150390625,10463.044886084454,0.4225701996834701,STOP
IPCALAB,1296,1303,1704.0,1654.0,2.5749966164832756,REPLACED_BY_HCLTECH
MUTHOOTFIN,1297,1303,2201.85009765625,2105.633509274784,2.1473206196201584,STOP
OBEROIRLTY,1302,1303,2262.0,2139.7108870112816,2.036164689783677,STOP
JKCEMENT,1303,1303,4720.10009765625,4523.596389330082,0.9698294137704776,STOP
LAURUSLABS,1294,1304,591.0,556.2627541821306,8.03924653338447,STOP
ASTERDM,1300,1304,524.9500122070312,491.1000061035156,9.049461032542899,STOP
MAXHEALTH,1301,1304,1220.0999755859375,1118.8319386037062,3.9443658348512094,STOP
ANANTRAJ,1301,1304,890.0,819.4049775905266,4.90829247143483,STOP
KIMS,1302,1304,656.8499755859375,622.729253067768,7.031838277261791,STOP
NH,1302,1304,1350.0,1295.3919408263516,3.4036487520295617,STOP
HCLTECH,1303,1305,1936.0,1849.8520020678725,2.1860720125634305,STOP
JUBLFOOD,1297,1306,739.2000122070312,699.6551907187679,6.0379425245884395,STOP
ABBOTINDIA,1293,1307,28690.0,27745.69921875,0.1612762513320717,REPLACED_BY_LLOYDSME
MARICO,1304,1308,671.0,650.0,6.647365960678099,REPLACED_BY_COROMANDEL
INFY,1304,1308,1956.0,1851.0,2.277465209789031,STOP
TCS,1305,1309,4302.0,4145.7998046875,1.0127769056955465,REPLACED_BY_MINDACORP
PATANJALI,1300,1310,617.3833618164062,612.6333618164062,7.249352242404928,REPLACED_BY_WELCORP
NAVINFLUOR,1305,1310,3619.550048828125,3798.0,1.2012457569067259,REPLACED_BY_LTTS
UNOMINDA,1304,1310,1103.0,1022.4351827779533,3.872105211736391,STOP
INDIACEM,1305,1310,378.0,363.367557121716,11.53377712241861,STOP
LLOYDSME,1307,1311,1450.0,1332.4983733505876,2.9616661428398032,STOP
COROMANDEL,1308,1311,1875.4000244140625,1770.53577697851,2.290146439607236,STOP
MARICO,1309,1313,667.4500122070312,669.3499755859375,6.522230824833481,REPLACED_BY_JKCEMENT
MINDACORP,1309,1313,585.0999755859375,582.0,6.854828883736445,REPLACED_BY_WIPRO
UBL,1311,1314,2055.0,2068.0,1.9767444164302674,REPLACED_BY_EICHERMOT
WELCORP,1310,1314,798.4500122070312,771.0,5.435485460737271,REPLACED_BY_LAURUSLABS
LAURUSLABS,1314,1314,610.0,564.6121654882021,6.558030272487125,STOP
BSE,1307,1315,1943.3333740234375,1774.5677857076755,2.2398345319229063,STOP
NAVINFLUOR,1311,1315,3814.64990234375,3564.8000666424764,1.1295279319863512,STOP
BIOCON,1305,1316,371.8500061035156,360.20001220703125,11.235339519745887,REPLACED_BY_BAJAJFINSV
REDINGTON,1305,1317,207.89999389648438,206.60000610351562,21.2234555269706,REPLACED_BY_MARICO
LTTS,1310,1317,5373.2998046875,5350.0,0.8076905421675458,REPLACED_BY_ULTRACEMCO
KOTAKBANK,1312,1318,381.4200134277344,380.6099853515625,9.753676889370047,REPLACED_BY_TORNTPHARM
BAJAJFINSV,1316,1319,1776.949951171875,1747.0,2.1481038020228,REPLACED_BY_BHARTIARTL
PATANJALI,1315,1319,609.9000244140625,603.6666870117188,6.034749162401206,REPLACED_BY_UPL
ULTRACEMCO,1317,1319,11544.849609375,10954.955057350524,0.35788179537067444,STOP
TORNTPHARM,1318,1319,3339.75,3200.2697220023247,1.2168525300701074,STOP
MUTHOOTFIN,1312,1320,2205.0,2163.0,1.919768859494853,REPLACED_BY_TATACONSUM
JKCEMENT,1313,1320,4787.9501953125,4725.10009765625,0.8946931959310882,REPLACED_BY_JUBLFOOD
WIPRO,1313,1321,319.0,318.0,12.606388532684123,REPLACED_BY_NAVINFLUOR
MARICO,1317,1322,674.5499877929688,675.5499877929688,6.149723384129323,REPLACED_BY_TVSMOTOR
UBL,1320,1322,2235.949951171875,2104.2248942831575,1.85836031184327,STOP
TATACONSUM,1320,1322,1067.3499755859375,1015.8452869608855,3.8836492693135383,STOP
JUBLFOOD,1320,1323,735.0,726.0,4.935224079292729,REPLACED_BY_MUTHOOTFIN
SBICARD,1306,1324,737.0,812.0,5.454163912655102,REPLACED_BY_NH
TITAN,1320,1325,3565.0,3415.0,1.1697415754390295,REPLACED_BY_CHAMBLFERT
TVSMOTOR,1322,1325,2655.0,2616.0,1.555402425644897,REPLACED_BY_SHREECEM
BIOCON,1323,1326,390.25,378.54998779296875,10.681619440309943,REPLACED_BY_M&M
EICHERMOT,1314,1326,5190.0,4974.600469811471,0.8147870610826892,STOP
COROMANDEL,1323,1327,1884.0999755859375,1763.9526412816272,2.2124632665974056,STOP
MUTHOOTFIN,1323,1327,2267.0,2141.6499165642504,1.3379521035915545,STOP
CHAMBLFERT,1325,1327,556.0,520.2322476585917,7.428335785952724,STOP
MARUTI,1316,1329,12120.0,12700.0,0.33542765228378585,REPLACED_BY_KOTAKBANK
M&M,1326,1329,3146.85009765625,2999.0,1.2772576348859466,REPLACED_BY_SBICARD
LTTS,1327,1329,5279.39990234375,4952.744740963057,0.7557671924332782,STOP
BAJFINANCE,1316,1330,765.7249755859375,822.0250244140625,5.3462008557703555,REPLACED_BY_BAJAJHLDNG
SRF,1305,1331,2505.5,2749.25,1.7273160091153237,REPLACED_BY_BAJAJFINSV
BERGEPAINT,1328,1331,484.70001220703125,484.0,5.455487195232337,REPLACED_BY_ABBOTINDIA
UBL,1328,1334,2058.050048828125,2028.199951171875,1.9296194439351162,REPLACED_BY_CHAMBLFERT
NAVINFLUOR,1321,1334,4175.0,4024.0,0.9544552113082001,REPLACED_BY_MEDANTA
ASHOKLEY,1328,1335,110.30000305175781,110.0,36.19608904276924,REPLACED_BY_ANANDRATHI
SHREECEM,1325,1336,28308.0,28244.0,0.14459994594005898,REPLACED_BY_INDIGO
UPL,1319,1336,609.7999877929688,648.0999755859375,5.2556661683641455,REPLACED_BY_BERGEPAINT
BAJAJHLDNG,1330,1337,12032.599609375,11759.0,0.3246233799874545,REPLACED_BY_ASHOKLEY
JSWSTEEL,1330,1337,964.5999755859375,958.75,4.063749119469354,REPLACED_BY_BATAINDIA
BATAINDIA,1337,1337,1330.449951171875,1260.5496192400017,2.805554571806446,STOP
MEDANTA,1334,1338,1207.9000244140625,1185.0,3.0980146046779167,REPLACED_BY_SHRIRAMFIN
ASHOKLEY,1337,1338,113.75,106.1792136978452,34.58966225090797,STOP
BERGEPAINT,1336,1339,503.0,488.0,7.085919181080752,REPLACED_BY_HDFCBANK
INDIGO,1336,1339,4540.0,4289.962088715135,0.8604601678095406,STOP
BAJAJFINSV,1331,1340,1892.0,1791.4802277051554,2.0707062507444007,STOP
BAJFINANCE,1338,1341,866.5,830.1263650393253,4.512498191041394,STOP
ANANDRATHI,1335,1342,1001.5875244140625,946.5250244140625,3.9262829921285842,REPLACED_BY_FORTIS
SBICARD,1329,1343,861.0,837.0499877929688,4.60035231066429,REPLACED_BY_BERGEPAINT
HDFCBANK,1339,1344,869.9000244140625,844.5,3.743126974928502,REPLACED_BY_SRF
FORTIS,1342,1345,666.0,614.2000122070312,5.29248084675799,REPLACED_BY_SBICARD
ABBOTINDIA,1331,1346,28300.0,30520.0,0.13475631876213529,REPLACED_BY_CEMPRO
SHREECEM,1340,1346,27362.5,28100.0,0.1340981158582229,REPLACED_BY_JSWSTEEL
BERGEPAINT,1343,1347,501.0,482.5,7.640099006271495,REPLACED_BY_BAJFINANCE
NH,1324,1347,1396.0,1592.199951171875,3.004413508870475,REPLACED_BY_INDIGO
SHRIRAMFIN,1338,1348,609.9500122070312,613.4000244140625,5.335669363279224,REPLACED_BY_AAVAS
CHOLAFIN,1341,1350,1458.0,1520.0,2.529107066781333,REPLACED_BY_BAJAJFINSV
SBICARD,1345,1352,840.0,860.4000244140625,3.8466622457415665,REPLACED_BY_MANAPPURAM
HINDALCO,1339,1352,634.4500122070312,715.0,6.039608411866449,REPLACED_BY_NH
CEMPRO,1346,1353,547.9500122070312,556.0,7.056905222855199,REPLACED_BY_SUNDARMFIN
BHARTIARTL,1319,1354,1627.0,1725.0,2.5485972028666066,REPLACED_BY_AVANTIFEED
TATASTEEL,1342,1355,146.7899932861328,156.1999969482422,26.51977018730444,REPLACED_BY_CHOLAHLDNG
MUTHOOTFIN,1351,1355,2425.35009765625,2355.39990234375,1.6250049986191375,REPLACED_BY_BAJAJFINSV
MANAPPURAM,1352,1356,226.0,231.0,18.1967352952715,REPLACED_BY_NAVINFLUOR
NH,1352,1356,1684.800048828125,1637.800048828125,2.1251705058313886,REPLACED_BY_SBICARD
SUNDARMFIN,1353,1356,4965.0,4565.785991571898,0.7855323025878594,STOP
SRF,1344,1358,2945.0,2931.0,1.0669477198747184,REPLACED_BY_JKCEMENT
CHOLAHLDNG,1355,1358,1829.0,1680.6988246535032,2.183749407810695,STOP
BAJFINANCE,1347,1360,850.0,865.0,4.532119916098999,REPLACED_BY_SUMICHEM
AVANTIFEED,1354,1360,941.0,846.0499877929688,4.31532065644072,STOP
BALRAMCHIN,1359,1362,556.9500122070312,529.75,6.550443485334876,REPLACED_BY_NH
JSWSTEEL,1346,1362,1024.699951171875,906.0,3.785297299014697,STOP
AAVAS,1348,1362,1876.699951171875,1674.199951171875,2.037560083057342,STOP
BAJAJFINSV,1355,1362,1951.0,1835.0,2.0504262358266336,STOP
NAVINFLUOR,1356,1362,4166.2001953125,3700.0,0.9406035781589465,STOP
SBICARD,1356,1362,868.6500244140625,763.5,4.544049078195839,STOP
SUMICHEM,1360,1362,565.0,502.0,6.881544211769246,STOP
UPL,1361,1362,649.5,595.0,5.601072436106752,STOP
KOTAKBANK,1329,1365,394.79998779296875,413.0,10.025377246774683,REPLACED_BY_INDUSTOWER
TORNTPHARM,1363,1366,3241.199951171875,3206.39990234375,1.1103896013784689,REPLACED_BY_MARICO
GODREJCP,1363,1366,1178.5,1234.699951171875,1.9473717562130972,REPLACED_BY_NESTLEIND
BRITANNIA,1363,1368,5062.4501953125,5420.0,0.7101674852701914,REPLACED_BY_PATANJALI
TATACONSUM,1363,1368,1056.0,1104.0,3.428176286295222,REPLACED_BY_NH
RAMCOCEM,1363,1369,928.0499877929688,967.3499755859375,3.897845361334582,REPLACED_BY_SBICARD
NESTLEIND,1366,1369,1190.699951171875,1200.5,2.2429990964266726,REPLACED_BY_DMART
MARICO,1366,1370,716.0,698.9000244140625,5.172146122925011,REPLACED_BY_LTF
INDUSTOWER,1365,1370,371.04998779296875,409.20001220703125,9.893028257580303,REPLACED_BY_CHOLAFIN
GMRAIRPORT,1363,1371,83.91999816894531,87.0,43.669427103480714,REPLACED_BY_TVSMOTOR
JKCEMENT,1358,1372,4949.5,5116.2998046875,0.6280465796573189,REPLACED_BY_SOLARINDS
SHREECEM,1357,1372,30700.0,30535.0,0.11642909410971797,REPLACED_BY_KIMS
CHOLAFIN,1370,1372,1648.9000244140625,1544.6114411124809,2.2878983003288593,STOP
PATANJALI,1368,1373,668.1666870117188,657.3333129882812,5.60924388034109,REPLACED_BY_COROMANDEL
BERGEPAINT,1363,1374,520.0,547.1500244140625,7.013380728866164,REPLACED_BY_GRASIM
SBICARD,1369,1374,906.2999877929688,859.1036599116235,4.169919432674381,STOP
LTF,1370,1374,171.80999755859375,160.45106839704195,22.173618080129316,STOP
KIMS,1372,1375,689.0,671.5999755859375,4.188236448904655,REPLACED_BY_SRF
DMART,1369,1376,4357.0,4352.0,0.6219528148822193,REPLACED_BY_GMRAIRPORT
JKCEMENT,1373,1376,5262.0,5132.0,0.7234867190396035,REPLACED_BY_MFSL
BAJAJFINSV,1375,1376,2061.0,1938.7551368405468,1.8081071228123726,STOP
COROMANDEL,1373,1377,2241.199951171875,2244.0,1.5040482605719292,REPLACED_BY_CHOICEIN
NH,1368,1377,1810.0,1770.0,2.0860936307543247,REPLACED_BY_SBILIFE
INDIGO,1347,1378,4740.0,5420.0,0.8130877012185277,REPLACED_BY_ANURAS
SRF,1375,1378,3055.0,2983.0,0.8389649475884808,REPLACED_BY_GODFRYPHLP
ICICIBANK,1375,1379,1428.800048828125,1429.0,2.5938388540661754,REPLACED_BY_NAVINFLUOR
HDFCBANK,1363,1379,882.5,965.0,4.085453091537916,REPLACED_BY_RELIANCE
GRASIM,1374,1380,2735.0,2699.0,1.3573112288162488,REPLACED_BY_BHARTIARTL
GMRAIRPORT,1376,1380,89.19999694824219,84.5,41.27043839176616,REPLACED_BY_RADICO
SBILIFE,1377,1381,1761.0,1741.300048828125,1.7960120054897561,REPLACED_BY_ASTERDM
TVSMOTOR,1371,1381,2738.5,2800.0,1.3918377516341658,REPLACED_BY_SBICARD
NAVINFLUOR,1379,1382,4640.0,4525.0,0.7930793627251501,REPLACED_BY_ICICIBANK
RADICO,1380,1382,2539.89990234375,2375.0,1.444866560387783,STOP
SBICARD,1381,1382,909.2000122070312,862.0,3.6302969975550305,STOP
MFSL,1376,1383,1304.9000244140625,1304.9000244140625,2.0690831764045776,REPLACED_BY_SCHAEFFLER
BHARTIARTL,1380,1384,1901.0,1870.0,1.9329348889956062,REPLACED_BY_APLAPOLLO
CHAMBLFERT,1334,1384,561.3499755859375,688.5,7.064938021781661,REPLACED_BY_BHARTIHEXA
RELIANCE,1379,1385,1431.0,1420.0,2.576552023240232,REPLACED_BY_BEL
MRF,1377,1385,134800.0,140425.0,0.02710797890061175,REPLACED_BY_SHYAMMETL
NAVINFLUOR,1383,1385,4745.0,4264.989196123553,0.7794478761614344,STOP
SCHAEFFLER,1383,1387,3745.5,3942.60009765625,0.5000802143954582,REPLACED_BY_HAL
BHARTIHEXA,1384,1387,1757.0,1714.0,2.0664862043705705,REPLACED_BY_JINDALSTEL
ASTERDM,1381,1388,537.5,596.0499877929688,6.849961372112361,REPLACED_BY_CEATLTD
ICICIBANK,1382,1389,1415.199951171875,1450.199951171875,2.517599413551287,REPLACED_BY_MFSL
SHYAMMETL,1385,1389,920.0,915.0,3.986492142720678,REPLACED_BY_BAJAJHLDNG
BAJAJHLDNG,1389,1389,14000.0,12903.592273788632,0.26761250229644784,STOP
COROMANDEL,1383,1390,2380.0,2395.699951171875,1.5286560016506034,REPLACED_BY_CESC
GODFRYPHLP,1378,1391,2817.0,2833.333251953125,1.144901435902955,REPLACED_BY_TATASTEEL
JINDALSTEL,1387,1392,966.4000244140625,953.0499877929688,2.7000723727841076,REPLACED_BY_ATUL
CESC,1390,1393,175.3000030517578,170.99000549316406,19.565363876736022,REPLACED_BY_HDFCLIFE
CEATLTD,1388,1393,3849.89990234375,3800.0,0.9794012191933198,REPLACED_BY_CUB
TATASTEEL,1391,1394,160.97999572753906,162.50999450683594,20.030328522833763,REPLACED_BY_MRF
ATUL,1392,1395,7225.5,7032.0,0.3540115285030328,REPLACED_BY_LODHA
MRF,1394,1396,146625.0,141299.56838949025,0.022067561628711048,STOP
UNIONBANK,1390,1397,138.3000030517578,141.25,26.64239092774182,REPLACED_BY_CANBK
EIDPARRY,1386,1398,923.0,948.7000122070312,3.9624679008936456,REPLACED_BY_AIIL
LODHA,1395,1398,1460.0,1420.0,1.6948748557259912,REPLACED_BY_BSE
HAL,1387,1399,4874.0,5027.0,0.7655734145530372,REPLACED_BY_BHARTIHEXA
APLAPOLLO,1384,1399,1725.0,1811.0,2.121381766968897,REPLACED_BY_UNIONBANK
HDFCLIFE,1393,1399,784.2999877929688,747.363428439568,4.826940904986306,STOP
CUB,1393,1401,148.0500030517578,147.6374969482422,21.878825676691527,REPLACED_BY_INTELLECT
BHARTIHEXA,1399,1402,1842.0999755859375,1864.199951171875,2.041328219288363,REPLACED_BY_SCHAEFFLER
UNIONBANK,1399,1402,153.5,153.6999969482422,24.663328314538308,REPLACED_BY_LLOYDSME
CHOICEIN,1377,1403,618.0,704.9000244140625,5.975350096829724,REPLACED_BY_MCX
MFSL,1389,1404,1396.5999755859375,1521.0,2.688438729565428,REPLACED_BY_AUBANK
BSE,1398,1404,2690.0,3009.300048828125,0.8675392702046258,REPLACED_BY_HDFCAMC
SCHAEFFLER,1402,1405,4344.89990234375,4228.0,0.8884846888195601,REPLACED_BY_CEMPRO
INTELLECT,1401,1405,1201.0,1185.0,2.6734489735592946,REPLACED_BY_ABCAPITAL
LLOYDSME,1402,1407,1539.0,1460.0,2.397907442222964,REPLACED_BY_MANAPPURAM
HDFCAMC,1404,1407,2620.0,2465.5,1.1907860021113987,STOP
CANBK,1397,1408,111.12000274658203,110.44999694824219,27.42047518257566,REPLACED_BY_SBICARD
CEMPRO,1405,1408,814.5,770.0,4.771007530824698,REPLACED_BY_GMDCLTD
AIIL,1398,1409,479.6400146484375,499.760009765625,7.912913954190483,REPLACED_BY_MFSL
DEEPAKFERT,1397,1410,1525.0,1565.0,2.487374833335679,REPLACED_BY_MUTHOOTFIN
GMDCLTD,1408,1411,410.0,395.0,4.797490170711633,REPLACED_BY_TDPOWERSYS
SBICARD,1408,1411,1001.0999755859375,960.0700181811487,3.7914064424194462,STOP
JKCEMENT,1400,1414,5527.0,5893.0,0.6665647182887124,REPLACED_BY_AIIL
AFFLE,1408,1415,1926.5,1922.0,1.981804457574037,REPLACED_BY_CHOICEIN
MANAPPURAM,1407,1415,265.0,271.3500061035156,13.13208311310819,REPLACED_BY_LTF
MUTHOOTFIN,1410,1416,2618.0,2574.0,1.4514799148707398,REPLACED_BY_ASTERDM
TDPOWERSYS,1411,1416,262.7250061035156,260.25,7.642876849364329,REPLACED_BY_NH
MFSL,1409,1417,1585.0,1636.699951171875,2.4454762716148126,REPLACED_BY_GILLETTE
AIIL,1414,1418,522.5599975585938,530.9000244140625,7.413266739244183,REPLACED_BY_TVSMOTOR
CHOICEIN,1415,1419,709.2999877929688,703.0,5.4808437254999705,REPLACED_BY_LAURUSLABS
ANURAS,1378,1419,870.0,1136.0,4.187410376857515,REPLACED_BY_POONAWALLA
ASTERDM,1416,1420,594.5999755859375,594.7999877929688,6.603938574658935,REPLACED_BY_RBLBANK
NH,1416,1420,2088.5,2094.89990234375,0.8447297210654626,REPLACED_BY_DEEPAKFERT
SOLARINDS,1372,1421,13148.0,17028.0,0.2922309791416755,REPLACED_BY_KARURVYSYA
GILLETTE,1417,1422,10780.5,10730.0,0.36488357045493786,REPLACED_BY_EIDPARRY
TVSMOTOR,1418,1422,2948.0,2900.0,1.3379069460410404,REPLACED_BY_APOLLOHOSP
DEEPAKFERT,1420,1423,1751.800048828125,1629.5138869221275,1.2968571723782687,STOP
POONAWALLA,1419,1424,464.1000061035156,466.1000061035156,8.52981505730751,REPLACED_BY_GLENMARK
CEMPRO,1412,1425,816.5,857.0,4.431403407840709,REPLACED_BY_DELHIVERY
RBLBANK,1420,1425,261.989990234375,250.0,15.271017135043655,REPLACED_BY_BPCL
EIDPARRY,1422,1426,1109.199951171875,1085.0,3.515166467143339,REPLACED_BY_MRF
APOLLOHOSP,1422,1426,7593.0,7455.0,0.517958478425075,REPLACED_BY_IIFL
MCX,1403,1427,1513.699951171875,1660.199951171875,2.566492939858119,REPLACED_BY_NAM-INDIA
ABCAPITAL,1405,1427,246.0,270.0,12.183502566870882,REPLACED_BY_BOSCHLTD
BEL,1385,1428,339.0,405.5,10.849314059303111,REPLACED_BY_CUMMINSIND
BPCL,1425,1428,355.6000061035156,345.8500061035156,10.28548430162898,REPLACED_BY_RBLBANK
AUBANK,1404,1429,772.5,804.0,4.973192249673089,REPLACED_BY_PRESTIGE
KARURVYSYA,1421,1429,227.6666717529297,225.375,17.295442499197815,REPLACED_BY_ABDL
GLENMARK,1424,1430,1860.0999755859375,2220.0,1.6560800930301351,REPLACED_BY_HDFCAMC
LTF,1415,1431,204.0,203.25999450683594,17.016890879848606,REPLACED_BY_CHOICEIN
ATUL,1424,1431,7695.0,7410.0,0.50649240874681,REPLACED_BY_GLAND
MRF,1426,1433,150100.0,148400.0,0.025646411594067206,REPLACED_BY_UTIAMC
ABDL,1429,1434,488.79998779296875,472.95001220703125,7.976811874497345,REPLACED_BY_CRAFTSMAN
RBLBANK,1428,1435,265.0,255.99000549316406,14.605968356989207,REPLACED_BY_SCHNEIDER
GLAND,1431,1435,1987.199951171875,1963.0,1.6167913692018223,REPLACED_BY_RAMCOCEM
BOSCHLTD,1427,1436,36200.0,37980.0,0.10008131742610243,REPLACED_BY_UPL
IIFL,1426,1436,507.0,534.0,7.455415028835846,REPLACED_BY_GVT&D
PRESTIGE,1429,1437,1730.5999755859375,1680.0,2.2477669721185074,REPLACED_BY_FORTIS
NAM-INDIA,1427,1437,820.0,822.2000122070312,4.7345443099405395,REPLACED_BY_JINDALSTEL
UTIAMC,1433,1437,1430.0,1351.0577307279873,2.6455665856402093,STOP
RAMCOCEM,1435,1438,1190.0,1144.0999755859375,2.45311360029249,REPLACED_BY_ETERNAL
CRAFTSMAN,1434,1438,6585.0,6276.5,0.5694859799638989,REPLACED_BY_SYRMA
SCHNEIDER,1435,1438,939.0,872.2439687684192,4.208930554075444,STOP
CHOICEIN,1431,1439,752.8499755859375,735.5,5.254608420785356,REPLACED_BY_NUVOCO
JINDALSTEL,1437,1440,1001.9500122070312,989.4000244140625,3.755971184810001,REPLACED_BY_EIDPARRY
DELHIVERY,1425,1441,412.79998779296875,406.95001220703125,9.477695508510756,REPLACED_BY_BOSCHLTD
UPL,1436,1442,726.0,703.9500122070312,5.381855564432234,REPLACED_BY_ABDL
CUMMINSIND,1428,1442,3567.0,3559.89990234375,1.0879519402538431,REPLACED_BY_GLAND
ANANDRATHI,1439,1443,1325.0,1300.0,2.8712022817750387,REPLACED_BY_JKCEMENT
HDFCAMC,1430,1443,2642.0,2807.25,1.4656897995875342,REPLACED_BY_TORNTPHARM
SHYAMMETL,1438,1444,975.0,975.0,3.9282423527501287,REPLACED_BY_DELHIVERY
GLAND,1442,1444,2060.0,1943.9355834981138,1.8489040831603876,STOP
BOSCHLTD,1441,1445,39500.0,38293.42961482616,0.09578800812465273,STOP
TORNTPHARM,1443,1445,3658.300048828125,3529.669903616065,1.0367382873507662,STOP
SYRMA,1438,1446,731.5499877929688,705.2000122070312,3.09751106365093,REPLACED_BY_LALPATHLAB
LAURUSLABS,1419,1446,730.0,828.0,5.4843351551760335,REPLACED_BY_JSL
ETERNAL,1438,1446,310.0,291.54998779296875,12.257179164188194,STOP
EIDPARRY,1440,1446,1212.0,1139.6406824678693,3.0477951524993343,STOP
JSL,1446,1446,734.0,691.9180854376468,3.739546683998932,STOP
ABDL,1442,1448,516.0,495.0,7.475256872402014,REPLACED_BY_PAYTM
ABCAPITAL,1445,1449,282.0,271.5,13.356324232974083,REPLACED_BY_ECLERX
ECLERX,1449,1452,2051.0,2042.5,1.7574596071195026,REPLACED_BY_ETERNAL
JINDALSTEL,1447,1452,999.5,990.0,3.72004037328375,REPLACED_BY_CIPLA
MEDANTA,1446,1453,1338.0,1353.5999755859375,2.8005317398474503,REPLACED_BY_MARUTI
GVT&D,1436,1453,2524.5,2835.0,1.516537493821113,REPLACED_BY_HEROMOTOCO
INDIANB,1447,1454,647.6500244140625,671.0,5.741033294117444,REPLACED_BY_UNOMINDA
DELHIVERY,1444,1454,460.45001220703125,472.95001220703125,8.275770742860699,REPLACED_BY_LTF
CIPLA,1452,1455,1566.199951171875,1540.0999755859375,2.1935917768209876,REPLACED_BY_DMART
JKCEMENT,1443,1456,6676.0,7120.0,0.5707297340285268,REPLACED_BY_ABCAPITAL
NUVOCO,1439,1457,403.0,462.0,9.14777947910695,REPLACED_BY_HDFCAMC
LALPATHLAB,1446,1459,1596.449951171875,1653.949951171875,2.3363220093265826,REPLACED_BY_NYKAA
ABCAPITAL,1456,1459,291.79998779296875,283.0,13.308671533897666,REPLACED_BY_HINDUNILVR
HDFCAMC,1457,1459,2920.0,2797.152359370709,1.3275966624131827,STOP
JSL,1460,1460,810.3499755859375,756.7987552639169,4.73492882576347,STOP
PAYTM,1448,1462,1063.0,1240.5999755859375,3.4601289221549654,REPLACED_BY_EICHERMOT
HINDUNILVR,1459,1462,2748.0,2649.0,1.4292688709647756,REPLACED_BY_DIXON
DMART,1455,1463,4737.89990234375,4680.0,0.7744660701482738,REPLACED_BY_DALBHARAT
FORTIS,1437,1463,844.3499755859375,934.2000122070312,4.571349941678682,REPLACED_BY_RBLBANK
CUMMINSIND,1446,1464,3634.199951171875,3908.89990234375,1.031028903410353,REPLACED_BY_INDIACEM
UNOMINDA,1454,1465,1230.0,1280.0,3.1719662511208,REPLACED_BY_MUTHOOTFIN
ETERNAL,1452,1465,318.3999938964844,327.54998779296875,11.913768094666802,REPLACED_BY_ANANDRATHI
INDIACEM,1464,1468,410.95001220703125,391.95001220703125,9.575293277115719,REPLACED_BY_ACUTAAS
DALBHARAT,1463,1468,2402.199951171875,2422.60009765625,1.5999771700439107,REPLACED_BY_CUMMINSIND
HEROMOTOCO,1453,1469,4984.0,5350.5,0.7685964766970201,REPLACED_BY_LAURUSLABS
RBLBANK,1463,1470,270.70001220703125,271.5,14.272058128388624,REPLACED_BY_CGPOWER
BOSCHLTD,1461,1471,40220.0,40040.0,0.09165060682511462,REPLACED_BY_BAJFINANCE
ACUTAAS,1468,1471,1498.0999755859375,1448.0,2.6103610152991914,REPLACED_BY_MSUMI
MSUMI,1471,1472,50.34000015258789,49.0,77.5763309891803,INELIGIBLE
NYKAA,1459,1474,232.8000030517578,243.85000610351562,16.613207869353623,REPLACED_BY_DALBHARAT
TVSMOTOR,1447,1474,3014.89990234375,3518.800048828125,0.7099530461783135,REPLACED_BY_GVT&D
AIIL,1472,1475,659.0,645.4600219726562,5.931338550044541,REPLACED_BY_POLYCAB
CUMMINSIND,1468,1475,4064.0,4105.0,0.9784950136186368,REPLACED_BY_ETERNAL
DALBHARAT,1474,1476,2488.89990234375,2389.2015832573434,1.5834096221426937,STOP
CGPOWER,1470,1477,786.0,771.2000122070312,4.936729320213423,REPLACED_BY_CUPID
GVT&D,1474,1478,2999.89990234375,3000.0,0.8676890803915752,REPLACED_BY_CANBK
ANANDRATHI,1465,1479,1490.25,1441.4000244140625,2.6076471829629266,REPLACED_BY_ASHOKLEY
DIXON,1462,1479,17670.0,18389.0,0.21879551169041397,REPLACED_BY_JSWINFRA
LAURUSLABS,1469,1480,899.5999755859375,880.2999877929688,4.329965999594974,REPLACED_BY_JSWSTEEL
EICHERMOT,1462,1480,6310.5,6980.0,0.6125577526338947,REPLACED_BY_AMBER
ETERNAL,1475,1480,337.0,322.99839517384993,11.498028951793948,STOP
JSWINFRA,1479,1480,341.95001220703125,328.1524907109332,11.145008272668836,STOP
POLYCAB,1475,1481,7440.5,7325.0,0.5273030027441313,REPLACED_BY_INDIANB
AMBER,1480,1481,8375.0,8004.397715286146,0.4618360559059786,STOP
USHAMART,1477,1482,432.0,474.0,9.089425317515934,REPLACED_BY_MTARTECH
CUPID,1477,1483,43.65800094604492,43.321998596191406,82.87720798610023,REPLACED_BY_EMBASSY
ASHOKLEY,1479,1485,141.89999389648438,139.7899932861328,27.656835306674544,REPLACED_BY_GVT&D
BAJFINANCE,1471,1485,999.0,993.0,3.8732104969700973,REPLACED_BY_HEROMOTOCO
EICHERMOT,1481,1486,7049.0,6880.0,0.5427245743337092,REPLACED_BY_AXISBANK
MARUTI,1453,1486,14070.0,16014.0,0.2722977566006503,REPLACED_BY_TVSMOTOR
EMBASSY,1483,1487,420.94000244140625,427.4800109863281,8.997747081687262,REPLACED_BY_NYKAA
SBIN,1482,1487,869.9500122070312,866.7999877929688,4.436398433430904,REPLACED_BY_FORTIS
NAM-INDIA,1481,1488,855.0,860.0,4.468489270049857,REPLACED_BY_ETERNAL
AXISBANK,1486,1488,1212.0,1172.6421349302216,3.2295737068937704,STOP
MTARTECH,1482,1489,1915.9000244140625,1954.0,2.0247360377786716,REPLACED_BY_PAYTM
JSWSTEEL,1480,1491,1155.0,1165.0,3.3932987007075317,REPLACED_BY_BAJFINANCE
GVT&D,1485,1491,3193.0,3049.800048828125,1.2378769336886009,REPLACED_BY_CHOICEIN
AIIL,1489,1492,657.739990234375,630.0,5.933430972195961,REPLACED_BY_MCX
CANBK,1478,1492,122.69999694824219,125.80000305175781,21.08798383983898,REPLACED_BY_ACUTAAS
CHOICEIN,1491,1494,824.0,830.0499877929688,4.563476643345421,REPLACED_BY_CUPID
ETERNAL,1488,1495,345.0,345.0,11.290331107758837,REPLACED_BY_TDPOWERSYS
NYKAA,1487,1496,260.29998779296875,258.7900085449219,14.899007360287671,REPLACED_BY_MARUTI
ACUTAAS,1492,1496,1498.0,1765.0,1.6129864569107653,REPLACED_BY_BHARTIARTL
MCX,1492,1497,1912.0,1830.5,2.058810326587843,REPLACED_BY_SAMMAANCAP
FORTIS,1487,1497,1041.800048828125,1098.1500244140625,3.752638949096599,REPLACED_BY_AXISBANK
CUPID,1494,1498,50.70000076293945,48.0,74.26536827537306,REPLACED_BY_SHRIRAMFIN
MUTHOOTFIN,1465,1498,2835.0,3196.89990234375,1.3637487778668027,REPLACED_BY_BANKINDIA
HEROMOTOCO,1485,1499,5527.0,5570.0,0.67189627649989,REPLACED_BY_HINDALCO
TDPOWERSYS,1495,1499,325.5,321.0,11.895124884885337,REPLACED_BY_ABDL
BAJFINANCE,1491,1500,1040.0,1078.0,3.771089654492878,REPLACED_BY_CUMMINSIND
TVSMOTOR,1486,1501,3509.0,3600.0,1.1156191456213438,REPLACED_BY_FEDERALBNK
MARUTI,1496,1502,16453.0,16190.0,0.24203537994809302,REPLACED_BY_AUBANK
PAYTM,1489,1502,1252.0,1305.0,3.030744208998527,REPLACED_BY_SBIN
AXISBANK,1497,1503,1246.0,1243.0,3.105760861575136,REPLACED_BY_CANFINHOME
SAMMAANCAP,1497,1503,175.1199951171875,185.5,22.685237806989942,REPLACED_BY_HEGAM
ABDL,1499,1505,615.0,687.5,5.7487657708771245,REPLACED_BY_BANKBARODA
AUBANK,1502,1505,883.0,866.9500122070312,4.538021854473807,REPLACED_BY_IOC
HEGAM,1503,1506,587.0,582.2999877929688,6.771184317549491,REPLACED_BY_CANBK
CANFINHOME,1503,1506,874.0,861.5999755859375,4.558636721868242,REPLACED_BY_AUBANK
HINDALCO,1499,1506,834.9000244140625,788.0,4.783943118351475,STOP
BHARTIARTL,1496,1508,2051.800048828125,1995.0,1.3063318271764768,REPLACED_BY_ABCAPITAL
CUMMINSIND,1500,1508,4309.39990234375,4300.10009765625,0.9225224739626625,REPLACED_BY_ALKEM
ABCAPITAL,1508,1511,338.8999938964844,328.0,12.057599422088671,REPLACED_BY_NATIONALUM
LTF,1454,1511,218.00999450683594,295.1000061035156,17.829248163604408,REPLACED_BY_BHEL
BANKBARODA,1505,1512,290.95001220703125,281.29998779296875,13.942416091438007,REPLACED_BY_ASIANPAINT
INDIANB,1481,1512,709.5499877929688,868.0499877929688,5.316023097397309,REPLACED_BY_BIOCON
FEDERALBNK,1501,1513,236.1999969482422,237.11000061035156,16.8888537905878,REPLACED_BY_MUTHOOTFIN
ALKEM,1508,1513,5705.0,5750.0,0.42899739536927517,REPLACED_BY_CUB
BPCL,1507,1514,360.0,375.8500061035156,10.40887874080309,REPLACED_BY_LAURUSLABS
NATIONALUM,1511,1516,267.0,258.5,15.238439893332822,REPLACED_BY_BANKBARODA
IOC,1505,1516,168.0,170.10000610351562,22.88192216306692,REPLACED_BY_AIAENG
BIOCON,1512,1516,414.75,398.1874603951321,9.700532250963699,STOP
LAURUSLABS,1514,1516,1028.0,976.4753639219231,3.7828543618626713,STOP
CUB,1513,1517,204.0,199.0800018310547,18.95447222744109,REPLACED_BY_EMBASSY
BHEL,1511,1518,286.0,282.20001220703125,14.171405290130973,REPLACED_BY_AXISBANK
SHRIRAMFIN,1498,1518,711.0499877929688,825.0,5.545268426873578,REPLACED_BY_HEROMOTOCO
BANKBARODA,1516,1518,294.95001220703125,281.05619428636805,13.848969357170104,STOP
BANKINDIA,1498,1519,135.00999450683594,145.5,29.03563720178011,REPLACED_BY_FEDERALBNK
EMBASSY,1517,1520,432.5,428.3500061035156,7.495458735499188,REPLACED_BY_SANSERA
AIAENG,1516,1521,3750.0,3765.0,0.9866001501078989,REPLACED_BY_LTF
ASIANPAINT,1512,1521,2865.10009765625,2880.0,1.4048489566729676,REPLACED_BY_SHRIRAMFIN
AXISBANK,1518,1523,1279.199951171875,1288.0,3.1167588334190475,REPLACED_BY_ABCAPITAL
SBIN,1502,1524,939.4500122070312,976.0,4.138543033629114,REPLACED_BY_GMRAIRPORT
M&MFIN,1517,1525,345.8999938964844,365.54998779296875,11.608298363024446,REPLACED_BY_POWERINDIA
SHRIRAMFIN,1521,1525,860.0,819.7419841739302,4.256702616685831,STOP
SANSERA,1520,1526,1678.800048828125,1681.5999755859375,2.2900366364525806,REPLACED_BY_JKTYRE
GMRAIRPORT,1524,1526,107.19999694824219,103.00957721783344,37.45387402589435,STOP
POWERINDIA,1525,1526,22700.0,21491.25917638587,0.17869267145680026,STOP
LTF,1521,1527,308.8999938964844,299.1000061035156,13.121808268692885,REPLACED_BY_AIAENG
AIAENG,1527,1528,3849.89990234375,3654.2866007988086,0.9188866650603473,STOP
JKTYRE,1526,1529,464.5,438.38543829232356,7.38315422672533,STOP
SANSERA,1527,1529,1710.4000244140625,1611.7200576374787,2.350168344053066,STOP
VEDL,1527,1529,528.8499755859375,505.88436514468276,7.556568498887635,STOP
COFORGE,1529,1529,1938.0999755859375,1862.6645696099197,1.722196109299326,STOP
MCX,1530,1530,2074.0,1960.4988447556912,1.8969235678252871,STOP
LTM,1517,1532,5999.5,6314.5,0.6675686549652734,REPLACED_BY_EMBASSY
CANBK,1506,1533,140.25,146.11000061035156,28.993508885415384,REPLACED_BY_CUPID
HEROMOTOCO,1518,1533,6003.0,5939.5,0.6624508241335295,REPLACED_BY_CHOLAFIN
PTCIL,1519,1534,17760.0,17527.0,0.2244034476208359,REPLACED_BY_ASHOKLEY
POLICYBZR,1530,1534,1957.300048828125,1924.9000244140625,2.007697823696514,REPLACED_BY_ANURAS
ABCAPITAL,1523,1535,358.0,348.8999938964844,11.1462880111381,REPLACED_BY_VEDL
HCLTECH,1530,1535,1663.300048828125,1651.0,2.370696854628166,REPLACED_BY_HINDZINC
CHOLAFIN,1533,1536,1734.0,1678.800048828125,2.2624003754630593,REPLACED_BY_CANBK
EMBASSY,1532,1536,442.0,432.8900146484375,8.837666936219671,REPLACED_BY_TATACONSUM
CUPID,1533,1537,78.80000305175781,88.80000305175781,49.830226958750224,REPLACED_BY_ICICIPRULI
ANURAS,1534,1537,1330.0,1303.0,2.9656653669236,REPLACED_BY_SHRIRAMFIN
MUTHOOTFIN,1513,1539,3725.60009765625,3801.199951171875,1.085058454766737,REPLACED_BY_INFY
TATACONSUM,1536,1539,1176.9000244140625,1178.800048828125,3.301444740049495,REPLACED_BY_M&MFIN
HINDZINC,1535,1541,580.0,645.0,6.885332546991732,REPLACED_BY_AIAENG
IDFCFIRSTB,1530,1541,80.80000305175781,84.12000274658203,26.781672012889207,REPLACED_BY_LAURUSLABS
ICICIPRULI,1537,1542,649.9000244140625,648.0499877929688,6.074075972286551,REPLACED_BY_IDFCFIRSTB
INFY,1539,1543,1679.0,1647.0,2.3606819025835533,REPLACED_BY_HEGAM
VEDL,1535,1546,580.0,604.2000122070312,6.863570449476165,REPLACED_BY_APLAPOLLO
FEDERALBNK,1519,1546,248.39999389648438,267.5,16.059174191688243,REPLACED_BY_IIFL
AUBANK,1506,1547,880.9000244140625,1023.0,4.265137772893051,REPLACED_BY_BHEL
LAURUSLABS,1541,1547,1086.0,1106.5,2.797626390753035,REPLACED_BY_UPL
IDFCFIRSTB,1542,1548,85.11000061035156,84.91999816894531,45.97294846714635,REPLACED_BY_KARURVYSYA
M&MFIN,1539,1548,396.0,386.1000061035156,10.11566880155623,REPLACED_BY_MUTHOOTFIN
AIAENG,1541,1549,3941.89990234375,4093.800048828125,1.0134886529573235,REPLACED_BY_UNIONBANK
CANBK,1536,1549,150.89999389648438,154.10000610351562,25.930660351632653,REPLACED_BY_JSL
HEGAM,1543,1550,594.0,615.0,6.506371398052387,REPLACED_BY_AETHER
NATIONALUM,1526,1550,268.0,348.0,15.032251525232466,REPLACED_BY_VEDL
BHEL,1547,1550,300.79998779296875,285.35327120234814,13.896087472081557,STOP
JSL,1549,1550,863.1500244140625,818.4745482793433,4.524549917004957,STOP
VEDL,1550,1550,619.0,595.2236032551746,6.68708322960126,STOP
APLAPOLLO,1546,1551,1975.0,1897.7799981558123,2.094226815058414,STOP
UPL,1547,1551,810.0,772.4901864272415,4.129056006584106,STOP
KARURVYSYA,1548,1551,278.0,262.6026984704338,14.959597682898961,STOP
MUTHOOTFIN,1548,1552,3950.0,3855.5,0.9124547819585854,REPLACED_BY_RAMCOCEM
BAJAJ-AUTO,1551,1552,9760.5,9418.785748762137,0.4158143410813184,STOP
SHRIRAMFIN,1537,1553,869.0,975.0,4.510583983827527,REPLACED_BY_SBILIFE
IIFL,1546,1554,623.5,640.0,6.64941049963013,REPLACED_BY_NESTLEIND
RAMCOCEM,1552,1556,1093.800048828125,1068.5,2.5374195515291667,REPLACED_BY_INDUSINDBK
AETHER,1550,1556,995.0,1005.9000244140625,4.169877047493643,REPLACED_BY_PNB
IPCALAB,1552,1556,1574.0,1512.0,2.5472714555613587,INELIGIBLE
ALKEM,1552,1556,5799.0,5836.0,0.6918352375425314,INELIGIBLE
ASIANPAINT,1553,1556,2900.0,2787.89990234375,1.384401273655963,STOP
TORNTPHARM,1551,1557,4016.0,4033.300048828125,1.007986284164606,REPLACED_BY_TECHM
NESTLEIND,1554,1557,1321.0,1306.0,3.048224661554776,REPLACED_BY_INDUSINDBK
SBILIFE,1553,1558,2090.0,2080.0,1.911239139095183,REPLACED_BY_BANKINDIA
INDUSINDBK,1557,1558,947.9500122070312,911.3520038638761,3.886144057110175,STOP
BANKBARODA,1556,1559,307.70001220703125,301.3999938964844,13.196355256612364,REPLACED_BY_CANBK
ASHOKLEY,1534,1559,166.5,179.9199981689453,23.523367080776538,REPLACED_BY_FEDERALBNK
SAIL,1556,1559,152.4499969482422,144.05503042849338,26.6368315961468,STOP
PNB,1556,1559,128.67999267578125,123.71982608690179,23.182843243704458,STOP
AUBANK,1557,1559,1025.0,984.3589787217447,3.9522360064889916,STOP
DALBHARAT,1560,1561,2243.60009765625,2134.5271161290098,1.764798919372824,STOP
MCX,1551,1562,2224.0,2385.0,1.8191644446993314,REPLACED_BY_APLAPOLLO
CANBK,1559,1562,152.8000030517578,152.89999389648438,25.800686253662928,REPLACED_BY_SHRIRAMFIN
UNIONBANK,1549,1563,166.5,176.8000030517578,25.17024627937521,REPLACED_BY_KARURVYSYA
TORNTPHARM,1560,1563,3982.5,3944.60009765625,0.9894361562489165,REPLACED_BY_ULTRACEMCO
MUTHOOTFIN,1560,1564,3932.0,4015.89990234375,0.6694936310090531,REPLACED_BY_BEL
ASHOKLEY,1562,1565,192.25999450683594,192.89999389648438,20.343618990659902,REPLACED_BY_ONGC
SHRIRAMFIN,1562,1565,1011.2000122070312,1025.0,3.9120238689197633,REPLACED_BY_COALINDIA
HINDZINC,1559,1565,682.0,639.3018627299815,5.824530700687549,STOP
BANKINDIA,1558,1566,163.0500030517578,150.44000244140625,24.235488584276627,REPLACED_BY_AXISBANK
FEDERALBNK,1559,1566,271.1000061035156,284.79998779296875,13.892949302652289,REPLACED_BY_GESHIP
VEDL,1556,1566,675.75,645.7631941405592,6.0089066571186756,STOP
BEL,1564,1566,454.25,431.92926678559576,6.751913723142998,STOP
ONGC,1565,1566,273.8900146484375,251.60000610351562,14.82840479897995,STOP
COALINDIA,1565,1566,453.95001220703125,419.0,8.426685913483974,STOP
OIL,1566,1566,490.0,481.7422505341241,7.776111074338522,STOP
AXISBANK,1566,1566,1339.0,1313.6265033718696,2.8941953355838197,STOP
ULTRACEMCO,1563,1568,12640.0,12600.0,0.31845156913465733,REPLACED_BY_SONACOMS
TECHM,1557,1568,1690.0,1609.1155404524447,2.425993952435767,STOP
HINDALCO,1531,1569,826.0,943.1500244140625,4.475387051824413,REPLACED_BY_ADANIPORTS
SBIN,1552,1569,1008.0,1068.199951171875,4.009947568724777,REPLACED_BY_PFC
ZFCVINDIA,1567,1570,2520.666748046875,2506.833251953125,1.5298336526538348,REPLACED_BY_IOC
DELHIVERY,1567,1570,450.0,441.0,3.90332144795304,REPLACED_BY_BALKRISIND
SONACOMS,1568,1571,530.0,520.8499755859375,7.222487096384501,REPLACED_BY_NYKAA
AETHER,1567,1572,1070.0,994.2999877929688,3.6904657670955703,REPLACED_BY_SBIN
ACUTAAS,1567,1572,2060.60009765625,2010.0,1.9774435075366823,REPLACED_BY_SHRIRAMFIN
SUNDARMFIN,1567,1573,5400.0,5305.0,0.7148835432014933,REPLACED_BY_MOTHERSON
ADANIPORTS,1569,1573,1568.0,1554.699951171875,2.458731776105987,REPLACED_BY_TATASTEEL
PFC,1569,1574,415.70001220703125,418.0,9.298228545664074,REPLACED_BY_ONGC
BALKRISIND,1570,1574,2660.89990234375,2679.60009765625,0.9727689130338573,REPLACED_BY_ASHOKLEY
NMDC,1569,1575,86.12999725341797,81.5,44.88874866179365,REPLACED_BY_EICHERMOT
KARURVYSYA,1563,1576,292.54998779296875,315.95001220703125,13.703595867771062,REPLACED_BY_TORNTPHARM
APLAPOLLO,1562,1576,2030.5999755859375,2245.89990234375,1.9628576340290784,REPLACED_BY_ZFCVINDIA
IOC,1570,1577,176.99000549316406,174.9499969482422,21.70927590200704,REPLACED_BY_ASTRAL
NYKAA,1571,1577,277.0,276.1000061035156,13.49938175055394,REPLACED_BY_INDUSTOWER
TATASTEEL,1573,1578,209.39999389648438,203.5500030517578,17.54553090838578,REPLACED_BY_JINDALSTEL
GESHIP,1566,1579,1187.5,1292.5999755859375,3.0088045229476523,REPLACED_BY_ABSLAMC
JKTYRE,1567,1579,545.0,572.0,7.303533777397907,REPLACED_BY_TORNTPOWER
ZFCVINDIA,1576,1580,2688.666748046875,2516.833251953125,1.446600629597837,REPLACED_BY_RBLBANK
ASHOKLEY,1574,1580,206.39999389648438,202.55999755859375,12.347966498868026,REPLACED_BY_MFSL
MOTHERSON,1573,1581,130.6300048828125,130.0,29.82055833164105,REPLACED_BY_CUMMINSIND
SHRIRAMFIN,1572,1581,1064.9000244140625,1072.800048828125,3.504166483299201,REPLACED_BY_NTPC
EICHERMOT,1575,1582,7900.0,7990.0,0.4603225408443498,REPLACED_BY_UNIONBANK
INDUSTOWER,1577,1582,475.3999938964844,469.8999938964844,8.11467238404795,REPLACED_BY_LT
LT,1582,1582,4415.5,4268.744830542021,0.8246379749101421,STOP
MFSL,1580,1584,1834.0,1861.9000244140625,1.7195587436500726,REPLACED_BY_MAHABANK
ONGC,1574,1584,276.0,277.3999938964844,14.151549923419475,REPLACED_BY_POLYCAB
RBLBANK,1580,1585,330.8999938964844,324.0,11.349480824239675,REPLACED_BY_TATASTEEL
ABSLAMC,1579,1586,907.3499755859375,854.4000244140625,4.204972472983782,REPLACED_BY_POWERINDIA
SBIN,1572,1586,1151.0,1185.0,3.359493637448344,REPLACED_BY_BIRET
TATASTEEL,1585,1586,215.5,204.90316952953154,16.961644494324425,STOP
BIRET,1586,1586,359.0,354.11159363200136,10.329618838010303,STOP
TORNTPOWER,1579,1587,1521.0,1521.0,2.4957648560331975,REPLACED_BY_SCHAEFFLER
BANKINDIA,1583,1587,175.8000030517578,165.39539928625237,19.90393168767138,STOP
MAHABANK,1584,1587,74.75,69.86681898506669,51.77028195002281,STOP
NTPC,1581,1588,374.0,366.95001220703125,10.005972493435847,REPLACED_BY_GESHIP
CUMMINSIND,1581,1588,4797.89990234375,4629.0,0.8020238653972995,REPLACED_BY_BEL
KEI,1587,1588,5123.0,4905.705780070637,0.7209845110396237,STOP
JINDALSTEL,1578,1589,1214.0,1184.0,3.1652468312426154,REPLACED_BY_NTPC
UNIONBANK,1582,1590,197.60000610351562,181.50999450683594,19.256379430698914,REPLACED_BY_ABSLAMC
ABSLAMC,1590,1590,899.0,865.6199590053612,3.8646459383957645,STOP
POLYCAB,1584,1591,8348.5,7963.596841314491,0.3850777915623492,STOP
SCHAEFFLER,1587,1592,4285.0,4035.790570862552,0.8550806435730581,STOP
SAILIFE,1587,1594,975.0499877929688,998.0,3.7671957208258475,REPLACED_BY_NATIONALUM
POWERINDIA,1586,1595,24500.0,24064.21943919886,0.14911311130685398,STOP
BEL,1588,1595,448.79998779296875,424.223814656843,7.17720673213067,STOP
NATCOPHARM,1591,1595,1015.0,933.7362706541511,3.2761604003635245,STOP
NATIONALUM,1594,1595,408.6499938964844,378.6395556689288,8.997239207095932,STOP
LUPIN,1588,1597,2310.0,2295.300048828125,1.5781251136288639,REPLACED_BY_PFC
TORNTPHARM,1576,1598,4144.2998046875,4250.0,0.9375589661665237,REPLACED_BY_MCX
GLENMARK,1592,1598,2243.0,2109.97061416083,1.3590101170819444,STOP
MCX,1598,1599,2556.5,2405.763819532611,1.366829268394726,STOP
ASTERDM,1596,1600,657.0499877929688,625.2999877929688,5.410837438758086,REPLACED_BY_NTPCGREEN
ASTRAL,1577,1600,1639.800048828125,1586.5999755859375,2.344139707842192,REPLACED_BY_JINDALSTEL
PFC,1597,1600,420.95001220703125,390.3040344191698,8.51748752114559,STOP
NTPCGREEN,1600,1600,100.48999786376953,94.02596012908025,34.873189926128525,STOP
JINDALSTEL,1600,1600,1162.0,1109.836137297232,2.861583337298062,STOP
SCHAEFFLER,1600,1601,4155.0,3877.5020582266616,0.8421544125926977,STOP
SUNPHARMA,1588,1602,1750.0,1766.699951171875,2.0779322595197876,REPLACED_BY_POWERINDIA
TATAPOWER,1596,1602,391.0,388.0,8.994279454834109,REPLACED_BY_EMCURE
PREMIERENE,1601,1604,880.0,885.0,3.894461214918009,REPLACED_BY_ONGC
ABB,1593,1604,6242.0,5995.0,0.549548665676034,REPLACED_BY_GLENMARK
POWERINDIA,1602,1605,25300.0,25240.0,0.13601098798003294,REPLACED_BY_DMART
NTPC,1589,1605,377.0,361.6445734536463,9.3494087335845,STOP
OIL,1599,1606,476.0,478.0,6.9999452437030865,REPLACED_BY_ADANIPOWER
LUPIN,1602,1606,2338.699951171875,2232.43496788666,1.4596770318753889,STOP
GLENMARK,1604,1606,2169.5,2037.6052194380197,1.530199966990887,STOP
CCL,1596,1607,1044.800048828125,1089.300048828125,2.3627986876364275,REPLACED_BY_POWERGRID
ACUTAAS,1596,1608,2182.0,2200.0,1.6225014925136307,REPLACED_BY_BSE
GESHIP,1588,1609,1379.699951171875,1495.0,2.6852358525372093,REPLACED_BY_ABB
NLCINDIA,1606,1609,280.0,276.20001220703125,11.992218055505504,REPLACED_BY_WELCORP
COALINDIA,1589,1611,451.1499938964844,455.0,8.237362914104601,REPLACED_BY_WAAREEENER
EMCURE,1602,1612,1564.5,1576.800048828125,2.2106092629344873,REPLACED_BY_POWERINDIA
NATCOPHARM,1607,1614,1029.949951171875,1092.050048828125,3.2741819647233794,REPLACED_BY_GPIL
DMART,1605,1615,4075.0,4446.0,0.8373942184749272,REPLACED_BY_PFC
ONGC,1604,1615,282.75,283.3999938964844,12.136773997740086,REPLACED_BY_VEDL
VTL,1601,1616,543.2000122070312,557.6500244140625,5.300934667601204,REPLACED_BY_DMART
GPIL,1614,1617,307.45001220703125,300.3500061035156,12.041504409751854,REPLACED_BY_CGPOWER
POWERGRID,1607,1617,294.8999938964844,318.95001220703125,7.35400958494103,REPLACED_BY_OFSS
ANANDRATHI,1607,1618,1600.050048828125,1815.0,2.097366678467001,REPLACED_BY_TATAPOWER
WAAREEENER,1611,1619,3268.0,3440.0,1.091548264807707,REPLACED_BY_NTPC
BSE,1608,1619,2959.0,3508.0,1.1399918550595232,REPLACED_BY_TORNTPOWER
VEDL,1615,1619,782.8499755859375,733.5220548052444,4.673397654390144,STOP
DMART,1616,1620,4629.89990234375,4559.5,0.6871357277763731,REPLACED_BY_CESC
OFSS,1617,1622,8130.0,9400.0,0.2681557717447111,REPLACED_BY_LLOYDSME
ADANIPOWER,1606,1622,154.5,219.5,21.54740200758823,REPLACED_BY_SAIL
HSCL,1620,1623,549.0,573.5499877929688,7.139122227109337,REPLACED_BY_NESTLEIND
NTPC,1619,1623,404.0,409.5,9.349677518192866,REPLACED_BY_AARTIIND
KSB,1601,1624,792.0,983.0,4.310845530424275,REPLACED_BY_BHEL
PFC,1615,1624,460.0,464.0,7.972476113102712,REPLACED_BY_ONGC
ABB,1609,1626,6399.0,7269.0,0.5432057525928066,REPLACED_BY_VTL
ONGC,1624,1627,304.8999938964844,294.3500061035156,12.940336335317973,REPLACED_BY_ADANIPORTS
TORNTPOWER,1619,1627,1648.0999755859375,1728.800048828125,2.2869308271848756,REPLACED_BY_ASTERDM
SAIL,1622,1628,184.1999969482422,189.0,17.917059213949344,REPLACED_BY_FINCABLES
BHEL,1624,1628,344.3999938964844,378.0,11.321385464392721,REPLACED_BY_SYRMA
TATAPOWER,1618,1629,436.0,445.1499938964844,8.574178213626187,REPLACED_BY_AMBER
CESC,1620,1629,180.5,184.0,15.56392240574343,REPLACED_BY_BSE
AARTIIND,1623,1630,505.0,485.0,7.80712218742227,REPLACED_BY_POLYCAB
LLOYDSME,1622,1630,1734.300048828125,1726.199951171875,2.2525657809904414,REPLACED_BY_BAJAJ-AUTO
VTL,1626,1630,619.75,573.2697908487553,6.369111049752944,STOP
NESTLEIND,1623,1631,1445.0,1475.300048828125,2.7200231227302343,REPLACED_BY_MCX
WELCORP,1609,1631,910.0,1288.0,3.8734650155687738,REPLACED_BY_AZAD
AZAD,1631,1631,2315.0,2146.4623360395954,1.6988328518884925,STOP
POWERINDIA,1612,1632,27800.0,33020.0,0.12529026170077823,REPLACED_BY_KIMS
AMBER,1629,1632,8739.5,8106.957378401765,0.4499518811675074,STOP
BAJAJ-AUTO,1630,1634,10625.0,10380.0,0.3468559346764735,REPLACED_BY_WELCORP
ASTERDM,1627,1634,750.0,743.0,5.0667742063389785,REPLACED_BY_BALRAMCHIN
FINCABLES,1628,1635,1065.199951171875,1072.949951171875,3.7095750937223007,REPLACED_BY_ADANIENT
SYRMA,1628,1635,1068.8499755859375,1030.0,3.4322042349387933,REPLACED_BY_SAILIFE
NAVA,1631,1635,727.0499877929688,678.8468077174014,5.410656191159739,STOP
SAILIFE,1635,1635,1048.300048828125,1039.4457402891321,3.46085696599592,STOP
CGPOWER,1617,1636,800.0,825.9500122070312,4.683068225554755,REPLACED_BY_NATCOPHARM
KIMS,1632,1636,778.9000244140625,731.2155724198416,4.99386508286529,STOP
BALRAMCHIN,1634,1637,543.9500122070312,541.4000244140625,6.921444550038327,REPLACED_BY_ACUTAAS
WELCORP,1634,1637,1360.0,1271.6868938726823,2.808383312661536,STOP
ADANIENT,1635,1639,2781.10009765625,2727.89990234375,1.4192205806576803,REPLACED_BY_POWERINDIA
ADANIGREEN,1636,1639,1374.9000244140625,1381.5,2.7690322973153454,REPLACED_BY_HINDALCO
POLYCAB,1630,1640,9030.0,9227.5,0.4367195604322607,REPLACED_BY_ANGELONE
ADANIPORTS,1627,1640,1749.800048828125,1793.300048828125,2.2525026595444624,REPLACED_BY_GRASIM
NATCOPHARM,1636,1641,1145.0,1170.300048828125,3.164761440853922,REPLACED_BY_VBL
BIOCON,1633,1642,403.04998779296875,430.04998779296875,9.37683801178426,REPLACED_BY_LLOYDSME
SUNPHARMA,1637,1642,1900.5,1821.5099909961436,1.9891445101052703,STOP
MCX,1631,1643,3120.0,3312.0,1.2698745741264912,REPLACED_BY_ADANIENT
GRASIM,1640,1645,3178.0,3175.0,1.2160573429579038,REPLACED_BY_CUMMINSIND
VBL,1641,1645,542.9500122070312,539.0,7.042720358829565,REPLACED_BY_CGPOWER
ANGELONE,1640,1645,341.95001220703125,338.45001220703125,11.294135013380354,REPLACED_BY_BHEL
BSE,1629,1646,3887.0,4180.0,0.6967427796245111,REPLACED_BY_GVT&D
LAURUSLABS,1632,1646,1273.0,1372.4000244140625,3.066370131876482,REPLACED_BY_MOTHERSON
GVT&D,1646,1646,5100.0,4756.114755074573,0.746720419593442,STOP
ACUTAAS,1637,1647,2809.10009765625,3000.0,1.2723763860346093,REPLACED_BY_ACMESOLAR
ADANIPOWER,1643,1647,247.60000610351562,227.81677906786092,15.751188791159324,STOP
BHEL,1645,1648,424.04998779296875,410.75,9.176143629450427,REPLACED_BY_TATATECH
POWERINDIA,1639,1648,35980.0,35350.0,0.10768398051196715,REPLACED_BY_EXIDEIND
ZYDUSLIFE,1636,1649,1010.0,1070.0,3.774335763491575,REPLACED_BY_SYRMA
MOTHERSON,1646,1649,146.00999450683594,144.8800048828125,22.979178110622176,REPLACED_BY_J&KBANK
LLOYDSME,1642,1650,1810.0,1780.5999755859375,2.121016267522632,REPLACED_BY_JINDALSAW
HINDALCO,1639,1650,1098.699951171875,1126.5999755859375,3.437150288799719,REPLACED_BY_CGPOWER
OFSS,1638,1651,9640.0,9800.0,0.3682593401256165,REPLACED_BY_ACUTAAS
WELCORP,1645,1651,1369.199951171875,1360.0,2.822888956942921,REPLACED_BY_ADANIENSOL
NMDC,1648,1651,96.0999984741211,89.86587649334788,39.90312981133472,STOP
JINDALSAW,1650,1651,261.4100036621094,239.98630050470655,14.613396214115827,STOP
EXIDEIND,1648,1652,407.0,387.79998779296875,8.461311672880369,REPLACED_BY_ASTERDM
CGPOWER,1650,1653,948.8499755859375,911.2000122070312,3.98706908908039,REPLACED_BY_FEDERALBNK
ACMESOLAR,1647,1654,306.0,335.5,11.607743623913022,REPLACED_BY_APARINDS
ADANIENSOL,1651,1654,1558.9000244140625,1532.9000244140625,2.3834676215347996,REPLACED_BY_ADANIPORTS
ACUTAAS,1651,1654,3232.0,3097.1005752616516,1.1410668386327607,STOP
ADANIENT,1643,1655,2982.0,2958.800048828125,1.2971535757710866,REPLACED_BY_TORNTPHARM
PREMIERENE,1646,1656,1077.5999755859375,1047.699951171875,3.6235295242608028,REPLACED_BY_MAHABANK
ADANIPORTS,1654,1657,1814.5999755859375,1804.800048828125,2.035657037963444,REPLACED_BY_ANGELONE
KIMS,1652,1657,806.0,770.4000244140625,4.65814749199919,REPLACED_BY_NUVAMA
TORNTPHARM,1655,1658,4619.5,4475.0,0.8014055700921501,MQS_LT_50
ASTERDM,1652,1658,770.0,778.9000244140625,3.6361261934666644,REPLACED_BY_BANDHANBNK
TATATECH,1648,1658,741.0,771.0,5.153692176959524,REPLACED_BY_TITAGARH
LAURUSLABS,1647,1659,1388.0,1372.0,2.7179885807940694,REPLACED_BY_KEI
J&KBANK,1649,1659,149.0,162.9600067138672,23.795429373445558,REPLACED_BY_POLYCAB
FEDERALBNK,1653,1660,315.1000061035156,320.0,11.460756670868536,REPLACED_BY_WELSPUNLIV
RBLBANK,1655,1660,363.0,370.20001220703125,10.282946131051608,REPLACED_BY_NYKAA
BANDHANBNK,1658,1661,217.82000732421875,209.0,17.428489404820116,REPLACED_BY_STARHEALTH
TITAGARH,1658,1661,898.5999755859375,925.75,3.0703570933377278,REPLACED_BY_ZENTEC
ANGELONE,1657,1662,353.0,354.79998779296875,10.754355082978739,REPLACED_BY_ABCAPITAL
SYRMA,1649,1662,1195.0999755859375,1360.0,3.1613835253798235,REPLACED_BY_TATACOMM
MAHABANK,1656,1663,88.61000061035156,87.80000305175781,42.58731045830757,REPLACED_BY_LAURUSLABS
CGCL,1658,1663,217.7100067138672,218.0,17.337299452375074,REPLACED_BY_SYRMA
ZENTEC,1661,1663,2009.0,1845.9426161057286,1.3026927039792005,STOP
KEI,1659,1664,5643.5,5440.0,0.6720090802309209,REPLACED_BY_ADANIENT
NUVAMA,1657,1664,1670.4000244140625,1739.0999755859375,2.0491249157120843,REPLACED_BY_SANSERA
TATACOMM,1662,1666,2076.0,1990.0999755859375,1.8537327446882397,REPLACED_BY_WELCORP
POLYCAB,1659,1666,9949.0,9664.0,0.37881156192689747,REPLACED_BY_ANANDRATHI
ADANIENT,1664,1667,3086.0,2980.0,1.2382111793038328,REPLACED_BY_ANANDRATHI
WELSPUNLIV,1660,1667,162.0,162.47000122070312,23.35947302456486,REPLACED_BY_ACUTAAS
RRKABEL,1666,1667,2500.0,2323.394294895329,1.399478201997409,STOP
APARINDS,1654,1668,14065.0,15849.0,0.2632118209543278,REPLACED_BY_NUVAMA
STARHEALTH,1661,1668,580.2000122070312,588.9500122070312,6.5995077515597576,REPLACED_BY_CGCL
SANSERA,1664,1669,3158.10009765625,3180.0,0.6750525390159513,REPLACED_BY_ADANIENT
ABCAPITAL,1662,1669,394.3999938964844,392.5,9.75083707151595,REPLACED_BY_CEMPRO
ANANDRATHI,1667,1670,2008.9000244140625,2011.699951171875,1.8994647548711407,REPLACED_BY_PRESTIGE
NYKAA,1660,1670,299.20001220703125,314.0,12.183299260394632,REPLACED_BY_ADANIPORTS
SYRMA,1663,1671,1383.800048828125,1379.0,2.7706665974150124,REPLACED_BY_LTF
ATHERENERG,1668,1671,1141.0,1135.5,3.306748074917819,REPLACED_BY_ANANDRATHI
OFSS,1664,1672,10504.0,11159.0,0.36308323032425327,REPLACED_BY_INDUSINDBK
CEMPRO,1669,1672,1380.0,1558.300048828125,1.5676725354823702,REPLACED_BY_MANAPPURAM
ACUTAAS,1667,1673,3585.0,3395.0,1.0110103106453148,REPLACED_BY_ADANIENSOL
ADANIPORTS,1670,1673,1885.0,1824.9000244140625,2.006770633788394,REPLACED_BY_TORNTPHARM
LAURUSLABS,1663,1674,1484.0,1468.0999755859375,2.568619337103857,REPLACED_BY_EXIDEIND
PRESTIGE,1670,1674,1682.0,1628.0,2.270037724163133,REPLACED_BY_ATHERENERG
LTF,1671,1674,330.0,309.51045032174585,11.694113869692407,STOP
MANAPPURAM,1672,1675,344.6499938964844,334.20001220703125,7.478433151420077,REPLACED_BY_SUNPHARMA
INDUSINDBK,1672,1676,1009.7000122070312,1010.0,3.8409995260032166,REPLACED_BY_OFSS
ADANIENT,1669,1676,3155.89990234375,3127.300048828125,1.1960919632371678,REPLACED_BY_GODREJPROP
ADANIENSOL,1673,1677,1639.699951171875,1644.0999755859375,2.335632641088294,REPLACED_BY_JSWINFRA
EXIDEIND,1674,1678,426.0,418.79998779296875,8.894913281855565,REPLACED_BY_BALRAMCHIN
ANANDRATHI,1671,1678,2080.0,2090.0,1.7649935971624948,REPLACED_BY_ADANIGREEN
STARHEALTH,1675,1679,609.0,596.5,6.336091711719852,REPLACED_BY_FLUOROCHEM
GODREJPROP,1676,1679,2117.800048828125,2107.39990234375,1.7614582919533568,REPLACED_BY_BHEL
NUVAMA,1668,1680,1810.0,1840.0,2.0878607325822984,REPLACED_BY_BIOCON
JSWINFRA,1677,1680,350.95001220703125,340.0,10.876313627348775,REPLACED_BY_SHYAMMETL
ADANIGREEN,1678,1681,1604.5,1523.699951171875,2.20965817078335,REPLACED_BY_SONACOMS
CGCL,1668,1681,229.99000549316406,256.3800048828125,16.04539158395665,REPLACED_BY_EXIDEIND
CUPID,1652,1682,141.33999633789062,207.74000549316406,26.58764662872691,REPLACED_BY_HSCL
BHEL,1679,1682,424.20001220703125,417.5,8.480420339744843,REPLACED_BY_GABRIEL
OFSS,1676,1683,11625.0,11632.0,0.3306622434881363,REPLACED_BY_INDUSINDBK
WELCORP,1666,1683,1465.0,1632.5999755859375,2.598829441795248,REPLACED_BY_KARURVYSYA
SHYAMMETL,1680,1684,1044.0,1030.1500244140625,3.4826534369888242,REPLACED_BY_CHENNPETRO
ATHERENERG,1674,1684,1212.0,1268.199951171875,2.9972876828109323,REPLACED_BY_TVSMOTOR
INDUSINDBK,1683,1684,1058.0,1014.6727626444587,3.6436186443848824,STOP
CHENNPETRO,1684,1684,1311.5,1203.446658757052,2.930297426720229,STOP
BIOCON,1680,1685,444.3999938964844,431.20001220703125,8.682758530169215,REPLACED_BY_MANAPPURAM
HSCL,1682,1686,771.0,793.2000122070312,4.935505908226908,REPLACED_BY_LAURUSLABS
GABRIEL,1682,1686,1407.0,1370.0999755859375,2.7180587405147683,REPLACED_BY_UNITDSPR
BALRAMCHIN,1678,1687,593.3499755859375,611.6500244140625,6.445232511034979,REPLACED_BY_FEDERALBNK
NUVAMA,1685,1687,1933.199951171875,1823.0810923213396,1.9340637296950518,STOP
KARURVYSYA,1683,1688,342.1000061035156,341.0,11.38644198781866,REPLACED_BY_SAILIFE
TORNTPHARM,1673,1689,4850.0,4878.5,0.6644039506541093,REPLACED_BY_M&MFIN
FLUOROCHEM,1679,1689,4131.60009765625,4580.0,0.9316889888802173,REPLACED_BY_LALPATHLAB
SUNPHARMA,1675,1692,1942.800048828125,1951.0999755859375,1.1444617781773112,REPLACED_BY_ACE
MANAPPURAM,1685,1693,346.45001220703125,362.20001220703125,10.68522817304748,REPLACED_BY_SANSERA
M&MFIN,1689,1693,391.8500061035156,398.6000061035156,9.66203475889718,REPLACED_BY_CUPID
LALPATHLAB,1689,1694,1880.0,1882.0,2.0209435252673384,REPLACED_BY_WELCORP
ACE,1692,1695,1110.9000244140625,1113.699951171875,2.798576306778468,REPLACED_BY_SHRIRAMFIN
FEDERALBNK,1687,1695,357.0,353.20001220703125,10.5866247530212,REPLACED_BY_CHOLAFIN
CUPID,1693,1696,240.0,266.1000061035156,15.593742880732574,REPLACED_BY_MOTHERSON
BAJAJ-AUTO,1685,1697,11229.0,11734.0,0.33376246732179726,REPLACED_BY_GRASIM
IDFCFIRSTB,1688,1698,85.75,83.61000061035156,43.9435187122186,REPLACED_BY_TITAN
CHOLAFIN,1695,1699,1913.9000244140625,1914.0999755859375,1.5061187082110825,REPLACED_BY_HEROMOTOCO
GRASIM,1697,1699,3360.0,3237.525025718987,1.1803482267270664,STOP
UNITDSPR,1686,1700,1477.699951171875,1515.5,2.564469522211218,REPLACED_BY_IIFL
SONACOMS,1681,1701,705.0,799.0,5.356795569313852,REPLACED_BY_HAL
LAURUSLABS,1686,1701,1624.800048828125,1770.0,2.349856153203304,REPLACED_BY_HEGAM
WELCORP,1694,1702,1800.0,1886.5999755859375,2.100368598321409,REPLACED_BY_TBOTEK
EXIDEIND,1681,1703,435.0,465.25,8.41214608981445,REPLACED_BY_GLAXO
HEROMOTOCO,1699,1703,5919.0,5699.5,0.48413859574655127,REPLACED_BY_WELCORP
SHRIRAMFIN,1695,1704,1134.0,1118.9000244140625,3.4677221097120943,REPLACED_BY_RRKABEL
TITAN,1698,1704,5128.0,5084.89990234375,0.7220717332766069,REPLACED_BY_ACE
ANANDRATHI,1700,1705,2209.0,2171.10009765625,1.797864276116523,REPLACED_BY_COFORGE
SANSERA,1693,1705,3544.699951171875,3897.0,1.1094841202131664,REPLACED_BY_ETERNAL
HAL,1701,1706,5050.0,4990.0,0.780555220967994,REPLACED_BY_PAYTM
HEGAM,1701,1706,704.0,710.0,5.600734136548955,REPLACED_BY_DIXON
TVSMOTOR,1684,1707,3907.60009765625,4365.5,0.9807152784247793,REPLACED_BY_PVRINOX
WELCORP,1703,1707,1929.199951171875,2394.10009765625,1.6425271769802723,REPLACED_BY_AETHER
MOTHERSON,1696,1708,170.0,167.0,23.535284719058723,REPLACED_BY_AUBANK
ACE,1704,1709,1181.199951171875,1164.300048828125,3.023697986008018,REPLACED_BY_NYKAA
RRKABEL,1704,1709,2911.800048828125,2819.0,1.3513737903568157,REPLACED_BY_LAURUSLABS
AUBANK,1708,1710,1128.5999755859375,1078.890403639965,3.5147850189925096,STOP
DIXON,1706,1711,15000.0,14650.0,0.2678328817813265,REPLACED_BY_APLAPOLLO
TBOTEK,1702,1711,1720.0,1677.699951171875,2.308640711777482,REPLACED_BY_SHYAMMETL
IIFL,1700,1712,635.9500122070312,645.0499877929688,5.8027665552829975,REPLACED_BY_OFSS
PVRINOX,1707,1712,1249.9000244140625,1244.0,3.220033981625944,REPLACED_BY_ATHERENERG
ETERNAL,1705,1713,330.0,325.5,11.99395065522311,REPLACED_BY_BAJAJ-AUTO
SHYAMMETL,1711,1714,1107.4000244140625,1077.5999755859375,3.212273841360335,REPLACED_BY_WELSPUNLIV
APLAPOLLO,1711,1714,2260.0,2168.9751124298255,1.7533464623448345,STOP
BAJAJ-AUTO,1713,1714,12211.0,11921.849290662392,0.31739425450924497,STOP
PAYTM,1706,1715,1632.0,1635.199951171875,2.4370822882675856,REPLACED_BY_PVRINOX
NYKAA,1709,1715,340.0,332.1499938964844,11.65377175252977,REPLACED_BY_BEML
ATHERENERG,1712,1715,1694.0,1595.1701170207616,2.2517756259773507,STOP
LAURUSLABS,1709,1716,1891.300048828125,1840.0,1.8711948488269379,REPLACED_BY_CRISIL
OFSS,1712,1716,12350.0,11825.352295721608,0.31481256185695466,STOP
PVRINOX,1715,1716,1216.0,1174.8672891446224,3.1102162816852927,STOP
AETHER,1707,1717,1666.800048828125,1622.0,2.378245532839543,REPLACED_BY_OIL
GLENMARK,1711,1717,2532.39990234375,2469.89990234375,1.5794759110591243,REPLACED_BY_JYOTICNC
GLAXO,1703,1718,2877.300048828125,2928.199951171875,1.3681317903271435,REPLACED_BY_NYKAA
COFORGE,1705,1718,1890.0,1780.9765440331757,2.0900192687518326,STOP
CRISIL,1716,1719,4800.0,4690.10009765625,0.6499469773644856,REPLACED_BY_HAL
MOTILALOFS,1717,1720,1060.0,1003.2999877929688,3.6419898446419654,REPLACED_BY_PNBHOUSING
TBOTEK,1717,1720,1690.0,1671.0,2.2530193685305018,REPLACED_BY_FINCABLES
BEML,1715,1722,2082.0,2033.4000244140625,1.8128510828651958,REPLACED_BY_LAURUSLABS
JYOTICNC,1717,1722,1020.0,989.0,3.469905488132436,REPLACED_BY_AETHER
SANSERA,1719,1722,4120.0,3848.8298520295275,0.9247902177620595,STOP
HAL,1719,1722,5015.0,4790.7593531162065,0.6079358678173995,STOP
RBLBANK,1716,1723,416.0,404.79998779296875,9.310419922158685,REPLACED_BY_AEGISVOPAK
PNBHOUSING,1720,1723,1172.0,1143.4000244140625,3.212898685660723,REPLACED_BY_KALYANKJIL
NYKAA,1718,1723,340.79998779296875,325.104815156925,11.306790059520937,STOP
FINCABLES,1720,1723,1406.4000244140625,1305.8903973733268,2.5660599586921613,STOP
LAURUSLABS,1722,1723,1975.0,1881.6119779727003,1.9153070462239055,STOP
WELSPUNLIV,1714,1724,199.89999389648438,201.58999633789062,17.237692524401755,REPLACED_BY_PVRINOX
EMCURE,1723,1724,2004.0,1895.7939672407522,1.8314494869689155,STOP
SAILIFE,1688,1725,1298.699951171875,1553.4000244140625,2.8974676890217186,REPLACED_BY_WELSPUNLIV
OIL,1717,1725,486.3999938964844,479.0,7.889731593628898,REPLACED_BY_GRAPHITE
KALYANKJIL,1723,1726,606.9000244140625,587.0,4.6674761006369225,REPLACED_BY_SYRMA
PNB,1724,1727,116.80000305175781,118.44999694824219,30.915671021482034,REPLACED_BY_JYOTICNC
REDINGTON,1715,1727,374.3999938964844,394.0,10.41749143304003,REPLACED_BY_USHAMART
IDFCFIRSTB,1715,1728,87.80999755859375,85.9800033569336,44.34279784459889,REPLACED_BY_SANSERA
PAYTM,1722,1728,1808.0,1814.4000244140625,1.8211705533219358,REPLACED_BY_ENGINERSIN
AEGISVOPAK,1723,1729,305.0,300.79998779296875,12.086353733539896,REPLACED_BY_SONACOMS
ANANDRATHI,1724,1729,2200.0,2168.0,1.6367285602278256,REPLACED_BY_WOCKPHARMA
JYOTICNC,1727,1730,1110.050048828125,1072.550048828125,3.32010812438756,REPLACED_BY_MCX
USHAMART,1727,1730,541.0,525.9000244140625,6.926582101865046,REPLACED_BY_LALPATHLAB
ACE,1724,1731,1149.699951171875,1226.4000244140625,3.1407763964638296,REPLACED_BY_CASTROLIND
PVRINOX,1724,1731,1248.5,1252.0,2.5619633153851344,REPLACED_BY_ZYDUSLIFE
GRAPHITE,1725,1732,815.0,791.2000122070312,4.46124384920717,REPLACED_BY_PETRONET
WOCKPHARMA,1729,1732,2310.0,2199.0,1.5080051066470523,REPLACED_BY_GESHIP
SANSERA,1728,1732,4589.10009765625,4266.896864742755,0.8026271167479629,STOP
ACMESOLAR,1723,1733,419.45001220703125,441.29998779296875,8.682395053573222,REPLACED_BY_DRREDDY
SHYAMMETL,1725,1733,1087.0,1076.9000244140625,3.3722363126485337,REPLACED_BY_LAURUSLABS
ENGINERSIN,1728,1734,301.3999938964844,308.0,12.167408426681432,REPLACED_BY_KOTAKBANK
SONACOMS,1729,1734,828.5499877929688,790.1964115375357,4.427639886960235,STOP
MCX,1730,1734,3463.60009765625,3221.678997804083,1.0574098801627774,STOP
ZYDUSLIFE,1731,1734,1210.699951171875,1148.4454895128727,2.7943527209246946,STOP
DRREDDY,1733,1734,1242.199951171875,1206.0034570799462,2.8326268774242016,STOP
LALPATHLAB,1730,1736,1980.0,2005.9000244140625,1.7667343992437312,INELIGIBLE
PETRONET,1732,1736,284.70001220703125,287.5,12.357235012182874,INELIGIBLE
SYRMA,1726,1737,1721.0,1738.0999755859375,2.0173401083472355,REPLACED_BY_NYKAA
CASTROLIND,1731,1738,201.89999389648438,200.1999969482422,17.999375229952676,REPLACED_BY_BHEL
GESHIP,1732,1738,1533.4000244140625,1530.5999755859375,2.14346043195449,REPLACED_BY_MOTILALOFS
