sym,entry_i,exit_i,entry,exit,qty,reason
BAJAJ-AUTO,635,636,4000.0,3713.262989388188,1.019651810645161,STOP
TVSMOTOR,635,637,689.9500122070312,648.778406808894,6.7220867746840405,STOP
BHARTIARTL,635,638,751.0,737.0,6.133401482238692,REPLACED_BY_AMBER
ADANIPORTS,635,638,899.0,830.4963883029726,5.201605633811313,STOP
M&M,635,639,945.0,910.0,4.9796458293769215,REPLACED_BY_POWERGRID
ACC,635,639,2383.0,2325.0,1.964077112723529,REPLACED_BY_EIDPARRY
RELIANCE,635,639,1296.79150390625,1222.4341993418655,3.599559625165096,STOP
COLPAL,635,639,1640.0,1569.239482948885,2.821139740455144,STOP
TATACONSUM,637,639,823.2999877929688,778.6803343540378,4.585076755799936,STOP
EMBASSY,635,640,390.3999938964844,382.8999938964844,11.849815736233207,REPLACED_BY_VEDL
M&MFIN,635,640,186.75,172.0500030517578,24.88077959776073,STOP
AMBER,638,640,3928.0,3644.4367563578276,1.1149583384668313,STOP
EIDPARRY,639,640,534.0,488.7464327194409,8.331496271282834,STOP
ADANIENT,635,641,2359.85009765625,2193.1950832620655,1.9773721872592702,STOP
PAGEIND,635,641,46280.0,43508.1985944327,0.1008127608792721,STOP
TATACHEM,640,642,1038.800048828125,981.2953070210251,4.1990681377903005,STOP
ABB,641,642,2253.89990234375,2090.088563913828,1.9281460781163384,STOP
OIL,642,642,155.8000030517578,145.36701898583593,27.20035061703268,STOP
SCHAEFFLER,635,643,2240.0,2079.73861601201,2.0651415352179487,STOP
TIINDIA,638,643,1833.0,1716.6263778480054,2.4415170806429876,STOP
NTPC,639,643,159.60000610351562,150.3095545154746,27.864430433079026,STOP
SUMICHEM,641,643,440.0,407.3052441186738,9.886106801960878,STOP
IOC,641,643,83.76666259765625,79.39829552668886,39.019121535621856,STOP
AIAENG,641,644,1894.800048828125,1804.0,2.272998068260813,REPLACED_BY_NAVINFLUOR
ITC,640,644,249.39505004882812,240.36089843172866,17.411530236218546,STOP
PETRONET,642,644,216.10000610351562,203.39999389648438,19.81407581385068,STOP
BHARTIARTL,644,645,715.25,687.4855789622795,5.687380031362733,STOP
OFSS,644,645,3500.550048828125,3347.5878242737385,1.162993132464469,STOP
NAVINFLUOR,644,647,3946.0,3899.10009765625,0.8656659504953806,REPLACED_BY_APOLLOTYRE
PVRINOX,643,647,1777.0,1748.0,2.360037934418847,REPLACED_BY_GESHIP
EMBASSY,643,648,371.0,371.5,10.268996875442506,REPLACED_BY_TVSMOTOR
SUNPHARMA,646,649,881.9500122070312,885.0,4.324965116255264,REPLACED_BY_EICHERMOT
POWERGRID,639,649,178.8000030517578,167.25,24.80747359059148,STOP
AMBUJACEM,645,651,378.0,365.6499938964844,10.794997273647379,REPLACED_BY_TATACHEM
UPL,643,652,801.0,789.0,5.295742332133569,REPLACED_BY_ASHOKLEY
POLYCAB,646,652,2550.050048828125,2543.199951171875,1.5819047432428,REPLACED_BY_HINDUNILVR
COLPAL,645,653,1568.949951171875,1559.4000244140625,2.576000406864363,REPLACED_BY_KOTAKBANK
TATACHEM,651,654,995.0,928.0,3.994825484884332,REPLACED_BY_CIPLA
HINDUNILVR,652,656,2380.0,2342.199951171875,1.663517147035335,REPLACED_BY_HDFCLIFE
EICHERMOT,649,656,2622.0,2755.300048828125,1.4554265994959046,REPLACED_BY_HEROMOTOCO
APOLLOTYRE,647,657,209.1999969482422,219.0,19.300271331064465,REPLACED_BY_ABB
GESHIP,647,658,393.6499938964844,398.20001220703125,8.740199568646135,REPLACED_BY_MRF
CIPLA,654,658,972.0999755859375,994.5,3.8021738566550445,REPLACED_BY_SUMICHEM
KOTAKBANK,653,659,379.57000732421875,369.6400146484375,10.55136608339975,REPLACED_BY_COALINDIA
BAJAJ-AUTO,644,660,3585.0,3719.0,1.137916715527581,REPLACED_BY_ADANIENT
HEROMOTOCO,656,660,2724.0,2675.0,1.3575370589836657,REPLACED_BY_M&MFIN
HDFCLIFE,656,661,605.6500244140625,601.9500122070312,6.909620885332224,REPLACED_BY_RELIANCE
MRF,658,662,77200.0,74000.0,0.05375325992155457,STOP
ABB,657,663,2392.0,2369.25,1.750803077852299,REPLACED_BY_ICICIPRULI
ADANIENT,660,664,2235.0,2160.300048828125,1.8933887249412131,REPLACED_BY_BANDHANBNK
COALINDIA,659,666,196.5,196.64999389648438,19.788926294824766,REPLACED_BY_BAJAJ-AUTO
M&MFIN,660,666,186.5,172.21423442494677,19.34608824584925,STOP
RELIANCE,661,666,1282.9696044921875,1213.638188826012,3.2238535523478027,STOP
BANDHANBNK,664,666,329.75,306.3424233612291,12.367051616082206,STOP
BAJAJ-AUTO,666,667,3825.0,3663.154648693276,1.014336011471062,STOP
SUMICHEM,658,668,472.0,438.8500061035156,6.602294030181566,REPLACED_BY_DRREDDY
ICICIPRULI,663,668,560.0,537.7999877929688,7.059778904801559,REPLACED_BY_BEL
EMBASSY,663,668,396.0,378.55086364372744,10.501756226325888,STOP
ITC,650,669,266.7275085449219,251.34332434870768,15.360758876048195,STOP
DRREDDY,668,670,861.3400268554688,818.9389043821271,4.6249930217200665,STOP
HEROMOTOCO,667,671,2595.949951171875,2446.0808466124727,1.5397230667545168,STOP
BEL,668,671,81.03333282470703,75.19790519513013,29.322787750024055,STOP
SBILIFE,669,672,1131.3499755859375,1080.0999755859375,3.5033725114608836,REPLACED_BY_MAXHEALTH
SIEMENS,667,674,1398.6729736328125,1336.920654296875,2.180788472041771,REPLACED_BY_PVRINOX
TORNTPHARM,670,675,1393.5250244140625,1438.875,2.762246108303273,REPLACED_BY_AIAENG
ABBOTINDIA,672,675,17828.400390625,18100.0,0.21404534149352886,REPLACED_BY_ABB
MFSL,672,676,787.0499877929688,825.0,4.844593107473139,REPLACED_BY_HINDUNILVR
COROMANDEL,640,676,900.0,944.0,4.8150420722508045,REPLACED_BY_SHRIRAMFIN
BRITANNIA,672,677,3378.60009765625,3455.0,1.1294873437498352,REPLACED_BY_HEROMOTOCO
HAL,644,677,774.9749755859375,903.75,5.2808253266775855,REPLACED_BY_BEL
MAXHEALTH,672,678,362.3999938964844,370.0,5.676605415783464,REPLACED_BY_BOSCHLTD
SHRIRAMFIN,676,679,253.8000030517578,247.0,16.14463510286033,REPLACED_BY_SIEMENS
HINDUNILVR,676,679,2315.85009765625,2224.89990234375,1.7452940447682852,REPLACED_BY_COALINDIA
ABB,675,680,2292.949951171875,2260.35009765625,1.669359822728129,REPLACED_BY_SHRIRAMFIN
AIAENG,675,681,2151.0,2212.14990234375,1.8584277312500774,INELIGIBLE
EICHERMOT,668,681,2744.0,2793.800048828125,1.4645910696467321,REPLACED_BY_ADANIENT
PVRINOX,674,681,1795.0,1885.0,1.619391436076403,REPLACED_BY_PETRONET
COALINDIA,679,682,188.10000610351562,183.0,20.11011953067881,REPLACED_BY_BRITANNIA
BEL,677,683,79.81666564941406,76.5999984741211,50.474299892748896,REPLACED_BY_SCHAEFFLER
SHRIRAMFIN,680,684,253.24000549316406,256.0,14.85560929709034,REPLACED_BY_HINDUNILVR
PETRONET,681,684,216.6999969482422,222.0,14.316878392775484,REPLACED_BY_VBL
ADANIENT,681,685,2232.199951171875,2286.0,1.8145210457619874,REPLACED_BY_CUMMINSIND
MARUTI,667,685,7805.0,8620.0,0.5064078581058945,REPLACED_BY_ABB
ASHOKLEY,652,686,69.0,71.44999694824219,61.126122968001326,REPLACED_BY_M&MFIN
BOSCHLTD,678,686,14614.0,16100.0,0.20964567113179883,REPLACED_BY_UBL
SCHAEFFLER,683,687,2334.5,2384.25,1.6512099692931133,REPLACED_BY_EICHERMOT
TVSMOTOR,648,688,677.2000122070312,850.9000244140625,5.616515970365514,REPLACED_BY_INDIANB
CUMMINSIND,685,689,1133.0,1087.1500244140625,3.656205841197187,REPLACED_BY_MRF
BRITANNIA,682,689,3709.0,3726.0,0.9892499202942824,REPLACED_BY_AIAENG
UBL,686,692,1600.1500244140625,1644.8499755859375,2.3750776644722085,REPLACED_BY_TVSMOTOR
HEROMOTOCO,677,692,2748.0,2815.0,1.46571766444239,REPLACED_BY_FLUOROCHEM
ITC,681,693,275.0567321777344,283.9637145996094,14.792915942151415,REPLACED_BY_FEDERALBNK
EICHERMOT,687,694,3038.5,3053.0,1.291790148653332,REPLACED_BY_TIMKEN
M&MFIN,686,694,196.9499969482422,205.0,20.91804518761537,REPLACED_BY_BRITANNIA
INDIANB,688,695,175.25,177.0,23.545591540219167,REPLACED_BY_CUMMINSIND
AIAENG,689,696,2268.050048828125,2399.64990234375,1.8208117586321628,REPLACED_BY_BEL
VBL,684,696,166.0,175.52000427246094,17.017639313116707,REPLACED_BY_SHRIRAMFIN
M&M,644,698,884.9000244140625,1140.0,4.63460072531787,REPLACED_BY_CUB
FEDERALBNK,693,698,108.44999694824219,105.4000015258789,38.61750483247103,REPLACED_BY_COALINDIA
BRITANNIA,694,699,3844.0,3863.5,1.0395726723600915,REPLACED_BY_PVRINOX
TVSMOTOR,692,699,870.5,857.9500122070312,4.7640543222929495,REPLACED_BY_PAGEIND
FLUOROCHEM,692,700,3289.10009765625,3288.0,1.1788481186480413,REPLACED_BY_HAL
SHRIRAMFIN,696,700,294.6000061035156,280.98042856014877,10.417135337957278,STOP
CUB,698,702,121.42500305175781,120.375,34.45328362249531,REPLACED_BY_BOSCHLTD
HINDUNILVR,684,702,2505.0,2600.0,1.6509150009955398,REPLACED_BY_CIEINDIA
CUMMINSIND,695,703,1225.0,1200.0,3.391906709784193,REPLACED_BY_BALKRISIND
SIEMENS,679,703,1412.1446533203125,1567.28857421875,2.8782736114009673,REPLACED_BY_ADANIENT
ABB,685,704,2569.949951171875,2689.0,1.6126858009941831,REPLACED_BY_VBL
BALKRISIND,703,704,2440.0,2311.096954587804,1.7648457853102915,STOP
CIEINDIA,702,705,277.3999938964844,266.8999938964844,14.85486975431753,REPLACED_BY_CIPLA
TIMKEN,694,705,2825.699951171875,2998.0,1.4903415763983792,REPLACED_BY_AIAENG
PVRINOX,699,706,2039.0999755859375,2110.0,2.0747060384972826,REPLACED_BY_CHOLAFIN
PAGEIND,699,706,47500.0,48445.0,0.0887506801535687,REPLACED_BY_TATAELXSI
BOSCHLTD,702,707,17617.900390625,17350.0,0.24371071392992727,REPLACED_BY_M&M
CIPLA,705,708,1040.0,1040.5,4.076053898373128,REPLACED_BY_ICICIBANK
MRF,689,709,77399.796875,82995.0,0.053368140853942474,REPLACED_BY_BDL
ADANIPOWER,705,709,69.13999938964844,68.5999984741211,61.30220999179597,REPLACED_BY_INDHOTEL
BDL,709,709,443.0,406.9974512847231,9.779269711812335,STOP
CHOLAFIN,706,710,774.8499755859375,784.0,5.471413768097413,REPLACED_BY_TORNTPOWER
TVSMOTOR,701,710,908.9000244140625,958.0,3.4288172531462067,REPLACED_BY_FLUOROCHEM
AIAENG,705,711,2443.0,2576.35009765625,1.6575750364352788,REPLACED_BY_SOLARINDS
COALINDIA,698,711,202.39999389648438,223.5,20.717953247760345,REPLACED_BY_KARURVYSYA
VBL,704,712,189.8000030517578,207.3000030517578,22.500502550582542,REPLACED_BY_EICHERMOT
M&M,707,712,1277.0,1274.0,3.345676734647489,REPLACED_BY_SBICARD
SBICARD,712,712,983.0,950.7003007189892,4.393585223837389,STOP
TATAELXSI,706,713,9321.2001953125,10614.150390625,0.4532963648470593,REPLACED_BY_SBILIFE
INDHOTEL,709,714,277.75,271.45001220703125,15.3970794464323,REPLACED_BY_AMBUJACEM
BEL,696,714,89.9000015258789,95.0,47.44519455032215,REPLACED_BY_LT
TRENT,710,714,1390.5999755859375,1309.6469954009692,3.132586782907286,STOP
AMBUJACEM,714,714,418.1000061035156,406.95597428905813,10.351740525773497,STOP
FLUOROCHEM,710,715,3597.949951171875,3399.449951171875,0.787159924230524,REPLACED_BY_SUNTV
TVSMOTOR,713,715,981.4000244140625,926.0905887329998,4.528696053104892,STOP
HAL,700,716,1020.0,1120.0,4.165082881454181,REPLACED_BY_M&M
SBILIFE,713,716,1320.0,1284.0,3.3310301452742195,REPLACED_BY_GESHIP
LT,714,716,1937.0999755859375,1861.1176782429256,2.248076919839935,STOP
TORNTPOWER,710,717,579.2000122070312,582.0,7.478564024126356,REPLACED_BY_ASAHIINDIA
ICICIBANK,708,717,860.0499877929688,873.2999877929688,5.067249952875932,REPLACED_BY_ABB
SIEMENS,715,718,1683.33837890625,1705.820556640625,2.522849672481579,REPLACED_BY_THERMAX
PIIND,715,718,3365.0,3419.449951171875,1.2603087249721567,REPLACED_BY_CUB
SUNTV,715,719,494.8999938964844,490.0,5.652882146172481,REPLACED_BY_COALINDIA
GESHIP,716,719,554.0,525.5499877929688,7.757850925112513,REPLACED_BY_TEJASNET
CUB,718,719,142.875,133.5,30.18693285405783,STOP
SOLARINDS,711,720,3315.0,3330.25,1.3295990271672586,REPLACED_BY_ATGL
EICHERMOT,712,721,3400.0,3241.0,1.2941782175651153,REPLACED_BY_PCBL
THERMAX,718,721,2460.050048828125,2423.0,1.7499022752093474,REPLACED_BY_GESHIP
COALINDIA,719,722,221.39999389648438,231.0,18.75691853605217,REPLACED_BY_TVSMOTOR
ASAHIINDIA,717,722,634.0,639.4500122070312,6.86350075614406,REPLACED_BY_PIDILITIND
M&M,716,723,1274.949951171875,1319.0,3.349385776577538,REPLACED_BY_KALYANKJIL
ATGL,720,723,3550.0,3588.050048828125,1.1560411824779535,REPLACED_BY_HAL
TEJASNET,719,724,526.0,658.0,5.49166671511759,REPLACED_BY_INDHOTEL
GESHIP,721,724,571.5,539.9000244140625,7.099935891969385,REPLACED_BY_TIINDIA
PIDILITIND,722,725,1414.9749755859375,1408.449951171875,2.9987099709514227,REPLACED_BY_AMBUJACEM
CEATLTD,720,726,1395.0,1429.6500244140625,3.102918239202267,REPLACED_BY_APOLLOTYRE
HAL,723,727,1190.824951171875,1217.0,3.454370131532696,REPLACED_BY_SCHAEFFLER
ABB,717,727,3050.0,3333.0,1.397615979105986,REPLACED_BY_BANKBARODA
KALYANKJIL,723,728,84.6500015258789,82.9000015258789,52.29255056592535,REPLACED_BY_M&MFIN
FEDERALBNK,717,728,114.75,120.1500015258789,37.52047153519251,REPLACED_BY_LICHSGFIN
TIINDIA,724,729,2525.0,2745.0,1.181868616443893,REPLACED_BY_CCL
PCBL,721,730,137.0,137.1999969482422,31.7632556015098,REPLACED_BY_ADANIPORTS
TVSMOTOR,722,731,1022.0,1041.800048828125,4.356642175780308,REPLACED_BY_INDUSINDBK
M&MFIN,728,732,224.85000610351562,230.0,19.958762726166253,REPLACED_BY_IDFCFIRSTB
KARURVYSYA,711,732,54.791664123535156,70.83333587646484,80.64145330193445,REPLACED_BY_PIDILITIND
AMBUJACEM,725,733,440.04998779296875,517.0,9.569097619977006,REPLACED_BY_ADANIENSOL
SCHAEFFLER,727,733,3515.0,3279.6549172898294,1.2747865257081112,STOP
LICHSGFIN,728,733,436.70001220703125,416.0442818352555,9.91279943879889,STOP
PIDILITIND,732,733,1451.5,1392.940690792249,3.25735005915199,STOP
ADANIENSOL,733,736,4165.0,3877.949951171875,1.1263119025535018,REPLACED_BY_PATANJALI
BEL,716,736,100.0,108.5999984741211,42.86248721389515,REPLACED_BY_CGPOWER
IDFCFIRSTB,732,736,52.79999923706055,49.576057755770385,89.59565485545777,STOP
FLUOROCHEM,734,737,3694.0,3750.0,1.2536469997597173,REPLACED_BY_COCHINSHIP
BANKBARODA,727,738,139.5,130.0,31.217211636681768,REPLACED_BY_PAGEIND
CCL,729,738,500.1000061035156,503.0,6.46772885777349,REPLACED_BY_ITC
ADANIPORTS,730,738,941.0,899.2516855879712,4.61728416274206,STOP
INDUSINDBK,731,738,1219.0,1153.582148683901,3.7121855415460994,STOP
SOLARINDS,734,738,3653.0,3448.548430869933,1.25966761551728,STOP
CGPOWER,736,738,262.3999938964844,245.0,17.2137516896601,STOP
VBL,737,738,235.0,217.8084156210033,19.53982315806511,STOP
COCHINSHIP,737,738,216.375,202.59371095332511,20.906894612015403,STOP
PAGEIND,738,738,52941.19921875,50511.105587904945,0.08418514404897959,STOP
ITC,738,738,332.0613098144531,323.09222896307523,8.530776995865642,STOP
PATANJALI,736,739,480.0,453.9524835221136,9.330690613824125,STOP
APOLLOTYRE,726,740,277.0,270.0,15.966782698608101,REPLACED_BY_PIDILITIND
BAJFINANCE,734,741,756.9949951171875,731.25,6.110594745436035,REPLACED_BY_MARICO
TITAN,739,741,2669.949951171875,2524.5585570710855,1.613983690965703,STOP
MAXHEALTH,739,741,419.5,389.58370156488127,10.222859132640249,STOP
PIDILITIND,740,741,1397.5,1340.8651430591176,3.0326059495797875,STOP
BAJAJFINSV,739,742,1688.5,1625.75,2.556019541122246,REPLACED_BY_KIMS
ADANIENT,703,743,2685.0,3440.0,1.582660751717567,REPLACED_BY_GRANULES
KAJARIACER,739,744,1184.0,1204.5,1.9101232578915621,REPLACED_BY_SOLARINDS
ASIANPAINT,739,744,3454.85009765625,3330.0,1.2466175973268057,REPLACED_BY_BHEL
MARICO,741,744,550.0999755859375,520.1084028402471,7.782120392834417,STOP
SUPREMEIND,742,745,2117.39990234375,2070.0,1.9877829238450366,REPLACED_BY_LEMONTREE
UBL,742,745,1699.699951171875,1705.449951171875,2.4762790432088706,REPLACED_BY_FLUOROCHEM
HINDUNILVR,739,746,2676.0,2611.89990234375,1.610920152863586,REPLACED_BY_TVSMOTOR
EICHERMOT,739,746,3543.800048828125,3531.35009765625,1.2191360190670872,REPLACED_BY_COALINDIA
KIMS,742,747,289.5899963378906,289.9100036621094,12.995015391410512,REPLACED_BY_TATACHEM
RHIM,739,747,651.5,656.0,6.577553486716123,REPLACED_BY_POONAWALLA
ESCORTS,742,749,2100.0,2050.0,2.011052398691715,REPLACED_BY_SUNTV
FLUOROCHEM,745,749,4014.89990234375,3990.0,0.9528298625162147,REPLACED_BY_RITES
LEMONTREE,745,749,92.0,84.2407305413454,46.26604517092076,STOP
BHEL,744,750,61.400001525878906,61.900001525878906,54.412666848577906,REPLACED_BY_FEDERALBNK
INDHOTEL,724,751,310.45001220703125,324.0,14.302615469001395,REPLACED_BY_ABB
GRANULES,743,751,348.0,351.0,12.273838479506093,REPLACED_BY_SUNPHARMA
SOLARINDS,744,752,4034.949951171875,3847.5,1.0529161293999645,REPLACED_BY_RKFORGE
POONAWALLA,747,753,326.6000061035156,328.0,12.098095308808794,REPLACED_BY_INDUSINDBK
ABB,751,754,3312.0,3227.0,1.253488114284679,REPLACED_BY_CGPOWER
RITES,749,754,180.0,194.64999389648438,21.22498749664767,REPLACED_BY_GRANULES
SUNTV,749,755,530.0,529.0,7.698515245780198,REPLACED_BY_BLUESTARCO
TATACHEM,747,756,1169.8499755859375,1161.9000244140625,3.551999655309413,REPLACED_BY_PAGEIND
INDUSINDBK,753,756,1207.0,1166.0,3.447312902813838,REPLACED_BY_EIDPARRY
COALINDIA,746,757,233.0,240.89999389648438,18.04582419479025,REPLACED_BY_GODFRYPHLP
CGPOWER,754,757,263.6000061035156,259.0,16.080668537165145,REPLACED_BY_INDIANB
SUNPHARMA,751,758,976.0,991.9500122070312,4.227286428379113,REPLACED_BY_BANKBARODA
CIPLA,740,758,1101.0,1147.0,3.8901479830462695,REPLACED_BY_BDL
EIDPARRY,756,759,661.0,620.9500122070312,6.0028065423111245,REPLACED_BY_UNIONBANK
RKFORGE,752,759,224.89999389648438,229.89999389648438,18.40592419622547,REPLACED_BY_BHEL
PAGEIND,756,759,53800.0,50799.89170634291,0.07721890158726544,STOP
BLUESTARCO,755,760,608.375,614.9749755859375,6.7675983663134955,REPLACED_BY_POLYCAB
TVSMOTOR,746,760,1080.0,1120.0,3.9204500912312024,REPLACED_BY_BHARTIARTL
GRANULES,754,761,357.1499938964844,369.45001220703125,11.729005251350095,REPLACED_BY_BHARATFORG
INDIANB,757,761,232.0,246.5,18.300770781843244,REPLACED_BY_AEGISLOG
BDL,758,762,482.5,479.75,8.704858070730767,REPLACED_BY_SCI
AEGISLOG,761,764,318.3999938964844,311.0,13.225389761223614,REPLACED_BY_NTPC
IDFCFIRSTB,745,764,53.849998474121094,55.04999923706055,79.22625157950499,REPLACED_BY_GRANULES
AXISBANK,750,765,807.0,869.0,5.068613580276759,REPLACED_BY_INDIANB
BANKBARODA,758,765,144.3000030517578,148.89999389648438,29.02071457415601,REPLACED_BY_LEMONTREE
POLYCAB,760,766,2784.449951171875,2754.449951171875,1.5239525737469826,REPLACED_BY_CEMPRO
GRANULES,764,767,376.5,365.0,11.223273643064125,REPLACED_BY_ZYDUSLIFE
NTPC,764,767,179.35000610351562,177.75,23.364506159977463,REPLACED_BY_SBIN
INDIANB,765,768,253.39999389648438,267.8500061035156,16.889274478673727,REPLACED_BY_ABCAPITAL
SCI,762,768,131.0,131.4499969482422,32.32810380391922,REPLACED_BY_ITC
CEMPRO,766,768,128.0,116.84196522255027,33.59313367805692,STOP
ZYDUSLIFE,767,768,451.04998779296875,430.84477401070984,9.53335470536998,STOP
LEMONTREE,765,769,93.6500015258789,90.9000015258789,45.55397299522615,REPLACED_BY_CEATLTD
BHARTIARTL,760,769,819.0,830.75,4.825389097104962,REPLACED_BY_CANBK
ITC,768,770,345.68658447265625,335.5856222825852,12.446142446107345,STOP
FEDERALBNK,750,771,125.55000305175781,136.35000610351562,25.11743629648054,REPLACED_BY_ADANIENT
UNIONBANK,759,771,51.650001525878906,64.75,81.25955270226112,REPLACED_BY_BHARTIARTL
CRAFTSMAN,769,771,3420.0,3149.649754985821,1.2663978694924958,STOP
BHEL,759,772,71.5999984741211,70.6500015258789,55.581201791253314,REPLACED_BY_INDIANB
BHARATFORG,761,772,839.9500122070312,852.0,5.039982147442908,REPLACED_BY_BANKBARODA
COCHINSHIP,760,773,281.0,331.0,15.098881628183454,REPLACED_BY_NCC
ABCAPITAL,768,773,129.9499969482422,123.93112659015434,33.09982973598206,STOP
SUPREMEIND,769,773,2430.0,2281.8974931381663,1.7468467003916597,STOP
SBIN,767,774,621.0,601.0,6.923001770282177,REPLACED_BY_ENGINERSIN
ADANIENT,771,776,4025.050048828125,4001.85009765625,1.0659783784033527,REPLACED_BY_HINDZINC
ENGINERSIN,774,776,81.4000015258789,76.08314044180673,52.79523450291128,STOP
HINDZINC,776,777,324.3500061035156,304.1000061035156,12.952854212163,STOP
CEATLTD,769,778,1746.0,1716.0,2.4827133820836527,REPLACED_BY_AEGISLOG
GODFRYPHLP,757,779,483.6666564941406,587.6666870117188,8.76813619904055,REPLACED_BY_BANKINDIA
BHARTIARTL,771,780,822.6500244140625,840.25,5.17245804565742,REPLACED_BY_ABCAPITAL
PNB,778,781,50.54999923706055,53.45000076293945,84.02823053642157,REPLACED_BY_APOLLOTYRE
EXIDEIND,772,781,181.9499969482422,185.6999969482422,23.583250935545003,REPLACED_BY_LTF
AEGISLOG,778,782,331.20001220703125,317.0,11.857219258276949,REPLACED_BY_BRITANNIA
IIFL,777,783,465.0,470.0,8.99892046952417,REPLACED_BY_JSWSTEEL
INDIANB,772,783,271.1499938964844,268.6000061035156,15.848537434729502,REPLACED_BY_SUPREMEIND
ARE&M,774,784,638.2000122070312,646.0,6.719620448376765,REPLACED_BY_BHEL
NCC,773,784,78.9000015258789,79.94999694824219,53.75300206590896,REPLACED_BY_JKCEMENT
CANBK,769,785,62.79999923706055,64.0,53.599944933100545,REPLACED_BY_INDIANB
CUMMINSIND,774,786,1374.0999755859375,1446.4000244140625,3.0856963702818545,REPLACED_BY_PNB
SUPREMEIND,783,787,2447.949951171875,2454.35009765625,1.7511210931629526,REPLACED_BY_JSL
JKCEMENT,784,787,3201.949951171875,3177.199951171875,1.3429317296844427,REPLACED_BY_CEMPRO
APOLLOTYRE,781,788,314.29998779296875,316.25,13.615688500770437,REPLACED_BY_CUMMINSIND
BANKINDIA,779,788,82.05000305175781,93.5999984741211,52.203133315187415,REPLACED_BY_AXISBANK
JSWSTEEL,783,789,747.1500244140625,748.4500122070312,5.736252166426208,REPLACED_BY_PFC
ABCAPITAL,780,789,136.39999389648438,161.60000610351562,31.506748147259234,REPLACED_BY_LT
BHEL,784,790,85.1500015258789,85.8499984741211,50.78312582859212,REPLACED_BY_IIFL
INDIANB,785,790,282.8999938964844,273.45001220703125,14.089428634968066,REPLACED_BY_ABCAPITAL
JSL,787,791,204.0,214.75,22.379969850795497,REPLACED_BY_UBL
JINDALSTEL,771,791,514.0,555.0,8.324503167018197,REPLACED_BY_REDINGTON
LTF,781,792,88.75,92.5,47.9732502580062,REPLACED_BY_AEGISLOG
REDINGTON,791,792,200.64999389648438,186.2879759421379,22.43432055771523,STOP
CUMMINSIND,788,793,1466.0,1490.0,3.019007518781142,REPLACED_BY_BHARATFORG
ABCAPITAL,790,793,153.5,155.10000610351562,28.204919682076,REPLACED_BY_IDFCFIRSTB
CEMPRO,787,795,134.35000610351562,132.64999389648438,30.0175201855378,REPLACED_BY_APOLLOTYRE
BHARATFORG,793,795,910.0999755859375,865.2778690340652,4.913693021927308,STOP
PNB,786,796,55.150001525878906,55.95000076293945,79.6080755911709,REPLACED_BY_HINDUNILVR
UBL,791,797,1777.0,1733.0,2.510750129020268,REPLACED_BY_GODFRYPHLP
BANKBARODA,772,797,164.25,184.64999389648438,21.824714503409893,REPLACED_BY_GESHIP
PFC,789,797,116.44000244140625,110.50288928002843,38.61902136801583,STOP
IDFCFIRSTB,793,797,63.0,59.63890129491284,71.20936570987277,STOP
SUPREMEIND,793,798,2570.0,2427.300048828125,1.7400629230544749,REPLACED_BY_NESTLEIND
AEGISLOG,792,798,362.5,335.08753009454585,12.362800324465896,STOP
GODFRYPHLP,797,798,678.6666870117188,623.2828972128627,6.45269101079293,STOP
LT,789,799,2168.0,2090.6574229939797,2.0602037680592598,STOP
IIFL,790,799,489.5,454.96437897940206,8.989615610720886,STOP
HINDUNILVR,796,799,2706.0,2626.0717925944987,1.5952634277086786,STOP
GESHIP,797,799,729.0,673.4423559630128,5.455049946517907,STOP
RKFORGE,798,799,262.0,240.10217500787172,16.440273032754718,STOP
APOLLOTYRE,795,800,323.8500061035156,305.86043109527816,12.678030340499422,STOP
NESTLEIND,798,802,1019.75,989.5,4.01978463648472,REPLACED_BY_RBLBANK
ZYDUSLIFE,800,803,421.0,415.25,9.790509837159147,REPLACED_BY_CRAFTSMAN
ICICIGI,801,804,1239.0,1241.949951171875,3.1203326274882213,REPLACED_BY_CANBK
LUPIN,800,804,760.5499877929688,745.0,5.437662590082498,REPLACED_BY_BANKBARODA
COHANCE,800,805,510.0,494.0,8.295436480813592,REPLACED_BY_CIEINDIA
BRITANNIA,782,805,4297.9501953125,4379.9501953125,0.9900827695874564,REPLACED_BY_JSWSTEEL
SUPREMEIND,800,806,2319.300048828125,2422.60009765625,1.5527926988488667,REPLACED_BY_PFC
HINDZINC,799,806,312.25,329.45001220703125,12.646208037680601,REPLACED_BY_NMDC
JSWSTEEL,805,807,771.9000244140625,736.6614611920312,5.351196143082213,STOP
NMDC,806,809,42.150001525878906,40.666664123535156,84.73605101437445,REPLACED_BY_APARINDS
BANKBARODA,804,810,186.89999389648438,184.3000030517578,19.651307529024393,REPLACED_BY_GODREJCP
CIEINDIA,805,811,346.79998779296875,345.0,12.337384891459298,REPLACED_BY_ZYDUSLIFE
CANBK,804,812,64.69000244140625,63.7400016784668,65.38541838801949,REPLACED_BY_MRF
APARINDS,809,812,1850.0,1826.050048828125,1.8570866008919982,REPLACED_BY_HDFCLIFE
SOLARINDS,800,813,3980.0,4354.39990234375,1.0194480830488843,REPLACED_BY_IOC
RBLBANK,802,813,166.3000030517578,181.9499969482422,23.846433954433508,REPLACED_BY_TATACOMM
MRF,812,813,94261.0,90513.98896079796,0.045435433850635025,STOP
CRAFTSMAN,803,814,3290.0,3463.300048828125,1.2320154862130863,REPLACED_BY_JSWSTEEL
AXISBANK,788,814,915.6500244140625,935.5,4.821532952874155,REPLACED_BY_CIEINDIA
TATACOMM,813,816,1430.0,1370.050048828125,2.9966000272949116,REPLACED_BY_LTF
ZYDUSLIFE,811,816,443.5,439.0,9.568540517008316,REPLACED_BY_ULTRACEMCO
PFC,806,817,120.72000122070312,120.23999786376953,35.89062101102525,REPLACED_BY_LT
HDFCLIFE,812,817,600.0,610.0,5.422279817045184,REPLACED_BY_HINDCOPPER
ABBOTINDIA,796,818,20800.0,21960.0,0.20975580067180358,REPLACED_BY_HINDALCO
CIEINDIA,814,818,357.0,375.0,11.806960667265487,REPLACED_BY_CGPOWER
RECLTD,799,819,112.0,123.94999694824219,37.421758773336585,REPLACED_BY_CIEINDIA
INDIGO,814,820,2100.60009765625,2110.0,2.0015267515958572,REPLACED_BY_RECLTD
JSWSTEEL,814,820,765.0,730.0782527468411,5.518781739222892,STOP
ULTRACEMCO,816,820,7280.0,7027.905993603141,0.5796996279908813,STOP
GODREJCP,810,821,919.1500244140625,928.0,3.9285067801216043,REPLACED_BY_OIL
LTF,816,821,95.30000305175781,89.16648130767922,44.38281475415515,STOP
CIEINDIA,819,821,382.79998779296875,355.1337608685504,11.221528788677745,STOP
HINDALCO,818,822,493.1499938964844,484.1000061035156,8.455780313656186,REPLACED_BY_HCLTECH
JINDALSTEL,798,823,548.75,596.0,7.823841204695198,REPLACED_BY_INDIGO
HINDCOPPER,817,823,128.75,127.44999694824219,28.122752875423203,REPLACED_BY_PERSISTENT
IOC,813,823,83.75,80.32917857418222,50.831014165885925,STOP
LT,817,823,2221.0,2130.106620345044,1.9045975308739314,STOP
CGPOWER,818,823,308.3999938964844,289.8311387121314,13.792231969490029,STOP
RECLTD,820,823,124.94999694824219,118.45808679906533,34.02978418984386,STOP
ENGINERSIN,821,823,89.0,83.12781279541689,47.022325266102,STOP
SAIL,821,823,92.94999694824219,87.83740000573418,44.901018865954455,STOP
OIL,821,823,160.93333435058594,152.5701534359905,26.11045989095092,STOP
HDFCBANK,822,823,845.7000122070312,816.0,4.8625902183503875,STOP
JSL,822,823,253.1999969482422,237.0961553025608,16.04304596913243,STOP
HINDZINC,808,825,334.54998779296875,330.0,11.747755988356738,REPLACED_BY_AEGISLOG
PETRONET,824,825,226.9499969482422,216.9529844380532,17.65138554402917,STOP
SUNPHARMA,824,826,1041.949951171875,1007.1666700827731,3.8156698966527984,STOP
BAJAJ-AUTO,824,826,3940.0,3788.8669899100473,1.0113088368129886,STOP
MFSL,824,826,832.5,794.5903253574186,4.749785260490046,STOP
TMPV,824,828,445.6000061035156,447.0,8.934627488309907,REPLACED_BY_ARE&M
AEGISLOG,825,828,370.0,361.8999938964844,10.44634220815665,REPLACED_BY_APLAPOLLO
INDIGO,823,829,2109.0,2180.0,1.9370177550179624,REPLACED_BY_CYIENT
TATASTEEL,824,830,120.44999694824219,112.5999984741211,32.99850818874269,REPLACED_BY_BALKRISIND
ARE&M,828,831,614.0499877929688,588.4500122070312,6.476221036428514,MQS_LT_50
COFORGE,824,831,862.0,868.8200073242188,4.635744427668577,REPLACED_BY_M&MFIN
ITC,827,832,348.1901550292969,360.13031005859375,11.26820051234428,REPLACED_BY_ZYDUSLIFE
PERSISTENT,823,833,2296.0,2410.0,1.7786916411718054,REPLACED_BY_CANFINHOME
HCLTECH,822,834,1134.8499755859375,1121.25,3.39205479141602,REPLACED_BY_CGPOWER
POLYCAB,826,834,2949.0,2988.0,1.2946929189410092,REPLACED_BY_ALKEM
BALKRISIND,830,834,2295.0,2081.0,1.7079326747605164,STOP
SUPREMEIND,824,836,2545.5,2550.0,1.5680774099095347,REPLACED_BY_ITC
M&MFIN,831,837,266.70001220703125,263.0,14.489162264765692,REPLACED_BY_CUMMINSIND
CARBORUNIV,827,837,969.0,980.0,4.0202031678195205,REPLACED_BY_SIEMENS
CANFINHOME,833,838,599.0,583.0999755859375,6.680065018185597,REPLACED_BY_PERSISTENT
ALKEM,834,839,3297.949951171875,3260.0,1.2102387493468414,REPLACED_BY_SHREECEM
BRITANNIA,824,840,4396.5,4454.9501953125,0.8777995525580602,REPLACED_BY_TVSMOTOR
KPITTECH,827,841,742.5999755859375,814.0,4.841792681117162,REPLACED_BY_BOSCHLTD
CGPOWER,834,842,328.79998779296875,315.70001220703125,12.23060486936371,REPLACED_BY_DALBHARAT
LT,835,843,2215.0,2160.0,1.599801915335741,REPLACED_BY_POLYCAB
ACE,831,843,361.0,371.79998779296875,10.944098736235556,REPLACED_BY_SUPREMEIND
BOSCHLTD,841,843,18344.30078125,17717.11073356294,0.21337331070670854,STOP
SHREECEM,839,844,25600.0,25350.0,0.15342786217637608,REPLACED_BY_ALKEM
APLAPOLLO,828,844,1193.0,1227.199951171875,3.163703456222201,REPLACED_BY_JINDALSAW
TVSMOTOR,840,844,1134.0,1067.0626830376084,3.443250302628228,STOP
JINDALSAW,844,844,78.7750015258789,72.51662917803344,47.772885285851714,STOP
ALKEM,844,845,3297.0,3161.3816743896978,1.1736022061892406,STOP
DALBHARAT,842,846,1915.0,1843.0999755859375,2.0182062417511974,REPLACED_BY_PETRONET
PERSISTENT,838,846,2453.02490234375,2400.0,1.583138357039092,REPLACED_BY_BAJAJHLDNG
CYIENT,829,847,901.0,955.1500244140625,4.433791194246532,REPLACED_BY_JSL
SIEMENS,837,848,1905.9580078125,1851.9833984375,2.014429017498635,REPLACED_BY_GAIL
ITC,836,848,367.5928955078125,363.01904296875,10.626939609220248,REPLACED_BY_INDIAMART
BAJAJHLDNG,846,849,6380.0,6169.7001953125,0.5674455972164666,REPLACED_BY_PFC
SUPREMEIND,843,849,2708.800048828125,2700.699951171875,1.310796064526492,REPLACED_BY_ABCAPITAL
INDIAMART,848,851,2457.97509765625,2475.0,1.540626990472051,REPLACED_BY_OIL
ZYDUSLIFE,832,852,469.70001220703125,469.0,8.419171778117665,REPLACED_BY_SIEMENS
POLYCAB,843,852,3097.5,2921.840553531903,1.2756621521418168,STOP
ABCAPITAL,849,853,155.4499969482422,153.0,22.783726124932876,REPLACED_BY_MAXHEALTH
RADICO,845,854,1180.0,1154.1500244140625,2.8087227820579552,REPLACED_BY_MGL
OIL,851,854,177.03334045410156,170.0,21.474089396360082,REPLACED_BY_TORNTPOWER
LINDEINDIA,844,854,3886.60009765625,3663.913013232674,0.999580887225036,STOP
KPIL,853,856,585.0,543.5443031065171,6.729013615495766,STOP
PFC,849,857,125.0,127.27999877929688,30.528897076556717,REPLACED_BY_POWERGRID
ABB,846,858,3232.0,3300.0,1.1735702191157609,REPLACED_BY_BPCL
TORNTPOWER,854,859,531.0,531.3499755859375,5.6900271941430605,REPLACED_BY_INDIAMART
JSL,847,859,272.8999938964844,288.3500061035156,14.015276664587736,REPLACED_BY_GODREJCP
POWERGRID,857,859,175.46249389648438,167.49265112674087,20.889327665939657,STOP
GAIL,848,860,104.6500015258789,105.5,36.67940550595009,REPLACED_BY_GLENMARK
CUMMINSIND,837,861,1639.9000244140625,1610.0,2.4196884876361264,REPLACED_BY_NCC
NTPC,845,861,172.8000030517578,174.0500030517578,22.00703796820889,REPLACED_BY_SRF
NH,855,862,800.1500244140625,774.9000244140625,4.563402653032802,REPLACED_BY_AEGISLOG
PETRONET,846,863,222.9499969482422,224.0,16.966013063591987,REPLACED_BY_KEI
GLENMARK,860,863,436.0,424.0,8.22627886841951,REPLACED_BY_KPITTECH
BAJAJ-AUTO,860,864,3921.75,3821.0,0.9586934953373948,REPLACED_BY_AIAENG
MAXHEALTH,853,864,460.04998779296875,459.3999938964844,7.197304960163904,REPLACED_BY_ANURAS
BPCL,858,864,177.4250030517578,168.19615662485776,21.504905669771503,STOP
AEGISLOG,862,865,391.04998779296875,377.6499938964844,9.420041774083264,REPLACED_BY_DRREDDY
SRF,861,866,2381.10009765625,2411.10009765625,1.5644279405379988,REPLACED_BY_ABB
GODREJCP,859,867,961.1500244140625,970.0,3.463818257331975,REPLACED_BY_ALKEM
MGL,854,867,992.75,942.517200831158,3.8783503858976958,STOP
KPITTECH,863,867,891.5,822.3881947519171,4.132254327759921,STOP
NCC,861,869,104.3499984741211,105.94999694824219,35.5128120039834,REPLACED_BY_ABBOTINDIA
INDIAMART,859,870,2454.97509765625,2500.175048828125,1.5315684421685345,REPLACED_BY_IGL
ANURAS,864,870,825.0499877929688,944.0,3.9886797321433343,REPLACED_BY_LINDEINDIA
AIAENG,864,871,2890.949951171875,2909.800048828125,1.2652837596945703,REPLACED_BY_TMPV
KEI,863,871,1669.9000244140625,1719.9000244140625,2.2136246648400206,REPLACED_BY_CYIENT
ABB,866,872,3391.0,3293.89990234375,1.0918751117742092,REPLACED_BY_BAJAJ-AUTO
BOSCHLTD,865,872,18532.19921875,18640.0,0.1974366686725789,REPLACED_BY_ITC
SIEMENS,852,873,1913.6182861328125,1960.5489501953125,2.0279670597644386,REPLACED_BY_INDIAMART
ACE,868,874,414.70001220703125,402.1000061035156,8.945660189369415,REPLACED_BY_DLF
GLENMARK,868,875,477.0,488.20001220703125,6.966109525262079,REPLACED_BY_TVSMOTOR
ALKEM,867,875,3410.0,3345.550048828125,0.9994087750872924,REPLACED_BY_VBL
ABBOTINDIA,869,876,22800.25,22679.94921875,0.16209321705966945,REPLACED_BY_NAVINFLUOR
LINDEINDIA,870,877,4165.0,4142.7001953125,0.8984418279015122,REPLACED_BY_GLENMARK
TVSMOTOR,875,878,1172.6500244140625,1117.155875297468,3.1796282890566174,STOP
INDIAMART,873,879,2687.47509765625,2625.0,1.3955255558434232,REPLACED_BY_AUROPHARMA
IGL,870,880,234.6750030517578,242.75,16.116971226485184,REPLACED_BY_KEI
DLF,874,880,415.70001220703125,410.04998779296875,8.992699073985543,REPLACED_BY_KIRLOSENG
TMPV,871,881,463.75,473.0,8.038988178159297,REPLACED_BY_NCC
DRREDDY,865,881,909.8900146484375,962.0,3.8401280824409056,REPLACED_BY_ACE
KIRLOSENG,880,882,418.0,410.79998779296875,8.985446464812343,INELIGIBLE
CYIENT,871,883,1077.8499755859375,1170.0,3.450944754052005,REPLACED_BY_CHOLAFIN
ZYDUSLIFE,857,884,483.5,519.9000244140625,7.973827630817065,REPLACED_BY_NESTLEIND
ACE,881,884,431.0,419.8500061035156,8.722065998161684,REPLACED_BY_BAJAJHLDNG
VBL,875,885,291.989990234375,285.6000061035156,10.470294430382612,REPLACED_BY_SYNGENE
MINDACORP,879,885,266.0,283.04998779296875,14.002021317658206,REPLACED_BY_PFC
KEI,880,886,1799.0,1836.1500244140625,2.08962700666557,REPLACED_BY_M&MFIN
NAVINFLUOR,876,886,4618.9501953125,4805.0,0.7935252594758407,REPLACED_BY_INDIAMART
NESTLEIND,884,887,1090.0,1089.99755859375,3.520595879484529,REPLACED_BY_ABCAPITAL
BAJAJ-AUTO,872,887,4177.39990234375,4463.10009765625,0.885656263203014,REPLACED_BY_SIEMENS
BAJAJHLDNG,884,888,6880.0,6815.0,0.5593870370316585,REPLACED_BY_ABB
AUROPHARMA,879,888,590.0499877929688,599.1500244140625,5.879575706070433,REPLACED_BY_CANFINHOME
PFC,885,889,139.16000366210938,137.1199951171875,24.563140016245168,REPLACED_BY_APOLLOTYRE
NCC,881,889,118.1500015258789,119.05000305175781,31.660879324243133,REPLACED_BY_INDHOTEL
OFSS,882,890,3500.0,3453.949951171875,1.0618111734344386,REPLACED_BY_ALKEM
ABCAPITAL,887,891,173.25,172.39999389648438,22.400988573271853,REPLACED_BY_MGL
ITC,872,891,382.9995422363281,411.4055480957031,9.600713108712945,REPLACED_BY_VBL
CANFINHOME,888,892,642.2000122070312,643.9500122070312,5.333468522421746,REPLACED_BY_POWERINDIA
ALKEM,890,892,3622.550048828125,3481.818117173066,1.0093599128167543,STOP
M&MFIN,886,893,272.5,282.0,14.072778977556467,REPLACED_BY_ELECON
INDHOTEL,889,893,371.95001220703125,353.24257874301276,8.567587395021695,STOP
MGL,891,893,1100.0,1043.9268364598624,3.5107000906687302,STOP
VBL,891,894,324.0,313.2799987792969,12.013941290868676,REPLACED_BY_CANFINHOME
APOLLOTYRE,889,894,377.45001220703125,363.0,10.409938136513585,REPLACED_BY_IDFCFIRSTB
INDIAMART,886,895,2867.550048828125,2925.0,1.322386816212472,REPLACED_BY_CEMPRO
SYNGENE,885,895,692.2000122070312,691.0999755859375,5.51060495692243,REPLACED_BY_RAINBOW
ELECON,893,896,260.0,271.0,13.60441292101872,REPLACED_BY_CYIENT
DLF,894,897,474.70001220703125,460.8999938964844,8.22733313117096,REPLACED_BY_MAXHEALTH
CEMPRO,895,898,140.39999389648438,150.4499969482422,27.49809872624031,REPLACED_BY_CARBORUNIV
RAINBOW,895,898,919.2000122070312,895.9500122070312,4.126014856001894,REPLACED_BY_AUBANK
SIEMENS,887,898,2107.298828125,2025.4017775353557,1.8440225510937798,STOP
POWERINDIA,892,899,3819.85009765625,3948.949951171875,0.9053310484971718,REPLACED_BY_ANURAS
IDFCFIRSTB,894,900,67.05000305175781,66.0,37.85090046398428,REPLACED_BY_IOC
CANFINHOME,894,900,663.4500122070312,672.7999877929688,5.845095809683226,REPLACED_BY_RAINBOW
CARBORUNIV,898,901,1200.8499755859375,1174.0,3.240217218819141,REPLACED_BY_ENGINERSIN
CYIENT,896,901,1270.0,1320.449951171875,2.894292976082081,REPLACED_BY_CIEINDIA
HAL,894,902,1519.3499755859375,1514.9000244140625,2.5470767806457886,REPLACED_BY_INDIGO
ANURAS,899,902,1212.1500244140625,1198.0,2.8387821933782935,REPLACED_BY_CGPOWER
GLENMARK,877,903,512.0,591.4000244140625,7.247706902967087,REPLACED_BY_BALKRISIND
TMPV,893,903,523.8499755859375,525.0,7.4894892719225945,REPLACED_BY_BAJAJHLDNG
CIEINDIA,901,904,470.04998779296875,460.0,7.9691721472985195,REPLACED_BY_IDFCFIRSTB
MAXHEALTH,897,904,534.25,539.7999877929688,7.076497697545638,REPLACED_BY_TVSMOTOR
AUBANK,898,905,753.7999877929688,773.0,5.162081454232505,REPLACED_BY_CEMPRO
CHOLAFIN,883,905,860.9500122070312,1046.5,4.441320052965787,REPLACED_BY_RECLTD
IOC,900,906,89.0999984741211,90.5,43.67291522726772,REPLACED_BY_INDHOTEL
BAJAJHLDNG,903,907,7094.9501953125,7035.0,0.5425257308021901,REPLACED_BY_CANFINHOME
TVSMOTOR,904,907,1299.050048828125,1286.9000244140625,2.990475641593831,REPLACED_BY_OLECTRA
RAINBOW,900,908,912.7999877929688,941.9000244140625,2.7609770477065734,REPLACED_BY_TITAGARH
ITC,904,908,424.6456298828125,428.4972839355469,8.988468820278582,REPLACED_BY_ANANTRAJ
ENGINERSIN,901,909,108.44999694824219,109.5999984741211,35.56506947299483,REPLACED_BY_GRAVITA
ABB,888,909,3728.449951171875,4045.0,1.0427510445608266,REPLACED_BY_PFC
GRAVITA,909,909,632.0,587.9573875278485,6.233886858178128,STOP
CGPOWER,902,910,375.1000061035156,376.6499938964844,9.00991393732172,REPLACED_BY_TMPV
CANFINHOME,907,910,728.0,723.2999877929688,5.346729512551591,REPLACED_BY_USHAMART
INDHOTEL,906,911,389.70001220703125,396.0,10.095652969592301,REPLACED_BY_GLENMARK
INDIGO,902,911,2305.64990234375,2432.0,1.6733083818628314,REPLACED_BY_HAL
IDFCFIRSTB,904,912,70.19999694824219,72.3499984741211,55.41012545137332,REPLACED_BY_ASTRAL
CEMPRO,905,912,155.0,165.60000610351562,25.211878589395052,REPLACED_BY_HEGAM
CRAFTSMAN,910,913,3922.050048828125,3876.800048828125,0.9927958115073866,REPLACED_BY_ETERNAL
GLENMARK,911,914,664.9500122070312,638.5499877929688,5.960467238594279,REPLACED_BY_PRESTIGE
RAMCOCEM,899,914,877.0,938.9500122070312,4.418700753495267,REPLACED_BY_KPITTECH
KPITTECH,914,914,1146.9000244140625,1073.3652886805226,3.529580521823925,STOP
USHAMART,910,915,249.10000610351562,289.3999938964844,13.223061478132841,REPLACED_BY_PAYTM
OLECTRA,907,915,767.6500244140625,917.9500122070312,5.11020437113921,REPLACED_BY_NH
ETERNAL,913,916,78.30000305175781,74.5,51.33254950297596,REPLACED_BY_LTF
ANANTRAJ,908,917,156.64999389648438,166.5500030517578,21.3462628766773,REPLACED_BY_DALBHARAT
PRESTIGE,914,917,565.0,570.9000244140625,7.1718636946705505,REPLACED_BY_LTFOODS
TMPV,910,918,558.7999877929688,570.6500244140625,7.026653977562642,REPLACED_BY_ACUTAAS
HEGAM,912,918,273.9700012207031,317.8399963378906,14.378736270258178,REPLACED_BY_BEL
NH,915,919,955.0,1008.0,4.251778999375034,REPLACED_BY_CHOLAHLDNG
PFC,909,919,155.52000427246094,158.1999969482422,25.276376377753174,REPLACED_BY_AUROPHARMA
PAYTM,915,920,836.0,895.75,4.876087498349336,REPLACED_BY_HDFCLIFE
DALBHARAT,917,920,2260.0,2250.0,1.8479030624753938,REPLACED_BY_ENGINERSIN
CHOLAHLDNG,919,921,934.0499877929688,909.0,4.482640832939257,INELIGIBLE
ACUTAAS,918,921,662.4249877929688,640.4749755859375,6.351409958810627,REPLACED_BY_CREDITACC
TITAGARH,908,921,380.8999938964844,474.8999938964844,10.353005265553616,REPLACED_BY_ANGELONE
ASTRAL,912,922,1956.949951171875,1962.1500244140625,2.010989817564426,REPLACED_BY_EXIDEIND
RECLTD,905,922,140.4499969482422,160.0,27.76270568921585,REPLACED_BY_PNBHOUSING
BEL,918,922,126.3499984741211,119.85666193265708,33.37407291135886,STOP
ENGINERSIN,920,922,121.0,112.39929520239087,35.01263185652681,STOP
LTFOODS,917,923,135.5,129.60000610351562,25.464663057821674,REPLACED_BY_FORCEMOT
HAL,911,923,1759.0250244140625,1821.5,2.266072834085683,REPLACED_BY_ENDURANCE
PFC,921,923,167.16000366210938,158.67451060721672,25.20171400781635,STOP
IDFCFIRSTB,915,924,75.25,78.0999984741211,54.318178372107745,REPLACED_BY_MUTHOOTFIN
CREDITACC,921,924,1320.0,1339.6500244140625,3.202871546285075,REPLACED_BY_APARINDS
EXIDEIND,922,925,229.75,233.0,18.010849342977867,REPLACED_BY_INDIGO
ENDURANCE,923,926,1567.0,1590.0,2.1666868507374706,REPLACED_BY_GLENMARK
FORCEMOT,923,926,2357.89990234375,2715.0,1.7690929086581,REPLACED_BY_TORNTPHARM
PNBHOUSING,922,926,615.0,573.8743357759386,6.766963319074265,STOP
HDFCLIFE,920,927,645.0,651.0,6.56792794236556,REPLACED_BY_GODREJPROP
JBMA,924,927,534.5999755859375,672.5250244140625,7.746317069837715,REPLACED_BY_CHOLAFIN
AUROPHARMA,919,928,676.9000244140625,717.4000244140625,6.184662745684015,REPLACED_BY_ANANTRAJ
TORNTPHARM,926,928,1937.0,1880.927416838324,2.0533227478290197,STOP
MUTHOOTFIN,924,929,1241.949951171875,1242.1500244140625,3.3350939653690865,REPLACED_BY_LODHA
TRENT,923,930,1726.8499755859375,1731.699951171875,2.3819347787842235,REPLACED_BY_ABREL
LUPIN,923,930,858.0499877929688,899.9500122070312,4.7873210374115205,REPLACED_BY_HEROMOTOCO
LTF,916,931,112.4000015258789,130.9499969482422,34.56666339890824,REPLACED_BY_AUROPHARMA
ANANTRAJ,928,932,186.25,178.85000610351562,23.397002085792042,REPLACED_BY_TMPV
CANFINHOME,929,932,801.9500122070312,774.0499877929688,5.412409395920323,REPLACED_BY_M&M
GODREJPROP,927,933,1574.9000244140625,1577.0,2.7557170565672973,REPLACED_BY_EXIDEIND
LODHA,929,933,705.0,675.5499877929688,5.711907534911849,REPLACED_BY_WELCORP
M&MFIN,927,934,336.95001220703125,327.3999938964844,12.846497625201017,REPLACED_BY_FORTIS
APARINDS,924,934,3350.89990234375,3395.89990234375,1.2319299387707385,REPLACED_BY_PFC
HEROMOTOCO,930,935,3139.0,3078.85009765625,1.3031068964792656,REPLACED_BY_USHAMART
ABREL,930,935,928.0,898.0,4.65240503506912,REPLACED_BY_NLCINDIA
AUROPHARMA,931,935,750.9500122070312,724.1361031049066,5.6843967129780255,STOP
CHOLAFIN,927,936,1146.550048828125,1167.050048828125,3.784767322956638,REPLACED_BY_MOTHERSON
ANGELONE,921,936,162.4949951171875,174.5,25.94572658653117,REPLACED_BY_ENGINERSIN
WELCORP,933,937,309.79998779296875,304.45001220703125,12.642431902199533,REPLACED_BY_KIMS
INDIGO,925,937,2544.0,2650.0,1.6594024038109505,REPLACED_BY_ABREL
M&M,932,938,1567.0,1536.0,2.7229276511118594,REPLACED_BY_BSOFT
PFC,934,938,182.16000366210938,178.72000122070312,22.691765386197773,REPLACED_BY_CEMPRO
ETERNAL,936,938,84.0,77.15202261073583,51.32666400373921,STOP
FORTIS,934,939,332.0,327.0,12.743347201773693,MQS_LT_50
TMPV,932,939,624.0,614.0,6.933276943705252,REPLACED_BY_ANANTRAJ
EXIDEIND,933,939,253.14999389648438,248.60000610351562,16.84077917289257,REPLACED_BY_RELIANCE
KIMS,937,940,386.75,386.0,11.036276790594876,REPLACED_BY_ZENSARTECH
CEMPRO,938,941,181.0,175.0,21.873864366740012,REPLACED_BY_HDFCAMC
ABREL,937,942,935.0499877929688,954.0,4.440727913484598,REPLACED_BY_UNITDSPR
RELIANCE,939,942,1306.0445556640625,1240.5,2.879228972628081,REPLACED_BY_AUROPHARMA
UNITDSPR,942,942,1049.0,996.5754000983421,4.161825572302813,STOP
KEI,939,943,2449.449951171875,2636.14990234375,1.7364415502071624,REPLACED_BY_KEC
ANANTRAJ,939,943,193.5500030517578,193.0,21.942306075643994,REPLACED_BY_PNBHOUSING
CANFINHOME,943,943,909.7999877929688,844.6437167735503,4.865889048229834,STOP
BSOFT,938,944,385.0,379.3500061035156,11.049462614543208,REPLACED_BY_SUPREMEIND
NLCINDIA,935,944,116.0999984741211,118.6500015258789,33.93391308844337,REPLACED_BY_SONACOMS
ENGINERSIN,936,945,124.0,148.0,34.329142165083006,REPLACED_BY_KIRLOSBROS
MOTHERSON,936,945,63.900001525878906,66.46666717529297,66.58156354022282,REPLACED_BY_TMPV
PNBHOUSING,943,945,694.0,648.2100655936397,5.969285016047763,STOP
LTFOODS,939,946,148.3000030517578,160.60000610351562,28.72812711113573,REPLACED_BY_LUPIN
USHAMART,935,946,299.45001220703125,326.8999938964844,14.111437952456056,REPLACED_BY_PFC
SUPREMEIND,944,946,3760.85009765625,3540.3260589762776,1.158470053241632,STOP
SONACOMS,944,946,596.7999877929688,567.1449464370806,6.044151284365978,STOP
KEC,943,947,640.25,634.75,6.796512362771283,REPLACED_BY_COLPAL
ALKEM,944,947,3936.64990234375,3985.0,1.099133930990806,REPLACED_BY_GODREJPROP
TMPV,945,948,647.0,645.0,6.766006426350841,REPLACED_BY_HEGAM
HDFCAMC,941,948,1259.5,1270.0,3.0301386941289,REPLACED_BY_HBLENGINE
AUROPHARMA,942,949,776.5999755859375,814.4500122070312,4.402515738130223,REPLACED_BY_NTPC
RECLTD,946,949,189.8000030517578,199.0,22.90597316938269,REPLACED_BY_BSE
GODREJPROP,947,949,1762.5,1669.3244042333436,2.2976208941580287,STOP
ZENSARTECH,940,950,458.04998779296875,479.0,9.27244206339032,REPLACED_BY_GPIL
HEGAM,948,951,363.4200134277344,351.6000061035156,11.959715902978393,REPLACED_BY_BSOFT
ESCORTS,947,951,2540.0,2569.0,1.6889203632286955,REPLACED_BY_ELECON
TATACOMM,947,952,1779.949951171875,1693.300048828125,2.418115442857108,REPLACED_BY_ALKEM
COLPAL,947,953,2038.050048828125,1995.050048828125,2.090732292150397,REPLACED_BY_RKFORGE
KIRLOSBROS,945,953,774.7999877929688,876.5,5.70260489781643,REPLACED_BY_POONAWALLA
NTPC,949,953,225.0500030517578,216.12022203150107,19.211423455211303,STOP
HBLENGINE,948,954,193.5,225.0,19.851938097436857,REPLACED_BY_SUPREMEIND
GPIL,950,954,577.0,563.5,6.854839338878871,REPLACED_BY_CEMPRO
AJANTPHARM,950,955,1698.0,1749.300048828125,2.530587954998892,REPLACED_BY_NATCOPHARM
GLENMARK,926,956,678.0,814.7000122070312,6.329787195667532,REPLACED_BY_FORCEMOT
RKFORGE,953,956,591.0,572.8499755859375,7.464148797362187,REPLACED_BY_NAVA
ALKEM,952,956,4149.0,3937.0018423166803,0.9839309738611633,STOP
CEMPRO,954,957,192.8000030517578,201.89999389648438,21.17414199413961,REPLACED_BY_COFORGE
NATCOPHARM,955,957,916.0,842.2612060060101,4.818228439865924,STOP
POONAWALLA,953,958,436.6000061035156,431.0,10.10657617880396,REPLACED_BY_MOTILALOFS
BSOFT,951,958,435.0,450.0,9.88396688240175,REPLACED_BY_GRAVITA
FORCEMOT,956,959,3344.10009765625,3385.0,1.4406992634017075,REPLACED_BY_POLYCAB
BSE,949,959,282.0,279.95001220703125,13.460963084798895,REPLACED_BY_RECLTD
COFORGE,957,959,1053.5799560546875,1005.2553668587749,3.6597401716315385,STOP
SUPREMEIND,954,960,3765.0,4348.0498046875,1.1403953955736876,REPLACED_BY_BSOFT
NAVA,956,960,203.22500610351562,192.5,22.06761474579059,REPLACED_BY_RKFORGE
LUPIN,946,961,985.0,1066.0,4.4002286688380225,REPLACED_BY_BHARATFORG
MOTILALOFS,958,961,945.0,907.4000244140625,4.6313087181871255,REPLACED_BY_ACE
MANAPPURAM,957,962,147.75,147.0,29.580265592537135,REPLACED_BY_GMRAIRPORT
GRAVITA,958,963,752.2000122070312,743.5,5.4209045367733495,REPLACED_BY_IDFCFIRSTB
ACE,961,964,797.8499755859375,784.9000244140625,5.465324099139966,REPLACED_BY_JSL
ELECON,951,964,411.5,425.5249938964844,10.252135542703149,REPLACED_BY_BSE
PFC,946,965,203.44000244140625,217.1999969482422,21.269509751119408,REPLACED_BY_CEMPRO
TRENT,958,965,1929.0,2062.050048828125,2.265011478641093,REPLACED_BY_TATACOMM
DIXON,954,966,4850.0498046875,4851.2998046875,0.9043520063101256,REPLACED_BY_SUPREMEIND
RKFORGE,960,967,616.5,662.0,6.671498362152288,REPLACED_BY_LINDEINDIA
JSL,964,967,438.0,419.95001220703125,10.37251449209143,REPLACED_BY_MRPL
CEMPRO,965,968,214.75,210.5,20.87044141622791,REPLACED_BY_BHEL
MRPL,967,970,94.5,95.19999694824219,47.25536110424107,REPLACED_BY_JSL
LINDEINDIA,967,970,5977.0,6285.0,0.7466918600589447,REPLACED_BY_NAVA
SUPREMEIND,966,971,4498.2001953125,4400.0,0.9944781232700273,REPLACED_BY_CEMPRO
IDFCFIRSTB,963,971,92.69999694824219,95.0,44.20580796794695,REPLACED_BY_ANGELONE
GMRAIRPORT,962,972,55.900001525878906,63.599998474121094,79.05878027504069,REPLACED_BY_NBCC
ESCORTS,960,973,2795.0,3073.0,1.5637032475523502,REPLACED_BY_ELECON
TATACOMM,965,973,1823.050048828125,1877.9000244140625,2.467792669990524,REPLACED_BY_ABREL
ELECON,973,973,476.75,444.27717635873285,10.087257553239978,STOP
RECLTD,959,974,223.5,236.9499969482422,18.967549862991277,MQS_LT_50
BHEL,968,974,115.5,135.8000030517578,37.92266644396004,REPLACED_BY_CHOLAHLDNG
ANGELONE,971,974,193.3000030517578,183.5,19.338221933177167,REPLACED_BY_COFORGE
NBCC,972,975,37.56666564941406,39.33333206176758,127.50703802661214,REPLACED_BY_CASTROLIND
CEMPRO,971,975,239.39999389648438,236.10000610351562,20.0981204163283,REPLACED_BY_NMDC
ABREL,973,976,1114.949951171875,1087.3499755859375,4.279360537813948,MQS_LT_50
NAVA,970,976,209.89999389648438,206.47500610351562,21.483145684256208,REPLACED_BY_OFSS
BSOFT,960,976,470.1000061035156,520.7000122070312,9.281764162121442,REPLACED_BY_FORCEMOT
COFORGE,974,977,1120.0,1113.800048828125,3.1037156791883977,MQS_LT_50
POLYCAB,959,977,4868.0,5189.85009765625,0.8997575484293537,REPLACED_BY_BANKINDIA
CESC,974,977,92.25,86.87124105495597,51.21336303934293,STOP
CASTROLIND,975,977,162.0,150.54727211443867,29.46626618438655,STOP
NMDC,975,977,47.666664123535156,45.39338361545142,99.06975264813752,STOP
BSE,964,978,306.3333435058594,422.29998779296875,13.32924975429536,REPLACED_BY_PHOENIXLTD
OFSS,976,978,4369.7998046875,4182.501853068844,1.0915823683898584,STOP
FORCEMOT,976,978,3938.300048828125,3534.9427170520194,1.1673642499032315,STOP
CHOLAHLDNG,974,979,1027.949951171875,1125.0,4.605077527730626,REPLACED_BY_GLENMARK
EMAMILTD,976,980,540.0,565.9000244140625,8.792824904431695,REPLACED_BY_GILLETTE
NAM-INDIA,978,981,332.0,335.0,14.032446633768904,REPLACED_BY_APARINDS
JSL,970,981,459.0,491.20001220703125,10.141225969972188,REPLACED_BY_HDFCAMC
PHOENIXLTD,978,982,932.5,919.9249877929688,4.989030678435699,REPLACED_BY_CANBK
LEMONTREE,978,982,116.0,117.0,39.616464116524924,REPLACED_BY_WELCORP
LT,978,983,2943.5,2885.050048828125,1.58312452333721,REPLACED_BY_POLYCAB
AUROPHARMA,979,984,904.0499877929688,876.0,5.198746171885575,REPLACED_BY_CHOLAHLDNG
APARINDS,981,984,5240.0,5282.35009765625,0.9077973773243807,REPLACED_BY_SUNDARMFIN
LUPIN,974,984,1144.9000244140625,1091.5642574374967,4.140951192294641,STOP
GLENMARK,979,984,864.0,805.0,5.443634165478022,STOP
BERGEPAINT,985,985,668.0,638.670840365968,6.587027269250469,STOP
HDFCAMC,981,986,1362.0,1335.9749755859375,3.4617214395064626,REPLACED_BY_INDIANB
CHOLAHLDNG,984,987,1200.0,1155.75,3.856057854382118,REPLACED_BY_TVSMOTOR
SUNDARMFIN,984,987,2905.10009765625,3201.64990234375,1.5914560964458981,REPLACED_BY_THERMAX
BHARATFORG,961,988,974.9500122070312,1092.25,4.453894165746962,REPLACED_BY_RECLTD
WELCORP,982,988,394.95001220703125,398.04998779296875,11.88916316201816,REPLACED_BY_APARINDS
LTTS,986,989,4737.4501953125,4625.0,0.9875673153379367,REPLACED_BY_LT
GILLETTE,980,990,6105.0,6143.7998046875,0.7737659126047268,REPLACED_BY_LUPIN
TVSMOTOR,987,990,1531.800048828125,1537.050048828125,3.054594370930195,REPLACED_BY_UNIONBANK
APARINDS,988,991,5749.9501953125,5517.7001953125,0.822027268148114,REPLACED_BY_SUNTV
ANANDRATHI,985,991,395.48748779296875,434.48748779296875,11.898505386962288,REPLACED_BY_SOLARINDS
CANBK,982,992,74.0199966430664,75.05000305175781,63.16666939387876,REPLACED_BY_GRANULES
PNB,977,993,69.5,77.44999694824219,69.4320725038007,REPLACED_BY_ANANDRATHI
LUPIN,990,993,1171.0,1159.050048828125,4.0116233363800236,REPLACED_BY_SUNDARMFIN
UNIONBANK,990,994,106.9000015258789,102.5,44.201445887516414,REPLACED_BY_ESCORTS
BANKINDIA,977,994,100.0999984741211,107.0,32.733800446666,REPLACED_BY_MPHASIS
POLYCAB,983,995,5300.0,5200.39990234375,0.8933610387698995,REPLACED_BY_LTTS
INDIANB,986,995,430.8999938964844,408.0,9.576953078533348,REPLACED_BY_AUROPHARMA
THERMAX,987,996,2960.0,2921.050048828125,1.577528750849765,MQS_LT_50
GRANULES,992,996,360.95001220703125,359.79998779296875,13.061141933841856,REPLACED_BY_HDFCAMC
ANANDRATHI,993,996,451.75,471.26251220703125,10.534400306264413,REPLACED_BY_PFC
SUNTV,991,997,618.0,628.0,7.70670381796106,REPLACED_BY_ETERNAL
SUNDARMFIN,993,998,3175.0,3129.050048828125,1.476321473078293,REPLACED_BY_COHANCE
MPHASIS,994,998,2461.60009765625,2424.64990234375,1.7105017792129669,REPLACED_BY_ANANDRATHI
LTTS,995,999,4775.0,4725.85009765625,0.97717673170019,REPLACED_BY_WELSPUNLIV
LT,989,1000,3040.0,3109.89990234375,1.5488247445881844,REPLACED_BY_MCX
HDFCAMC,996,1000,1396.0,1432.949951171875,3.4120989225401614,REPLACED_BY_WELCORP
ANANDRATHI,998,1000,472.5,446.78736748930334,8.69986828522201,STOP
PFC,996,1001,253.0,251.10000610351562,18.64598370057428,REPLACED_BY_NMDC
AUROPHARMA,995,1001,911.0999755859375,906.5999755859375,4.238383779799782,REPLACED_BY_DIXON
ESCORTS,994,1002,3148.0,3299.949951171875,1.4687721003349272,REPLACED_BY_KPRMILL
RECLTD,988,1002,284.20001220703125,287.70001220703125,16.608939901371645,REPLACED_BY_BLUESTARCO
COHANCE,998,1003,589.0,571.5999755859375,7.970548568104773,REPLACED_BY_SYRMA
BSOFT,996,1003,543.0,547.9500122070312,8.744809447462687,REPLACED_BY_BSE
SOLARINDS,991,1004,4970.0,5306.75,0.9640062263878204,REPLACED_BY_PGEL
WELCORP,1000,1004,448.0,417.0998599936389,10.55539938295069,STOP
CHOICEIN,1001,1004,218.97500610351562,209.56415610352278,21.74172149224547,STOP
NMDC,1001,1004,55.06666564941406,51.95222941064795,85.81531573250018,STOP
BLUESTARCO,1002,1004,944.3499755859375,892.1588225892496,4.962408255043847,STOP
KPRMILL,1002,1005,819.9000244140625,770.1147976623297,5.7128491822931124,STOP
SYRMA,1003,1005,651.7999877929688,601.4762446324869,7.199990850791635,STOP
PGEL,1004,1005,210.51499938964844,196.32909216667213,22.317102237271744,STOP
ETERNAL,997,1006,110.19999694824219,101.71557075455149,43.19929365254773,STOP
NESTLEIND,1006,1006,1213.0,1171.4322101408447,3.785985867274703,STOP
HDFCAMC,1005,1008,1404.875,1382.0,3.2260019278780536,REPLACED_BY_PERSISTENT
DIXON,1001,1008,5479.9501953125,5206.461109447261,0.5701408494639006,STOP
IPCALAB,1005,1009,998.0,984.5999755859375,4.568581351566192,REPLACED_BY_VIJAYA
BSE,1003,1009,516.6666870117188,633.3333129882812,9.142340073241227,REPLACED_BY_MOTILALOFS
RAINBOW,1007,1009,1130.0,1059.284076825852,3.992974478538704,STOP
KARURVYSYA,1007,1010,120.58333587646484,120.25,35.58168201001851,REPLACED_BY_CDSL
ANANTRAJ,1006,1011,229.0,241.3000030517578,17.47431077300296,REPLACED_BY_DLF
BAJAJ-AUTO,1006,1011,5333.85009765625,5383.89990234375,0.8589217305606504,REPLACED_BY_KARURVYSYA
MOTILALOFS,1009,1012,1010.0,995.0,3.9086875640943095,REPLACED_BY_BSOFT
PRESTIGE,1005,1012,743.0,751.7000122070312,6.1134764856922565,REPLACED_BY_RECLTD
VIJAYA,1009,1013,577.9500122070312,576.0,8.000128809889524,REPLACED_BY_ETERNAL
COALINDIA,979,1013,281.29998779296875,313.20001220703125,16.77764535143698,REPLACED_BY_NAM-INDIA
KARURVYSYA,1011,1014,124.58333587646484,122.75,33.266022550329176,REPLACED_BY_CRISIL
WELSPUNLIV,999,1015,128.5500030517578,149.60000610351562,35.81608262314731,REPLACED_BY_IOC
CRISIL,1014,1017,4393.0,4203.0,0.9876970273065437,REPLACED_BY_LALPATHLAB
NAM-INDIA,1013,1017,395.6000061035156,397.0,11.963303195618257,REPLACED_BY_GABRIEL
IOC,1015,1017,105.4000015258789,97.8499984741211,46.042246072826806,STOP
BSOFT,1012,1019,580.0,591.9500122070312,8.003551038287247,REPLACED_BY_COALINDIA
ETERNAL,1013,1019,119.5999984741211,123.30000305175781,40.408238690779264,REPLACED_BY_KARURVYSYA
LALPATHLAB,1017,1020,1362.4749755859375,1317.300048828125,3.518954765965569,REPLACED_BY_ALKEM
CREDITACC,1009,1020,1615.050048828125,1683.4000244140625,2.876461934471901,REPLACED_BY_ABREL
CDSL,1010,1021,733.0499877929688,896.6749877929688,5.221401394882336,REPLACED_BY_PGEL
GABRIEL,1017,1021,367.70001220703125,412.45001220703125,12.425224451121377,REPLACED_BY_OBEROIRLTY
MCX,1000,1022,440.0,574.27001953125,10.708410883417317,REPLACED_BY_GRANULES
KARURVYSYA,1019,1022,133.3333282470703,128.3333282470703,34.95778220317755,REPLACED_BY_TVSMOTOR
SOLARINDS,1005,1023,5197.75,7100.0,0.8822867967935029,REPLACED_BY_PNBHOUSING
ABREL,1020,1023,1242.0,1236.0,3.60497073816947,REPLACED_BY_HEROMOTOCO
COALINDIA,1019,1023,359.0,333.81082816329234,14.010819498079137,STOP
PNBHOUSING,1023,1026,819.0999755859375,797.0,6.102552965752045,REPLACED_BY_BOSCHLTD
FORTIS,1024,1027,373.0,371.1000061035156,13.49259502419225,REPLACED_BY_BPCL
PGEL,1021,1028,225.8000030517578,239.10000610351562,22.033180930622525,REPLACED_BY_COHANCE
PERSISTENT,1008,1028,3068.675048828125,3187.47509765625,1.4485012658767027,REPLACED_BY_BALRAMCHIN
BOSCHLTD,1026,1030,21250.0,21700.0,0.23870741745527008,REPLACED_BY_PFC
HEROMOTOCO,1023,1030,3354.949951171875,3860.0,1.495297333732967,REPLACED_BY_HAL
BALRAMCHIN,1028,1031,470.0,476.45001220703125,10.921234085145539,REPLACED_BY_SOBHA
DLF,1011,1031,579.0,639.0,8.065673278666583,REPLACED_BY_BOSCHLTD
COHANCE,1028,1032,652.75,678.3499755859375,7.874757727309165,REPLACED_BY_EICHERMOT
ALKEM,1020,1032,4359.0,4649.9501953125,1.1406265287526878,REPLACED_BY_360ONE
PFC,1030,1033,340.0,379.1000061035156,15.617906937616318,REPLACED_BY_PNB
HAL,1030,1033,2495.0,2559.0,2.197847226979917,REPLACED_BY_CANBK
BOSCHLTD,1031,1034,22200.0,21679.94921875,0.23214654964803633,REPLACED_BY_LT
GRANULES,1022,1034,373.0,392.95001220703125,13.449493466927974,REPLACED_BY_BANKINDIA
NMDC,1018,1035,57.650001525878906,61.666664123535156,77.91393115606206,REPLACED_BY_ALKEM
OBEROIRLTY,1021,1036,1332.949951171875,1405.0,3.6026976818735053,REPLACED_BY_TECHNOE
EICHERMOT,1032,1036,4181.0,4055.0,1.2837205408980887,REPLACED_BY_ANANTRAJ
ALKEM,1035,1036,4875.0,4685.933130408408,1.0146370750249278,STOP
SOBHA,1031,1037,965.9500122070312,1060.0,5.583431990723823,REPLACED_BY_UNIONBANK
BPCL,1027,1038,207.02499389648438,224.75,24.68353078962009,REPLACED_BY_KARURVYSYA
360ONE,1032,1038,625.9500122070312,645.0,8.381777006966521,REPLACED_BY_ULTRACEMCO
BANKINDIA,1034,1038,118.0,108.55000305175781,46.29795021606208,STOP
COHANCE,1037,1040,692.0,676.75,7.9232591261093965,REPLACED_BY_DLF
RECLTD,1012,1040,304.0,443.0,12.556477181837113,REPLACED_BY_BSOFT
TECHNOE,1036,1041,769.8499755859375,764.9500122070312,7.097811164242491,REPLACED_BY_COHANCE
KARURVYSYA,1038,1041,140.625,142.5,39.38198375617944,REPLACED_BY_SUNDARMFIN
ANANTRAJ,1036,1042,285.3999938964844,298.20001220703125,16.721344391606717,REPLACED_BY_HAL
CANBK,1033,1042,86.91000366210938,88.79000091552734,61.822441268189806,REPLACED_BY_BAJAJ-AUTO
UNIONBANK,1037,1043,121.0,122.94999694824219,42.62886907682765,REPLACED_BY_ANANTRAJ
HAL,1042,1043,2819.949951171875,2669.0845642601707,1.9626804651104486,STOP
ANANTRAJ,1043,1043,304.75,285.41149564958687,17.146904725499514,STOP
COHANCE,1041,1044,695.5,656.0,7.951231059462276,REPLACED_BY_CYIENT
BAJAJ-AUTO,1042,1044,6470.0,6238.447820115077,0.7588067305754236,STOP
ULTRACEMCO,1038,1045,9899.9501953125,9987.0,0.5437366604873434,REPLACED_BY_GESHIP
SUNDARMFIN,1041,1046,3670.0,3569.800048828125,1.4927105236407754,REPLACED_BY_HINDALCO
TVSMOTOR,1022,1046,1754.949951171875,1967.5,2.869445978077433,REPLACED_BY_KIRLOSENG
NAM-INDIA,1044,1047,454.8500061035156,447.0,11.639667016240443,REPLACED_BY_BEL
PNB,1033,1047,85.5,89.1500015258789,63.211630553163744,REPLACED_BY_IOC
GESHIP,1045,1048,997.75,984.0,4.550431021730478,REPLACED_BY_AARTIIND
LT,1034,1048,3392.300048828125,3545.0,1.592033689712787,REPLACED_BY_HEROMOTOCO
CYIENT,1044,1049,2157.5,2299.0,2.1757865917263177,REPLACED_BY_COLPAL
VBL,1044,1049,498.0199890136719,497.5199890136719,10.670159542061917,REPLACED_BY_BHEL
KIRLOSENG,1046,1050,659.2999877929688,662.0,8.240325852863046,REPLACED_BY_TMPV
SHYAMMETL,1045,1050,590.0,636.0,9.48039850468486,REPLACED_BY_GMRAIRPORT
BSOFT,1040,1051,704.2000122070312,703.7000122070312,7.659336406110306,REPLACED_BY_LICI
HEROMOTOCO,1048,1051,4064.300048828125,4114.0498046875,1.1374676525417395,REPLACED_BY_CESC
DLF,1040,1052,700.0,715.25,7.854507923506162,REPLACED_BY_TATACONSUM
TRENT,1010,1052,2163.699951171875,3009.0,2.151572065465491,REPLACED_BY_NMDC
COLPAL,1049,1053,2515.85009765625,2502.0,2.1798992794286054,REPLACED_BY_CHAMBLFERT
BEL,1047,1053,184.0,182.5,30.047152954672395,REPLACED_BY_HAL
LICI,1051,1054,426.8999938964844,418.29998779296875,12.814346658487242,REPLACED_BY_ALKEM
IOC,1047,1054,128.39999389648438,132.8000030517578,41.098957775966284,REPLACED_BY_BLS
HINDALCO,1046,1055,574.9500122070312,587.0,9.58099414235192,MQS_LT_50
AARTIIND,1048,1055,645.0,629.0,8.477604724017919,REPLACED_BY_ADANIPORTS
NTPC,1039,1055,297.75,316.45001220703125,16.828172261466086,REPLACED_BY_NHPC
GODREJCP,1055,1055,1184.199951171875,1171.5845114253823,4.491465823866508,STOP
BHEL,1049,1056,191.9499969482422,196.85000610351562,24.98340906236208,REPLACED_BY_ANANDRATHI
CHAMBLFERT,1053,1056,401.20001220703125,384.0,14.108040388975567,REPLACED_BY_HINDPETRO
NMDC,1052,1057,72.55000305175781,72.16666412353516,75.47423442384023,REPLACED_BY_DLF
GMRAIRPORT,1050,1057,80.9000015258789,85.25,68.48891573155908,REPLACED_BY_POWERINDIA
NHPC,1055,1058,72.80000305175781,69.69999694824219,76.14891880440153,REPLACED_BY_TRENT
CESC,1051,1058,137.0500030517578,139.0,35.94189849537855,REPLACED_BY_HDFCAMC
ALKEM,1054,1058,5275.0,5052.491610200782,1.0427215320717451,STOP
TATACONSUM,1052,1059,1097.949951171875,1125.449951171875,4.990363659489538,REPLACED_BY_EXIDEIND
HAL,1053,1060,2876.0,3016.0,1.900898742381234,REPLACED_BY_TATACONSUM
ANGELONE,1056,1061,382.94000244140625,350.0,14.365335280436865,REPLACED_BY_CHOICEIN
ANANDRATHI,1056,1061,694.75,672.3499755859375,7.924112187459779,REPLACED_BY_IOC
EXIDEIND,1059,1062,341.79998779296875,321.95001220703125,15.891732673010909,REPLACED_BY_CHOICEIN
BLS,1054,1063,338.79998779296875,393.1000061035156,16.26093305735681,REPLACED_BY_GODREJPROP
HDFCAMC,1058,1063,1715.0,1655.5,2.8918741423316003,REPLACED_BY_PERSISTENT
POWERINDIA,1057,1064,5700.0,5961.0,0.9682609397014131,REPLACED_BY_BRIGADE
TATACONSUM,1060,1064,1190.0,1156.75,4.803308433241959,REPLACED_BY_BHEL
ADANIPORTS,1055,1065,1160.0,1199.1500244140625,4.746731189593791,REPLACED_BY_PNB
TMPV,1050,1065,785.0,824.9000244140625,7.073251214623076,REPLACED_BY_SWANCORP
DLF,1057,1065,790.4500122070312,752.9540978030943,6.969063114299007,STOP
BRIGADE,1064,1065,749.25,690.5863157864933,7.341817802216887,STOP
CHOICEIN,1062,1066,269.82501220703125,264.9750061035156,18.904909685062535,REPLACED_BY_UNIONBANK
HINDPETRO,1056,1066,292.0,296.6666564941406,17.34200226848611,REPLACED_BY_MEDANTA
BHEL,1064,1067,215.0,211.0,25.74351514067575,REPLACED_BY_JKCEMENT
PERSISTENT,1063,1068,3894.5,4225.0,1.415267932736247,REPLACED_BY_ANANDRATHI
UNIONBANK,1066,1069,139.1999969482422,141.0,38.30600334444285,REPLACED_BY_MGL
BHARTIARTL,1066,1069,1140.0999755859375,1162.1500244140625,4.629468956091651,REPLACED_BY_PERSISTENT
TRENT,1058,1069,3190.0,3038.6198652497333,1.7357021442114022,STOP
GODREJPROP,1063,1070,2314.949951171875,2373.14990234375,2.3535108728050727,REPLACED_BY_PFC
IOC,1061,1071,138.25,148.5,40.389354135273415,REPLACED_BY_BLS
PERSISTENT,1069,1072,4346.5,4189.35009765625,1.2765593114901048,REPLACED_BY_EIDPARRY
APOLLOHOSP,1066,1072,6153.5498046875,6320.0,0.8711639327489957,REPLACED_BY_LICHSGFIN
MEDANTA,1066,1073,1137.8499755859375,1257.0,4.288281578287574,REPLACED_BY_MCX
MGL,1069,1073,1420.0,1471.5,3.934823824731341,REPLACED_BY_EIHOTEL
SWANCORP,1065,1074,606.0,677.5,9.45126130780142,REPLACED_BY_HINDPETRO
PNB,1065,1074,106.6500015258789,122.4000015258789,54.095064407586285,REPLACED_BY_GAIL
ANANDRATHI,1068,1075,775.0,850.0125122070312,7.192992267049163,REPLACED_BY_TORNTPOWER
BLS,1071,1075,426.0,405.0,13.354643248039803,REPLACED_BY_LICI
EIDPARRY,1072,1075,658.6500244140625,600.0,8.580549761927129,STOP
JKCEMENT,1067,1077,4175.0,4257.5,1.2971522051391322,MQS_LT_50
PFC,1070,1077,442.29998779296875,410.5354206340993,11.876702696235753,STOP
GAIL,1074,1077,178.5,170.02330574798896,31.863085533535514,STOP
LICHSGFIN,1072,1078,634.9000244140625,651.0499877929688,8.60039787012761,REPLACED_BY_SBIN
LICI,1075,1078,515.5250244140625,556.0250244140625,11.367245281742308,REPLACED_BY_ICICIGI
MCX,1073,1079,736.9600219726562,697.77001953125,7.851643449866664,REPLACED_BY_ZYDUSLIFE
EIHOTEL,1073,1079,339.0,391.1000061035156,15.813052270760375,REPLACED_BY_HCLTECH
HINDPETRO,1074,1080,343.3333435058594,330.0,17.072197395263213,REPLACED_BY_BOSCHLTD
TMPV,1070,1080,865.2000122070312,900.0,6.442184757236896,REPLACED_BY_WIPRO
TORNTPOWER,1075,1080,1175.0,1088.0141419041383,5.005403502235986,STOP
BSOFT,1061,1081,786.0,840.0,6.031546276565388,REPLACED_BY_BAJAJ-AUTO
ANANDRATHI,1078,1081,854.0750122070312,875.0,6.78265679425411,REPLACED_BY_APOLLOHOSP
MAXHEALTH,1078,1082,880.0,864.0999755859375,6.624997166749299,REPLACED_BY_SWANCORP
MEDANTA,1078,1082,1272.6500244140625,1412.0,4.563133268490494,REPLACED_BY_PNB
BOSCHLTD,1080,1083,26650.0,28400.0,0.21724733044396055,REPLACED_BY_ANANDRATHI
HCLTECH,1079,1084,1675.0,1661.0,3.4046831362954113,REPLACED_BY_BLUESTARCO
SUNPHARMA,1076,1084,1501.050048828125,1532.0,3.9226296318460427,REPLACED_BY_CHOICEIN
HEROMOTOCO,1059,1085,4242.64990234375,4594.64990234375,1.277585256761366,REPLACED_BY_INDHOTEL
ICICIGI,1078,1085,1650.0,1658.9000244140625,2.9403653425767966,REPLACED_BY_SUNDARMFIN
WIPRO,1080,1086,251.97500610351562,261.3999938964844,22.336855582514943,REPLACED_BY_BOSCHLTD
SWANCORP,1082,1087,745.0499877929688,722.2000122070312,7.8208862855100305,REPLACED_BY_CUMMINSIND
CHOICEIN,1084,1087,296.0,290.0,20.70303659717879,REPLACED_BY_M&M
APOLLOHOSP,1081,1088,6750.0,6769.9501953125,0.7585364487407259,REPLACED_BY_THERMAX
BLUESTARCO,1084,1089,1279.9000244140625,1270.0999755859375,4.590981443018601,REPLACED_BY_AMBUJACEM
SBIN,1078,1089,726.0,758.9000244140625,7.9874494096500275,REPLACED_BY_VBL
VBL,1089,1089,612.0,583.9568933858704,9.436685770491295,STOP
PNB,1082,1090,129.64999389648438,124.0,44.75841260916595,REPLACED_BY_VOLTAS
ACC,1081,1090,2635.050048828125,2669.39990234375,2.1857316086872975,REPLACED_BY_POWERGRID
ANANDRATHI,1083,1091,927.25,919.9874877929688,6.390469765113229,REPLACED_BY_JKCEMENT
POWERGRID,1090,1091,291.5,275.25677438793576,18.60852849661686,STOP
BAJAJ-AUTO,1081,1092,8120.60009765625,7955.0,0.7083422456070778,REPLACED_BY_GODFRYPHLP
SUNDARMFIN,1085,1092,4175.2001953125,4209.9501953125,1.260745845431994,REPLACED_BY_INTELLECT
VOLTAS,1090,1093,1128.199951171875,1104.0,5.1776101641775725,REPLACED_BY_TMPV
THERMAX,1088,1094,3754.85009765625,3680.050048828125,1.3635354696566078,REPLACED_BY_BEL
M&M,1087,1094,1926.3499755859375,1925.0,3.0287656587196605,REPLACED_BY_DIXON
SWANCORP,1090,1095,763.9000244140625,724.0,7.681674589599408,REPLACED_BY_CANBK
JKCEMENT,1091,1095,4446.7001953125,4384.0498046875,1.2698492153926653,REPLACED_BY_SBIN
AMBUJACEM,1089,1096,607.9500122070312,598.2999877929688,9.528168975662526,REPLACED_BY_BAJAJ-AUTO
INTELLECT,1092,1097,1117.800048828125,1090.9000244140625,4.3252478880256096,REPLACED_BY_ABB
BOSCHLTD,1086,1098,28250.0,29477.400390625,0.20490441990390817,REPLACED_BY_BANKBARODA
CANBK,1095,1098,120.80000305175781,113.31812582380594,47.655051487309954,STOP
INDHOTEL,1085,1099,548.75,573.9500122070312,10.577918540518738,REPLACED_BY_SIEMENS
DLF,1092,1099,902.0,855.5923311797609,6.319719699319834,STOP
BEL,1094,1099,211.0,197.90439689203916,27.35448565042945,STOP
DIXON,1094,1099,7140.0,6751.863627315501,0.7064369997913448,STOP
SBIN,1095,1099,783.6500244140625,748.6564984448736,6.812414006399097,STOP
BANKBARODA,1098,1099,277.0,260.1622318431065,20.88322477243486,STOP
ANANDRATHI,1099,1099,971.125,917.8914992151183,5.733790226176008,STOP
GODFRYPHLP,1092,1100,985.9833374023438,958.3333129882812,5.777272546487527,REPLACED_BY_CIPLA
BAJAJ-AUTO,1096,1100,8638.0,8202.959463459967,0.6579794959974359,STOP
EMBASSY,1100,1102,381.79998779296875,395.0299987792969,14.214963427573101,INELIGIBLE
TMPV,1093,1102,993.25,945.8499755859375,5.737688457316705,REPLACED_BY_COLPAL
M&M,1100,1103,1853.699951171875,1856.050048828125,2.9305662289648495,REPLACED_BY_CRISIL
TORNTPHARM,1100,1103,2652.0,2543.896166820026,2.0392239250397224,STOP
TATACONSUM,1102,1103,1213.050048828125,1150.8485356423191,4.477929139505128,STOP
THERMAX,1100,1104,3607.050048828125,3594.949951171875,1.496918037074823,REPLACED_BY_ICICIBANK
CIPLA,1100,1105,1467.0999755859375,1427.0,3.2444760718774472,REPLACED_BY_DELHIVERY
CRISIL,1103,1106,5223.5498046875,5001.5498046875,1.0495951591283086,REPLACED_BY_BAJAJ-AUTO
LINDEINDIA,1104,1107,6789.9501953125,6556.5,0.7977397164405661,REPLACED_BY_PIDILITIND
ICICIBANK,1104,1108,1080.0,1083.699951171875,4.628788994024772,REPLACED_BY_THERMAX
DELHIVERY,1105,1108,468.95001220703125,461.0,9.843263536723923,REPLACED_BY_SONACOMS
COLPAL,1102,1109,2728.550048828125,2678.0,1.9893063416985153,REPLACED_BY_MARUTI
POWERINDIA,1101,1110,6750.0,7033.25,0.7972164811678192,REPLACED_BY_INDUSTOWER
SONACOMS,1108,1111,703.0,689.5999755859375,5.624349910819803,REPLACED_BY_DLF
BHARTIARTL,1100,1112,1173.949951171875,1195.0,4.648034631476438,REPLACED_BY_JINDALSTEL
ABB,1097,1112,5801.0498046875,6458.0,0.8109358042090675,REPLACED_BY_BLUESTARCO
DMART,1104,1113,4015.0,4562.0,1.3323252186255834,REPLACED_BY_JSWENERGY
MARUTI,1109,1113,12569.9501953125,12490.0,0.42254775481330054,REPLACED_BY_CANBK
DLF,1111,1113,948.25,893.8171413072312,4.0779681875513365,STOP
ZYDUSLIFE,1079,1114,856.0,985.9500122070312,6.625151725974988,REPLACED_BY_INDHOTEL
PIDILITIND,1107,1115,1490.9000244140625,1500.75,3.497694496986351,REPLACED_BY_VOLTAS
INDUSTOWER,1110,1115,294.8999938964844,316.5,18.956348108638064,REPLACED_BY_VEDL
INDHOTEL,1114,1115,620.0,584.672360890851,7.182994027023272,STOP
OFSS,1100,1117,8000.0,8425.0,0.6762466207624401,REPLACED_BY_POWERINDIA
BAJAJ-AUTO,1106,1117,8700.0498046875,9034.7998046875,0.6015916415511897,REPLACED_BY_IPCALAB
JSWENERGY,1113,1118,582.0,617.0,9.772703918536322,REPLACED_BY_INDIGO
VOLTAS,1115,1118,1310.0,1339.800048828125,4.642082229608205,REPLACED_BY_HONAUT
JINDALSTEL,1112,1119,892.7000122070312,892.5499877929688,6.326872069229681,REPLACED_BY_ABB
SIEMENS,1099,1119,2808.70458984375,3238.006591796875,2.002708971998925,REPLACED_BY_VOLTAS
POWERINDIA,1117,1119,7785.14990234375,7161.832618853565,0.7398973995475518,STOP
INDIGO,1118,1119,3830.0,3603.356648429727,1.5204205980642507,STOP
ABREL,1116,1120,1740.0,1735.0,2.406389570202461,REPLACED_BY_GAIL
BLUESTARCO,1112,1120,1311.4000244140625,1367.4000244140625,3.897437970005014,REPLACED_BY_TATAPOWER
CANBK,1113,1121,122.94000244140625,117.77999877929688,45.82690149070866,REPLACED_BY_AARTIIND
DMART,1114,1121,4645.0,4644.2998046875,1.2256371679721803,REPLACED_BY_CHOICEIN
ABB,1119,1121,6660.0,6405.367990082575,0.8526702650158055,STOP
HONAUT,1118,1122,43043.0,43784.80078125,0.13158385971734826,REPLACED_BY_GLENMARK
VOLTAS,1119,1123,1300.0,1364.0,4.397632367235435,REPLACED_BY_HAL
KEI,1120,1123,3947.14990234375,3798.0,1.4209366059230024,REPLACED_BY_LINDEINDIA
GAIL,1120,1124,203.0,201.0,27.938459468387748,REPLACED_BY_APARINDS
TATAPOWER,1120,1124,431.3999938964844,430.04998779296875,10.947566152443862,REPLACED_BY_INDUSTOWER
IPCALAB,1117,1125,1330.0,1322.1500244140625,4.014344184993068,REPLACED_BY_MCX
VEDL,1115,1125,323.8999938964844,376.0,15.850650092995703,REPLACED_BY_KEI
MCX,1125,1125,780.0,748.1944880963222,7.11591064413878,STOP
THERMAX,1108,1126,4097.0,4485.0,1.359879411686996,REPLACED_BY_VOLTAS
BEL,1120,1127,232.5,238.5,24.27410613149015,REPLACED_BY_ABSLAMC
LINDEINDIA,1123,1127,7470.0,8386.0,0.7535560751140223,REPLACED_BY_EICHERMOT
KEI,1125,1128,4006.800048828125,3950.0,1.4184006498418626,REPLACED_BY_POLYCAB
GLENMARK,1122,1128,1032.0,1090.0,5.350497459260618,REPLACED_BY_DIXON
AARTIIND,1121,1129,754.9500122070312,756.0,7.621638996713546,REPLACED_BY_ABREL
CHOICEIN,1121,1129,308.95001220703125,326.8500061035156,17.163110117350563,REPLACED_BY_MAHABANK
ABSLAMC,1127,1130,569.0,545.0,10.353251422210539,REPLACED_BY_INDIGO
INDUSTOWER,1124,1130,359.8500061035156,359.0,12.6726872619691,REPLACED_BY_PNB
JINDALSTEL,1126,1131,935.75,948.5,6.154507555545629,REPLACED_BY_SBIN
ABREL,1129,1132,2006.5,1965.300048828125,2.9058203576822015,REPLACED_BY_NMDC
MAHABANK,1129,1132,71.4000015258789,68.80000305175781,80.84134521366764,REPLACED_BY_VEDL
PNB,1130,1132,141.10000610351562,132.64999479225892,30.593485173072303,STOP
APARINDS,1124,1133,7400.0,7685.0,0.7746540470850093,REPLACED_BY_ABB
DIXON,1128,1133,8568.0498046875,8410.5,0.673100503946497,REPLACED_BY_ZYDUSLIFE
SBIN,1131,1133,834.7999877929688,795.4759613582075,6.971806516438917,STOP
HAL,1123,1134,3800.0,3703.0,1.5083920618057094,REPLACED_BY_TRENT
VOLTAS,1126,1134,1415.949951171875,1280.0,3.9760202877895763,STOP
CHOICEIN,1133,1135,344.0,323.3485716894371,16.887418492333545,STOP
ZYDUSLIFE,1133,1136,1029.0,970.0,3.9055656918123858,REPLACED_BY_TMPV
NMDC,1132,1136,90.56666564941406,84.33333587646484,64.97915958466997,REPLACED_BY_M&M
TMPV,1136,1137,1037.0,981.6635481671196,5.40999972166819,STOP
UNITDSPR,1135,1138,1237.800048828125,1187.0999755859375,4.099257325805453,REPLACED_BY_ASTRAL
DMART,1136,1139,4798.64990234375,4614.9501953125,1.1615606661933122,REPLACED_BY_CGPOWER
TRENT,1134,1139,4498.9501953125,4550.0,1.2110169844490222,REPLACED_BY_HAL
EICHERMOT,1127,1141,4591.0,4660.0,1.2563568398432037,REPLACED_BY_JINDALSTEL
ASTRAL,1138,1142,2225.949951171875,2089.863397892092,1.9689549974828635,STOP
VEDL,1132,1144,418.0,480.0,12.808565641250103,REPLACED_BY_HEGAM
CGPOWER,1139,1144,612.0,644.0,9.54240061373296,REPLACED_BY_DIXON
HEGAM,1144,1144,519.7999877929688,497.65693626262447,11.480751039841998,STOP
SIEMENS,1122,1145,3272.258056640625,4311.51123046875,1.7320479429310431,REPLACED_BY_OBEROIRLTY
JINDALSTEL,1141,1146,1005.0,1071.0,5.808045085961929,REPLACED_BY_MOTHERSON
TECHNOE,1143,1146,1150.0,1058.768427017466,3.567409503886907,STOP
INDIGO,1130,1147,4019.0,4252.0498046875,1.4542785649736725,REPLACED_BY_SUPREMEIND
HAL,1139,1147,4105.7998046875,5139.0,1.217341271802167,REPLACED_BY_RECLTD
SOLARINDS,1145,1147,10150.0,9432.320285901194,0.611957182366085,STOP
ESCORTS,1138,1148,3609.0,3602.0,1.5970482565489772,REPLACED_BY_SCHAEFFLER
CUMMINSIND,1087,1150,2765.0,3592.75,2.1032809538493376,REPLACED_BY_BEL
RECLTD,1147,1150,581.0,555.0999755859375,7.923228131095385,REPLACED_BY_COROMANDEL
SCHAEFFLER,1148,1150,4594.7001953125,4257.616659186989,1.1743753831787989,STOP
SUPREMEIND,1147,1151,5579.89990234375,5400.0,1.1020967699580064,REPLACED_BY_GLENMARK
M&M,1136,1152,2211.85009765625,2634.25,1.5826649661887968,REPLACED_BY_SBIN
DIXON,1144,1152,9345.0,8746.634870424212,0.6644362578297981,STOP
OBEROIRLTY,1145,1152,1788.1500244140625,1663.773445168286,3.4615572547487337,STOP
ASHOKLEY,1147,1152,113.875,106.92087288436005,54.49618139801999,STOP
BEL,1150,1152,294.20001220703125,271.32059504034714,20.756715607326363,STOP
CHOICEIN,1151,1152,369.8999938964844,337.99023969815534,16.924313165372,STOP
GLENMARK,1151,1152,1174.949951171875,1091.642028159598,3.964640818254803,STOP
SBIN,1152,1152,897.0,863.5491764489773,4.633942602709163,STOP
HAVELLS,1134,1153,1670.949951171875,1774.050048828125,3.3812088560801845,REPLACED_BY_M&M
POLYCAB,1128,1154,5600.0,6900.0,1.0324749765705854,REPLACED_BY_SUNTV
ABB,1133,1154,6977.0,7801.0498046875,0.830945605622897,REPLACED_BY_GODREJCP
BRITANNIA,1153,1156,5325.10009765625,5465.0,1.0716089743257966,REPLACED_BY_INDIGO
UNITDSPR,1153,1156,1227.949951171875,1327.0,4.739555692551174,REPLACED_BY_ENDURANCE
DABUR,1153,1157,585.0,619.8499755859375,9.869292517047478,REPLACED_BY_CROMPTON
MARICO,1153,1157,621.4500122070312,651.0,9.28553440270185,REPLACED_BY_SUMICHEM
EIDPARRY,1153,1158,650.0,713.2000122070312,8.806211502826564,REPLACED_BY_ULTRACEMCO
GODREJCP,1154,1158,1427.0,1442.1500244140625,4.192185966368169,REPLACED_BY_ABSLAMC
DIVISLAB,1148,1159,4360.0,4501.2998046875,1.3977795217289501,REPLACED_BY_WHIRLPOOL
COROMANDEL,1150,1159,1307.300048828125,1475.949951171875,4.446041202132463,REPLACED_BY_BLUESTARCO
SUMICHEM,1157,1160,500.0,490.0,12.376621408669484,REPLACED_BY_GLAXO
INDIGO,1156,1161,4398.0,4300.0,1.3799192598302241,MQS_LT_50
SUNTV,1154,1161,748.0,760.0,7.993867212175989,REPLACED_BY_CARBORUNIV
ENDURANCE,1156,1161,2439.89990234375,2696.050048828125,2.493198908609244,REPLACED_BY_HONAUT
ABSLAMC,1158,1162,623.5,676.0,9.873858929796585,REPLACED_BY_IEX
HEROMOTOCO,1153,1162,5315.0,5774.7998046875,1.0745146297033301,REPLACED_BY_EXIDEIND
BLUESTARCO,1159,1163,1694.8499755859375,1706.4000244140625,3.667602189030089,REPLACED_BY_BHARATFORG
GLAXO,1160,1163,2718.0,2576.39990234375,2.2919976516374687,REPLACED_BY_DIXON
ULTRACEMCO,1158,1164,10871.5,10882.5,0.558734971671925,REPLACED_BY_LTF
BALKRISIND,1153,1165,2920.0,3201.050048828125,1.9693965445530441,REPLACED_BY_ESCORTS
CARBORUNIV,1161,1166,1800.0,1689.949951171875,3.5351772883908144,REPLACED_BY_SUZLON
IEX,1162,1167,186.64999389648438,180.0,33.82133202215482,REPLACED_BY_ANANTRAJ
SIEMENS,1161,1168,4593.24169921875,4452.42041015625,1.371406632417071,REPLACED_BY_AFFLE
LTF,1164,1168,184.89999389648438,181.75,34.00853527262277,REPLACED_BY_WOCKPHARMA
EXIDEIND,1162,1169,567.0,566.9500122070312,11.135189006717374,REPLACED_BY_SIEMENS
HONAUT,1161,1169,57926.80078125,57500.0,0.10826124511531292,REPLACED_BY_CUMMINSIND
CROMPTON,1157,1170,415.5,405.29998779296875,14.887711685430046,REPLACED_BY_GRASIM
ANANTRAJ,1167,1170,445.8999938964844,434.0,14.091813180295027,REPLACED_BY_GODREJPROP
SUZLON,1166,1171,55.150001525878906,53.0,113.737047344733,REPLACED_BY_INDUSTOWER
BHARATFORG,1163,1171,1704.0,1668.75,3.647186699258764,REPLACED_BY_NAUKRI
WHIRLPOOL,1159,1172,1820.0,1941.75,3.4473676113614418,REPLACED_BY_SUNTV
ESCORTS,1165,1172,4332.5,4130.0498046875,1.4315056128988544,REPLACED_BY_ANANTRAJ
CUMMINSIND,1169,1173,4103.60009765625,3973.949951171875,1.5053520775093032,REPLACED_BY_HDFCBANK
M&M,1153,1173,2572.89990234375,2890.0,1.0464731141861074,REPLACED_BY_SANSERA
NAUKRI,1171,1174,1392.969970703125,1354.010009765625,4.140025319333196,MQS_LT_50
AFFLE,1168,1174,1375.0,1354.0,4.5022413785366195,REPLACED_BY_OFSS
HDFCBANK,1173,1174,879.875,842.5,7.211541797445989,STOP
WOCKPHARMA,1168,1175,683.9500122070312,914.0,9.47274625410063,REPLACED_BY_GLENMARK
SUNTV,1172,1175,789.9000244140625,784.75,8.023441396642456,REPLACED_BY_PRIVISCL
SIEMENS,1169,1176,4609.47216796875,4555.1162109375,1.3438159570861217,REPLACED_BY_BEL
GRASIM,1170,1176,2666.199951171875,2735.10009765625,2.297607876625098,REPLACED_BY_POLYMED
INDUSTOWER,1171,1177,391.6000061035156,386.70001220703125,16.116156234168237,REPLACED_BY_CROMPTON
RKFORGE,1174,1177,962.0,939.0,6.673299848519816,REPLACED_BY_FEDERALBNK
PRIVISCL,1175,1178,1565.0,1548.699951171875,4.122582287784035,REPLACED_BY_HSCL
MOTHERSON,1146,1179,94.0,132.6666717529297,66.29189076426665,REPLACED_BY_COHANCE
ANANTRAJ,1172,1179,485.8999938964844,506.5,12.822879924762574,REPLACED_BY_NEULANDLAB
CIEINDIA,1175,1180,617.9500122070312,600.0,10.432224192594706,REPLACED_BY_GRASIM
POLYMED,1176,1180,2121.0,2100.0,3.016925276659027,REPLACED_BY_MARICO
SANSERA,1173,1181,1353.0,1393.0,1.9469820702824026,REPLACED_BY_ETERNAL
HSCL,1178,1181,437.5,419.70001220703125,14.544252812193491,REPLACED_BY_ABSLAMC
BEL,1176,1182,338.0,326.5,19.08660624632956,REPLACED_BY_NAVA
ETERNAL,1181,1182,230.0,214.51537642195834,27.563439531584198,STOP
GODREJPROP,1170,1183,3290.0,3364.449951171875,1.871951500045294,REPLACED_BY_MOTHERSON
DIXON,1163,1183,11400.0,11945.849609375,0.548026315933506,REPLACED_BY_HINDUNILVR
NAVA,1182,1183,423.0249938964844,390.2784019811512,14.687334552916337,STOP
MOTHERSON,1183,1183,136.8733367919922,128.0970942992211,46.189640528783315,STOP
COHANCE,1179,1184,854.5499877929688,820.5999755859375,7.3782135572846945,REPLACED_BY_LALPATHLAB
GRASIM,1180,1184,2850.0,2702.0,2.2111667527379275,REPLACED_BY_KALYANKJIL
NEULANDLAB,1179,1185,8065.0,8010.64990234375,0.7775860803372402,REPLACED_BY_BAJAJHLDNG
TECHM,1183,1185,1538.0,1473.0209590059696,4.0870087995317395,STOP
ABSLAMC,1181,1186,710.0,680.0,8.42098931599956,REPLACED_BY_INDUSTOWER
CROMPTON,1177,1186,426.5,429.04998779296875,14.850966885305047,REPLACED_BY_DABUR
DABUR,1186,1186,650.0,622.3994104900596,8.87819602245391,STOP
KALYANKJIL,1184,1187,531.4000244140625,590.0,9.934656558014549,REPLACED_BY_COHANCE
BAJAJHLDNG,1185,1187,9950.0,9453.90991394134,0.614707046837901,STOP
LALPATHLAB,1184,1188,1495.699951171875,1487.5,4.079497831658938,REPLACED_BY_SUZLON
GODREJCP,1186,1189,1516.699951171875,1474.9000244140625,4.0621040601064236,REPLACED_BY_ICICIPRULI
HINDUNILVR,1183,1190,2739.0,2715.60009765625,2.224669839306415,REPLACED_BY_ATUL
COHANCE,1187,1190,872.2999877929688,903.0,6.138304492212649,REPLACED_BY_COROMANDEL
MPHASIS,1184,1191,2868.0,2902.0,2.125142206359234,REPLACED_BY_COHANCE
OFSS,1174,1191,10488.0,11112.0,0.5002768556753905,REPLACED_BY_SUNTV
INDUSTOWER,1186,1192,439.1499938964844,435.8999938964844,14.177869526379435,REPLACED_BY_COLPAL
MARICO,1180,1192,658.9500122070312,675.6500244140625,9.672366850084986,REPLACED_BY_AFFLE
COROMANDEL,1190,1193,1680.050048828125,1620.0,3.190095377756067,REPLACED_BY_LUPIN
SUZLON,1188,1193,62.68000030517578,67.80000305175781,91.45701133952429,REPLACED_BY_TVSMOTOR
FEDERALBNK,1177,1194,187.75,193.0500030517578,33.82698214571289,REPLACED_BY_AUROPHARMA
ZYDUSWELL,1187,1194,466.1600036621094,444.6700134277344,12.868280913935774,REPLACED_BY_WHIRLPOOL
INFY,1184,1194,1800.1500244140625,1724.7198195061414,3.405952568201324,STOP
GLENMARK,1175,1195,1338.0999755859375,1428.699951171875,4.772324610602691,REPLACED_BY_NTPC
TVSMOTOR,1193,1195,2574.800048828125,2454.6291805453657,2.0168212604034004,STOP
COHANCE,1191,1196,947.0,994.0,6.60674671881132,REPLACED_BY_HINDUNILVR
ICICIPRULI,1189,1196,724.9000244140625,708.25,8.240102778486628,REPLACED_BY_TORNTPHARM
WHIRLPOOL,1194,1197,2088.550048828125,2067.35009765625,2.897754561366767,REPLACED_BY_ZYDUSLIFE
SUNTV,1191,1197,879.3499755859375,888.0,6.180160440121659,REPLACED_BY_SYNGENE
NTPC,1195,1198,413.25,413.79998779296875,14.76895969543851,REPLACED_BY_NATCOPHARM
SYNGENE,1197,1198,854.25,792.3499755859375,6.063514082907661,STOP
GODREJCP,1196,1199,1494.449951171875,1444.800048828125,4.128016622500175,REPLACED_BY_SUNTV
COLPAL,1192,1199,3350.39990234375,3432.5,1.8529341503914118,REPLACED_BY_GLENMARK
SUNTV,1199,1199,899.0,867.5240224469338,6.794750056417402,STOP
ATUL,1190,1200,7850.0,7840.85009765625,0.7885327563367329,REPLACED_BY_GLAXO
ZYDUSLIFE,1197,1200,1281.0,1258.0,4.890331265086933,REPLACED_BY_SUMICHEM
HSCL,1195,1201,452.54998779296875,459.0,13.483425773635842,REPLACED_BY_TVSMOTOR
HINDUNILVR,1196,1202,2781.699951171875,2737.89990234375,2.219481525380986,REPLACED_BY_TRENT
AFFLE,1192,1203,1524.0,1580.0,4.18674054547148,REPLACED_BY_ICICIGI
TORNTPHARM,1196,1203,3230.050048828125,3348.949951171875,1.6742758570490013,REPLACED_BY_PERSISTENT
SUMICHEM,1200,1204,539.6500244140625,533.6500244140625,10.587360215302372,REPLACED_BY_KIMS
NATCOPHARM,1198,1205,1455.0,1441.9000244140625,4.187689770275701,REPLACED_BY_SHRIRAMFIN
LUPIN,1193,1206,1949.5,2125.0,3.1958399700128863,REPLACED_BY_UTIAMC
GLAXO,1200,1207,2900.0,2918.0,2.1527015745060076,REPLACED_BY_SANSERA
COROMANDEL,1199,1208,1709.0,1748.5,3.678199564821651,REPLACED_BY_WELSPUNLIV
AUROPHARMA,1194,1209,1428.3499755859375,1543.5999755859375,4.315209905415498,REPLACED_BY_DIXON
SANSERA,1207,1210,1535.0,1517.0,4.156763807070963,REPLACED_BY_VOLTAS
PERSISTENT,1203,1210,4905.0,4925.0,1.2171757217456372,REPLACED_BY_SBILIFE
TVSMOTOR,1201,1211,2635.800048828125,2750.0,2.333380795469646,REPLACED_BY_BALRAMCHIN
SHRIRAMFIN,1205,1211,627.989990234375,639.7999877929688,9.586366848210691,REPLACED_BY_LTM
UTIAMC,1206,1212,1160.0,1117.050048828125,5.48582498398142,REPLACED_BY_BAJAJ-AUTO
JUBLFOOD,1200,1213,651.0,654.0,9.552231456090832,REPLACED_BY_PERSISTENT
WELSPUNLIV,1208,1213,195.0,193.97000122070312,32.0603136873528,REPLACED_BY_NAUKRI
DIXON,1209,1213,13399.9501953125,12556.04360358376,0.4762416400763378,STOP
BALRAMCHIN,1211,1214,582.2000122070312,591.8499755859375,10.929942803754914,REPLACED_BY_INFY
GLENMARK,1199,1214,1475.5999755859375,1694.5,3.173588823596834,REPLACED_BY_LTFOODS
GRANULES,1188,1215,548.4500122070312,681.2000122070312,11.143270851057101,REPLACED_BY_BAJAJHLDNG
NAUKRI,1213,1215,1535.989990234375,1459.0248751126362,3.891238369317366,STOP
LTM,1211,1216,6114.0,6089.7998046875,1.0452399132500425,REPLACED_BY_CHOICEIN
INFY,1214,1217,1967.0,1897.5295781418101,3.2389506762944427,STOP
BAJAJ-AUTO,1212,1218,10835.0,10830.099609375,0.5638749217769713,REPLACED_BY_UTIAMC
BAJAJHLDNG,1215,1218,10625.0,10342.11819329211,0.5861120720912617,STOP
HCLTECH,1214,1219,1806.0,1749.449951171875,3.521943108845373,REPLACED_BY_GLENMARK
LUPIN,1216,1220,2285.0,2229.0,2.8030618259587166,REPLACED_BY_LTM
TRENT,1202,1220,6440.0,7160.9501953125,0.9438732527319607,REPLACED_BY_AJANTPHARM
ICICIGI,1203,1221,2043.449951171875,2141.949951171875,3.0415512558273727,REPLACED_BY_COFORGE
SBILIFE,1210,1221,1838.75,1863.0,3.459991137213137,REPLACED_BY_ETERNAL
COHANCE,1218,1222,1200.1500244140625,1189.9000244140625,5.273683837235784,REPLACED_BY_SHRIRAMFIN
CONCORDBIO,1219,1222,1860.0,2000.0,3.3823049612728244,REPLACED_BY_CHOLAFIN
CHOICEIN,1216,1223,459.79998779296875,461.0,14.060071680979048,REPLACED_BY_CHOLAHLDNG
AJANTPHARM,1220,1223,3415.89990234375,3339.10009765625,1.8399536008508726,REPLACED_BY_PVRINOX
PERSISTENT,1213,1224,5214.5,5301.0,1.2372525821498037,REPLACED_BY_NAVA
UTIAMC,1218,1224,1302.0,1270.0999755859375,4.885912974159015,REPLACED_BY_HSCL
ETERNAL,1221,1225,276.29998779296875,270.6499938964844,23.203794478217795,REPLACED_BY_UNITDSPR
GLENMARK,1219,1225,1713.0,1714.0,3.443254978690138,REPLACED_BY_BAJAJ-AUTO
VOLTAS,1210,1226,1745.0,1899.0,3.6499357710214935,REPLACED_BY_RADICO
KIMS,1204,1226,487.989990234375,546.75,11.54331175160304,REPLACED_BY_MCX
RADICO,1226,1226,2299.0,2123.430427555339,2.887512824874822,STOP
NAVA,1224,1227,555.5250244140625,610.0,11.60734813473733,REPLACED_BY_MFSL
HSCL,1224,1227,596.0,664.8499755859375,10.834568325609618,REPLACED_BY_BAJAJFINSV
LTM,1220,1228,6332.0,6400.0,0.9938913848764154,REPLACED_BY_SANSERA
PVRINOX,1223,1228,1665.949951171875,1660.0,3.8518190303726705,REPLACED_BY_BHARTIARTL
COFORGE,1221,1229,1379.5999755859375,1377.800048828125,4.608638438609573,REPLACED_BY_IEX
SHRIRAMFIN,1222,1229,679.9400024414062,716.2999877929688,9.342547055242257,REPLACED_BY_HEROMOTOCO
IEX,1229,1229,240.5,226.10104436817824,27.49932661734782,STOP
CHOLAFIN,1222,1230,1580.0,1614.300048828125,4.03308902337874,REPLACED_BY_TRENT
CHOLAHLDNG,1223,1231,1909.949951171875,2050.0,3.3615450149070343,REPLACED_BY_HSCL
HEROMOTOCO,1229,1231,6191.0,5913.511998328759,1.0633164881633286,STOP
KALYANKJIL,1230,1231,775.7000122070312,713.5120732834235,8.494749738539966,STOP
LTFOODS,1214,1232,385.04998779296875,399.0,13.092324982156434,REPLACED_BY_ICICIPRULI
MCX,1226,1233,1165.739990234375,1143.5999755859375,5.607108168040763,REPLACED_BY_BOSCHLTD
SANSERA,1228,1233,1666.75,1689.949951171875,3.888961417440957,REPLACED_BY_M&M
SARDAEN,1227,1234,415.8999938964844,444.0,15.519139099067774,REPLACED_BY_IPCALAB
BHARTIARTL,1228,1235,1719.0,1665.0,3.7867249554664615,REPLACED_BY_BRITANNIA
HSCL,1231,1235,664.0499877929688,639.0999755859375,9.89784892624718,REPLACED_BY_COFORGE
ICICIPRULI,1232,1236,770.0,757.4500122070312,6.136368846936447,REPLACED_BY_JSWSTEEL
MFSL,1227,1236,1166.0,1169.5,5.562424919663602,REPLACED_BY_COLPAL
M&M,1233,1236,3163.14990234375,3031.390239050262,2.0322664253495044,STOP
BRITANNIA,1235,1236,6444.2001953125,6225.159900208174,1.0031267117432956,STOP
CHOLAHLDNG,1232,1237,2080.85009765625,2001.300048828125,3.125107402210564,REPLACED_BY_TORNTPHARM
TRENT,1230,1237,7618.25,7307.2001953125,0.86047048280456,REPLACED_BY_ALKEM
COLPAL,1236,1237,3840.0,3679.7487281980966,1.326872676832098,STOP
UNITDSPR,1225,1238,1560.5,1495.0999755859375,4.187246600698785,REPLACED_BY_TRENT
BAJAJ-AUTO,1225,1238,11840.5,11585.0,0.506768626736515,REPLACED_BY_LALPATHLAB
JSWSTEEL,1236,1238,1042.0,992.4178158622212,6.08604698714532,STOP
BAJAJFINSV,1227,1239,1892.0999755859375,1849.0,3.397069131832083,REPLACED_BY_DIXON
BALRAMCHIN,1232,1240,630.0499877929688,657.7000122070312,10.604965127658597,REPLACED_BY_PAGEIND
BOSCHLTD,1233,1240,37976.0,38606.1484375,0.170370958060354,REPLACED_BY_CHOICEIN
ALKEM,1237,1241,6230.0,6188.89990234375,0.9620347462222758,REPLACED_BY_DIVISLAB
LALPATHLAB,1238,1242,1729.9749755859375,1757.074951171875,2.7167792319547286,REPLACED_BY_MANKIND
WHIRLPOOL,1237,1243,2379.300048828125,2372.300048828125,2.6413466345026206,REPLACED_BY_OBEROIRLTY
TORNTPHARM,1237,1244,3490.0,3497.60009765625,1.7965613648564653,REPLACED_BY_SIEMENS
NAUKRI,1237,1245,1661.780029296875,1636.469970703125,3.805776494271295,REPLACED_BY_NUVAMA
VIJAYA,1238,1246,973.0,1001.3499755859375,6.241142428320012,REPLACED_BY_NATIONALUM
MANKIND,1242,1246,2828.0,2667.75,1.8246074293585794,REPLACED_BY_HINDPETRO
PAGEIND,1240,1247,43935.3984375,45451.0,0.14437814802554666,REPLACED_BY_HDFCLIFE
TRENT,1238,1247,7520.0,7820.0,0.8231739602335737,REPLACED_BY_HINDALCO
COFORGE,1235,1247,1390.4000244140625,1351.8313955493816,4.536764144203871,STOP
SIEMENS,1244,1247,4619.71533203125,4386.025419066092,1.3561074718613917,STOP
NUVAMA,1245,1248,1466.0,1390.199951171875,4.235595372058327,REPLACED_BY_FLUOROCHEM
HINDPETRO,1246,1248,430.3999938964844,404.10026882332824,11.245407318702966,STOP
IPCALAB,1234,1249,1498.050048828125,1565.0999755859375,4.2859234963630986,REPLACED_BY_TIINDIA
HINDALCO,1247,1249,760.0,714.1103679737345,8.407006102609671,STOP
FLUOROCHEM,1248,1249,4775.0498046875,4430.570663327593,1.1723951112758282,STOP
HDFCLIFE,1247,1251,748.8499755859375,718.0,8.532128755019766,REPLACED_BY_CRISIL
DIXON,1239,1251,14550.0,13552.296609066376,0.4118054443575581,STOP
TORNTPOWER,1250,1253,1952.300048828125,1837.199951171875,2.5764241606068436,REPLACED_BY_ICICIBANK
NATIONALUM,1246,1254,224.0,227.89999389648438,27.87428350898148,REPLACED_BY_CUB
COHANCE,1248,1254,1276.800048828125,1279.5,4.8818409996327174,REPLACED_BY_COFORGE
OBEROIRLTY,1243,1255,2000.0,1927.75,3.1236483524101684,REPLACED_BY_BALRAMCHIN
TECHM,1250,1255,1735.050048828125,1646.47726672615,3.5355828399454468,STOP
HCLTECH,1252,1255,1845.0999755859375,1775.1727422829802,3.015658744069784,STOP
BALRAMCHIN,1255,1255,661.0,614.9276382871545,9.226660977121556,STOP
TIINDIA,1249,1257,4441.14990234375,4449.7001953125,1.1538959424904203,REPLACED_BY_ABSLAMC
MFSL,1248,1258,1199.5,1253.199951171875,5.223662121686316,REPLACED_BY_MANKIND
POLYMED,1249,1258,2532.0,2879.0,2.4067298870541256,REPLACED_BY_FORTIS
IPCALAB,1256,1259,1600.0,1599.800048828125,3.063230424877248,REPLACED_BY_SBIN
DIVISLAB,1241,1259,5975.0,5810.0,1.0585499119176334,REPLACED_BY_MAXHEALTH
MCX,1239,1260,1209.989990234375,1293.0,5.200377881913246,REPLACED_BY_PRIVISCL
COHANCE,1256,1260,1309.0,1325.0,4.636095612099129,REPLACED_BY_NATIONALUM
ICICIBANK,1253,1261,1301.3499755859375,1270.0,3.6264090982441433,REPLACED_BY_WELCORP
FORTIS,1258,1261,633.25,623.0999755859375,9.569907599118862,REPLACED_BY_PERSISTENT
MANKIND,1258,1262,2730.0,2662.550048828125,2.225164694145757,REPLACED_BY_FEDERALBNK
GILLETTE,1256,1262,9962.099609375,9836.0,0.6116357866912919,REPLACED_BY_PAGEIND
WELCORP,1261,1262,799.0,727.7000122070312,7.6479066155915865,STOP
CHOICEIN,1240,1263,474.8999938964844,524.7999877929688,13.432104730906822,REPLACED_BY_DIXON
NATIONALUM,1260,1263,245.0,226.61817266626454,25.038630797343345,STOP
PRIVISCL,1260,1264,1963.949951171875,1825.5,3.1587432868009913,REPLACED_BY_RAINBOW
SBIN,1259,1264,849.2000122070312,813.3691024370286,7.165211516962059,STOP
FEDERALBNK,1262,1265,207.8000030517578,196.25589464304284,29.10708430144921,STOP
PAGEIND,1262,1265,47800.0,45553.322395066876,0.122519695039462,STOP
MAXHEALTH,1259,1266,1043.0,1055.0999755859375,5.824906997778848,REPLACED_BY_ECLERX
CRISIL,1251,1266,5117.9501953125,5190.0,1.193391403530828,REPLACED_BY_TECHM
WIPRO,1263,1266,287.5,272.3851373938534,20.720369933925422,STOP
DIXON,1263,1267,15451.900390625,14850.9501953125,0.38612312251973907,REPLACED_BY_MFSL
CUB,1254,1268,132.6374969482422,127.92749786376953,45.98360222110599,REPLACED_BY_HDFCBANK
COHANCE,1265,1268,1250.949951171875,1274.3499755859375,4.574847563443643,REPLACED_BY_IPCALAB
MFSL,1267,1268,1240.0,1166.3842145827828,4.6395134902400486,STOP
ECLERX,1266,1271,1660.1500244140625,1671.199951171875,3.4728425565368974,REPLACED_BY_FEDERALBNK
PERSISTENT,1261,1272,5757.35009765625,5968.9501953125,0.8813290365101808,REPLACED_BY_LAURUSLABS
IPCALAB,1268,1273,1569.8499755859375,1529.949951171875,3.663601517058103,REPLACED_BY_BEL
RAINBOW,1264,1273,1611.050048828125,1588.9000244140625,3.6219094723625,REPLACED_BY_CDSL
FORTIS,1266,1274,642.0,654.4000244140625,9.073351713808263,REPLACED_BY_POLYCAB
CRISIL,1269,1274,5589.5,5307.5498046875,1.041378639253645,REPLACED_BY_KARURVYSYA
TECHM,1266,1275,1684.75,1710.0,3.436313397794065,REPLACED_BY_SYNGENE
HDFCBANK,1268,1275,874.7000122070312,901.75,6.621713977452125,REPLACED_BY_KFINTECH
FEDERALBNK,1271,1276,212.8800048828125,212.0,27.957423825403794,REPLACED_BY_CAMS
HCLTECH,1264,1276,1866.0,1884.0,3.1415280146438187,REPLACED_BY_KAYNES
ABSLAMC,1257,1277,812.7000122070312,873.7999877929688,6.298893221829366,REPLACED_BY_CAPLIPOINT
KFINTECH,1275,1279,1169.800048828125,1263.050048828125,5.044777203686865,REPLACED_BY_ETERNAL
BEL,1273,1279,308.0,314.5,19.234024779240467,REPLACED_BY_KIMS
SYNGENE,1275,1280,938.9000244140625,892.9606392345723,6.294980583354309,STOP
KARURVYSYA,1274,1281,199.1666717529297,201.27499389648438,27.84396612571013,REPLACED_BY_LLOYDSME
CDSL,1273,1282,1623.3499755859375,1912.0,3.3276068418639446,REPLACED_BY_LTM
ETERNAL,1279,1282,300.0,290.0,20.362188522543416,REPLACED_BY_WIPRO
POLYCAB,1274,1283,7175.5,7401.25,0.820129289557242,REPLACED_BY_MAXHEALTH
RAMCOCEM,1267,1284,905.3499755859375,995.0,6.421846253628153,REPLACED_BY_MUTHOOTFIN
KIMS,1279,1284,620.75,596.0,9.900789436832317,REPLACED_BY_PERSISTENT
CAPLIPOINT,1277,1285,2312.39990234375,2446.60009765625,2.3730694795058245,REPLACED_BY_ZENTEC
CAMS,1276,1286,1024.0,1038.0,5.84805112128202,REPLACED_BY_ECLERX
KAYNES,1276,1286,6349.64990234375,7206.89990234375,0.9168575841889913,REPLACED_BY_NAUKRI
LAURUSLABS,1272,1287,546.2000122070312,570.5999755859375,9.87413755314291,REPLACED_BY_SHREECEM
ZENTEC,1285,1288,2178.0,2316.89990234375,2.673270451083103,REPLACED_BY_HCLTECH
LTM,1282,1288,6634.60009765625,6370.0,0.9278976357623812,REPLACED_BY_LEMONTREE
ECLERX,1286,1289,1926.5250244140625,1793.7627134546692,3.273016158331069,STOP
SHREECEM,1287,1289,28320.0,27162.698780456056,0.201861183443133,STOP
MAXHEALTH,1283,1291,1132.0,1151.449951171875,5.346112396316332,REPLACED_BY_AMBER
WIPRO,1282,1291,308.1499938964844,307.5,19.712614611385025,REPLACED_BY_MANKIND
MUTHOOTFIN,1284,1291,2124.949951171875,2027.3575375854678,2.877287651677288,STOP
HCLTECH,1288,1292,1910.0,1887.0793586992193,3.2133243356826653,STOP
AMBER,1291,1294,6829.75,7404.5498046875,0.8878816902444787,REPLACED_BY_LAURUSLABS
LEMONTREE,1288,1294,151.0,148.97999572753906,39.27615675495585,REPLACED_BY_DRREDDY
MANKIND,1291,1295,2974.89990234375,2858.35009765625,2.045527336651196,REPLACED_BY_BAJAJHLDNG
DIXON,1281,1295,17400.0,18000.0,0.3516976432618799,REPLACED_BY_DIVISLAB
BAJAJHLDNG,1295,1295,12488.0,11724.058462075798,0.4929948563593135,STOP
NAUKRI,1286,1296,1751.0,1737.5899658203125,3.5608509964716313,REPLACED_BY_IPCALAB
PERSISTENT,1284,1297,6420.0498046875,6435.0,0.9510636317911396,REPLACED_BY_MUTHOOTFIN
DRREDDY,1294,1297,1389.5999755859375,1371.449951171875,4.4298417652706314,REPLACED_BY_JUBLFOOD
COROMANDEL,1290,1298,1842.050048828125,1940.199951171875,3.3243142597747486,REPLACED_BY_WELCORP
OBEROIRLTY,1292,1299,2306.0,2270.0,2.535724464723213,REPLACED_BY_BLUESTARCO
WELCORP,1298,1299,820.0,772.3843531848063,7.686227021394307,STOP
DIVISLAB,1295,1300,6029.39990234375,5910.0,0.9979493515793038,REPLACED_BY_APARINDS
LLOYDSME,1281,1300,1115.0,1405.0,4.664957334898094,REPLACED_BY_PATANJALI
BLUESTARCO,1299,1300,2377.449951171875,2158.505248617615,2.4676270458171885,STOP
INDHOTEL,1266,1301,742.0999755859375,857.0,7.821918189441268,REPLACED_BY_ANANTRAJ
360ONE,1290,1301,1238.050048828125,1164.09146706552,4.197362067410931,STOP
LUPIN,1296,1301,2354.0,2243.9652482113474,2.6290420524903504,STOP
COFORGE,1254,1302,1550.75,1913.06005859375,3.934589257445241,REPLACED_BY_NH
APARINDS,1300,1302,11179.150390625,10463.044886084454,0.55275966382521,STOP
IPCALAB,1296,1303,1704.0,1654.0,3.3700625941615323,REPLACED_BY_HCLTECH
MUTHOOTFIN,1297,1303,2201.85009765625,2105.633509274784,2.8058186204444477,STOP
OBEROIRLTY,1302,1303,2262.0,2139.7108870112816,2.6665783869137516,STOP
JKCEMENT,1303,1303,4720.10009765625,4523.596389330082,1.27087690155911,STOP
LAURUSLABS,1294,1304,591.0,556.2627541821306,10.49095499640531,STOP
ASTERDM,1300,1304,524.9500122070312,491.1000061035156,11.837505441450146,STOP
MAXHEALTH,1301,1304,1220.0999755859375,1118.8319386037062,5.162835578365959,STOP
ANANTRAJ,1301,1304,890.0,819.4049775905266,6.398380897403993,STOP
KIMS,1302,1304,656.8499755859375,622.729253067768,9.20895449395659,STOP
NH,1302,1304,1350.0,1295.3919408263516,4.457447005316765,STOP
HCLTECH,1303,1305,1936.0,1849.8520020678725,2.832919144241119,STOP
JUBLFOOD,1297,1306,739.2000122070312,699.6551907187679,8.091013576751694,STOP
ABBOTINDIA,1293,1307,28690.0,27745.69921875,0.21072268660907667,REPLACED_BY_LLOYDSME
MARICO,1304,1308,671.0,650.0,8.716541716244576,REPLACED_BY_COROMANDEL
INFY,1304,1308,1956.0,1851.0,2.9863889886388515,STOP
TCS,1305,1309,4302.0,4145.7998046875,1.3293725172723856,REPLACED_BY_MINDACORP
PATANJALI,1300,1310,617.3833618164062,612.6333618164062,9.621738394132775,REPLACED_BY_WELCORP
NAVINFLUOR,1305,1310,3619.550048828125,3798.0,1.5767570199728818,REPLACED_BY_LTTS
UNOMINDA,1304,1310,1103.0,1022.4351827779533,5.0956304065714795,STOP
INDIACEM,1305,1310,378.0,363.367557121716,15.139253512458623,STOP
LLOYDSME,1307,1311,1450.0,1332.4983733505876,3.9620403034916083,STOP
COROMANDEL,1308,1311,1875.4000244140625,1770.53577697851,3.0164962607790424,STOP
MARICO,1309,1313,667.4500122070312,669.3499755859375,8.576277345607403,REPLACED_BY_JKCEMENT
MINDACORP,1309,1313,585.0999755859375,582.0,9.027199433290283,REPLACED_BY_WIPRO
UBL,1311,1314,2055.0,2068.0,2.646645742381594,REPLACED_BY_EICHERMOT
WELCORP,1310,1314,798.4500122070312,771.0,7.149056000859977,REPLACED_BY_LAURUSLABS
LAURUSLABS,1314,1314,610.0,564.6121654882021,8.820594209253798,STOP
BSE,1307,1315,1943.3333740234375,1774.5677857076755,2.943283804661317,STOP
NAVINFLUOR,1311,1315,3814.64990234375,3564.8000666424764,1.4867211609912274,STOP
BIOCON,1305,1316,371.8500061035156,360.20001220703125,14.66641443127152,REPLACED_BY_BAJAJFINSV
REDINGTON,1305,1317,207.89999389648438,206.60000610351562,27.857940223993293,REPLACED_BY_MARICO
LTTS,1310,1317,5373.2998046875,5350.0,1.062320000491276,REPLACED_BY_ULTRACEMCO
KOTAKBANK,1312,1318,381.4200134277344,380.6099853515625,13.14690672837566,REPLACED_BY_TORNTPHARM
BAJAJFINSV,1316,1319,1776.949951171875,1747.0,2.8130388434124507,REPLACED_BY_BHARTIARTL
PATANJALI,1315,1319,609.9000244140625,603.6666870117188,8.141164669009557,REPLACED_BY_UPL
ULTRACEMCO,1317,1319,11544.849609375,10954.955057350524,0.47217385373495724,STOP
TORNTPHARM,1318,1319,3339.75,3200.2697220023247,1.6259706990532314,STOP
MUTHOOTFIN,1312,1320,2205.0,2163.0,2.52785510590628,REPLACED_BY_TATACONSUM
JKCEMENT,1313,1320,4787.9501953125,4725.10009765625,1.1782747300645482,REPLACED_BY_JUBLFOOD
WIPRO,1313,1321,319.0,318.0,16.67682349639216,REPLACED_BY_NAVINFLUOR
MARICO,1317,1322,674.5499877929688,675.5499877929688,8.11368062653422,REPLACED_BY_TVSMOTOR
UBL,1320,1322,2235.949951171875,2104.2248942831575,2.4544984693603147,STOP
TATACONSUM,1320,1322,1067.3499755859375,1015.8452869608855,5.129474153269759,STOP
JUBLFOOD,1320,1323,735.0,726.0,6.634468563858755,REPLACED_BY_MUTHOOTFIN
SBICARD,1306,1324,737.0,812.0,7.089258146626508,REPLACED_BY_NH
TITAN,1320,1325,3565.0,3415.0,1.5449796727602334,REPLACED_BY_CHAMBLFERT
TVSMOTOR,1322,1325,2655.0,2616.0,2.0582967555968956,REPLACED_BY_SHREECEM
BIOCON,1323,1326,390.25,378.54998779296875,14.128377308393098,REPLACED_BY_M&M
EICHERMOT,1314,1326,5190.0,4974.600469811471,1.0735485369641165,STOP
COROMANDEL,1323,1327,1884.0999755859375,1763.9526412816272,2.9263835868825,STOP
MUTHOOTFIN,1323,1327,2267.0,2141.6499165642504,1.8171531966132624,STOP
CHAMBLFERT,1325,1327,556.0,520.2322476585917,9.831909932466456,STOP
MARUTI,1316,1329,12120.0,12700.0,0.44234401724106664,REPLACED_BY_KOTAKBANK
M&M,1326,1329,3146.85009765625,2999.0,1.6944805225120343,REPLACED_BY_SBICARD
LTTS,1327,1329,5279.39990234375,4952.744740963057,1.0010718896824677,STOP
BAJFINANCE,1316,1330,765.7249755859375,822.0250244140625,7.050283265013336,REPLACED_BY_BAJAJHLDNG
SRF,1305,1331,2505.5,2749.25,2.2672776385886597,REPLACED_BY_BAJAJFINSV
BERGEPAINT,1328,1331,484.70001220703125,484.0,7.453641311887144,REPLACED_BY_ABBOTINDIA
UBL,1328,1334,2058.050048828125,2028.199951171875,2.5569644423078963,REPLACED_BY_CHAMBLFERT
NAVINFLUOR,1321,1334,4175.0,4024.0,1.2664297032403322,REPLACED_BY_MEDANTA
ASHOKLEY,1328,1335,110.30000305175781,110.0,47.9639199966952,REPLACED_BY_ANANDRATHI
SHREECEM,1325,1336,28308.0,28244.0,0.18904235273365355,REPLACED_BY_INDIGO
UPL,1319,1336,609.7999877929688,648.0999755859375,7.156939414788078,REPLACED_BY_BERGEPAINT
BAJAJHLDNG,1330,1337,12032.599609375,11759.0,0.4305362442003008,REPLACED_BY_ASHOKLEY
JSWSTEEL,1330,1337,964.5999755859375,958.75,5.389603433173023,REPLACED_BY_BATAINDIA
BATAINDIA,1337,1337,1330.449951171875,1260.5496192400017,3.735602896937985,STOP
MEDANTA,1334,1338,1207.9000244140625,1185.0,4.1282653837859495,REPLACED_BY_SHRIRAMFIN
ASHOKLEY,1337,1338,113.75,106.1792136978452,45.97170450266502,STOP
BERGEPAINT,1336,1339,503.0,488.0,9.53370760668396,REPLACED_BY_HDFCBANK
INDIGO,1336,1339,4540.0,4289.962088715135,1.1431138669640273,STOP
BAJAJFINSV,1331,1340,1892.0,1791.4802277051554,2.7475272861930384,STOP
BAJFINANCE,1338,1341,866.5,830.1263650393253,6.000546646327236,STOP
ANANDRATHI,1335,1342,1001.5875244140625,946.5250244140625,5.2145927668156995,REPLACED_BY_FORTIS
SBICARD,1329,1343,861.0,837.0499877929688,6.097969969341425,REPLACED_BY_BERGEPAINT
HDFCBANK,1339,1344,869.9000244140625,844.5,5.066297178268439,REPLACED_BY_SRF
FORTIS,1342,1345,666.0,614.2000122070312,7.062956134784036,REPLACED_BY_SBICARD
ABBOTINDIA,1331,1346,28300.0,30520.0,0.18112117229807245,REPLACED_BY_CEMPRO
SHREECEM,1340,1346,27362.5,28100.0,0.17868343321953367,REPLACED_BY_JSWSTEEL
BERGEPAINT,1343,1347,501.0,482.5,10.157715980652833,REPLACED_BY_BAJFINANCE
NH,1324,1347,1396.0,1592.199951171875,3.9756140188085114,REPLACED_BY_INDIGO
SHRIRAMFIN,1338,1348,609.9500122070312,613.4000244140625,7.168905566203872,REPLACED_BY_AAVAS
CHOLAFIN,1341,1350,1458.0,1520.0,3.365841222448076,REPLACED_BY_BAJAJFINSV
SBICARD,1345,1352,840.0,860.4000244140625,5.148896467900267,REPLACED_BY_MANAPPURAM
HINDALCO,1339,1352,634.4500122070312,715.0,8.035240574436488,REPLACED_BY_NH
CEMPRO,1346,1353,547.9500122070312,556.0,9.404666667462543,REPLACED_BY_SUNDARMFIN
BHARTIARTL,1319,1354,1627.0,1725.0,3.3645003040390793,REPLACED_BY_AVANTIFEED
TATASTEEL,1342,1355,146.7899932861328,156.1999969482422,35.31112248030039,REPLACED_BY_CHOLAHLDNG
MUTHOOTFIN,1351,1355,2425.35009765625,2355.39990234375,2.1683312094382328,REPLACED_BY_BAJAJFINSV
MANAPPURAM,1352,1356,226.0,231.0,24.28262808209254,REPLACED_BY_NAVINFLUOR
NH,1352,1356,1684.800048828125,1637.800048828125,2.907720817926553,REPLACED_BY_SBICARD
SUNDARMFIN,1353,1356,4965.0,4565.785991571898,1.050016350119033,STOP
SRF,1344,1358,2945.0,2931.0,1.448445408321177,REPLACED_BY_JKCEMENT
CHOLAHLDNG,1355,1358,1829.0,1680.6988246535032,2.916373803849053,STOP
BAJFINANCE,1347,1360,850.0,865.0,6.042871917899254,REPLACED_BY_SUMICHEM
AVANTIFEED,1354,1360,941.0,846.0499877929688,5.7618444330607455,STOP
BALRAMCHIN,1359,1362,556.9500122070312,529.75,8.774330376369393,REPLACED_BY_NH
JSWSTEEL,1346,1362,1024.699951171875,906.0,5.044627667548027,STOP
AAVAS,1348,1362,1876.699951171875,1674.199951171875,2.718064302712222,STOP
BAJAJFINSV,1355,1362,1951.0,1835.0,2.7383221442448544,STOP
NAVINFLUOR,1356,1362,4166.2001953125,3700.0,1.2567183574024297,STOP
SBICARD,1356,1362,868.6500244140625,763.5,6.071197288749102,STOP
SUMICHEM,1360,1362,565.0,502.0,9.203868343256604,STOP
UPL,1361,1362,649.5,595.0,7.500302878932002,STOP
KOTAKBANK,1329,1365,394.79998779296875,413.0,13.289079890779721,REPLACED_BY_INDUSTOWER
TORNTPHARM,1363,1366,3241.199951171875,3206.39990234375,1.4873244341473877,REPLACED_BY_MARICO
GODREJCP,1363,1366,1178.5,1234.699951171875,2.628048312714953,REPLACED_BY_NESTLEIND
BRITANNIA,1363,1368,5062.4501953125,5420.0,0.951242205319739,REPLACED_BY_PATANJALI
TATACONSUM,1363,1368,1056.0,1104.0,4.591911117360723,REPLACED_BY_NH
RAMCOCEM,1363,1369,928.0499877929688,967.3499755859375,5.22101489355085,REPLACED_BY_SBICARD
NESTLEIND,1366,1369,1190.699951171875,1200.5,3.0020972822395313,REPLACED_BY_DMART
MARICO,1366,1370,716.0,698.9000244140625,6.935615530214075,REPLACED_BY_LTF
INDUSTOWER,1365,1370,371.04998779296875,409.20001220703125,13.26304936894572,REPLACED_BY_CHOLAFIN
GMRAIRPORT,1363,1371,83.91999816894531,87.0,58.49352864579562,REPLACED_BY_TVSMOTOR
JKCEMENT,1358,1372,4949.5,5116.2998046875,0.8551725198446773,REPLACED_BY_SOLARINDS
SHREECEM,1357,1372,30700.0,30535.0,0.1592774871713295,REPLACED_BY_KIMS
CHOLAFIN,1370,1372,1648.9000244140625,1544.6114411124809,3.071600354865857,STOP
PATANJALI,1368,1373,668.1666870117188,657.3333129882812,7.524759264616019,REPLACED_BY_COROMANDEL
BERGEPAINT,1363,1374,520.0,547.1500244140625,9.394155448746558,REPLACED_BY_GRASIM
SBICARD,1369,1374,906.2999877929688,859.1036599116235,5.596305308040308,STOP
LTF,1370,1374,171.80999755859375,160.45106839704195,29.769021268906652,STOP
KIMS,1372,1375,689.0,671.5999755859375,5.901239172478179,REPLACED_BY_SRF
DMART,1369,1376,4357.0,4352.0,0.8396241220715289,REPLACED_BY_GMRAIRPORT
JKCEMENT,1373,1376,5262.0,5132.0,0.9723755275131648,REPLACED_BY_MFSL
BAJAJFINSV,1375,1376,2061.0,1938.7551368405468,2.4322120464731567,STOP
COROMANDEL,1373,1377,2241.199951171875,2244.0,2.0279473012841436,REPLACED_BY_CHOICEIN
NH,1368,1377,1810.0,1770.0,2.7984792085596646,REPLACED_BY_SBILIFE
INDIGO,1347,1378,4740.0,5420.0,1.0841250733524,REPLACED_BY_ANURAS
SRF,1375,1378,3055.0,2983.0,1.1921471792858962,REPLACED_BY_GODFRYPHLP
ICICIBANK,1375,1379,1428.800048828125,1429.0,3.4891550549599497,REPLACED_BY_NAVINFLUOR
HDFCBANK,1363,1379,882.5,965.0,5.472308278161035,REPLACED_BY_RELIANCE
GRASIM,1374,1380,2735.0,2699.0,1.8250383237680368,REPLACED_BY_BHARTIARTL
GMRAIRPORT,1376,1380,89.19999694824219,84.5,55.5364600277946,REPLACED_BY_RADICO
SBILIFE,1377,1381,1761.0,1741.300048828125,2.433455701970605,REPLACED_BY_ASTERDM
TVSMOTOR,1371,1381,2738.5,2800.0,1.8701967400036965,REPLACED_BY_SBICARD
NAVINFLUOR,1379,1382,4640.0,4525.0,1.0688454086948709,REPLACED_BY_ICICIBANK
RADICO,1380,1382,2539.89990234375,2375.0,1.94629130788435,STOP
SBICARD,1381,1382,909.2000122070312,862.0,4.926914076859987,STOP
MFSL,1376,1383,1304.9000244140625,1304.9000244140625,2.8082835985241816,REPLACED_BY_SCHAEFFLER
BHARTIARTL,1380,1384,1901.0,1870.0,2.605947138356269,REPLACED_BY_APLAPOLLO
CHAMBLFERT,1334,1384,561.3499755859375,688.5,9.378848150899248,REPLACED_BY_BHARTIHEXA
RELIANCE,1379,1385,1431.0,1420.0,3.472459289371532,REPLACED_BY_BEL
MRF,1377,1385,134800.0,140425.0,0.03649700141832524,REPLACED_BY_SHYAMMETL
NAVINFLUOR,1383,1385,4745.0,4264.989196123553,1.0521842417978526,STOP
SCHAEFFLER,1383,1387,3745.5,3942.60009765625,0.6960209290060497,REPLACED_BY_HAL
BHARTIHEXA,1384,1387,1757.0,1714.0,2.7909109407604977,REPLACED_BY_JINDALSTEL
ASTERDM,1381,1388,537.5,596.0499877929688,9.23906577200897,REPLACED_BY_CEATLTD
ICICIBANK,1382,1389,1415.199951171875,1450.199951171875,3.3971590861929823,REPLACED_BY_MFSL
SHYAMMETL,1385,1389,920.0,915.0,5.387574116175366,REPLACED_BY_BAJAJHLDNG
BAJAJHLDNG,1389,1389,14000.0,12903.592273788632,0.362058727360671,STOP
COROMANDEL,1383,1390,2380.0,2395.699951171875,2.0635475511044303,REPLACED_BY_CESC
GODFRYPHLP,1378,1391,2817.0,2833.333251953125,1.5962259073948977,REPLACED_BY_TATASTEEL
JINDALSTEL,1387,1392,966.4000244140625,953.0499877929688,3.660036560473176,REPLACED_BY_ATUL
CESC,1390,1393,175.3000030517578,170.99000549316406,26.62022988124668,REPLACED_BY_HDFCLIFE
CEATLTD,1388,1393,3849.89990234375,3800.0,1.3248312935978417,REPLACED_BY_CUB
TATASTEEL,1391,1394,160.97999572753906,162.50999450683594,28.01026501614027,REPLACED_BY_MRF
ATUL,1392,1395,7225.5,7032.0,0.4813160167826398,REPLACED_BY_LODHA
MRF,1394,1396,146625.0,141299.56838949025,0.030951833745627853,STOP
UNIONBANK,1390,1397,138.3000030517578,141.25,36.06807901895631,REPLACED_BY_CANBK
EIDPARRY,1386,1398,923.0,948.7000122070312,5.358016410521885,REPLACED_BY_AIIL
LODHA,1395,1398,1460.0,1420.0,2.311284654299714,REPLACED_BY_BSE
HAL,1387,1399,4874.0,5027.0,1.035335721835632,REPLACED_BY_BHARTIHEXA
APLAPOLLO,1384,1399,1725.0,1811.0,2.8650506209242654,REPLACED_BY_UNIONBANK
HDFCLIFE,1393,1399,784.2999877929688,747.363428439568,6.538339041464978,STOP
CUB,1393,1401,148.0500030517578,147.6374969482422,29.918388815614797,REPLACED_BY_INTELLECT
BHARTIHEXA,1399,1402,1842.0999755859375,1864.199951171875,2.769268071281842,REPLACED_BY_SCHAEFFLER
UNIONBANK,1399,1402,153.5,153.6999969482422,33.4582978805841,REPLACED_BY_LLOYDSME
CHOICEIN,1377,1403,618.0,704.9000244140625,8.044950962908667,REPLACED_BY_MCX
MFSL,1389,1404,1396.5999755859375,1521.0,3.6372467529014934,REPLACED_BY_AUBANK
BSE,1398,1404,2690.0,3009.300048828125,1.1871608939107052,REPLACED_BY_HDFCAMC
SCHAEFFLER,1402,1405,4344.89990234375,4228.0,1.2063019322562374,REPLACED_BY_CEMPRO
INTELLECT,1401,1405,1201.0,1185.0,3.666814867960724,REPLACED_BY_ABCAPITAL
LLOYDSME,1402,1407,1539.0,1460.0,3.270227298102749,REPLACED_BY_MANAPPURAM
HDFCAMC,1404,1407,2620.0,2465.5,1.616329044272547,STOP
CANBK,1397,1408,111.12000274658203,110.44999694824219,38.679346319436036,REPLACED_BY_SBICARD
CEMPRO,1405,1408,814.5,770.0,6.484717015010101,REPLACED_BY_GMDCLTD
AIIL,1398,1409,479.6400146484375,499.760009765625,10.730242567232121,REPLACED_BY_MFSL
DEEPAKFERT,1397,1410,1525.0,1565.0,3.371597438155306,REPLACED_BY_MUTHOOTFIN
GMDCLTD,1408,1411,410.0,395.0,6.967213098890336,REPLACED_BY_TDPOWERSYS
SBICARD,1408,1411,1001.0999755859375,960.0700181811487,5.156205398620169,STOP
JKCEMENT,1400,1414,5527.0,5893.0,0.9040830198559159,REPLACED_BY_AIIL
AFFLE,1408,1415,1926.5,1922.0,2.695197942595645,REPLACED_BY_CHOICEIN
MANAPPURAM,1407,1415,265.0,271.3500061035156,17.963130991991893,REPLACED_BY_LTF
MUTHOOTFIN,1410,1416,2618.0,2574.0,1.9751996141944888,REPLACED_BY_ASTERDM
TDPOWERSYS,1411,1416,262.7250061035156,260.25,11.061175059611847,REPLACED_BY_NH
MFSL,1409,1417,1585.0,1636.699951171875,3.3273893715877176,REPLACED_BY_GILLETTE
AIIL,1414,1418,522.5599975585938,530.9000244140625,10.093021440667332,REPLACED_BY_TVSMOTOR
CHOICEIN,1415,1419,709.2999877929688,703.0,7.4636809865799325,REPLACED_BY_LAURUSLABS
ANURAS,1378,1419,870.0,1136.0,5.640586821235552,REPLACED_BY_POONAWALLA
ASTERDM,1416,1420,594.5999755859375,594.7999877929688,8.997590078365809,REPLACED_BY_RBLBANK
NH,1416,1420,2088.5,2094.89990234375,1.2396528850900423,REPLACED_BY_DEEPAKFERT
SOLARINDS,1372,1421,13148.0,17028.0,0.39259008893529757,REPLACED_BY_KARURVYSYA
GILLETTE,1417,1422,10780.5,10730.0,0.4972898364333003,REPLACED_BY_EIDPARRY
TVSMOTOR,1418,1422,2948.0,2900.0,1.8241594779776502,REPLACED_BY_APOLLOHOSP
DEEPAKFERT,1420,1423,1751.800048828125,1629.5138869221275,1.8626537027434205,STOP
POONAWALLA,1419,1424,464.1000061035156,466.1000061035156,11.631139549235463,REPLACED_BY_GLENMARK
CEMPRO,1412,1425,816.5,857.0,6.044690139906861,REPLACED_BY_DELHIVERY
RBLBANK,1420,1425,261.989990234375,250.0,20.831926308197005,REPLACED_BY_BPCL
EIDPARRY,1422,1426,1109.199951171875,1085.0,4.7980102815513685,REPLACED_BY_MRF
APOLLOHOSP,1422,1426,7593.0,7455.0,0.7069850398635115,REPLACED_BY_IIFL
MCX,1403,1427,1513.699951171875,1660.199951171875,3.486099213157131,REPLACED_BY_NAM-INDIA
ABCAPITAL,1405,1427,246.0,270.0,16.81026162419722,REPLACED_BY_BOSCHLTD
BEL,1385,1428,339.0,405.5,14.662385252882327,REPLACED_BY_CUMMINSIND
BPCL,1425,1428,355.6000061035156,345.8500061035156,14.097234415259415,REPLACED_BY_RBLBANK
AUBANK,1404,1429,772.5,804.0,6.756907285655737,REPLACED_BY_PRESTIGE
KARURVYSYA,1421,1429,227.6666717529297,225.375,23.60184745972177,REPLACED_BY_ABDL
GLENMARK,1424,1430,1860.0999755859375,2220.0,2.314241537884585,REPLACED_BY_HDFCAMC
LTF,1415,1431,204.0,203.25999450683594,23.37231239274514,REPLACED_BY_CHOICEIN
ATUL,1424,1431,7695.0,7410.0,0.6916373189228734,REPLACED_BY_GLAND
MRF,1426,1433,150100.0,148400.0,0.03504744272096855,REPLACED_BY_UTIAMC
ABDL,1429,1434,488.79998779296875,472.95001220703125,10.919638749793842,REPLACED_BY_CRAFTSMAN
RBLBANK,1428,1435,265.0,255.99000549316406,19.984054823008567,REPLACED_BY_SCHNEIDER
GLAND,1431,1435,1987.199951171875,1963.0,2.231557229916731,REPLACED_BY_RAMCOCEM
BOSCHLTD,1427,1436,36200.0,37980.0,0.13776659707965316,REPLACED_BY_UPL
IIFL,1426,1436,507.0,534.0,10.225663322724413,REPLACED_BY_GVT&D
PRESTIGE,1429,1437,1730.5999755859375,1680.0,3.077019204592775,REPLACED_BY_FORTIS
NAM-INDIA,1427,1437,820.0,822.2000122070312,6.473547304554345,REPLACED_BY_JINDALSTEL
UTIAMC,1433,1437,1430.0,1351.0577307279873,3.626196327216898,STOP
RAMCOCEM,1435,1438,1190.0,1144.0999755859375,3.4025766266076642,REPLACED_BY_ETERNAL
CRAFTSMAN,1434,1438,6585.0,6276.5,0.7819245490293568,REPLACED_BY_SYRMA
SCHNEIDER,1435,1438,939.0,872.2439687684192,5.770769791620574,STOP
CHOICEIN,1431,1439,752.8499755859375,735.5,7.1980776202925245,REPLACED_BY_NUVOCO
JINDALSTEL,1437,1440,1001.9500122070312,989.4000244140625,5.153774251320582,REPLACED_BY_EIDPARRY
DELHIVERY,1425,1441,412.79998779296875,406.95001220703125,12.946187924038066,REPLACED_BY_BOSCHLTD
UPL,1436,1442,726.0,703.9500122070312,7.381927549472279,REPLACED_BY_ABDL
CUMMINSIND,1428,1442,3567.0,3559.89990234375,1.4885484267414266,REPLACED_BY_GLAND
ANANDRATHI,1439,1443,1325.0,1300.0,3.944523696310638,REPLACED_BY_JKCEMENT
HDFCAMC,1430,1443,2642.0,2807.25,2.0268727252786505,REPLACED_BY_TORNTPHARM
SHYAMMETL,1438,1444,975.0,975.0,5.393562733245303,REPLACED_BY_DELHIVERY
GLAND,1442,1444,2060.0,1943.9355834981138,2.5296857291347843,STOP
BOSCHLTD,1441,1445,39500.0,38293.42961482616,0.131684788737019,STOP
TORNTPHARM,1443,1445,3658.300048828125,3529.669903616065,1.4263710964794258,STOP
SYRMA,1438,1446,731.5499877929688,705.2000122070312,4.3509943851818225,REPLACED_BY_LALPATHLAB
LAURUSLABS,1419,1446,730.0,828.0,7.478364665126255,REPLACED_BY_JSL
ETERNAL,1438,1446,310.0,291.54998779296875,16.829375282406726,STOP
EIDPARRY,1440,1446,1212.0,1139.6406824678693,4.194612086429785,STOP
JSL,1446,1446,734.0,691.9180854376468,5.204634329068677,STOP
ABDL,1442,1448,516.0,495.0,10.279301682026333,REPLACED_BY_PAYTM
ABCAPITAL,1445,1449,282.0,271.5,18.53232441918822,REPLACED_BY_ECLERX
ECLERX,1449,1452,2051.0,2042.5,2.445857683825256,REPLACED_BY_ETERNAL
JINDALSTEL,1447,1452,999.5,990.0,5.12848771678003,REPLACED_BY_CIPLA
MEDANTA,1446,1453,1338.0,1353.5999755859375,3.85739351543292,REPLACED_BY_MARUTI
GVT&D,1436,1453,2524.5,2835.0,2.1000473668758834,REPLACED_BY_HEROMOTOCO
INDIANB,1447,1454,647.6500244140625,671.0,7.91465031991488,REPLACED_BY_UNOMINDA
DELHIVERY,1444,1454,460.45001220703125,472.95001220703125,11.390667081249504,REPLACED_BY_LTF
CIPLA,1452,1455,1566.199951171875,1540.0999755859375,3.070870635143132,REPLACED_BY_DMART
JKCEMENT,1443,1456,6676.0,7120.0,0.78522458990101,REPLACED_BY_ABCAPITAL
NUVOCO,1439,1457,403.0,462.0,12.581326618770962,REPLACED_BY_HDFCAMC
LALPATHLAB,1446,1459,1596.449951171875,1653.949951171875,3.218000796245385,REPLACED_BY_NYKAA
ABCAPITAL,1456,1459,291.79998779296875,283.0,18.388812495700133,REPLACED_BY_HINDUNILVR
HDFCAMC,1457,1459,2920.0,2797.152359370709,1.8348319901654648,STOP
JSL,1460,1460,810.3499755859375,756.7987552639169,6.549506434537501,STOP
PAYTM,1448,1462,1063.0,1240.5999755859375,4.772354122723843,REPLACED_BY_EICHERMOT
HINDUNILVR,1459,1462,2748.0,2649.0,1.9758699101814712,REPLACED_BY_DIXON
DMART,1455,1463,4737.89990234375,4680.0,1.0961043640919135,REPLACED_BY_DALBHARAT
FORTIS,1437,1463,844.3499755859375,934.2000122070312,6.273097921349137,REPLACED_BY_RBLBANK
CUMMINSIND,1446,1464,3634.199951171875,3908.89990234375,1.4201175261293946,REPLACED_BY_INDIACEM
UNOMINDA,1454,1465,1230.0,1280.0,4.379918661333904,REPLACED_BY_MUTHOOTFIN
ETERNAL,1452,1465,318.3999938964844,327.54998779296875,16.435604519031685,REPLACED_BY_ANANDRATHI
INDIACEM,1464,1468,410.95001220703125,391.95001220703125,13.261338455264386,REPLACED_BY_ACUTAAS
DALBHARAT,1463,1468,2402.199951171875,2422.60009765625,2.214899642630942,REPLACED_BY_CUMMINSIND
HEROMOTOCO,1453,1469,4984.0,5350.5,1.0608181097961737,REPLACED_BY_LAURUSLABS
RBLBANK,1463,1470,270.70001220703125,271.5,19.75726719107401,REPLACED_BY_CGPOWER
BOSCHLTD,1461,1471,40220.0,40040.0,0.12718999738390452,REPLACED_BY_BAJFINANCE
ACUTAAS,1468,1471,1498.0999755859375,1448.0,3.617733864749647,REPLACED_BY_MSUMI
MSUMI,1471,1472,50.34000015258789,49.0,107.61298212961113,INELIGIBLE
NYKAA,1459,1474,232.8000030517578,243.85000610351562,22.96666373100827,REPLACED_BY_DALBHARAT
TVSMOTOR,1447,1474,3014.89990234375,3518.800048828125,0.9938916088675788,REPLACED_BY_GVT&D
AIIL,1472,1475,659.0,645.4600219726562,8.231557136171027,REPLACED_BY_POLYCAB
CUMMINSIND,1468,1475,4064.0,4105.0,1.356109184327162,REPLACED_BY_ETERNAL
DALBHARAT,1474,1476,2488.89990234375,2389.2015832573434,2.1978940789470403,STOP
CGPOWER,1470,1477,786.0,771.2000122070312,6.846724865016985,REPLACED_BY_CUPID
GVT&D,1474,1478,2999.89990234375,3000.0,1.2624911907361924,REPLACED_BY_CANBK
ANANDRATHI,1465,1479,1490.25,1441.4000244140625,3.612350050299672,REPLACED_BY_ASHOKLEY
DIXON,1462,1479,17670.0,18389.0,0.30274648851374447,REPLACED_BY_JSWINFRA
LAURUSLABS,1469,1480,899.5999755859375,880.2999877929688,6.0037548386731805,REPLACED_BY_JSWSTEEL
EICHERMOT,1462,1480,6310.5,6980.0,0.84759375175934,REPLACED_BY_AMBER
ETERNAL,1475,1480,337.0,322.99839517384993,16.02214690929308,STOP
JSWINFRA,1479,1480,341.95001220703125,328.1524907109332,15.46002956816611,STOP
POLYCAB,1475,1481,7440.5,7325.0,0.7321973956038249,REPLACED_BY_INDIANB
AMBER,1480,1481,8375.0,8004.397715286146,0.6422519878008314,STOP
USHAMART,1477,1482,432.0,474.0,12.628956927645524,REPLACED_BY_MTARTECH
CUPID,1477,1483,43.65800094604492,43.321998596191406,115.53781465239715,REPLACED_BY_EMBASSY
ASHOKLEY,1479,1485,141.89999389648438,139.7899932861328,38.44408621403781,REPLACED_BY_GVT&D
BAJFINANCE,1471,1485,999.0,993.0,5.372872455811272,REPLACED_BY_HEROMOTOCO
EICHERMOT,1481,1486,7049.0,6880.0,0.7552407457979462,REPLACED_BY_AXISBANK
MARUTI,1453,1486,14070.0,16014.0,0.37582580745124605,REPLACED_BY_TVSMOTOR
EMBASSY,1483,1487,420.94000244140625,427.4800109863281,12.611397114424943,REPLACED_BY_NYKAA
SBIN,1482,1487,869.9500122070312,866.7999877929688,6.177270591573218,REPLACED_BY_FORTIS
NAM-INDIA,1481,1488,855.0,860.0,6.218228045129009,REPLACED_BY_ETERNAL
AXISBANK,1486,1488,1212.0,1172.6421349302216,4.501775198679181,STOP
MTARTECH,1482,1489,1915.9000244140625,1954.0,2.8192558827941143,REPLACED_BY_PAYTM
JSWSTEEL,1480,1491,1155.0,1165.0,4.718888462392091,REPLACED_BY_BAJFINANCE
GVT&D,1485,1491,3193.0,3049.800048828125,1.724726056720473,REPLACED_BY_CHOICEIN
AIIL,1489,1492,657.739990234375,630.0,8.281200672869131,REPLACED_BY_MCX
CANBK,1478,1492,122.69999694824219,125.80000305175781,30.7752914711867,REPLACED_BY_ACUTAAS
CHOICEIN,1491,1494,824.0,830.0499877929688,6.370887271144958,REPLACED_BY_CUPID
ETERNAL,1488,1495,345.0,345.0,15.803324713049795,REPLACED_BY_TDPOWERSYS
NYKAA,1487,1496,260.29998779296875,258.7900085449219,20.77843442072857,REPLACED_BY_MARUTI
ACUTAAS,1492,1496,1498.0,1765.0,2.3785757667751826,REPLACED_BY_BHARTIARTL
MCX,1492,1497,1912.0,1830.5,2.875709445375376,REPLACED_BY_SAMMAANCAP
FORTIS,1487,1497,1041.800048828125,1098.1500244140625,5.233500489187619,REPLACED_BY_AXISBANK
CUPID,1494,1498,50.70000076293945,48.0,103.99041654154641,REPLACED_BY_SHRIRAMFIN
MUTHOOTFIN,1465,1498,2835.0,3196.89990234375,1.8891888436861821,REPLACED_BY_BANKINDIA
HEROMOTOCO,1485,1499,5527.0,5570.0,0.9354497268863774,REPLACED_BY_HINDALCO
TDPOWERSYS,1495,1499,325.5,321.0,16.699892727615726,REPLACED_BY_ABDL
BAJFINANCE,1491,1500,1040.0,1078.0,5.265133819070827,REPLACED_BY_CUMMINSIND
TVSMOTOR,1486,1501,3509.0,3600.0,1.5550865398146552,REPLACED_BY_FEDERALBNK
MARUTI,1496,1502,16453.0,16190.0,0.3384829492917096,REPLACED_BY_AUBANK
PAYTM,1489,1502,1252.0,1305.0,4.240100244239056,REPLACED_BY_SBIN
AXISBANK,1497,1503,1246.0,1243.0,4.350234106716316,REPLACED_BY_CANFINHOME
SAMMAANCAP,1497,1503,175.1199951171875,185.5,31.736976354629707,REPLACED_BY_HEGAM
ABDL,1499,1505,615.0,687.5,8.04299029990549,REPLACED_BY_BANKBARODA
AUBANK,1502,1505,883.0,866.9500122070312,6.360869941662902,REPLACED_BY_IOC
HEGAM,1503,1506,587.0,582.2999877929688,9.494968590172977,REPLACED_BY_CANBK
CANFINHOME,1503,1506,874.0,861.5999755859375,6.39239909272071,REPLACED_BY_AUBANK
HINDALCO,1499,1506,834.9000244140625,788.0,6.699024414290079,STOP
BHARTIARTL,1496,1508,2051.800048828125,1995.0,1.9386363694679525,REPLACED_BY_ABCAPITAL
CUMMINSIND,1500,1508,4309.39990234375,4300.10009765625,1.292466834722043,REPLACED_BY_ALKEM
ABCAPITAL,1508,1511,338.8999938964844,328.0,16.92914777438953,REPLACED_BY_NATIONALUM
LTF,1454,1511,218.00999450683594,295.1000061035156,24.61900618322506,REPLACED_BY_BHEL
BANKBARODA,1505,1512,290.95001220703125,281.29998779296875,19.55801650994254,REPLACED_BY_ASIANPAINT
INDIANB,1481,1512,709.5499877929688,868.0499877929688,7.4177414961946395,REPLACED_BY_BIOCON
FEDERALBNK,1501,1513,236.1999969482422,237.11000061035156,23.66720138704492,REPLACED_BY_MUTHOOTFIN
ALKEM,1508,1513,5705.0,5750.0,0.6415065106609901,REPLACED_BY_CUB
BPCL,1507,1514,360.0,375.8500061035156,14.619495733075086,REPLACED_BY_LAURUSLABS
NATIONALUM,1511,1516,267.0,258.5,21.404309567260338,REPLACED_BY_BANKBARODA
IOC,1505,1516,168.0,170.10000610351562,32.266893382065064,REPLACED_BY_AIAENG
BIOCON,1512,1516,414.75,398.1874603951321,13.632253734601106,STOP
LAURUSLABS,1514,1516,1028.0,976.4753639219231,5.3290642384340146,STOP
CUB,1513,1517,204.0,199.0800018310547,27.22995618643153,REPLACED_BY_EMBASSY
BHEL,1511,1518,286.0,282.20001220703125,19.90552497213234,REPLACED_BY_AXISBANK
SHRIRAMFIN,1498,1518,711.0499877929688,825.0,7.761286465840778,REPLACED_BY_HEROMOTOCO
BANKBARODA,1516,1518,294.95001220703125,281.05619428636805,19.483405123088726,STOP
BANKINDIA,1498,1519,135.00999450683594,145.5,40.58500483448703,REPLACED_BY_FEDERALBNK
EMBASSY,1517,1520,432.5,428.3500061035156,10.89981194411325,REPLACED_BY_SANSERA
AIAENG,1516,1521,3750.0,3765.0,1.3978578373594575,REPLACED_BY_LTF
ASIANPAINT,1512,1521,2865.10009765625,2880.0,1.974248107288438,REPLACED_BY_SHRIRAMFIN
AXISBANK,1518,1523,1279.199951171875,1288.0,4.389475598249896,REPLACED_BY_ABCAPITAL
SBIN,1502,1524,939.4500122070312,976.0,5.795024374805404,REPLACED_BY_GMRAIRPORT
M&MFIN,1517,1525,345.8999938964844,365.54998779296875,16.341401463622393,REPLACED_BY_POWERINDIA
SHRIRAMFIN,1521,1525,860.0,819.7419841739302,6.047656643217036,STOP
SANSERA,1520,1526,1678.800048828125,1681.5999755859375,3.2958986790676934,REPLACED_BY_JKTYRE
GMRAIRPORT,1524,1526,107.19999694824219,103.00957721783344,52.60262623691916,STOP
POWERINDIA,1525,1526,22700.0,21491.25917638587,0.25216916318707017,STOP
LTF,1521,1527,308.8999938964844,299.1000061035156,18.501092891397047,REPLACED_BY_AIAENG
AIAENG,1527,1528,3849.89990234375,3654.2866007988086,1.2987972255758584,STOP
JKTYRE,1526,1529,464.5,438.38543829232356,10.79213557051893,STOP
SANSERA,1527,1529,1710.4000244140625,1611.7200576374787,3.31954723154023,STOP
VEDL,1527,1529,528.8499755859375,505.88436514468276,10.673442225490279,STOP
COFORGE,1529,1529,1938.0999755859375,1862.6645696099197,2.4415459223455866,STOP
MCX,1530,1530,2074.0,1960.4988447556912,2.6816882872020282,STOP
LTM,1517,1532,5999.5,6314.5,0.9397593905809724,REPLACED_BY_EMBASSY
CANBK,1506,1533,140.25,146.11000061035156,40.69215083274354,REPLACED_BY_CUPID
HEROMOTOCO,1518,1533,6003.0,5939.5,0.9329601303751904,REPLACED_BY_CHOLAFIN
PTCIL,1519,1534,17760.0,17527.0,0.31622645608944977,REPLACED_BY_ASHOKLEY
POLICYBZR,1530,1534,1957.300048828125,1924.9000244140625,2.8382902871623927,REPLACED_BY_ANURAS
ABCAPITAL,1523,1535,358.0,348.8999938964844,15.74499731879847,REPLACED_BY_VEDL
HCLTECH,1530,1535,1663.300048828125,1651.0,3.3514634408024744,REPLACED_BY_HINDZINC
CHOLAFIN,1533,1536,1734.0,1678.800048828125,3.2012913125420344,REPLACED_BY_CANBK
EMBASSY,1532,1536,442.0,432.8900146484375,12.501721998766989,REPLACED_BY_TATACONSUM
CUPID,1533,1537,78.80000305175781,88.80000305175781,70.50965620194206,REPLACED_BY_ICICIPRULI
ANURAS,1534,1537,1330.0,1303.0,4.198670789365556,REPLACED_BY_SHRIRAMFIN
MUTHOOTFIN,1513,1539,3725.60009765625,3801.199951171875,1.5255531719142876,REPLACED_BY_INFY
TATACONSUM,1536,1539,1176.9000244140625,1178.800048828125,4.662324393087548,REPLACED_BY_M&MFIN
HINDZINC,1535,1541,580.0,645.0,9.75242593972136,REPLACED_BY_AIAENG
IDFCFIRSTB,1530,1541,80.80000305175781,84.12000274658203,40.555842729497115,REPLACED_BY_LAURUSLABS
ICICIPRULI,1537,1542,649.9000244140625,648.0499877929688,8.611421988846397,REPLACED_BY_IDFCFIRSTB
INFY,1539,1543,1679.0,1647.0,3.3484543805785707,REPLACED_BY_HEGAM
VEDL,1535,1546,580.0,604.2000122070312,9.721601975466172,REPLACED_BY_APLAPOLLO
FEDERALBNK,1519,1546,248.39999389648438,267.5,22.630382002603437,REPLACED_BY_IIFL
AUBANK,1506,1547,880.9000244140625,1023.0,6.012574018239585,REPLACED_BY_BHEL
LAURUSLABS,1541,1547,1086.0,1106.5,4.147367536398565,REPLACED_BY_UPL
IDFCFIRSTB,1542,1548,85.11000061035156,84.91999816894531,65.37322352647016,REPLACED_BY_KARURVYSYA
M&MFIN,1539,1548,396.0,386.1000061035156,14.34833531531006,REPLACED_BY_MUTHOOTFIN
AIAENG,1541,1549,3941.89990234375,4093.800048828125,1.4381775828466152,REPLACED_BY_UNIONBANK
CANBK,1536,1549,150.89999389648438,154.10000610351562,36.74646458659719,REPLACED_BY_JSL
HEGAM,1543,1550,594.0,615.0,9.256539447168787,REPLACED_BY_AETHER
NATIONALUM,1526,1550,268.0,348.0,21.220025530161923,REPLACED_BY_VEDL
BHEL,1547,1550,300.79998779296875,285.35327120234814,19.743054684878114,STOP
JSL,1549,1550,863.1500244140625,818.4745482793433,6.437817571521078,STOP
VEDL,1550,1550,619.0,595.2236032551746,9.512434889253068,STOP
APLAPOLLO,1546,1551,1975.0,1897.7799981558123,2.9741618404342645,STOP
UPL,1547,1551,810.0,772.4901864272415,6.047979505864912,STOP
KARURVYSYA,1548,1551,278.0,262.6026984704338,21.26236549650685,STOP
MUTHOOTFIN,1548,1552,3950.0,3855.5,1.3030947960284838,REPLACED_BY_RAMCOCEM
BAJAJ-AUTO,1551,1552,9760.5,9418.785748762137,0.591994406498284,STOP
SHRIRAMFIN,1537,1553,869.0,975.0,6.394806762064367,REPLACED_BY_SBILIFE
IIFL,1546,1554,623.5,640.0,9.443305198453992,REPLACED_BY_NESTLEIND
RAMCOCEM,1552,1556,1093.800048828125,1068.5,3.7829953436201396,REPLACED_BY_INDUSINDBK
AETHER,1550,1556,995.0,1005.9000244140625,5.931686887773237,REPLACED_BY_PNB
IPCALAB,1552,1556,1574.0,1512.0,3.62879683161934,INELIGIBLE
ALKEM,1552,1556,5799.0,5836.0,0.9855759630626765,INELIGIBLE
ASIANPAINT,1553,1556,2900.0,2787.89990234375,1.9733989951946314,STOP
TORNTPHARM,1551,1557,4016.0,4033.300048828125,1.4350689312462626,REPLACED_BY_TECHM
NESTLEIND,1554,1557,1321.0,1306.0,4.346629971866464,REPLACED_BY_INDUSINDBK
SBILIFE,1553,1558,2090.0,2080.0,2.7243816286782576,REPLACED_BY_BANKINDIA
INDUSINDBK,1557,1558,947.9500122070312,911.3520038638761,5.56845343205129,STOP
BANKBARODA,1556,1559,307.70001220703125,301.3999938964844,18.82022410591151,REPLACED_BY_CANBK
ASHOKLEY,1534,1559,166.5,179.9199981689453,33.303445267675116,REPLACED_BY_FEDERALBNK
SAIL,1556,1559,152.4499969482422,144.05503042849338,37.988605972070424,STOP
PNB,1556,1559,128.67999267578125,123.71982608690179,34.60308653044898,STOP
AUBANK,1557,1559,1025.0,984.3589787217447,5.642520288937236,STOP
DALBHARAT,1560,1561,2243.60009765625,2134.5271161290098,2.5237445987809974,STOP
MCX,1551,1562,2224.0,2385.0,2.58994235976087,REPLACED_BY_APLAPOLLO
CANBK,1559,1562,152.8000030517578,152.89999389648438,36.86439475200368,REPLACED_BY_SHRIRAMFIN
UNIONBANK,1549,1563,166.5,176.8000030517578,35.788832759998456,REPLACED_BY_KARURVYSYA
TORNTPHARM,1560,1563,3982.5,3944.60009765625,1.4149397575896354,REPLACED_BY_ULTRACEMCO
MUTHOOTFIN,1560,1564,3932.0,4015.89990234375,1.0083106066920526,REPLACED_BY_BEL
ASHOKLEY,1562,1565,192.25999450683594,192.89999389648438,29.10156466838185,REPLACED_BY_ONGC
SHRIRAMFIN,1562,1565,1011.2000122070312,1025.0,5.596153548583979,REPLACED_BY_COALINDIA
HINDZINC,1559,1565,682.0,639.3018627299815,8.322173948564135,STOP
BANKINDIA,1558,1566,163.0500030517578,150.44000244140625,34.650346535187815,REPLACED_BY_AXISBANK
FEDERALBNK,1559,1566,271.1000061035156,284.79998779296875,19.846726991993215,REPLACED_BY_GESHIP
VEDL,1556,1566,675.75,645.7631941405592,8.56971244858015,STOP
BEL,1564,1566,454.25,431.92926678559576,10.136205783875118,STOP
ONGC,1565,1566,273.8900146484375,251.60000610351562,21.236103882251992,STOP
COALINDIA,1565,1566,453.95001220703125,419.0,12.114536475848197,STOP
OIL,1566,1566,490.0,481.7422505341241,11.144180022849373,STOP
AXISBANK,1566,1566,1339.0,1313.6265033718696,4.147758890362904,STOP
ULTRACEMCO,1563,1568,12640.0,12600.0,0.4558022770561731,REPLACED_BY_SONACOMS
TECHM,1557,1568,1690.0,1609.1155404524447,3.4635381275265402,STOP
HINDALCO,1531,1569,826.0,943.1500244140625,6.345881442812613,REPLACED_BY_ADANIPORTS
SBIN,1552,1569,1008.0,1068.199951171875,5.71249876042025,REPLACED_BY_PFC
ZFCVINDIA,1567,1570,2520.666748046875,2506.833251953125,2.195073005830734,REPLACED_BY_IOC
DELHIVERY,1567,1570,450.0,441.0,6.13150487296673,REPLACED_BY_BALKRISIND
SONACOMS,1568,1571,530.0,520.8499755859375,10.368664480977452,REPLACED_BY_NYKAA
AETHER,1567,1572,1070.0,994.2999877929688,5.295243551637917,REPLACED_BY_SBIN
ACUTAAS,1567,1572,2060.60009765625,2010.0,2.837323428216674,REPLACED_BY_SHRIRAMFIN
SUNDARMFIN,1567,1573,5400.0,5305.0,1.0257465347765526,REPLACED_BY_MOTHERSON
ADANIPORTS,1569,1573,1568.0,1554.699951171875,3.5311391234204117,REPLACED_BY_TATASTEEL
PFC,1569,1574,415.70001220703125,418.0,13.353769986288883,REPLACED_BY_ONGC
BALKRISIND,1570,1574,2660.89990234375,2679.60009765625,1.4498879840486825,REPLACED_BY_ASHOKLEY
NMDC,1569,1575,86.12999725341797,81.5,64.46755117472907,REPLACED_BY_EICHERMOT
KARURVYSYA,1563,1576,292.54998779296875,315.95001220703125,19.61406633153199,REPLACED_BY_TORNTPHARM
APLAPOLLO,1562,1576,2030.5999755859375,2245.89990234375,2.807869553482593,REPLACED_BY_ZFCVINDIA
IOC,1570,1577,176.99000549316406,174.9499969482422,31.197018004130936,REPLACED_BY_ASTRAL
NYKAA,1571,1577,277.0,276.1000061035156,19.438055421608453,REPLACED_BY_INDUSTOWER
TATASTEEL,1573,1578,209.39999389648438,203.5500030517578,25.28718783477859,REPLACED_BY_JINDALSTEL
GESHIP,1566,1579,1187.5,1292.5999755859375,4.313722870468636,REPLACED_BY_ABSLAMC
JKTYRE,1567,1579,545.0,572.0,10.479433377693342,REPLACED_BY_TORNTPOWER
ZFCVINDIA,1576,1580,2688.666748046875,2516.833251953125,2.083063967539727,REPLACED_BY_RBLBANK
ASHOKLEY,1574,1580,206.39999389648438,202.55999755859375,18.497429438037926,REPLACED_BY_MFSL
MOTHERSON,1573,1581,130.6300048828125,130.0,42.89646159612261,REPLACED_BY_CUMMINSIND
SHRIRAMFIN,1572,1581,1064.9000244140625,1072.800048828125,5.04794576963655,REPLACED_BY_NTPC
EICHERMOT,1575,1582,7900.0,7990.0,0.663084393992468,REPLACED_BY_UNIONBANK
INDUSTOWER,1577,1582,475.3999938964844,469.8999938964844,11.690853152557498,REPLACED_BY_LT
LT,1582,1582,4415.5,4268.744830542021,1.1926538499727979,STOP
MFSL,1580,1584,1834.0,1861.9000244140625,2.5447700921355816,REPLACED_BY_MAHABANK
ONGC,1574,1584,276.0,277.3999938964844,20.365101684657816,REPLACED_BY_POLYCAB
RBLBANK,1580,1585,330.8999938964844,324.0,16.37027914596501,REPLACED_BY_TATASTEEL
ABSLAMC,1579,1586,907.3499755859375,854.4000244140625,6.06252416564495,REPLACED_BY_POWERINDIA
SBIN,1572,1586,1151.0,1185.0,4.830293793669939,REPLACED_BY_BIRET
TATASTEEL,1585,1586,215.5,204.90316952953154,24.538665262559643,STOP
BIRET,1586,1586,359.0,354.11159363200136,14.932309279114437,STOP
TORNTPOWER,1579,1587,1521.0,1521.0,3.5982720097884946,REPLACED_BY_SCHAEFFLER
BANKINDIA,1583,1587,175.8000030517578,165.39539928625237,28.873062227004265,STOP
MAHABANK,1584,1587,74.75,69.86681898506669,74.78428551567829,STOP
NTPC,1581,1588,374.0,366.95001220703125,14.45605265287762,REPLACED_BY_GESHIP
CUMMINSIND,1581,1588,4797.89990234375,4629.0,1.1572742985191626,REPLACED_BY_BEL
KEI,1587,1588,5123.0,4905.705780070637,1.042952521180309,STOP
JINDALSTEL,1578,1589,1214.0,1184.0,4.562378595737219,REPLACED_BY_NTPC
UNIONBANK,1582,1590,197.60000610351562,181.50999450683594,27.799021506903333,REPLACED_BY_ABSLAMC
ABSLAMC,1590,1590,899.0,865.6199590053612,5.595868200648879,STOP
POLYCAB,1584,1591,8348.5,7963.596841314491,0.570898454919385,STOP
SCHAEFFLER,1587,1592,4285.0,4035.790570862552,1.2401641987288752,STOP
SAILIFE,1587,1594,975.0499877929688,998.0,5.4495016392925795,REPLACED_BY_NATIONALUM
POWERINDIA,1586,1595,24500.0,24064.21943919886,0.2155552039743849,STOP
BEL,1588,1595,448.79998779296875,424.223814656843,10.464602725250657,STOP
NATCOPHARM,1591,1595,1015.0,933.7362706541511,4.758015055880632,STOP
NATIONALUM,1594,1595,408.6499938964844,378.6395556689288,13.04867842433626,STOP
LUPIN,1588,1597,2310.0,2295.300048828125,2.2844037651495466,REPLACED_BY_PFC
TORNTPHARM,1576,1598,4144.2998046875,4250.0,1.3500583781774151,REPLACED_BY_MCX
GLENMARK,1592,1598,2243.0,2109.97061416083,2.020858825274739,STOP
MCX,1598,1599,2556.5,2405.763819532611,1.9848963091787748,STOP
ASTERDM,1596,1600,657.0499877929688,625.2999877929688,7.852524827451401,REPLACED_BY_NTPCGREEN
ASTRAL,1577,1600,1639.800048828125,1586.5999755859375,3.3772149751030747,REPLACED_BY_JINDALSTEL
PFC,1597,1600,420.95001220703125,390.3040344191698,12.365649369660154,STOP
NTPCGREEN,1600,1600,100.48999786376953,94.02596012908025,50.670208208270914,STOP
JINDALSTEL,1600,1600,1162.0,1109.836137297232,4.1502054166694835,STOP
SCHAEFFLER,1600,1601,4155.0,3877.5020582266616,1.223637399388412,STOP
SUNPHARMA,1588,1602,1750.0,1766.699951171875,3.0078960383929645,REPLACED_BY_POWERINDIA
TATAPOWER,1596,1602,391.0,388.0,13.05302617635684,REPLACED_BY_EMCURE
PREMIERENE,1601,1604,880.0,885.0,5.664007235518314,REPLACED_BY_ONGC
ABB,1593,1604,6242.0,5995.0,0.7994313264294489,REPLACED_BY_GLENMARK
POWERINDIA,1602,1605,25300.0,25240.0,0.1979027382061243,REPLACED_BY_DMART
NTPC,1589,1605,377.0,361.6445734536463,13.535234043270437,STOP
OIL,1599,1606,476.0,478.0,10.335543007427095,REPLACED_BY_ADANIPOWER
LUPIN,1602,1606,2338.699951171875,2232.43496788666,2.123902530192162,STOP
GLENMARK,1604,1606,2169.5,2037.6052194380197,2.2362094152634375,STOP
CCL,1596,1607,1044.800048828125,1089.300048828125,3.4857192753899944,REPLACED_BY_POWERGRID
ACUTAAS,1596,1608,2182.0,2200.0,2.354669382834857,REPLACED_BY_BSE
GESHIP,1588,1609,1379.699951171875,1495.0,3.886994027834194,REPLACED_BY_ABB
NLCINDIA,1606,1609,280.0,276.20001220703125,17.47342762300719,REPLACED_BY_WELCORP
COALINDIA,1589,1611,451.1499938964844,455.0,11.93391055149898,REPLACED_BY_WAAREEENER
EMCURE,1602,1612,1564.5,1576.800048828125,3.216546197743834,REPLACED_BY_POWERINDIA
NATCOPHARM,1607,1614,1029.949951171875,1092.050048828125,4.773691836793171,REPLACED_BY_GPIL
DMART,1605,1615,4075.0,4446.0,1.2221110088619445,REPLACED_BY_PFC
ONGC,1604,1615,282.75,283.3999938964844,17.669288292958914,REPLACED_BY_VEDL
VTL,1601,1616,543.2000122070312,557.6500244140625,7.73998646085312,REPLACED_BY_DMART
GPIL,1614,1617,307.45001220703125,300.3500061035156,17.583994802961833,REPLACED_BY_CGPOWER
POWERGRID,1607,1617,294.8999938964844,318.95001220703125,11.167554110505092,REPLACED_BY_OFSS
ANANDRATHI,1607,1618,1600.050048828125,1815.0,3.0579186800345757,REPLACED_BY_TATAPOWER
WAAREEENER,1611,1619,3268.0,3440.0,1.5931386128793625,REPLACED_BY_NTPC
BSE,1608,1619,2959.0,3508.0,1.6626780715735745,REPLACED_BY_TORNTPOWER
VEDL,1615,1619,782.8499755859375,733.5220548052444,6.826076767972857,STOP
DMART,1616,1620,4629.89990234375,4559.5,0.9978340993639192,REPLACED_BY_CESC
OFSS,1617,1622,8130.0,9400.0,0.4109418314450498,REPLACED_BY_LLOYDSME
ADANIPOWER,1606,1622,154.5,219.5,31.496880509898435,REPLACED_BY_SAIL
HSCL,1620,1623,549.0,573.5499877929688,10.44802831749131,REPLACED_BY_NESTLEIND
NTPC,1619,1623,404.0,409.5,13.67308325701052,REPLACED_BY_AARTIIND
KSB,1601,1624,792.0,983.0,6.269586196415343,REPLACED_BY_BHEL
PFC,1615,1624,460.0,464.0,11.644789937305392,REPLACED_BY_ONGC
ABB,1609,1626,6399.0,7269.0,0.792463665478539,REPLACED_BY_VTL
ONGC,1624,1627,304.8999938964844,294.3500061035156,18.963313440108116,REPLACED_BY_ADANIPORTS
TORNTPOWER,1619,1627,1648.0999755859375,1728.800048828125,3.344435735059083,REPLACED_BY_ASTERDM
SAIL,1622,1628,184.1999969482422,189.0,27.27744120593878,REPLACED_BY_FINCABLES
BHEL,1624,1628,344.3999938964844,378.0,16.59083470277418,REPLACED_BY_SYRMA
TATAPOWER,1618,1629,436.0,445.1499938964844,12.535662734627513,REPLACED_BY_AMBER
CESC,1620,1629,180.5,184.0,22.733234213358394,REPLACED_BY_BSE
AARTIIND,1623,1630,505.0,485.0,11.435362369439439,REPLACED_BY_POLYCAB
LLOYDSME,1622,1630,1734.300048828125,1726.199951171875,3.297948973864112,REPLACED_BY_BAJAJ-AUTO
VTL,1626,1630,619.75,573.2697908487553,9.33773233623908,STOP
NESTLEIND,1623,1631,1445.0,1475.300048828125,3.9841121113469393,REPLACED_BY_MCX
WELCORP,1609,1631,910.0,1288.0,5.650861151025972,REPLACED_BY_AZAD
AZAD,1631,1631,2315.0,2146.4623360395954,2.4961304749937736,STOP
POWERINDIA,1612,1632,27800.0,33020.0,0.18291134373251686,REPLACED_BY_KIMS
AMBER,1629,1632,8739.5,8106.957378401765,0.6604402135380331,STOP
BAJAJ-AUTO,1630,1634,10625.0,10380.0,0.5095922936197311,REPLACED_BY_WELCORP
ASTERDM,1627,1634,750.0,743.0,7.422047305807075,REPLACED_BY_BALRAMCHIN
FINCABLES,1628,1635,1065.199951171875,1072.949951171875,5.442515003766056,REPLACED_BY_ADANIENT
SYRMA,1628,1635,1068.8499755859375,1030.0,5.2347629179499195,REPLACED_BY_SAILIFE
NAVA,1631,1635,727.0499877929688,678.8468077174014,7.949989778837904,STOP
SAILIFE,1635,1635,1048.300048828125,1039.4457402891321,5.093340228410215,STOP
CGPOWER,1617,1636,800.0,825.9500122070312,6.84474672276577,REPLACED_BY_NATCOPHARM
KIMS,1632,1636,778.9000244140625,731.2155724198416,7.343390126245583,STOP
BALRAMCHIN,1634,1637,543.9500122070312,541.4000244140625,10.182223912085254,REPLACED_BY_ACUTAAS
WELCORP,1634,1637,1360.0,1271.6868938726823,4.131447924454606,STOP
ADANIENT,1635,1639,2781.10009765625,2727.89990234375,2.0886657112601363,REPLACED_BY_POWERINDIA
ADANIGREEN,1636,1639,1374.9000244140625,1381.5,4.077980518313837,REPLACED_BY_HINDALCO
POLYCAB,1630,1640,9030.0,9227.5,0.641305124791245,REPLACED_BY_ANGELONE
ADANIPORTS,1627,1640,1749.800048828125,1793.300048828125,3.3032076997514843,REPLACED_BY_GRASIM
NATCOPHARM,1636,1641,1145.0,1170.300048828125,4.689796721917915,REPLACED_BY_VBL
BIOCON,1633,1642,403.04998779296875,430.04998779296875,13.794476120987312,REPLACED_BY_LLOYDSME
SUNPHARMA,1637,1642,1900.5,1821.5099909961436,2.931152692093574,STOP
MCX,1631,1643,3120.0,3312.0,1.8658531475731854,REPLACED_BY_ADANIENT
GRASIM,1640,1645,3178.0,3175.0,1.7939669316115479,REPLACED_BY_CUMMINSIND
VBL,1641,1645,542.9500122070312,539.0,10.394402739725717,REPLACED_BY_CGPOWER
ANGELONE,1640,1645,341.95001220703125,338.45001220703125,16.6614714778807,REPLACED_BY_BHEL
BSE,1629,1646,3887.0,4180.0,1.0192957065696044,REPLACED_BY_GVT&D
LAURUSLABS,1632,1646,1273.0,1372.4000244140625,4.509042950939397,REPLACED_BY_MOTHERSON
GVT&D,1646,1646,5100.0,4756.114755074573,1.1038592339443811,STOP
ACUTAAS,1637,1647,2809.10009765625,3000.0,1.9235091928031876,REPLACED_BY_ACMESOLAR
ADANIPOWER,1643,1647,247.60000610351562,227.81677906786092,23.26071737306339,STOP
BHEL,1645,1648,424.04998779296875,410.75,13.555709168054184,REPLACED_BY_TATATECH
POWERINDIA,1639,1648,35980.0,35350.0,0.15877086105828822,REPLACED_BY_EXIDEIND
ZYDUSLIFE,1636,1649,1010.0,1070.0,5.55850060976771,REPLACED_BY_SYRMA
MOTHERSON,1646,1649,146.00999450683594,144.8800048828125,33.83338211048042,REPLACED_BY_J&KBANK
LLOYDSME,1642,1650,1810.0,1780.5999755859375,3.1309934308148146,REPLACED_BY_JINDALSAW
HINDALCO,1639,1650,1098.699951171875,1126.5999755859375,5.083173254624015,REPLACED_BY_CGPOWER
OFSS,1638,1651,9640.0,9800.0,0.5433786370215474,REPLACED_BY_ACUTAAS
WELCORP,1645,1651,1369.199951171875,1360.0,4.17018992501558,REPLACED_BY_ADANIENSOL
NMDC,1648,1651,96.0999984741211,89.86587649334788,59.060872864204285,STOP
JINDALSAW,1650,1651,261.4100036621094,239.98630050470655,21.65322956580982,STOP
EXIDEIND,1648,1652,407.0,387.79998779296875,12.536283134125206,REPLACED_BY_ASTERDM
CGPOWER,1650,1653,948.8499755859375,911.2000122070312,5.909811401004096,REPLACED_BY_FEDERALBNK
ACMESOLAR,1647,1654,306.0,335.5,17.670906385766198,REPLACED_BY_APARINDS
ADANIENSOL,1651,1654,1558.9000244140625,1532.9000244140625,3.5256829240472074,REPLACED_BY_ADANIPORTS
ACUTAAS,1651,1654,3232.0,3097.1005752616516,1.6916588638864438,STOP
ADANIENT,1643,1655,2982.0,2958.800048828125,1.9155838404022474,REPLACED_BY_TORNTPHARM
PREMIERENE,1646,1656,1077.5999755859375,1047.699951171875,5.3565784728414645,REPLACED_BY_MAHABANK
ADANIPORTS,1654,1657,1814.5999755859375,1804.800048828125,3.021668580798611,REPLACED_BY_ANGELONE
KIMS,1652,1657,806.0,770.4000244140625,6.910500539597181,REPLACED_BY_NUVAMA
TORNTPHARM,1655,1658,4619.5,4475.0,1.1995091765468566,MQS_LT_50
ASTERDM,1652,1658,770.0,778.9000244140625,5.421768020102309,REPLACED_BY_BANDHANBNK
TATATECH,1648,1658,741.0,771.0,7.6280121354839,REPLACED_BY_TITAGARH
LAURUSLABS,1647,1659,1388.0,1372.0,4.020388405338304,REPLACED_BY_KEI
J&KBANK,1649,1659,149.0,162.9600067138672,35.04550101190697,REPLACED_BY_POLYCAB
FEDERALBNK,1653,1660,315.1000061035156,320.0,17.038683758726282,REPLACED_BY_WELSPUNLIV
RBLBANK,1655,1660,363.0,370.20001220703125,15.272614865135145,REPLACED_BY_NYKAA
BANDHANBNK,1658,1661,217.82000732421875,209.0,25.90886827048932,REPLACED_BY_STARHEALTH
TITAGARH,1658,1661,898.5999755859375,925.75,4.641768347029436,REPLACED_BY_ZENTEC
ANGELONE,1657,1662,353.0,354.79998779296875,15.980552289121421,REPLACED_BY_ABCAPITAL
SYRMA,1649,1662,1195.0999755859375,1360.0,4.681698018375835,REPLACED_BY_TATACOMM
MAHABANK,1656,1663,88.61000061035156,87.80000305175781,63.91537446328124,REPLACED_BY_LAURUSLABS
CGCL,1658,1663,217.7100067138672,218.0,25.773306982840527,REPLACED_BY_SYRMA
ZENTEC,1661,1663,2009.0,1845.9426161057286,1.981997428990787,STOP
KEI,1659,1664,5643.5,5440.0,0.9996912757312256,REPLACED_BY_ADANIENT
NUVAMA,1657,1664,1670.4000244140625,1739.0999755859375,3.080560504993039,REPLACED_BY_SANSERA
TATACOMM,1662,1666,2076.0,1990.0999755859375,2.7610692120636724,REPLACED_BY_WELCORP
POLYCAB,1659,1666,9949.0,9664.0,0.5580058035567841,REPLACED_BY_ANANDRATHI
ADANIENT,1664,1667,3086.0,2980.0,1.8460161192307059,REPLACED_BY_ANANDRATHI
WELSPUNLIV,1660,1667,162.0,162.47000122070312,34.765540499887344,REPLACED_BY_ACUTAAS
RRKABEL,1666,1667,2500.0,2323.394294895329,2.0702340861309465,STOP
APARINDS,1654,1668,14065.0,15849.0,0.39070377506624204,REPLACED_BY_NUVAMA
STARHEALTH,1661,1668,580.2000122070312,588.9500122070312,9.826171989513169,REPLACED_BY_CGCL
SANSERA,1664,1669,3158.10009765625,3180.0,1.0679980024657796,REPLACED_BY_ADANIENT
ABCAPITAL,1662,1669,394.3999938964844,392.5,14.523526170186765,REPLACED_BY_CEMPRO
ANANDRATHI,1667,1670,2008.9000244140625,2011.699951171875,2.834555445484845,REPLACED_BY_PRESTIGE
NYKAA,1660,1670,299.20001220703125,314.0,18.185207987272683,REPLACED_BY_ADANIPORTS
SYRMA,1663,1671,1383.800048828125,1379.0,4.128561241277775,REPLACED_BY_LTF
ATHERENERG,1668,1671,1141.0,1135.5,4.937798148549394,REPLACED_BY_ANANDRATHI
OFSS,1664,1672,10504.0,11159.0,0.5413111325466868,REPLACED_BY_INDUSINDBK
CEMPRO,1669,1672,1380.0,1558.300048828125,2.4852583352886914,REPLACED_BY_MANAPPURAM
ACUTAAS,1667,1673,3585.0,3395.0,1.5123427002329102,REPLACED_BY_ADANIENSOL
ADANIPORTS,1670,1673,1885.0,1824.9000244140625,3.008416293510536,REPLACED_BY_TORNTPHARM
LAURUSLABS,1663,1674,1484.0,1468.0999755859375,3.8274912790509013,REPLACED_BY_EXIDEIND
PRESTIGE,1670,1674,1682.0,1628.0,3.393210246107223,REPLACED_BY_ATHERENERG
LTF,1671,1674,330.0,309.51045032174585,17.487924260041638,STOP
MANAPPURAM,1672,1675,344.6499938964844,334.20001220703125,11.841045215987693,REPLACED_BY_SUNPHARMA
INDUSINDBK,1672,1676,1009.7000122070312,1010.0,5.746813526103169,REPLACED_BY_OFSS
ADANIENT,1669,1676,3155.89990234375,3127.300048828125,1.7870693185364859,REPLACED_BY_GODREJPROP
ADANIENSOL,1673,1677,1639.699951171875,1644.0999755859375,3.49596475858243,REPLACED_BY_JSWINFRA
EXIDEIND,1674,1678,426.0,418.79998779296875,13.320398641505747,REPLACED_BY_BALRAMCHIN
ANANDRATHI,1671,1678,2080.0,2090.0,2.6419668513831795,REPLACED_BY_ADANIGREEN
STARHEALTH,1675,1679,609.0,596.5,9.492394929498941,REPLACED_BY_FLUOROCHEM
GODREJPROP,1676,1679,2117.800048828125,2107.39990234375,2.6436678164391827,REPLACED_BY_BHEL
NUVAMA,1668,1680,1810.0,1840.0,3.117695883146487,REPLACED_BY_BIOCON
JSWINFRA,1677,1680,350.95001220703125,340.0,16.323911215298704,REPLACED_BY_SHYAMMETL
ADANIGREEN,1678,1681,1604.5,1523.699951171875,3.324576615390401,REPLACED_BY_SONACOMS
CGCL,1668,1681,229.99000549316406,256.3800048828125,23.748894763215244,REPLACED_BY_EXIDEIND
CUPID,1652,1682,141.33999633789062,207.74000549316406,39.44356564278331,REPLACED_BY_HSCL
BHEL,1679,1682,424.20001220703125,417.5,12.789706644573249,REPLACED_BY_GABRIEL
OFSS,1676,1683,11625.0,11632.0,0.4954921323437225,REPLACED_BY_INDUSINDBK
WELCORP,1666,1683,1465.0,1632.5999755859375,3.876568905110434,REPLACED_BY_KARURVYSYA
SHYAMMETL,1680,1684,1044.0,1030.1500244140625,5.2314466992630875,REPLACED_BY_CHENNPETRO
ATHERENERG,1674,1684,1212.0,1268.199951171875,4.484667099003488,REPLACED_BY_TVSMOTOR
INDUSINDBK,1683,1684,1058.0,1014.6727626444587,5.476483891899856,STOP
CHENNPETRO,1684,1684,1311.5,1203.446658757052,4.406324342890719,STOP
BIOCON,1680,1685,444.3999938964844,431.20001220703125,13.031617027496747,REPLACED_BY_MANAPPURAM
HSCL,1682,1686,771.0,793.2000122070312,7.414682486516287,REPLACED_BY_LAURUSLABS
GABRIEL,1682,1686,1407.0,1370.0999755859375,4.083379275673399,REPLACED_BY_UNITDSPR
BALRAMCHIN,1678,1687,593.3499755859375,611.6500244140625,9.664415561817911,REPLACED_BY_FEDERALBNK
NUVAMA,1685,1687,1933.199951171875,1823.0810923213396,2.9103853487722873,STOP
KARURVYSYA,1683,1688,342.1000061035156,341.0,17.11421315412341,REPLACED_BY_SAILIFE
TORNTPHARM,1673,1689,4850.0,4878.5,1.0021244416471162,REPLACED_BY_M&MFIN
FLUOROCHEM,1679,1689,4131.60009765625,4580.0,1.3976268420761078,REPLACED_BY_LALPATHLAB
SUNPHARMA,1675,1692,1942.800048828125,1951.0999755859375,1.8329402668829577,REPLACED_BY_ACE
MANAPPURAM,1685,1693,346.45001220703125,362.20001220703125,16.07916587527836,REPLACED_BY_SANSERA
M&MFIN,1689,1693,391.8500061035156,398.6000061035156,14.563588462157488,REPLACED_BY_CUPID
LALPATHLAB,1689,1694,1880.0,1882.0,3.0461689014472833,REPLACED_BY_WELCORP
ACE,1692,1695,1110.9000244140625,1113.699951171875,4.384991128085238,REPLACED_BY_SHRIRAMFIN
FEDERALBNK,1687,1695,357.0,353.20001220703125,15.946342564064949,REPLACED_BY_CHOLAFIN
CUPID,1693,1696,240.0,266.1000061035156,23.598585578798605,REPLACED_BY_MOTHERSON
BAJAJ-AUTO,1685,1697,11229.0,11734.0,0.5022468391031806,REPLACED_BY_GRASIM
IDFCFIRSTB,1688,1698,85.75,83.61000061035156,66.21471632724156,REPLACED_BY_TITAN
CHOLAFIN,1695,1699,1913.9000244140625,1914.0999755859375,2.377536775010246,REPLACED_BY_HEROMOTOCO
GRASIM,1697,1699,3360.0,3237.525025718987,1.7821883863207149,STOP
UNITDSPR,1686,1700,1477.699951171875,1515.5,3.8606933058248525,REPLACED_BY_IIFL
SONACOMS,1681,1701,705.0,799.0,8.043277460041043,REPLACED_BY_HAL
LAURUSLABS,1686,1701,1624.800048828125,1770.0,3.5376025496691903,REPLACED_BY_HEGAM
WELCORP,1694,1702,1800.0,1886.5999755859375,3.1753983123731078,REPLACED_BY_TBOTEK
EXIDEIND,1681,1703,435.0,465.25,12.529828264904411,REPLACED_BY_GLAXO
HEROMOTOCO,1699,1703,5919.0,5699.5,0.766550262185245,REPLACED_BY_WELCORP
SHRIRAMFIN,1695,1704,1134.0,1118.9000244140625,5.232755655808655,REPLACED_BY_RRKABEL
TITAN,1698,1704,5128.0,5084.89990234375,1.0976615987160707,REPLACED_BY_ACE
ANANDRATHI,1700,1705,2209.0,2171.10009765625,2.71644012361347,REPLACED_BY_COFORGE
SANSERA,1693,1705,3544.699951171875,3897.0,1.6730401893462377,REPLACED_BY_ETERNAL
HAL,1701,1706,5050.0,4990.0,1.1797696389990429,REPLACED_BY_PAYTM
HEGAM,1701,1706,704.0,710.0,8.465225666176044,REPLACED_BY_DIXON
TVSMOTOR,1684,1707,3907.60009765625,4365.5,1.4747136469367472,REPLACED_BY_PVRINOX
WELCORP,1703,1707,1929.199951171875,2394.10009765625,2.5476277096071986,REPLACED_BY_AETHER
MOTHERSON,1696,1708,170.0,167.0,35.52441813404956,REPLACED_BY_AUBANK
ACE,1704,1709,1181.199951171875,1164.300048828125,4.612200420781271,REPLACED_BY_NYKAA
RRKABEL,1704,1709,2911.800048828125,2819.0,2.0448660186065486,REPLACED_BY_LAURUSLABS
AUBANK,1708,1710,1128.5999755859375,1078.890403639965,5.329949962221134,STOP
DIXON,1706,1711,15000.0,14650.0,0.40574988706466286,REPLACED_BY_APLAPOLLO
TBOTEK,1702,1711,1720.0,1677.699951171875,3.4909825655945497,REPLACED_BY_SHYAMMETL
IIFL,1700,1712,635.9500122070312,645.0499877929688,8.782661845182488,REPLACED_BY_OFSS
PVRINOX,1707,1712,1249.9000244140625,1244.0,4.8807817325834275,REPLACED_BY_ATHERENERG
ETERNAL,1705,1713,330.0,325.5,18.15697197609591,REPLACED_BY_BAJAJ-AUTO
SHYAMMETL,1711,1714,1107.4000244140625,1077.5999755859375,4.8895216128290615,REPLACED_BY_WELSPUNLIV
APLAPOLLO,1711,1714,2260.0,2168.9751124298255,2.6609835917635936,STOP
BAJAJ-AUTO,1713,1714,12211.0,11921.849290662392,0.4821469708946602,STOP
PAYTM,1706,1715,1632.0,1635.199951171875,3.6920256267832374,REPLACED_BY_PVRINOX
NYKAA,1709,1715,340.0,332.1499938964844,17.676295883627816,REPLACED_BY_BEML
ATHERENERG,1712,1715,1694.0,1595.1701170207616,3.4226498356265505,STOP
LAURUSLABS,1709,1716,1891.300048828125,1840.0,2.9291206767964986,REPLACED_BY_CRISIL
OFSS,1712,1716,12350.0,11825.352295721608,0.47804222362713233,STOP
PVRINOX,1715,1716,1216.0,1174.8672891446224,4.727783696613102,STOP
AETHER,1707,1717,1666.800048828125,1622.0,3.60483691119934,REPLACED_BY_OIL
GLENMARK,1711,1717,2532.39990234375,2469.89990234375,2.3971072307599512,REPLACED_BY_JYOTICNC
GLAXO,1703,1718,2877.300048828125,2928.199951171875,2.0693241406477694,REPLACED_BY_NYKAA
COFORGE,1705,1718,1890.0,1780.9765440331757,3.163963433158012,STOP
CRISIL,1716,1719,4800.0,4690.10009765625,1.0259874887867975,REPLACED_BY_HAL
MOTILALOFS,1717,1720,1060.0,1003.2999877929688,5.543440399702317,REPLACED_BY_PNBHOUSING
TBOTEK,1717,1720,1690.0,1671.0,3.4293007728173923,REPLACED_BY_FINCABLES
BEML,1715,1722,2082.0,2033.4000244140625,2.7672017518024337,REPLACED_BY_LAURUSLABS
JYOTICNC,1717,1722,1020.0,989.0,5.287926281532773,REPLACED_BY_AETHER
SANSERA,1719,1722,4120.0,3848.8298520295275,1.4089848624441008,STOP
HAL,1719,1722,5015.0,4790.7593531162065,0.9537435333404404,STOP
RBLBANK,1716,1723,416.0,404.79998779296875,14.163585851633545,REPLACED_BY_AEGISVOPAK
PNBHOUSING,1720,1723,1172.0,1143.4000244140625,4.896636610412658,REPLACED_BY_KALYANKJIL
NYKAA,1718,1723,340.79998779296875,325.104815156925,17.22076726363989,STOP
FINCABLES,1720,1723,1406.4000244140625,1305.8903973733268,3.924496250003403,STOP
LAURUSLABS,1722,1723,1975.0,1881.6119779727003,2.920332859058026,STOP
WELSPUNLIV,1714,1724,199.89999389648438,201.58999633789062,26.30344847363632,REPLACED_BY_PVRINOX
EMCURE,1723,1724,2004.0,1895.7939672407522,2.794227453056412,STOP
SAILIFE,1688,1725,1298.699951171875,1553.4000244140625,4.365945347989976,REPLACED_BY_WELSPUNLIV
OIL,1717,1725,486.3999938964844,479.0,12.008890393605636,REPLACED_BY_GRAPHITE
KALYANKJIL,1723,1726,606.9000244140625,587.0,7.382265080794329,REPLACED_BY_SYRMA
PNB,1724,1727,116.80000305175781,118.44999694824219,47.2116815275291,REPLACED_BY_JYOTICNC
REDINGTON,1715,1727,374.3999938964844,394.0,15.835440913467908,REPLACED_BY_USHAMART
IDFCFIRSTB,1715,1728,87.80999755859375,85.9800033569336,67.40468756028393,REPLACED_BY_SANSERA
PAYTM,1722,1728,1808.0,1814.4000244140625,2.7966862971979496,REPLACED_BY_ENGINERSIN
AEGISVOPAK,1723,1729,305.0,300.79998779296875,18.44005070841533,REPLACED_BY_SONACOMS
ANANDRATHI,1724,1729,2200.0,2168.0,2.4994672597852947,REPLACED_BY_WOCKPHARMA
JYOTICNC,1727,1730,1110.050048828125,1072.550048828125,5.077729088968396,REPLACED_BY_MCX
USHAMART,1727,1730,541.0,525.9000244140625,10.593422294719945,REPLACED_BY_LALPATHLAB
ACE,1724,1731,1149.699951171875,1226.4000244140625,4.796316239618289,REPLACED_BY_CASTROLIND
PVRINOX,1724,1731,1248.5,1252.0,3.9479522979082726,REPLACED_BY_ZYDUSLIFE
GRAPHITE,1725,1732,815.0,791.2000122070312,6.8172823996898755,REPLACED_BY_PETRONET
WOCKPHARMA,1729,1732,2310.0,2199.0,2.3095491921146984,REPLACED_BY_GESHIP
SANSERA,1728,1732,4589.10009765625,4266.896864742755,1.2281383938457926,STOP
ACMESOLAR,1723,1733,419.45001220703125,441.29998779296875,13.24665888390252,REPLACED_BY_DRREDDY
SHYAMMETL,1725,1733,1087.0,1076.9000244140625,5.153156392896907,REPLACED_BY_LAURUSLABS
ENGINERSIN,1728,1734,301.3999938964844,308.0,18.61793743395628,REPLACED_BY_KOTAKBANK
SONACOMS,1729,1734,828.5499877929688,790.1964115375357,6.777845087969104,STOP
MCX,1730,1734,3463.60009765625,3221.678997804083,1.6193934490747333,STOP
ZYDUSLIFE,1731,1734,1210.699951171875,1148.4454895128727,4.315281054508443,STOP
DRREDDY,1733,1734,1242.199951171875,1206.0034570799462,4.34451719963378,STOP
LALPATHLAB,1730,1736,1980.0,2005.9000244140625,2.7147809200191952,INELIGIBLE
PETRONET,1732,1736,284.70001220703125,287.5,18.942729671757075,INELIGIBLE
SYRMA,1726,1737,1721.0,1738.0999755859375,3.132525450913457,REPLACED_BY_NYKAA
CASTROLIND,1731,1738,201.89999389648438,200.1999969482422,27.57851292971477,REPLACED_BY_BHEL
GESHIP,1732,1738,1533.4000244140625,1530.5999755859375,3.2921394288472685,REPLACED_BY_MOTILALOFS
