sym,entry_i,exit_i,entry,exit,qty,reason
BAJAJ-AUTO,635,636,4000.0,3713.262989388188,0.9674912455226983,STOP
TVSMOTOR,635,637,689.9500122070312,648.778406808894,6.7220867746840405,STOP
BHARTIARTL,635,638,751.0,737.0,6.133401482238692,REPLACED_BY_AMBER
ADANIPORTS,635,638,899.0,830.4963883029726,5.201605633811313,STOP
M&M,635,639,945.0,910.0,4.9796458293769215,REPLACED_BY_POWERGRID
ACC,635,639,2383.0,2325.0,1.964077112723529,REPLACED_BY_EIDPARRY
RELIANCE,635,639,1296.79150390625,1222.4341993418655,3.599559625165096,STOP
COLPAL,635,639,1640.0,1569.239482948885,2.821139740455144,STOP
TATACONSUM,637,639,823.2999877929688,778.6803343540378,4.32017821784309,STOP
EMBASSY,635,640,390.3999938964844,382.8999938964844,11.849815736233207,REPLACED_BY_VEDL
M&MFIN,635,640,186.75,172.0500030517578,24.88077959776073,STOP
AMBER,638,640,3928.0,3644.4367563578276,1.103777909056435,STOP
EIDPARRY,639,640,534.0,488.7464327194409,8.289841571860846,STOP
ADANIENT,635,641,2359.85009765625,2193.1950832620655,1.9773721872592702,STOP
PAGEIND,635,641,46280.0,43508.1985944327,0.1008127608792721,STOP
TATACHEM,640,642,1038.800048828125,981.2953070210251,4.1695599115242725,STOP
ABB,641,642,2253.89990234375,2090.088563913828,1.9109556984693454,STOP
OIL,642,642,155.8000030517578,145.36701898583593,26.915677321053575,STOP
SCHAEFFLER,635,643,2240.0,2079.73861601201,2.0651415352179487,STOP
TIINDIA,638,643,1833.0,1716.6263778480054,2.4317781020757745,STOP
NTPC,639,643,159.60000610351562,150.3095545154746,27.725117585006892,STOP
SUMICHEM,641,643,440.0,407.3052441186738,9.79796725118449,STOP
IOC,641,643,83.76666259765625,79.39829552668886,35.58145711826589,STOP
AIAENG,641,644,1894.800048828125,1804.0,2.2527331618962196,REPLACED_BY_NAVINFLUOR
ITC,640,644,249.39505004882812,240.36089843172866,17.28917371401205,STOP
PETRONET,642,644,216.10000610351562,203.39999389648438,19.60670575645235,STOP
BHARTIARTL,644,645,715.25,687.4855789622795,5.608752854655797,STOP
OFSS,644,645,3500.550048828125,3347.5878242737385,1.1469149266770973,STOP
NAVINFLUOR,644,647,3946.0,3899.10009765625,0.7989476802346555,REPLACED_BY_APOLLOTYRE
PVRINOX,643,647,1777.0,1748.0,2.3322750445358214,REPLACED_BY_GESHIP
EMBASSY,643,648,371.0,371.5,10.10279642960296,REPLACED_BY_TVSMOTOR
SUNPHARMA,646,649,881.9500122070312,885.0,4.225337828182752,REPLACED_BY_EICHERMOT
POWERGRID,639,649,178.8000030517578,167.25,24.68344450599635,STOP
AMBUJACEM,645,651,378.0,365.6499938964844,10.620162039331918,REPLACED_BY_TATACHEM
UPL,643,652,801.0,789.0,5.23344455756322,REPLACED_BY_ASHOKLEY
POLYCAB,646,652,2550.050048828125,2543.199951171875,1.554582274290587,REPLACED_BY_HINDUNILVR
COLPAL,645,653,1568.949951171875,1559.4000244140625,2.5342796334992506,REPLACED_BY_KOTAKBANK
TATACHEM,651,654,995.0,928.0,3.9372172662586156,REPLACED_BY_CIPLA
HINDUNILVR,652,656,2380.0,2342.199951171875,1.6272501292736519,REPLACED_BY_HDFCLIFE
EICHERMOT,649,656,2622.0,2755.300048828125,1.411981609136631,REPLACED_BY_HEROMOTOCO
APOLLOTYRE,647,657,209.1999969482422,219.0,18.958519661992742,REPLACED_BY_ABB
GESHIP,647,658,393.6499938964844,398.20001220703125,8.012979607328727,REPLACED_BY_MRF
CIPLA,654,658,972.0999755859375,994.5,3.7212036988972477,REPLACED_BY_SUMICHEM
KOTAKBANK,653,659,379.57000732421875,369.6400146484375,10.308066244279862,REPLACED_BY_COALINDIA
BAJAJ-AUTO,644,660,3585.0,3719.0,1.122185187446781,REPLACED_BY_ADANIENT
HEROMOTOCO,656,660,2724.0,2675.0,1.2980906198769728,REPLACED_BY_M&MFIN
HDFCLIFE,656,661,605.6500244140625,601.9500122070312,6.751662755537622,REPLACED_BY_RELIANCE
MRF,658,662,77200.0,74000.0,0.052451807019656425,STOP
ABB,657,663,2392.0,2369.25,1.709215483973959,REPLACED_BY_ICICIPRULI
ADANIENT,660,664,2235.0,2160.300048828125,1.8451304599987048,REPLACED_BY_BANDHANBNK
COALINDIA,659,666,196.5,196.64999389648438,19.197763795500915,REPLACED_BY_BAJAJ-AUTO
M&MFIN,660,666,186.5,172.21423442494677,18.476433989283947,STOP
RELIANCE,661,666,1282.9696044921875,1213.638188826012,3.1362582764484825,STOP
BANDHANBNK,664,666,329.75,306.3424233612291,11.967773703779256,STOP
BAJAJ-AUTO,666,667,3825.0,3663.154648693276,0.9771700796788207,STOP
SUMICHEM,658,668,472.0,438.8500061035156,5.923334177400498,REPLACED_BY_DRREDDY
ICICIPRULI,663,668,560.0,537.7999877929688,6.798055265234977,REPLACED_BY_BEL
EMBASSY,663,668,396.0,378.55086364372744,10.215066181871787,STOP
ITC,650,669,266.7275085449219,251.34332434870768,15.050266180503353,STOP
DRREDDY,668,670,861.3400268554688,818.9389043821271,4.48463127195555,STOP
HEROMOTOCO,667,671,2595.949951171875,2446.0808466124727,1.4942515964619523,STOP
BEL,668,671,81.03333282470703,75.19790519513013,24.40291425557673,STOP
SBILIFE,669,672,1131.3499755859375,1080.0999755859375,3.3839619665653804,REPLACED_BY_MAXHEALTH
SIEMENS,667,674,1398.6729736328125,1336.920654296875,2.0259355152565,REPLACED_BY_PVRINOX
TORNTPHARM,670,675,1393.5250244140625,1438.875,2.6875328590382788,REPLACED_BY_AIAENG
ABBOTINDIA,672,675,17828.400390625,18100.0,0.2069952151132699,REPLACED_BY_ABB
MFSL,672,676,787.0499877929688,825.0,4.685024142176832,REPLACED_BY_HINDUNILVR
COROMANDEL,640,676,900.0,944.0,4.78120519552339,REPLACED_BY_SHRIRAMFIN
BRITANNIA,672,677,3378.60009765625,3455.0,1.0922848124413924,REPLACED_BY_HEROMOTOCO
HAL,644,677,774.9749755859375,903.75,5.2078187078426454,REPLACED_BY_BEL
MAXHEALTH,672,678,362.3999938964844,370.0,4.475963688875056,REPLACED_BY_BOSCHLTD
SHRIRAMFIN,676,679,253.8000030517578,247.0,15.57672646554771,REPLACED_BY_SIEMENS
HINDUNILVR,676,679,2315.85009765625,2224.89990234375,1.6839010460192094,REPLACED_BY_COALINDIA
ABB,675,680,2292.949951171875,2260.35009765625,1.603657669956517,REPLACED_BY_SHRIRAMFIN
AIAENG,675,681,2151.0,2212.14990234375,1.7948734893709422,INELIGIBLE
EICHERMOT,668,681,2744.0,2793.800048828125,1.4201428803717036,REPLACED_BY_ADANIENT
PVRINOX,674,681,1795.0,1885.0,1.4939078753568629,REPLACED_BY_PETRONET
COALINDIA,679,682,188.10000610351562,183.0,19.174736129769354,REPLACED_BY_BRITANNIA
BEL,677,683,79.81666564941406,76.5999984741211,48.647314328323496,REPLACED_BY_SCHAEFFLER
SHRIRAMFIN,680,684,253.24000549316406,256.0,14.171377961731416,REPLACED_BY_HINDUNILVR
PETRONET,681,684,216.6999969482422,222.0,13.133583902701163,REPLACED_BY_VBL
ADANIENT,681,685,2232.199951171875,2286.0,1.7434135246269364,REPLACED_BY_CUMMINSIND
MARUTI,667,685,7805.0,8620.0,0.4914524999814489,REPLACED_BY_ABB
ASHOKLEY,652,686,69.0,71.44999694824219,59.84811780483508,REPLACED_BY_M&MFIN
BOSCHLTD,678,686,14614.0,16100.0,0.18564298083712594,REPLACED_BY_UBL
SCHAEFFLER,683,687,2334.5,2384.25,1.5803408667960566,REPLACED_BY_EICHERMOT
TVSMOTOR,648,688,677.2000122070312,850.9000244140625,5.487069763283077,REPLACED_BY_INDIANB
CUMMINSIND,685,689,1133.0,1087.1500244140625,3.50075832935379,REPLACED_BY_MRF
BRITANNIA,682,689,3709.0,3726.0,0.9366571907754442,REPLACED_BY_AIAENG
UBL,686,692,1600.1500244140625,1644.8499755859375,2.1610910211286924,REPLACED_BY_TVSMOTOR
HEROMOTOCO,677,692,2748.0,2815.0,1.412664030808053,REPLACED_BY_FLUOROCHEM
ITC,681,693,275.0567321777344,283.9637145996094,14.213210578324215,REPLACED_BY_FEDERALBNK
EICHERMOT,687,694,3038.5,3053.0,1.2277228545769443,REPLACED_BY_TIMKEN
M&MFIN,686,694,196.9499969482422,205.0,20.00469438111582,REPLACED_BY_BRITANNIA
INDIANB,688,695,175.25,177.0,22.483854532258544,REPLACED_BY_CUMMINSIND
AIAENG,689,696,2268.050048828125,2399.64990234375,1.7375086774294755,REPLACED_BY_BEL
VBL,684,696,166.0,175.52000427246094,15.15387548350341,REPLACED_BY_SHRIRAMFIN
M&M,644,698,884.9000244140625,1140.0,4.570528064763067,REPLACED_BY_CUB
FEDERALBNK,693,698,108.44999694824219,105.4000015258789,36.84533537798903,REPLACED_BY_COALINDIA
BRITANNIA,694,699,3844.0,3863.5,0.978836928819239,REPLACED_BY_PVRINOX
TVSMOTOR,692,699,870.5,857.9500122070312,4.541902325191047,REPLACED_BY_PAGEIND
FLUOROCHEM,692,700,3289.10009765625,3288.0,1.0719133199377402,REPLACED_BY_HAL
SHRIRAMFIN,696,700,294.6000061035156,280.98042856014877,9.189396471659414,STOP
CUB,698,702,121.42500305175781,120.375,32.70411495630827,REPLACED_BY_BOSCHLTD
HINDUNILVR,684,702,2505.0,2600.0,1.581986155357747,REPLACED_BY_CIEINDIA
CUMMINSIND,695,703,1225.0,1200.0,3.2163623035424624,REPLACED_BY_BALKRISIND
SIEMENS,679,703,1412.1446533203125,1567.28857421875,2.769994490002486,REPLACED_BY_ADANIENT
ABB,685,704,2569.949951171875,2689.0,1.5441207349016142,REPLACED_BY_VBL
BALKRISIND,703,704,2440.0,2311.096954587804,1.668882396706391,STOP
CIEINDIA,702,705,277.3999938964844,266.8999938964844,14.077250739857915,REPLACED_BY_CIPLA
TIMKEN,694,705,2825.699951171875,2998.0,1.4185687239548852,REPLACED_BY_AIAENG
PVRINOX,699,706,2039.0999755859375,2110.0,1.9674968644451603,REPLACED_BY_CHOLAFIN
PAGEIND,699,706,47500.0,48445.0,0.08416454267709042,REPLACED_BY_TATAELXSI
BOSCHLTD,702,707,17617.900390625,17350.0,0.23071953851259666,REPLACED_BY_M&M
CIPLA,705,708,1040.0,1040.5,3.8469154780516983,REPLACED_BY_ICICIBANK
MRF,689,709,77399.796875,82995.0,0.05092652076327908,REPLACED_BY_BDL
ADANIPOWER,705,709,69.13999938964844,68.5999984741211,57.85606037995224,REPLACED_BY_INDHOTEL
BDL,709,709,443.0,406.9974512847231,9.196695436924035,STOP
CHOLAFIN,706,710,774.8499755859375,784.0,5.156303532796923,REPLACED_BY_TORNTPOWER
TVSMOTOR,701,710,908.9000244140625,958.0,2.932178743637903,REPLACED_BY_FLUOROCHEM
AIAENG,705,711,2443.0,2576.35009765625,1.5656752917275447,REPLACED_BY_SOLARINDS
COALINDIA,698,711,202.39999389648438,223.5,19.66611752012453,REPLACED_BY_KARURVYSYA
VBL,704,712,189.8000030517578,207.3000030517578,21.253304415606262,REPLACED_BY_EICHERMOT
M&M,707,712,1277.0,1274.0,3.1496602033830796,REPLACED_BY_SBICARD
SBICARD,712,712,983.0,950.7003007189892,4.117910847285617,STOP
TATAELXSI,706,713,9321.2001953125,10614.150390625,0.42719007308373635,REPLACED_BY_SBILIFE
INDHOTEL,709,714,277.75,271.45001220703125,14.54505196558678,REPLACED_BY_AMBUJACEM
BEL,696,714,89.9000015258789,95.0,45.09535090464834,REPLACED_BY_LT
TRENT,710,714,1390.5999755859375,1309.6469954009692,2.9422597409393987,STOP
AMBUJACEM,714,714,418.1000061035156,406.95597428905813,9.681778696226838,STOP
FLUOROCHEM,710,715,3597.949951171875,3399.449951171875,0.6473869694054926,REPLACED_BY_SUNTV
TVSMOTOR,713,715,981.4000244140625,926.0905887329998,4.238959858819497,STOP
HAL,700,716,1020.0,1120.0,3.945968683894148,REPLACED_BY_M&M
SBILIFE,713,716,1320.0,1284.0,3.1179180295516398,REPLACED_BY_GESHIP
LT,714,716,1937.0999755859375,1861.1176782429256,2.1025819934140197,STOP
TORNTPOWER,710,717,579.2000122070312,582.0,7.024187795302959,REPLACED_BY_ASAHIINDIA
ICICIBANK,708,717,860.0499877929688,873.2999877929688,4.736387784458359,REPLACED_BY_ABB
SIEMENS,715,718,1683.33837890625,1705.820556640625,2.356044001040755,REPLACED_BY_THERMAX
PIIND,715,718,3365.0,3419.449951171875,1.1769796842509463,REPLACED_BY_CUB
SUNTV,715,719,494.8999938964844,490.0,4.6764120919650605,REPLACED_BY_COALINDIA
GESHIP,716,719,554.0,525.5499877929688,7.237883052514221,REPLACED_BY_TEJASNET
CUB,718,719,142.875,133.5,28.072679433519728,STOP
SOLARINDS,711,720,3315.0,3330.25,1.2474168140284052,REPLACED_BY_ATGL
EICHERMOT,712,721,3400.0,3241.0,1.2129753376622783,REPLACED_BY_PCBL
THERMAX,718,721,2460.050048828125,2423.0,1.6273414013088565,REPLACED_BY_GESHIP
COALINDIA,719,722,221.39999389648438,231.0,17.425802458895298,REPLACED_BY_TVSMOTOR
ASAHIINDIA,717,722,634.0,639.4500122070312,6.391448728448431,REPLACED_BY_PIDILITIND
M&M,716,723,1274.949951171875,1319.0,3.1248940953671593,REPLACED_BY_KALYANKJIL
ATGL,720,723,3550.0,3588.050048828125,1.073185936583774,REPLACED_BY_HAL
TEJASNET,719,724,526.0,658.0,4.457122812171859,REPLACED_BY_INDHOTEL
GESHIP,721,724,571.5,539.9000244140625,6.586581150552495,REPLACED_BY_TIINDIA
PIDILITIND,722,725,1414.9749755859375,1408.449951171875,2.7650045408649544,REPLACED_BY_AMBUJACEM
CEATLTD,720,726,1395.0,1429.6500244140625,2.8770440708998075,REPLACED_BY_APOLLOTYRE
HAL,723,727,1190.824951171875,1217.0,3.192506516379224,REPLACED_BY_SCHAEFFLER
ABB,717,727,3050.0,3333.0,1.3014919339113815,REPLACED_BY_BANKBARODA
KALYANKJIL,723,728,84.6500015258789,82.9000015258789,48.332386389927336,REPLACED_BY_M&MFIN
FEDERALBNK,717,728,114.75,120.1500015258789,34.93992039990945,REPLACED_BY_LICHSGFIN
TIINDIA,724,729,2525.0,2745.0,0.9205127319952018,REPLACED_BY_CCL
PCBL,721,730,137.0,137.1999969482422,29.428605114084142,REPLACED_BY_ADANIPORTS
TVSMOTOR,722,731,1022.0,1041.800048828125,4.030567495093707,REPLACED_BY_INDUSINDBK
M&MFIN,728,732,224.85000610351562,230.0,18.363195838634045,REPLACED_BY_IDFCFIRSTB
KARURVYSYA,711,732,54.791664123535156,70.83333587646484,75.65702343422758,REPLACED_BY_PIDILITIND
AMBUJACEM,725,733,440.04998779296875,517.0,8.761778575610714,REPLACED_BY_ADANIENSOL
SCHAEFFLER,727,733,3515.0,3279.6549172898294,1.1745774222979695,STOP
LICHSGFIN,728,733,436.70001220703125,416.0442818352555,9.146283309300195,STOP
PIDILITIND,732,733,1451.5,1392.940690792249,2.990428600504241,STOP
ADANIENSOL,733,736,4165.0,3877.949951171875,1.0326270371633737,REPLACED_BY_PATANJALI
BEL,716,736,100.0,108.5999984741211,39.98964053173783,REPLACED_BY_CGPOWER
IDFCFIRSTB,732,736,52.79999923706055,49.576057755770385,82.25379645883673,STOP
FLUOROCHEM,734,737,3694.0,3750.0,1.1479344363947674,REPLACED_BY_COCHINSHIP
BANKBARODA,727,738,139.5,130.0,28.764809952781615,REPLACED_BY_PAGEIND
CCL,729,738,500.1000061035156,503.0,5.002329646301066,REPLACED_BY_ITC
ADANIPORTS,730,738,941.0,899.2516855879712,4.248065209747387,STOP
INDUSINDBK,731,738,1219.0,1153.582148683901,3.410388734039164,STOP
SOLARINDS,734,738,3653.0,3448.548430869933,1.1534473695870708,STOP
CGPOWER,736,738,262.3999938964844,245.0,15.876850021003321,STOP
VBL,737,738,235.0,217.8084156210033,17.85242248470881,STOP
COCHINSHIP,737,738,216.375,202.59371095332511,18.96635530390645,STOP
PAGEIND,738,738,52941.19921875,50511.105587904945,0.0768580601316397,STOP
ITC,738,738,332.0613098144531,323.09222896307523,6.397597138972319,STOP
PATANJALI,736,739,480.0,453.9524835221136,8.537931880967601,STOP
APOLLOTYRE,726,740,277.0,270.0,14.70122418798151,REPLACED_BY_PIDILITIND
BAJFINANCE,734,741,756.9949951171875,731.25,5.599502717458449,REPLACED_BY_MARICO
TITAN,739,741,2669.949951171875,2524.5585570710855,1.4694934067360192,STOP
MAXHEALTH,739,741,419.5,389.58370156488127,9.307667839206914,STOP
PIDILITIND,740,741,1397.5,1340.8651430591176,2.7679834841467463,STOP
BAJAJFINSV,739,742,1688.5,1625.75,2.3271944346105427,REPLACED_BY_KIMS
ADANIENT,703,743,2685.0,3440.0,1.5073893061626433,REPLACED_BY_GRANULES
KAJARIACER,739,744,1184.0,1204.5,1.327151080656361,REPLACED_BY_SOLARINDS
ASIANPAINT,739,744,3454.85009765625,3330.0,1.1350153971486237,REPLACED_BY_BHEL
MARICO,741,744,550.0999755859375,520.1084028402471,7.062171572071846,STOP
SUPREMEIND,742,745,2117.39990234375,2070.0,1.8013268840193473,REPLACED_BY_LEMONTREE
UBL,742,745,1699.699951171875,1705.449951171875,2.24400157550281,REPLACED_BY_FLUOROCHEM
HINDUNILVR,739,746,2676.0,2611.89990234375,1.4667041288346718,REPLACED_BY_TVSMOTOR
EICHERMOT,739,746,3543.800048828125,3531.35009765625,1.1099940798420074,REPLACED_BY_COALINDIA
KIMS,742,747,289.5899963378906,289.9100036621094,11.763309326711349,REPLACED_BY_TATACHEM
RHIM,739,747,651.5,656.0,5.98870455462877,REPLACED_BY_POONAWALLA
ESCORTS,742,749,2100.0,2050.0,1.8224136586945487,REPLACED_BY_SUNTV
FLUOROCHEM,745,749,4014.89990234375,3990.0,0.8513181147731504,REPLACED_BY_RITES
LEMONTREE,745,749,92.0,84.2407305413454,41.79501044267323,STOP
BHEL,744,750,61.400001525878906,61.900001525878906,44.80057590457908,REPLACED_BY_FEDERALBNK
INDHOTEL,724,751,310.45001220703125,324.0,13.206704247086497,REPLACED_BY_ABB
GRANULES,743,751,348.0,351.0,11.107761426519986,REPLACED_BY_SUNPHARMA
SOLARINDS,744,752,4034.949951171875,3847.5,0.9522317289780974,REPLACED_BY_RKFORGE
POONAWALLA,747,753,326.6000061035156,328.0,10.973572264366558,REPLACED_BY_INDUSINDBK
ABB,751,754,3312.0,3227.0,1.1258727835308857,REPLACED_BY_CGPOWER
RITES,749,754,180.0,194.64999389648438,18.82803411539759,REPLACED_BY_GRANULES
SUNTV,749,755,530.0,529.0,6.929601746741629,REPLACED_BY_BLUESTARCO
TATACHEM,747,756,1169.8499755859375,1161.9000244140625,3.2002665379250437,REPLACED_BY_PAGEIND
INDUSINDBK,753,756,1207.0,1166.0,3.090517117849326,REPLACED_BY_EIDPARRY
COALINDIA,746,757,233.0,240.89999389648438,16.27699908543374,REPLACED_BY_GODFRYPHLP
CGPOWER,754,757,263.6000061035156,259.0,14.408948841658239,REPLACED_BY_INDIANB
SUNPHARMA,751,758,976.0,991.9500122070312,3.796914133978478,REPLACED_BY_BANKBARODA
CIPLA,740,758,1101.0,1147.0,3.5324731795377486,REPLACED_BY_BDL
EIDPARRY,756,759,661.0,620.9500122070312,5.343737420138637,REPLACED_BY_UNIONBANK
RKFORGE,752,759,224.89999389648438,229.89999389648438,16.509915561531983,REPLACED_BY_BHEL
PAGEIND,756,759,53800.0,50799.89170634291,0.069086751695684,STOP
BLUESTARCO,755,760,608.375,614.9749755859375,6.1018140646048415,REPLACED_BY_POLYCAB
TVSMOTOR,746,760,1080.0,1120.0,3.536173347398645,REPLACED_BY_BHARTIARTL
GRANULES,754,761,357.1499938964844,369.45001220703125,10.509677271168838,REPLACED_BY_BHARATFORG
INDIANB,757,761,232.0,246.5,16.322610754950396,REPLACED_BY_AEGISLOG
BDL,758,762,482.5,479.75,7.770582859051099,REPLACED_BY_SCI
AEGISLOG,761,764,318.3999938964844,311.0,11.763240875443019,REPLACED_BY_NTPC
IDFCFIRSTB,745,764,53.849998474121094,55.04999923706055,71.57002505544757,REPLACED_BY_GRANULES
AXISBANK,750,765,807.0,869.0,4.556491663598968,REPLACED_BY_INDIANB
BANKBARODA,758,765,144.3000030517578,148.89999389648438,25.905978638020446,REPLACED_BY_LEMONTREE
POLYCAB,760,766,2784.449951171875,2754.449951171875,1.3571687647886486,REPLACED_BY_CEMPRO
GRANULES,764,767,376.5,365.0,9.965084754700905,REPLACED_BY_ZYDUSLIFE
NTPC,764,767,179.35000610351562,177.75,20.745220293171155,REPLACED_BY_SBIN
INDIANB,765,768,253.39999389648438,267.8500061035156,14.9776253844644,REPLACED_BY_ABCAPITAL
SCI,762,768,131.0,131.4499969482422,28.722581199536656,REPLACED_BY_ITC
CEMPRO,766,768,128.0,116.84196522255027,29.76009722218412,STOP
ZYDUSLIFE,767,768,451.04998779296875,430.84477401070984,8.441342066431304,STOP
LEMONTREE,765,769,93.6500015258789,90.9000015258789,40.39784794533598,REPLACED_BY_CEATLTD
BHARTIARTL,760,769,819.0,830.75,4.338818319806459,REPLACED_BY_CANBK
ITC,768,770,345.68658447265625,335.5856222825852,11.008786908313601,STOP
FEDERALBNK,750,771,125.55000305175781,136.35000610351562,20.34474113776293,REPLACED_BY_ADANIENT
UNIONBANK,759,771,51.650001525878906,64.75,72.45885350033265,REPLACED_BY_BHARTIARTL
CRAFTSMAN,769,771,3420.0,3149.649754985821,1.1183780035707165,STOP
BHEL,759,772,71.5999984741211,70.6500015258789,49.62714955802349,REPLACED_BY_INDIANB
BHARATFORG,761,772,839.9500122070312,852.0,4.4827808540002,REPLACED_BY_BANKBARODA
COCHINSHIP,760,773,281.0,331.0,13.446435855039896,REPLACED_BY_NCC
ABCAPITAL,768,773,129.9499969482422,123.93112659015434,29.277261918117837,STOP
SUPREMEIND,769,773,2430.0,2281.8974931381663,1.5426707296270403,STOP
SBIN,767,774,621.0,601.0,6.106359672627046,REPLACED_BY_ENGINERSIN
ADANIENT,771,776,4025.050048828125,4001.85009765625,0.939899596026941,REPLACED_BY_HINDZINC
ENGINERSIN,774,776,81.4000015258789,76.08314044180673,46.358896989565345,STOP
HINDZINC,776,777,324.3500061035156,304.1000061035156,11.360129786741705,STOP
CEATLTD,769,778,1746.0,1716.0,2.1925274059452846,REPLACED_BY_AEGISLOG
GODFRYPHLP,757,779,483.6666564941406,587.6666870117188,7.836081453159445,REPLACED_BY_BANKINDIA
BHARTIARTL,771,780,822.6500244140625,840.25,4.246275642039837,REPLACED_BY_ABCAPITAL
PNB,778,781,50.54999923706055,53.45000076293945,73.60573619866243,REPLACED_BY_APOLLOTYRE
EXIDEIND,772,781,181.9499969482422,185.6999969482422,20.758929528901135,REPLACED_BY_LTF
AEGISLOG,778,782,331.20001220703125,317.0,10.33940718563862,REPLACED_BY_BRITANNIA
IIFL,777,783,465.0,470.0,7.867111330441055,REPLACED_BY_JSWSTEEL
INDIANB,772,783,271.1499938964844,268.6000061035156,13.950522455232411,REPLACED_BY_SUPREMEIND
ARE&M,774,784,638.2000122070312,646.0,5.900422549654507,REPLACED_BY_BHEL
NCC,773,784,78.9000015258789,79.94999694824219,47.24983579217092,REPLACED_BY_JKCEMENT
CANBK,769,785,62.79999923706055,64.0,46.9039987686493,REPLACED_BY_INDIANB
CUMMINSIND,774,786,1374.0999755859375,1446.4000244140625,2.7095150067584988,REPLACED_BY_PNB
SUPREMEIND,783,787,2447.949951171875,2454.35009765625,1.5285313290135638,REPLACED_BY_JSL
JKCEMENT,784,787,3201.949951171875,3177.199951171875,1.1710586326643486,REPLACED_BY_CEMPRO
APOLLOTYRE,781,788,314.29998779296875,316.25,11.903708200756162,REPLACED_BY_CUMMINSIND
BANKINDIA,779,788,82.05000305175781,93.5999984741211,45.68967037447595,REPLACED_BY_AXISBANK
JSWSTEEL,783,789,747.1500244140625,748.4500122070312,5.007101554391743,REPLACED_BY_PFC
ABCAPITAL,780,789,136.39999389648438,161.60000610351562,27.558653991178456,REPLACED_BY_LT
BHEL,784,790,85.1500015258789,85.8499984741211,44.28372387122516,REPLACED_BY_IIFL
INDIANB,785,790,282.8999938964844,273.45001220703125,11.359799333663332,REPLACED_BY_ABCAPITAL
JSL,787,791,204.0,214.75,19.47426692104772,REPLACED_BY_UBL
JINDALSTEL,771,791,514.0,555.0,7.339921073750725,REPLACED_BY_REDINGTON
LTF,781,792,88.75,92.5,41.94129239082129,REPLACED_BY_AEGISLOG
REDINGTON,791,792,200.64999389648438,186.2879759421379,19.446647662525887,STOP
CUMMINSIND,788,793,1466.0,1490.0,2.6243190131701004,REPLACED_BY_BHARATFORG
ABCAPITAL,790,793,153.5,155.10000610351562,23.67019932514197,REPLACED_BY_IDFCFIRSTB
CEMPRO,787,795,134.35000610351562,132.64999389648438,25.91954637986898,REPLACED_BY_APOLLOTYRE
BHARATFORG,793,795,910.0999755859375,865.2778690340652,4.251327791504633,STOP
PNB,786,796,55.150001525878906,55.95000076293945,69.31809913488746,REPLACED_BY_HINDUNILVR
UBL,791,797,1777.0,1733.0,2.176382966539509,REPLACED_BY_GODFRYPHLP
BANKBARODA,772,797,164.25,184.64999389648438,19.362405342398716,REPLACED_BY_GESHIP
PFC,789,797,116.44000244140625,110.50288928002843,33.53531078926723,STOP
IDFCFIRSTB,793,797,63.0,59.63890129491284,59.03158232877243,STOP
SUPREMEIND,793,798,2570.0,2427.300048828125,1.5055026495828403,REPLACED_BY_NESTLEIND
AEGISLOG,792,798,362.5,335.08753009454585,10.705058829030841,STOP
GODFRYPHLP,797,798,678.6666870117188,623.2828972128627,5.566547662473223,STOP
LT,789,799,2168.0,2090.6574229939797,1.7890037397039402,STOP
IIFL,790,799,489.5,454.96437897940206,7.800172995161535,STOP
HINDUNILVR,796,799,2706.0,2626.0717925944987,1.3728898688729714,STOP
GESHIP,797,799,729.0,673.4423559630128,4.795617793443158,STOP
RKFORGE,798,799,262.0,240.10217500787172,14.161038789811805,STOP
APOLLOTYRE,795,800,323.8500061035156,305.86043109527816,10.511089653687543,STOP
NESTLEIND,798,802,1019.75,989.5,3.298906519354246,REPLACED_BY_RBLBANK
ZYDUSLIFE,800,803,421.0,415.25,8.403094158532593,REPLACED_BY_CRAFTSMAN
ICICIGI,801,804,1239.0,1241.949951171875,2.5689564933156657,REPLACED_BY_CANBK
LUPIN,800,804,760.5499877929688,745.0,4.66709001949708,REPLACED_BY_BANKBARODA
COHANCE,800,805,510.0,494.0,7.119888033801252,REPLACED_BY_CIEINDIA
BRITANNIA,782,805,4297.9501953125,4379.9501953125,0.8646423759059554,REPLACED_BY_JSWSTEEL
SUPREMEIND,800,806,2319.300048828125,2422.60009765625,1.3576398527991616,REPLACED_BY_PFC
HINDZINC,799,806,312.25,329.45001220703125,10.831441792225935,REPLACED_BY_NMDC
JSWSTEEL,805,807,771.9000244140625,736.6614611920312,4.629329184132237,STOP
NMDC,806,809,42.150001525878906,40.666664123535156,73.27784963434098,REPLACED_BY_APARINDS
BANKBARODA,804,810,186.89999389648438,184.3000030517578,15.9486135430957,REPLACED_BY_GODREJCP
CIEINDIA,805,811,346.79998779296875,345.0,10.548605239001882,REPLACED_BY_ZYDUSLIFE
CANBK,804,812,64.69000244140625,63.7400016784668,55.964728508247084,REPLACED_BY_MRF
APARINDS,809,812,1850.0,1826.050048828125,1.5947644858307302,REPLACED_BY_HDFCLIFE
SOLARINDS,800,813,3980.0,4354.39990234375,0.8749818318022365,REPLACED_BY_IOC
RBLBANK,802,813,166.3000030517578,181.9499969482422,19.433479633065684,REPLACED_BY_TATACOMM
MRF,812,813,94261.0,90513.98896079796,0.038695353230199306,STOP
CRAFTSMAN,803,814,3290.0,3463.300048828125,1.0500500310254217,REPLACED_BY_JSWSTEEL
AXISBANK,788,814,915.6500244140625,935.5,4.191192145808995,REPLACED_BY_CIEINDIA
TATACOMM,813,816,1430.0,1370.050048828125,2.549696264430811,REPLACED_BY_LTF
ZYDUSLIFE,811,816,443.5,439.0,8.124142452154944,REPLACED_BY_ULTRACEMCO
PFC,806,817,120.72000122070312,120.23999786376953,30.653929379049867,REPLACED_BY_LT
HDFCLIFE,812,817,600.0,610.0,4.612297004483982,REPLACED_BY_HINDCOPPER
ABBOTINDIA,796,818,20800.0,21960.0,0.18109107006445552,REPLACED_BY_HINDALCO
CIEINDIA,814,818,357.0,375.0,10.031420853943882,REPLACED_BY_CGPOWER
RECLTD,799,819,112.0,123.94999694824219,32.1815392730145,REPLACED_BY_CIEINDIA
INDIGO,814,820,2100.60009765625,2110.0,1.7005356214450211,REPLACED_BY_RECLTD
JSWSTEEL,814,820,765.0,730.0782527468411,4.688863102652053,STOP
ULTRACEMCO,816,820,7280.0,7027.905993603141,0.4918255917657026,STOP
GODREJCP,810,821,919.1500244140625,928.0,3.166058192265242,REPLACED_BY_OIL
LTF,816,821,95.30000305175781,89.16648130767922,37.65502525220403,STOP
CIEINDIA,819,821,382.79998779296875,355.1337608685504,9.491192046344066,STOP
HINDALCO,818,822,493.1499938964844,484.1000061035156,7.159438963631701,REPLACED_BY_HCLTECH
JINDALSTEL,798,823,548.75,596.0,6.739165375433679,REPLACED_BY_INDIGO
HINDCOPPER,817,823,128.75,127.44999694824219,22.403066161296007,REPLACED_BY_PERSISTENT
IOC,813,823,83.75,80.32917857418222,43.25023218163175,STOP
LT,817,823,2221.0,2130.106620345044,1.6140781579970767,STOP
CGPOWER,818,823,308.3999938964844,289.8311387121314,11.6777682597004,STOP
RECLTD,820,823,124.94999694824219,118.45808679906533,28.763016882153984,STOP
ENGINERSIN,821,823,89.0,83.12781279541689,39.70245277428033,STOP
SAIL,821,823,92.94999694824219,87.83740000573418,37.91136595126542,STOP
OIL,821,823,160.93333435058594,152.5701534359905,21.541131804213588,STOP
HDFCBANK,822,823,845.7000122070312,816.0,4.099313008959492,STOP
JSL,822,823,253.1999969482422,237.0961553025608,13.524780845487397,STOP
HINDZINC,808,825,334.54998779296875,330.0,10.09211090839881,REPLACED_BY_AEGISLOG
PETRONET,824,825,226.9499969482422,216.9529844380532,14.812517902264682,STOP
SUNPHARMA,824,826,1041.949951171875,1007.1666700827731,3.201996722145168,STOP
BAJAJ-AUTO,824,826,3940.0,3788.8669899100473,0.8486603055972608,STOP
MFSL,824,826,832.5,794.5903253574186,3.9858785604918543,STOP
TMPV,824,828,445.6000061035156,447.0,7.497673725982603,REPLACED_BY_ARE&M
AEGISLOG,825,828,370.0,361.8999938964844,8.866564020955202,REPLACED_BY_APLAPOLLO
INDIGO,823,829,2109.0,2180.0,1.6313274724386129,REPLACED_BY_CYIENT
TATASTEEL,824,830,120.44999694824219,112.5999984741211,27.691366894375,REPLACED_BY_BALKRISIND
ARE&M,828,831,614.0499877929688,588.4500122070312,5.405483755264951,MQS_LT_50
COFORGE,824,831,862.0,868.8200073242188,3.8901788844781158,REPLACED_BY_M&MFIN
ITC,827,832,348.1901550292969,360.13031005859375,9.413933021448273,REPLACED_BY_ZYDUSLIFE
PERSISTENT,823,833,2296.0,2410.0,1.464707049980404,REPLACED_BY_CANFINHOME
HCLTECH,822,834,1134.8499755859375,1121.25,2.8209860794107207,REPLACED_BY_CGPOWER
POLYCAB,826,834,2949.0,2988.0,1.0845280723170445,REPLACED_BY_ALKEM
BALKRISIND,830,834,2295.0,2081.0,1.4279778875651714,STOP
SUPREMEIND,824,836,2545.5,2550.0,1.3158839371835451,REPLACED_BY_ITC
M&MFIN,831,837,266.70001220703125,263.0,12.016909206081122,REPLACED_BY_CUMMINSIND
CARBORUNIV,827,837,969.0,980.0,3.3586483762875043,REPLACED_BY_SIEMENS
CANFINHOME,833,838,599.0,583.0999755859375,5.554651086751968,REPLACED_BY_PERSISTENT
ALKEM,834,839,3297.949951171875,3260.0,0.9799366901788646,REPLACED_BY_SHREECEM
BRITANNIA,824,840,4396.5,4454.9501953125,0.7126914801626326,REPLACED_BY_TVSMOTOR
KPITTECH,827,841,742.5999755859375,814.0,4.012361280853325,REPLACED_BY_BOSCHLTD
CGPOWER,834,842,328.79998779296875,315.70001220703125,10.164510028270612,REPLACED_BY_DALBHARAT
LT,835,843,2215.0,2160.0,1.3282409056761368,REPLACED_BY_POLYCAB
ACE,831,843,361.0,371.79998779296875,9.115045923897432,REPLACED_BY_SUPREMEIND
BOSCHLTD,841,843,18344.30078125,17717.11073356294,0.17627076610869866,STOP
SHREECEM,839,844,25600.0,25350.0,0.12354713315971641,REPLACED_BY_ALKEM
APLAPOLLO,828,844,1193.0,1227.199951171875,2.6619916781328765,REPLACED_BY_JINDALSAW
TVSMOTOR,840,844,1134.0,1067.0626830376084,2.7719690993922232,STOP
JINDALSAW,844,844,78.7750015258789,72.51662917803344,38.435805479428716,STOP
ALKEM,844,845,3297.0,3161.3816743896978,0.9685051194286219,STOP
DALBHARAT,842,846,1915.0,1843.0999755859375,1.6590110857220455,REPLACED_BY_PETRONET
PERSISTENT,838,846,2453.02490234375,2400.0,1.30723861833764,REPLACED_BY_BAJAJHLDNG
CYIENT,829,847,901.0,955.1500244140625,3.6966938370825173,REPLACED_BY_JSL
SIEMENS,837,848,1905.9580078125,1851.9833984375,1.66732668823054,REPLACED_BY_GAIL
ITC,836,848,367.5928955078125,363.01904296875,8.817750927882166,REPLACED_BY_INDIAMART
BAJAJHLDNG,846,849,6380.0,6169.7001953125,0.4588855913055557,REPLACED_BY_PFC
SUPREMEIND,843,849,2708.800048828125,2700.699951171875,1.0818558781542733,REPLACED_BY_ABCAPITAL
INDIAMART,848,851,2457.97509765625,2475.0,1.2659095705620402,REPLACED_BY_OIL
ZYDUSLIFE,832,852,469.70001220703125,469.0,7.004690471423579,REPLACED_BY_SIEMENS
POLYCAB,843,852,3097.5,2921.840553531903,1.054132255928829,STOP
ABCAPITAL,849,853,155.4499969482422,153.0,18.494731534968217,REPLACED_BY_MAXHEALTH
RADICO,845,854,1180.0,1154.1500244140625,2.165110784779307,REPLACED_BY_MGL
OIL,851,854,177.03334045410156,170.0,17.5218452876598,REPLACED_BY_TORNTPOWER
LINDEINDIA,844,854,3886.60009765625,3663.913013232674,0.8248955237600735,STOP
KPIL,853,856,585.0,543.5443031065171,5.510944362716748,STOP
PFC,849,857,125.0,127.27999877929688,25.058565994706978,REPLACED_BY_POWERGRID
ABB,846,858,3232.0,3300.0,0.966225166707618,REPLACED_BY_BPCL
TORNTPOWER,854,859,531.0,531.3499755859375,4.278479778786808,REPLACED_BY_INDIAMART
JSL,847,859,272.8999938964844,288.3500061035156,11.523762994520801,REPLACED_BY_GODREJCP
POWERGRID,857,859,175.46249389648438,167.49265112674087,16.948358521077413,STOP
GAIL,848,860,104.6500015258789,105.5,30.138904978083705,REPLACED_BY_GLENMARK
CUMMINSIND,837,861,1639.9000244140625,1610.0,2.006611950876595,REPLACED_BY_NCC
NTPC,845,861,172.8000030517578,174.0500030517578,18.131388215971597,REPLACED_BY_SRF
NH,855,862,800.1500244140625,774.9000244140625,3.739639147367983,REPLACED_BY_AEGISLOG
PETRONET,846,863,222.9499969482422,224.0,13.968477159453032,REPLACED_BY_KEI
GLENMARK,860,863,436.0,424.0,6.638998614889526,REPLACED_BY_KPITTECH
BAJAJ-AUTO,860,864,3921.75,3821.0,0.7812563784447777,REPLACED_BY_AIAENG
MAXHEALTH,853,864,460.04998779296875,459.3999938964844,5.866166775053364,REPLACED_BY_ANURAS
BPCL,858,864,177.4250030517578,168.19615662485776,17.55476347662889,STOP
AEGISLOG,862,865,391.04998779296875,377.6499938964844,7.660926809878753,REPLACED_BY_DRREDDY
SRF,861,866,2381.10009765625,2411.10009765625,1.273738941346535,REPLACED_BY_ABB
GODREJCP,859,867,961.1500244140625,970.0,2.6167806896833747,REPLACED_BY_ALKEM
MGL,854,867,992.75,942.517200831158,3.1742134012343795,STOP
KPITTECH,863,867,891.5,822.3881947519171,3.3755658157196113,STOP
NCC,861,869,104.3499984741211,105.94999694824219,28.91411639620587,REPLACED_BY_ABBOTINDIA
INDIAMART,859,870,2454.97509765625,2500.175048828125,1.2495469599133826,REPLACED_BY_IGL
ANURAS,864,870,825.0499877929688,944.0,3.2369507008965446,REPLACED_BY_LINDEINDIA
AIAENG,864,871,2890.949951171875,2909.800048828125,1.0272536640294982,REPLACED_BY_TMPV
KEI,863,871,1669.9000244140625,1719.9000244140625,1.7992660542368624,REPLACED_BY_CYIENT
ABB,866,872,3391.0,3293.89990234375,0.8846636827418461,REPLACED_BY_BAJAJ-AUTO
BOSCHLTD,865,872,18532.19921875,18640.0,0.16009088125204535,REPLACED_BY_ITC
SIEMENS,852,873,1913.6182861328125,1960.5489501953125,1.662179027097097,REPLACED_BY_INDIAMART
ACE,868,874,414.70001220703125,402.1000061035156,7.236484641263631,REPLACED_BY_DLF
GLENMARK,868,875,477.0,488.20001220703125,5.680115576788195,REPLACED_BY_TVSMOTOR
ALKEM,867,875,3410.0,3345.550048828125,0.7488797616519379,REPLACED_BY_VBL
ABBOTINDIA,869,876,22800.25,22679.94921875,0.13105720431281195,REPLACED_BY_NAVINFLUOR
LINDEINDIA,870,877,4165.0,4142.7001953125,0.7260398509475313,REPLACED_BY_GLENMARK
TVSMOTOR,875,878,1172.6500244140625,1117.155875297468,2.558578008885551,STOP
INDIAMART,873,879,2687.47509765625,2625.0,1.1241828205117639,REPLACED_BY_AUROPHARMA
IGL,870,880,234.6750030517578,242.75,13.024286073517148,REPLACED_BY_KEI
DLF,874,880,415.70001220703125,410.04998779296875,7.239966352933846,REPLACED_BY_KIRLOSENG
TMPV,871,881,463.75,473.0,6.489500117910392,REPLACED_BY_NCC
DRREDDY,865,881,909.8900146484375,962.0,3.1001433895252672,REPLACED_BY_ACE
KIRLOSENG,880,882,418.0,410.79998779296875,7.2088322684246995,INELIGIBLE
CYIENT,871,883,1077.8499755859375,1170.0,2.7857867049943272,REPLACED_BY_CHOLAFIN
ZYDUSLIFE,857,884,483.5,519.9000244140625,6.514072695816841,REPLACED_BY_NESTLEIND
ACE,881,884,431.0,419.8500061035156,6.990048445311016,REPLACED_BY_BAJAJHLDNG
VBL,875,885,291.989990234375,285.6000061035156,7.88361399570421,REPLACED_BY_SYNGENE
MINDACORP,879,885,266.0,283.04998779296875,11.243865822249273,REPLACED_BY_PFC
KEI,880,886,1799.0,1836.1500244140625,1.6764632290240988,REPLACED_BY_M&MFIN
NAVINFLUOR,876,886,4618.9501953125,4805.0,0.6371133668659061,REPLACED_BY_INDIAMART
NESTLEIND,884,887,1090.0,1089.99755859375,2.8154541199905396,REPLACED_BY_ABCAPITAL
BAJAJ-AUTO,872,887,4177.39990234375,4463.10009765625,0.7142058325330505,REPLACED_BY_SIEMENS
BAJAJHLDNG,884,888,6880.0,6815.0,0.4473471514460438,REPLACED_BY_ABB
AUROPHARMA,879,888,590.0499877929688,599.1500244140625,4.678651002623507,REPLACED_BY_CANFINHOME
PFC,885,889,139.16000366210938,137.1199951171875,18.771916310571225,REPLACED_BY_APOLLOTYRE
NCC,881,889,118.1500015258789,119.05000305175781,25.373699344197842,REPLACED_BY_INDHOTEL
OFSS,882,890,3500.0,3453.949951171875,0.8437449751217931,REPLACED_BY_ALKEM
ABCAPITAL,887,891,173.25,172.39999389648438,17.858602570122542,REPLACED_BY_MGL
ITC,872,891,382.9995422363281,411.4055480957031,7.701095411483227,REPLACED_BY_VBL
CANFINHOME,888,892,642.2000122070312,643.9500122070312,4.199894156460817,REPLACED_BY_POWERINDIA
ALKEM,890,892,3622.550048828125,3481.818117173066,0.7964708106953022,STOP
M&MFIN,886,893,272.5,282.0,11.231744423077709,REPLACED_BY_ELECON
INDHOTEL,889,893,371.95001220703125,353.24257874301276,6.487137770757756,STOP
MGL,891,893,1100.0,1043.9268364598624,2.789069442732074,STOP
VBL,891,894,324.0,313.2799987792969,9.544454289957958,REPLACED_BY_CANFINHOME
APOLLOTYRE,889,894,377.45001220703125,363.0,8.282378826294963,REPLACED_BY_IDFCFIRSTB
INDIAMART,886,895,2867.550048828125,2925.0,1.0524060936620536,REPLACED_BY_CEMPRO
SYNGENE,885,895,692.2000122070312,691.0999755859375,4.402326956123398,REPLACED_BY_RAINBOW
ELECON,893,896,260.0,271.0,10.651638676528737,REPLACED_BY_CYIENT
DLF,894,897,474.70001220703125,460.8999938964844,6.517586113960366,REPLACED_BY_MAXHEALTH
CEMPRO,895,898,140.39999389648438,150.4499969482422,21.75084948402986,REPLACED_BY_CARBORUNIV
RAINBOW,895,898,919.2000122070312,895.9500122070312,3.2702500615781083,REPLACED_BY_AUBANK
SIEMENS,887,898,2107.298828125,2025.4017775353557,1.4711508701129385,STOP
POWERINDIA,892,899,3819.85009765625,3948.949951171875,0.7074015397869763,REPLACED_BY_ANURAS
IDFCFIRSTB,894,900,67.05000305175781,66.0,27.690376727265882,REPLACED_BY_IOC
CANFINHOME,894,900,663.4500122070312,672.7999877929688,4.63040874565113,REPLACED_BY_RAINBOW
CARBORUNIV,898,901,1200.8499755859375,1174.0,2.5575259221766005,REPLACED_BY_ENGINERSIN
CYIENT,896,901,1270.0,1320.449951171875,2.250292718245459,REPLACED_BY_CIEINDIA
HAL,894,902,1519.3499755859375,1514.9000244140625,2.017761040188383,REPLACED_BY_INDIGO
ANURAS,899,902,1212.1500244140625,1198.0,2.1956970363349884,REPLACED_BY_CGPOWER
GLENMARK,877,903,512.0,591.4000244140625,5.816088707173842,REPLACED_BY_BALKRISIND
TMPV,893,903,523.8499755859375,525.0,5.940599176950558,REPLACED_BY_BAJAJHLDNG
CIEINDIA,901,904,470.04998779296875,460.0,6.126137483983451,REPLACED_BY_IDFCFIRSTB
MAXHEALTH,897,904,534.25,539.7999877929688,5.566804486027371,REPLACED_BY_TVSMOTOR
AUBANK,898,905,753.7999877929688,773.0,4.072002584613268,REPLACED_BY_CEMPRO
CHOLAFIN,883,905,860.9500122070312,1046.5,3.553468353535696,REPLACED_BY_RECLTD
IOC,900,906,89.0999984741211,90.5,34.39691013073018,REPLACED_BY_INDHOTEL
BAJAJHLDNG,903,907,7094.9501953125,7035.0,0.4259631502744653,REPLACED_BY_CANFINHOME
TVSMOTOR,904,907,1299.050048828125,1286.9000244140625,2.3458466217020137,REPLACED_BY_OLECTRA
RAINBOW,900,908,912.7999877929688,941.9000244140625,2.003676679824171,REPLACED_BY_TITAGARH
ITC,904,908,424.6456298828125,428.4972839355469,7.050908197696084,REPLACED_BY_ANANTRAJ
ENGINERSIN,901,909,108.44999694824219,109.5999984741211,27.9843379035508,REPLACED_BY_GRAVITA
ABB,888,909,3728.449951171875,4045.0,0.8305019386347593,REPLACED_BY_PFC
GRAVITA,909,909,632.0,587.9573875278485,4.86636677598982,STOP
CGPOWER,902,910,375.1000061035156,376.6499938964844,6.926576190473799,REPLACED_BY_TMPV
CANFINHOME,907,910,728.0,723.2999877929688,4.181635099154669,REPLACED_BY_USHAMART
INDHOTEL,906,911,389.70001220703125,396.0,7.899692217314434,REPLACED_BY_GLENMARK
INDIGO,902,911,2305.64990234375,2432.0,1.3152057274747961,REPLACED_BY_HAL
IDFCFIRSTB,904,912,70.19999694824219,72.3499984741211,43.46588007281397,REPLACED_BY_ASTRAL
CEMPRO,905,912,155.0,165.60000610351562,19.752483641251562,REPLACED_BY_HEGAM
CRAFTSMAN,910,913,3922.050048828125,3876.800048828125,0.7739300076441249,REPLACED_BY_ETERNAL
GLENMARK,911,914,664.9500122070312,638.5499877929688,4.640208051395559,REPLACED_BY_PRESTIGE
RAMCOCEM,899,914,877.0,938.9500122070312,3.4825612550168557,REPLACED_BY_KPITTECH
KPITTECH,914,914,1146.9000244140625,1073.3652886805226,2.7402563344268107,STOP
USHAMART,910,915,249.10000610351562,289.3999938964844,10.16545961851601,REPLACED_BY_PAYTM
OLECTRA,907,915,767.6500244140625,917.9500122070312,3.9966506463521307,REPLACED_BY_NH
ETERNAL,913,916,78.30000305175781,74.5,39.87786844296038,REPLACED_BY_LTF
ANANTRAJ,908,917,156.64999389648438,166.5500030517578,15.639184318979867,REPLACED_BY_DALBHARAT
PRESTIGE,914,917,565.0,570.9000244140625,5.5680114952614845,REPLACED_BY_LTFOODS
TMPV,910,918,558.7999877929688,570.6500244140625,5.477600029668554,REPLACED_BY_ACUTAAS
HEGAM,912,918,273.9700012207031,317.8399963378906,11.181495843247934,REPLACED_BY_BEL
NH,915,919,955.0,1008.0,3.2965953805137103,REPLACED_BY_CHOLAHLDNG
PFC,909,919,155.52000427246094,158.1999969482422,19.73152882310416,REPLACED_BY_AUROPHARMA
PAYTM,915,920,836.0,895.75,3.7806498231450534,REPLACED_BY_HDFCLIFE
DALBHARAT,917,920,2260.0,2250.0,1.4302042228516907,REPLACED_BY_ENGINERSIN
CHOLAHLDNG,919,921,934.0499877929688,909.0,3.4624698881747014,INELIGIBLE
ACUTAAS,918,921,662.4249877929688,640.4749755859375,4.911333846035679,REPLACED_BY_CREDITACC
TITAGARH,908,921,380.8999938964844,474.8999938964844,8.08978326285792,REPLACED_BY_ANGELONE
ASTRAL,912,922,1956.949951171875,1962.1500244140625,1.5638282713635723,REPLACED_BY_EXIDEIND
RECLTD,905,922,140.4499969482422,160.0,21.750953147687515,REPLACED_BY_PNBHOUSING
BEL,918,922,126.3499984741211,119.85666193265708,25.807059366754128,STOP
ENGINERSIN,920,922,121.0,112.39929520239087,27.018618534511095,STOP
LTFOODS,917,923,135.5,129.60000610351562,18.403508823406497,REPLACED_BY_FORCEMOT
HAL,911,923,1759.0250244140625,1821.5,1.764131734788801,REPLACED_BY_ENDURANCE
PFC,921,923,167.16000366210938,158.67451060721672,19.426204632575477,STOP
IDFCFIRSTB,915,924,75.25,78.0999984741211,42.11532535574656,REPLACED_BY_MUTHOOTFIN
CREDITACC,921,924,1320.0,1339.6500244140625,2.4688653339487066,REPLACED_BY_APARINDS
EXIDEIND,922,925,229.75,233.0,13.85853654814792,REPLACED_BY_INDIGO
ENDURANCE,923,926,1567.0,1590.0,1.5812707576203655,REPLACED_BY_GLENMARK
FORCEMOT,923,926,2357.89990234375,2715.0,1.359224598896711,REPLACED_BY_TORNTPHARM
PNBHOUSING,922,926,615.0,573.8743357759386,5.2068731846857865,STOP
HDFCLIFE,920,927,645.0,651.0,5.068351912649812,REPLACED_BY_GODREJPROP
JBMA,924,927,534.5999755859375,672.5250244140625,5.941358289507497,REPLACED_BY_CHOLAFIN
AUROPHARMA,919,928,676.9000244140625,717.4000244140625,4.777141270853397,REPLACED_BY_ANANTRAJ
TORNTPHARM,926,928,1937.0,1880.927416838324,1.4888576952918757,STOP
MUTHOOTFIN,924,929,1241.949951171875,1242.1500244140625,2.5579882670420018,REPLACED_BY_LODHA
TRENT,923,930,1726.8499755859375,1731.699951171875,1.8300815793484237,REPLACED_BY_ABREL
LUPIN,923,930,858.0499877929688,899.9500122070312,3.6781813352025767,REPLACED_BY_HEROMOTOCO
LTF,916,931,112.4000015258789,130.9499969482422,26.28015154607372,REPLACED_BY_AUROPHARMA
ANANTRAJ,928,932,186.25,178.85000610351562,17.865145762605987,REPLACED_BY_TMPV
CANFINHOME,929,932,801.9500122070312,774.0499877929688,4.1296644488838945,REPLACED_BY_M&M
GODREJPROP,927,933,1574.9000244140625,1577.0,2.1071394425023704,REPLACED_BY_EXIDEIND
LODHA,929,933,705.0,675.5499877929688,4.122964690236968,REPLACED_BY_WELCORP
M&MFIN,927,934,336.95001220703125,327.3999938964844,9.822983016185804,REPLACED_BY_FORTIS
APARINDS,924,934,3350.89990234375,3395.89990234375,0.9448796231576576,REPLACED_BY_PFC
HEROMOTOCO,930,935,3139.0,3078.85009765625,0.9949121598780896,REPLACED_BY_USHAMART
ABREL,930,935,928.0,898.0,3.5472319923135074,REPLACED_BY_NLCINDIA
AUROPHARMA,931,935,750.9500122070312,724.1361031049066,4.32885306366962,STOP
CHOLAFIN,927,936,1146.550048828125,1167.050048828125,2.8939954077978762,REPLACED_BY_MOTHERSON
ANGELONE,921,936,162.4949951171875,174.5,19.9997108869057,REPLACED_BY_ENGINERSIN
WELCORP,933,937,309.79998779296875,304.45001220703125,9.055706872255465,REPLACED_BY_KIMS
INDIGO,925,937,2544.0,2650.0,1.2710933724502824,REPLACED_BY_ABREL
M&M,932,938,1567.0,1536.0,2.0366006124243183,REPLACED_BY_BSOFT
PFC,934,938,182.16000366210938,178.72000122070312,17.272984584926917,REPLACED_BY_CEMPRO
ETERNAL,936,938,84.0,77.15202261073583,38.904920578981965,STOP
FORTIS,934,939,332.0,327.0,9.681886422203302,MQS_LT_50
TMPV,932,939,624.0,614.0,5.277542244485504,REPLACED_BY_ANANTRAJ
EXIDEIND,933,939,253.14999389648438,248.60000610351562,12.806602655040036,REPLACED_BY_RELIANCE
KIMS,937,940,386.75,386.0,8.353783847742115,REPLACED_BY_ZENSARTECH
CEMPRO,938,941,181.0,175.0,16.226255628519244,REPLACED_BY_HDFCAMC
ABREL,937,942,935.0499877929688,954.0,3.226194929603297,REPLACED_BY_UNITDSPR
RELIANCE,939,942,1306.0445556640625,1240.5,2.1665485803013973,REPLACED_BY_AUROPHARMA
UNITDSPR,942,942,1049.0,996.5754000983421,3.1342498075153347,STOP
KEI,939,943,2449.449951171875,2636.14990234375,1.311356121837557,REPLACED_BY_KEC
ANANTRAJ,939,943,193.5500030517578,193.0,16.570772218676943,REPLACED_BY_PNBHOUSING
CANFINHOME,943,943,909.7999877929688,844.6437167735503,3.6603651412390437,STOP
BSOFT,938,944,385.0,379.3500061035156,8.354417793751633,REPLACED_BY_SUPREMEIND
NLCINDIA,935,944,116.0999984741211,118.6500015258789,25.66107912268113,REPLACED_BY_SONACOMS
ENGINERSIN,936,945,124.0,148.0,26.02102777183877,REPLACED_BY_KIRLOSBROS
MOTHERSON,936,945,63.900001525878906,66.46666717529297,50.46792913266484,REPLACED_BY_TMPV
PNBHOUSING,943,945,694.0,648.2100655936397,4.434748851495077,STOP
LTFOODS,939,946,148.3000030517578,160.60000610351562,21.695406535060656,REPLACED_BY_LUPIN
USHAMART,935,946,299.45001220703125,326.8999938964844,10.71021282445003,REPLACED_BY_PFC
SUPREMEIND,944,946,3760.85009765625,3540.3260589762776,0.8700780267407369,STOP
SONACOMS,944,946,596.7999877929688,567.1449464370806,4.509144103519045,STOP
KEC,943,947,640.25,634.75,5.112676571147569,REPLACED_BY_COLPAL
ALKEM,944,947,3936.64990234375,3985.0,0.8255131663734077,REPLACED_BY_GODREJPROP
TMPV,945,948,647.0,645.0,5.0756612014679945,REPLACED_BY_HEGAM
HDFCAMC,941,948,1259.5,1270.0,2.2321080277974272,REPLACED_BY_HBLENGINE
AUROPHARMA,942,949,776.5999755859375,814.4500122070312,3.1164027883533283,REPLACED_BY_NTPC
RECLTD,946,949,189.8000030517578,199.0,17.156615764178483,REPLACED_BY_BSE
GODREJPROP,947,949,1762.5,1669.3244042333436,1.6997863596029894,STOP
ZENSARTECH,940,950,458.04998779296875,479.0,6.969709574401054,REPLACED_BY_GPIL
HEGAM,948,951,363.4200134277344,351.6000061035156,8.926448795727884,REPLACED_BY_BSOFT
ESCORTS,947,951,2540.0,2569.0,1.262498231482134,REPLACED_BY_ELECON
TATACOMM,947,952,1779.949951171875,1693.300048828125,1.8075846183123734,REPLACED_BY_ALKEM
COLPAL,947,953,2038.050048828125,1995.050048828125,1.562859847516117,REPLACED_BY_RKFORGE
KIRLOSBROS,945,953,774.7999877929688,876.5,4.277928308554542,REPLACED_BY_POONAWALLA
NTPC,949,953,225.0500030517578,216.12022203150107,14.32440258695493,STOP
HBLENGINE,948,954,193.5,225.0,14.48964677895743,REPLACED_BY_SUPREMEIND
GPIL,950,954,577.0,563.5,5.050809100282906,REPLACED_BY_CEMPRO
AJANTPHARM,950,955,1698.0,1749.300048828125,1.884697463447043,REPLACED_BY_NATCOPHARM
GLENMARK,926,956,678.0,814.7000122070312,4.845907836406013,REPLACED_BY_FORCEMOT
RKFORGE,953,956,591.0,572.8499755859375,5.544996146637726,REPLACED_BY_NAVA
ALKEM,952,956,4149.0,3937.0018423166803,0.730375408289251,STOP
CEMPRO,954,957,192.8000030517578,201.89999389648438,15.120196711200482,REPLACED_BY_COFORGE
NATCOPHARM,955,957,916.0,842.2612060060101,3.563423991407575,STOP
POONAWALLA,953,958,436.6000061035156,431.0,7.508012968199848,REPLACED_BY_MOTILALOFS
BSOFT,951,958,435.0,450.0,7.355306193036714,REPLACED_BY_GRAVITA
FORCEMOT,956,959,3344.10009765625,3385.0,1.0666055093469866,REPLACED_BY_POLYCAB
BSE,949,959,282.0,279.95001220703125,9.465911018732983,REPLACED_BY_RECLTD
COFORGE,957,959,1053.5799560546875,1005.2553668587749,2.6618998636629683,STOP
SUPREMEIND,954,960,3765.0,4348.0498046875,0.8460619663414864,REPLACED_BY_BSOFT
NAVA,956,960,203.22500610351562,192.5,16.337510585263722,REPLACED_BY_RKFORGE
LUPIN,946,961,985.0,1066.0,3.295779314309353,REPLACED_BY_BHARATFORG
MOTILALOFS,958,961,945.0,907.4000244140625,3.4208287711424696,REPLACED_BY_ACE
MANAPPURAM,957,962,147.75,147.0,21.869652188579614,REPLACED_BY_GMRAIRPORT
GRAVITA,958,963,752.2000122070312,743.5,3.978014850350569,REPLACED_BY_IDFCFIRSTB
ACE,961,964,797.8499755859375,784.9000244140625,4.021104817745073,REPLACED_BY_JSL
ELECON,951,964,411.5,425.5249938964844,7.579192580859326,REPLACED_BY_BSE
PFC,946,965,203.44000244140625,217.1999969482422,15.930901673287758,REPLACED_BY_CEMPRO
TRENT,958,965,1929.0,2062.050048828125,1.6730079777830813,REPLACED_BY_TATACOMM
DIXON,954,966,4850.0498046875,4851.2998046875,0.6709408330596623,REPLACED_BY_SUPREMEIND
RKFORGE,960,967,616.5,662.0,4.817871377281554,REPLACED_BY_LINDEINDIA
JSL,964,967,438.0,419.95001220703125,7.614891450025058,REPLACED_BY_MRPL
CEMPRO,965,968,214.75,210.5,15.304840533139474,REPLACED_BY_BHEL
MRPL,967,970,94.5,95.19999694824219,34.46765006789133,REPLACED_BY_JSL
LINDEINDIA,967,970,5977.0,6285.0,0.5466719283384839,REPLACED_BY_NAVA
SUPREMEIND,966,971,4498.2001953125,4400.0,0.7285191649826446,REPLACED_BY_CEMPRO
IDFCFIRSTB,963,971,92.69999694824219,95.0,32.49076888754934,REPLACED_BY_ANGELONE
GMRAIRPORT,962,972,55.900001525878906,63.599998474121094,58.09659679635911,REPLACED_BY_NBCC
ESCORTS,960,973,2795.0,3073.0,1.1520819831475966,REPLACED_BY_ELECON
TATACOMM,965,973,1823.050048828125,1877.9000244140625,1.8096969072100155,REPLACED_BY_ABREL
ELECON,973,973,476.75,444.27717635873285,7.355559461181831,STOP
RECLTD,959,974,223.5,236.9499969482422,13.272639637605462,MQS_LT_50
BHEL,968,974,115.5,135.8000030517578,27.615692856623642,REPLACED_BY_CHOLAHLDNG
ANGELONE,971,974,193.3000030517578,183.5,14.048934273561672,REPLACED_BY_COFORGE
NBCC,972,975,37.56666564941406,39.33333206176758,93.02134155016641,REPLACED_BY_CASTROLIND
CEMPRO,971,975,239.39999389648438,236.10000610351562,14.677695857720215,REPLACED_BY_NMDC
ABREL,973,976,1114.949951171875,1087.3499755859375,3.120480539491654,MQS_LT_50
NAVA,970,976,209.89999389648438,206.47500610351562,15.471055443126787,REPLACED_BY_OFSS
BSOFT,960,976,470.1000061035156,520.7000122070312,6.838479922417099,REPLACED_BY_FORCEMOT
COFORGE,974,977,1120.0,1113.800048828125,2.072230032184214,MQS_LT_50
POLYCAB,959,977,4868.0,5189.85009765625,0.6638688670069441,REPLACED_BY_BANKINDIA
CESC,974,977,92.25,86.87124105495597,37.29713814111276,STOP
CASTROLIND,975,977,162.0,150.54727211443867,21.420904115348105,STOP
NMDC,975,977,47.666664123535156,45.39338361545142,72.02010797457231,STOP
BSE,964,978,306.3333435058594,422.29998779296875,9.736070919644128,REPLACED_BY_PHOENIXLTD
OFSS,976,978,4369.7998046875,4182.501853068844,0.7927696280016825,STOP
FORCEMOT,976,978,3938.300048828125,3534.9427170520194,0.8340820200034816,STOP
CHOLAHLDNG,974,979,1027.949951171875,1125.0,3.353738214191427,REPLACED_BY_GLENMARK
EMAMILTD,976,980,540.0,565.9000244140625,6.385852987761584,REPLACED_BY_GILLETTE
NAM-INDIA,978,981,332.0,335.0,10.158771003400561,REPLACED_BY_APARINDS
JSL,970,981,459.0,491.20001220703125,7.413815821392777,REPLACED_BY_HDFCAMC
PHOENIXLTD,978,982,932.5,919.9249877929688,3.61180209794647,REPLACED_BY_CANBK
LEMONTREE,978,982,116.0,117.0,28.680286298449936,REPLACED_BY_WELCORP
LT,978,983,2943.5,2885.050048828125,1.1461008847700025,REPLACED_BY_POLYCAB
AUROPHARMA,979,984,904.0499877929688,876.0,3.755952571354207,REPLACED_BY_CHOLAHLDNG
APARINDS,981,984,5240.0,5282.35009765625,0.6547363200323211,REPLACED_BY_SUNDARMFIN
LUPIN,974,984,1144.9000244140625,1091.5642574374967,3.0157290888311947,STOP
GLENMARK,979,984,864.0,805.0,3.932877479556393,STOP
BERGEPAINT,985,985,668.0,638.670840365968,4.618131816388785,STOP
HDFCAMC,981,986,1362.0,1335.9749755859375,2.496718775460356,REPLACED_BY_INDIANB
CHOLAHLDNG,984,987,1200.0,1155.75,2.7731211548800956,REPLACED_BY_TVSMOTOR
SUNDARMFIN,984,987,2905.10009765625,3201.64990234375,1.1445109836984515,REPLACED_BY_THERMAX
BHARATFORG,961,988,974.9500122070312,1092.25,3.276946611533992,REPLACED_BY_RECLTD
WELCORP,982,988,394.95001220703125,398.04998779296875,8.56397751639131,REPLACED_BY_APARINDS
LTTS,986,989,4737.4501953125,4625.0,0.708646147867608,REPLACED_BY_LT
GILLETTE,980,990,6105.0,6143.7998046875,0.5583581778069779,REPLACED_BY_LUPIN
TVSMOTOR,987,990,1531.800048828125,1537.050048828125,2.190015412304932,REPLACED_BY_UNIONBANK
APARINDS,988,991,5749.9501953125,5517.7001953125,0.5887442171230212,REPLACED_BY_SUNTV
ANANDRATHI,985,991,395.48748779296875,434.48748779296875,8.542334879669072,REPLACED_BY_SOLARINDS
CANBK,982,992,74.0199966430664,75.05000305175781,45.500085170222725,REPLACED_BY_GRANULES
PNB,977,993,69.5,77.44999694824219,50.351986809308656,REPLACED_BY_ANANDRATHI
LUPIN,990,993,1171.0,1159.050048828125,2.8684663598503084,REPLACED_BY_SUNDARMFIN
UNIONBANK,990,994,106.9000015258789,102.5,31.605749082987604,REPLACED_BY_ESCORTS
BANKINDIA,977,994,100.0999984741211,107.0,21.9452418348851,REPLACED_BY_MPHASIS
POLYCAB,983,995,5300.0,5200.39990234375,0.6429183467246736,REPLACED_BY_LTTS
INDIANB,986,995,430.8999938964844,408.0,6.64958605331739,REPLACED_BY_AUROPHARMA
THERMAX,987,996,2960.0,2921.050048828125,1.131021621264581,MQS_LT_50
GRANULES,992,996,360.95001220703125,359.79998779296875,9.31801554263448,REPLACED_BY_HDFCAMC
ANANDRATHI,993,996,451.75,471.26251220703125,7.511039037114295,REPLACED_BY_PFC
SUNTV,991,997,618.0,628.0,5.504089851815691,REPLACED_BY_ETERNAL
SUNDARMFIN,993,998,3175.0,3129.050048828125,1.0526188385899007,REPLACED_BY_COHANCE
MPHASIS,994,998,2461.60009765625,2424.64990234375,1.1616969531511463,REPLACED_BY_ANANDRATHI
LTTS,995,999,4775.0,4725.85009765625,0.6953730732314104,REPLACED_BY_WELSPUNLIV
LT,989,1000,3040.0,3109.89990234375,1.1082429644219656,REPLACED_BY_MCX
HDFCAMC,996,1000,1396.0,1432.949951171875,2.425986213547136,REPLACED_BY_WELCORP
ANANDRATHI,998,1000,472.5,446.78736748930334,5.844951700258536,STOP
PFC,996,1001,253.0,251.10000610351562,13.16925398240485,REPLACED_BY_NMDC
AUROPHARMA,995,1001,911.0999755859375,906.5999755859375,2.936882828143858,REPLACED_BY_DIXON
ESCORTS,994,1002,3148.0,3299.949951171875,1.0461172553329934,REPLACED_BY_KPRMILL
RECLTD,988,1002,284.20001220703125,287.70001220703125,11.895490208622215,REPLACED_BY_BLUESTARCO
COHANCE,998,1003,589.0,571.5999755859375,5.6548395662966255,REPLACED_BY_SYRMA
BSOFT,996,1003,543.0,547.9500122070312,6.217518202505023,REPLACED_BY_BSE
SOLARINDS,991,1004,4970.0,5306.75,0.6884884917183868,REPLACED_BY_PGEL
WELCORP,1000,1004,448.0,417.0998599936389,7.479049453783299,STOP
CHOICEIN,1001,1004,218.97500610351562,209.56415610352278,15.38630914018928,STOP
NMDC,1001,1004,55.06666564941406,51.95222941064795,60.73028657340364,STOP
BLUESTARCO,1002,1004,944.3499755859375,892.1588225892496,3.5075971011628138,STOP
KPRMILL,1002,1005,819.9000244140625,770.1147976623297,4.038033995051586,STOP
SYRMA,1003,1005,651.7999877929688,601.4762446324869,5.083331628098887,STOP
PGEL,1004,1005,210.51499938964844,196.32909216667213,15.739054471635733,STOP
ETERNAL,997,1006,110.19999694824219,101.71557075455149,30.66551724280892,STOP
NESTLEIND,1006,1006,1213.0,1171.4322101408447,2.660800253445188,STOP
HDFCAMC,1005,1008,1404.875,1382.0,2.271364232030098,REPLACED_BY_PERSISTENT
DIXON,1001,1008,5479.9501953125,5206.461109447261,0.3552721405851032,STOP
IPCALAB,1005,1009,998.0,984.5999755859375,3.2166478833733136,REPLACED_BY_VIJAYA
BSE,1003,1009,516.6666870117188,633.3333129882812,6.4546674311444825,REPLACED_BY_MOTILALOFS
RAINBOW,1007,1009,1130.0,1059.284076825852,2.8025830894909842,STOP
KARURVYSYA,1007,1010,120.58333587646484,120.25,24.93825514529329,REPLACED_BY_CDSL
ANANTRAJ,1006,1011,229.0,241.3000030517578,12.244895815448071,REPLACED_BY_DLF
BAJAJ-AUTO,1006,1011,5333.85009765625,5383.89990234375,0.6036523216106164,REPLACED_BY_KARURVYSYA
MOTILALOFS,1009,1012,1010.0,995.0,2.4887663048383275,REPLACED_BY_BSOFT
PRESTIGE,1005,1012,743.0,751.7000122070312,4.304378029957382,REPLACED_BY_RECLTD
VIJAYA,1009,1013,577.9500122070312,576.0,5.610460884778061,REPLACED_BY_ETERNAL
COALINDIA,979,1013,281.29998779296875,313.20001220703125,12.121391988665394,REPLACED_BY_NAM-INDIA
KARURVYSYA,1011,1014,124.58333587646484,122.75,23.08273407552217,REPLACED_BY_CRISIL
WELSPUNLIV,999,1015,128.5500030517578,149.60000610351562,25.309451837533363,REPLACED_BY_IOC
CRISIL,1014,1017,4393.0,4203.0,0.7017261040083674,REPLACED_BY_LALPATHLAB
NAM-INDIA,1013,1017,395.6000061035156,397.0,8.355288101793702,REPLACED_BY_GABRIEL
IOC,1015,1017,105.4000015258789,97.8499984741211,32.10587986390587,STOP
BSOFT,1012,1019,580.0,591.9500122070312,5.594701107497125,REPLACED_BY_COALINDIA
ETERNAL,1013,1019,119.5999984741211,123.30000305175781,28.221509597045678,REPLACED_BY_KARURVYSYA
LALPATHLAB,1017,1020,1362.4749755859375,1317.300048828125,2.451661801388549,REPLACED_BY_ALKEM
CREDITACC,1009,1020,1615.050048828125,1683.4000244140625,2.017252165984874,REPLACED_BY_ABREL
CDSL,1010,1021,733.0499877929688,896.6749877929688,3.6137607600897006,REPLACED_BY_PGEL
GABRIEL,1017,1021,367.70001220703125,412.45001220703125,8.779939474988321,REPLACED_BY_OBEROIRLTY
MCX,1000,1022,440.0,574.27001953125,7.587466060059316,REPLACED_BY_GRANULES
KARURVYSYA,1019,1022,133.3333282470703,128.3333282470703,24.190105504184714,REPLACED_BY_TVSMOTOR
SOLARINDS,1005,1023,5197.75,7100.0,0.6212007052169756,REPLACED_BY_PNBHOUSING
ABREL,1020,1023,1242.0,1236.0,2.499055758775578,REPLACED_BY_HEROMOTOCO
COALINDIA,1019,1023,359.0,333.81082816329234,9.745323844201389,STOP
PNBHOUSING,1023,1026,819.0999755859375,797.0,4.227347964534668,REPLACED_BY_BOSCHLTD
FORTIS,1024,1027,373.0,371.1000061035156,9.335407634270306,REPLACED_BY_BPCL
PGEL,1021,1028,225.8000030517578,239.10000610351562,15.300699460290058,REPLACED_BY_COHANCE
PERSISTENT,1008,1028,3068.675048828125,3187.47509765625,1.012746946465415,REPLACED_BY_BALRAMCHIN
BOSCHLTD,1026,1030,21250.0,21700.0,0.1651133761372264,REPLACED_BY_PFC
HEROMOTOCO,1023,1030,3354.949951171875,3860.0,1.0358192998249858,REPLACED_BY_HAL
BALRAMCHIN,1028,1031,470.0,476.45001220703125,7.546541123615443,REPLACED_BY_SOBHA
DLF,1011,1031,579.0,639.0,5.642892541267306,REPLACED_BY_BOSCHLTD
COHANCE,1028,1032,652.75,678.3499755859375,5.441434783315987,REPLACED_BY_EICHERMOT
ALKEM,1020,1032,4359.0,4649.9501953125,0.7927654877038163,REPLACED_BY_360ONE
PFC,1030,1033,340.0,379.1000061035156,10.78008078825654,REPLACED_BY_PNB
HAL,1030,1033,2495.0,2559.0,1.5170387915440644,REPLACED_BY_CANBK
BOSCHLTD,1031,1034,22200.0,21679.94921875,0.15998322204522245,REPLACED_BY_LT
GRANULES,1022,1034,373.0,392.95001220703125,9.328951038945993,REPLACED_BY_BANKINDIA
NMDC,1018,1035,57.650001525878906,61.666664123535156,53.95144678135853,REPLACED_BY_ALKEM
OBEROIRLTY,1021,1036,1332.949951171875,1405.0,2.5045815612917965,REPLACED_BY_TECHNOE
EICHERMOT,1032,1036,4181.0,4055.0,0.883660377452099,REPLACED_BY_ANANTRAJ
ALKEM,1035,1036,4875.0,4685.933130408408,0.6922272808737006,STOP
SOBHA,1031,1037,965.9500122070312,1060.0,3.8482001584428867,REPLACED_BY_UNIONBANK
BPCL,1027,1038,207.02499389648438,224.75,17.065415790553175,REPLACED_BY_KARURVYSYA
360ONE,1032,1038,625.9500122070312,645.0,5.766474873503529,REPLACED_BY_ULTRACEMCO
BANKINDIA,1034,1038,118.0,108.55000305175781,31.796709841053566,STOP
COHANCE,1037,1040,692.0,676.75,5.426127589636932,REPLACED_BY_DLF
RECLTD,1012,1040,304.0,443.0,7.928163779660318,REPLACED_BY_BSOFT
TECHNOE,1036,1041,769.8499755859375,764.9500122070312,4.866908714761082,REPLACED_BY_COHANCE
KARURVYSYA,1038,1041,140.625,142.5,26.946396905926512,REPLACED_BY_SUNDARMFIN
ANANTRAJ,1036,1042,285.3999938964844,298.20001220703125,11.509187043570032,REPLACED_BY_HAL
CANBK,1033,1042,86.91000366210938,88.79000091552734,42.51094812178177,REPLACED_BY_BAJAJ-AUTO
UNIONBANK,1037,1043,121.0,122.94999694824219,28.88494806211356,REPLACED_BY_ANANTRAJ
HAL,1042,1043,2819.949951171875,2669.0845642601707,1.337385883742971,STOP
ANANTRAJ,1043,1043,304.75,285.41149564958687,11.537545266959905,STOP
COHANCE,1041,1044,695.5,656.0,5.423916384537024,REPLACED_BY_CYIENT
BAJAJ-AUTO,1042,1044,6470.0,6238.447820115077,0.5198637171936445,STOP
ULTRACEMCO,1038,1045,9899.9501953125,9987.0,0.37276137069645926,REPLACED_BY_GESHIP
SUNDARMFIN,1041,1046,3670.0,3569.800048828125,1.0123209315790231,REPLACED_BY_HINDALCO
TVSMOTOR,1022,1046,1754.949951171875,1967.5,1.9903293089965874,REPLACED_BY_KIRLOSENG
NAM-INDIA,1044,1047,454.8500061035156,447.0,7.915364699303478,REPLACED_BY_BEL
PNB,1033,1047,85.5,89.1500015258789,43.46619596404465,REPLACED_BY_IOC
GESHIP,1045,1048,997.75,984.0,3.10563677295457,REPLACED_BY_AARTIIND
LT,1034,1048,3392.300048828125,3545.0,1.0933838982663509,REPLACED_BY_HEROMOTOCO
CYIENT,1044,1049,2157.5,2299.0,1.4382272150648705,REPLACED_BY_COLPAL
VBL,1044,1049,498.0199890136719,497.5199890136719,7.256067038458343,REPLACED_BY_BHEL
KIRLOSENG,1046,1050,659.2999877929688,662.0,5.623130334023457,REPLACED_BY_TMPV
SHYAMMETL,1045,1050,590.0,636.0,6.43720144084747,REPLACED_BY_GMRAIRPORT
BSOFT,1040,1051,704.2000122070312,703.7000122070312,4.768371692234843,REPLACED_BY_LICI
HEROMOTOCO,1048,1051,4064.300048828125,4114.0498046875,0.7777782775012463,REPLACED_BY_CESC
DLF,1040,1052,700.0,715.25,5.364193344383935,REPLACED_BY_TATACONSUM
TRENT,1010,1052,2163.699951171875,3009.0,1.5062674767914632,REPLACED_BY_NMDC
COLPAL,1049,1053,2515.85009765625,2502.0,1.4747022630547848,REPLACED_BY_CHAMBLFERT
BEL,1047,1053,184.0,182.5,20.362752416562223,REPLACED_BY_HAL
LICI,1051,1054,426.8999938964844,418.29998779296875,8.65083940709394,REPLACED_BY_ALKEM
IOC,1047,1054,128.39999389648438,132.8000030517578,28.06320368188784,REPLACED_BY_BLS
HINDALCO,1046,1055,574.9500122070312,587.0,6.499449152626754,MQS_LT_50
AARTIIND,1048,1055,645.0,629.0,5.739369244845394,REPLACED_BY_ADANIPORTS
NTPC,1039,1055,297.75,316.45001220703125,11.476706427662899,REPLACED_BY_NHPC
GODREJCP,1055,1055,1184.199951171875,1171.5845114253823,3.0190790623694976,STOP
BHEL,1049,1056,191.9499969482422,196.85000610351562,16.345776796335286,REPLACED_BY_ANANDRATHI
CHAMBLFERT,1053,1056,401.20001220703125,384.0,9.505236511369041,REPLACED_BY_HINDPETRO
NMDC,1052,1057,72.55000305175781,72.16666412353516,50.904776789013994,REPLACED_BY_DLF
GMRAIRPORT,1050,1057,80.9000015258789,85.25,46.285178911407854,REPLACED_BY_POWERINDIA
NHPC,1055,1058,72.80000305175781,69.69999694824219,51.1858745897198,REPLACED_BY_TRENT
CESC,1051,1058,137.0500030517578,139.0,22.174132824465175,REPLACED_BY_HDFCAMC
ALKEM,1054,1058,5275.0,5052.491610200782,0.7017800477002106,STOP
TATACONSUM,1052,1059,1097.949951171875,1125.449951171875,3.365828750984718,REPLACED_BY_EXIDEIND
HAL,1053,1060,2876.0,3016.0,1.280723022640114,REPLACED_BY_TATACONSUM
ANGELONE,1056,1061,382.94000244140625,350.0,9.639305712563008,REPLACED_BY_CHOICEIN
ANANDRATHI,1056,1061,694.75,672.3499755859375,5.317170701862541,REPLACED_BY_IOC
EXIDEIND,1059,1062,341.79998779296875,321.95001220703125,10.642366488225878,REPLACED_BY_CHOICEIN
BLS,1054,1063,338.79998779296875,393.1000061035156,10.944051720087248,REPLACED_BY_GODREJPROP
HDFCAMC,1058,1063,1715.0,1655.5,1.7678609667853573,REPLACED_BY_PERSISTENT
POWERINDIA,1057,1064,5700.0,5961.0,0.648788948089389,REPLACED_BY_BRIGADE
TATACONSUM,1060,1064,1190.0,1156.75,3.208952626249057,REPLACED_BY_BHEL
ADANIPORTS,1055,1065,1160.0,1199.1500244140625,3.1906636521753926,REPLACED_BY_PNB
TMPV,1050,1065,785.0,824.9000244140625,4.780141347796301,REPLACED_BY_SWANCORP
DLF,1057,1065,790.4500122070312,752.9540978030943,4.669661804687602,STOP
BRIGADE,1064,1065,749.25,690.5863157864933,4.890028565760594,STOP
CHOICEIN,1062,1066,269.82501220703125,264.9750061035156,12.571915983720576,REPLACED_BY_UNIONBANK
HINDPETRO,1056,1066,292.0,296.6666564941406,11.833371525658858,REPLACED_BY_MEDANTA
BHEL,1064,1067,215.0,211.0,17.146506194008644,REPLACED_BY_JKCEMENT
PERSISTENT,1063,1068,3894.5,4225.0,0.9050106933041753,REPLACED_BY_ANANDRATHI
UNIONBANK,1066,1069,139.1999969482422,141.0,25.43635618998249,REPLACED_BY_MGL
BHARTIARTL,1066,1069,1140.0999755859375,1162.1500244140625,3.0741087833872633,REPLACED_BY_PERSISTENT
TRENT,1058,1069,3190.0,3038.6198652497333,1.1618192247857122,STOP
GODREJPROP,1063,1070,2314.949951171875,2373.14990234375,1.5690655070544117,REPLACED_BY_PFC
IOC,1061,1071,138.25,148.5,26.963131493178413,REPLACED_BY_BLS
PERSISTENT,1069,1072,4346.5,4189.35009765625,0.8002480679389665,REPLACED_BY_EIDPARRY
APOLLOHOSP,1066,1072,6153.5498046875,6320.0,0.578479459055446,REPLACED_BY_LICHSGFIN
MEDANTA,1066,1073,1137.8499755859375,1257.0,2.802835278285351,REPLACED_BY_MCX
MGL,1069,1073,1420.0,1471.5,2.6062798994991456,REPLACED_BY_EIHOTEL
SWANCORP,1065,1074,606.0,677.5,6.288344213419793,REPLACED_BY_HINDPETRO
PNB,1065,1074,106.6500015258789,122.4000015258789,35.991850628574696,REPLACED_BY_GAIL
ANANDRATHI,1068,1075,775.0,850.0125122070312,4.766832260190556,REPLACED_BY_TORNTPOWER
BLS,1071,1075,426.0,405.0,8.828401165941074,REPLACED_BY_LICI
EIDPARRY,1072,1075,658.6500244140625,600.0,5.669295256185158,STOP
JKCEMENT,1067,1077,4175.0,4257.5,0.8579433950966473,MQS_LT_50
PFC,1070,1077,442.29998779296875,410.5354206340993,7.900271144246015,STOP
GAIL,1074,1077,178.5,170.02330574798896,21.009523889305743,STOP
LICHSGFIN,1072,1078,634.9000244140625,651.0499877929688,5.367737572681282,REPLACED_BY_SBIN
LICI,1075,1078,515.5250244140625,556.0250244140625,7.486073497903566,REPLACED_BY_ICICIGI
MCX,1073,1079,736.9600219726562,697.77001953125,5.182822566715079,REPLACED_BY_ZYDUSLIFE
EIHOTEL,1073,1079,339.0,391.1000061035156,10.222875577930804,REPLACED_BY_HCLTECH
HINDPETRO,1074,1080,343.3333435058594,330.0,11.256873997379214,REPLACED_BY_BOSCHLTD
TMPV,1070,1080,865.2000122070312,900.0,4.262004271112676,REPLACED_BY_WIPRO
TORNTPOWER,1075,1080,1175.0,1088.0141419041383,3.2963851465919274,STOP
BSOFT,1061,1081,786.0,840.0,4.0172193158732155,REPLACED_BY_BAJAJ-AUTO
ANANDRATHI,1078,1081,854.0750122070312,875.0,4.455006277306052,REPLACED_BY_APOLLOHOSP
MAXHEALTH,1078,1082,880.0,864.0999755859375,4.351451777717236,REPLACED_BY_SWANCORP
MEDANTA,1078,1082,1272.6500244140625,1412.0,2.997171753188316,REPLACED_BY_PNB
BOSCHLTD,1080,1083,26650.0,28400.0,0.1422780505790085,REPLACED_BY_ANANDRATHI
HCLTECH,1079,1084,1675.0,1661.0,2.232172998678396,REPLACED_BY_BLUESTARCO
SUNPHARMA,1076,1084,1501.050048828125,1532.0,2.5792562893173074,REPLACED_BY_CHOICEIN
HEROMOTOCO,1059,1085,4242.64990234375,4594.64990234375,0.8540124036578529,REPLACED_BY_INDHOTEL
ICICIGI,1078,1085,1650.0,1658.9000244140625,1.798237676430863,REPLACED_BY_SUNDARMFIN
WIPRO,1080,1086,251.97500610351562,261.3999938964844,14.628691923857048,REPLACED_BY_BOSCHLTD
SWANCORP,1082,1087,745.0499877929688,722.2000122070312,5.108492924149444,REPLACED_BY_CUMMINSIND
CHOICEIN,1084,1087,296.0,290.0,13.501355157629146,REPLACED_BY_M&M
APOLLOHOSP,1081,1088,6750.0,6769.9501953125,0.489150793675664,REPLACED_BY_THERMAX
BLUESTARCO,1084,1089,1279.9000244140625,1270.0999755859375,2.993979684735017,REPLACED_BY_AMBUJACEM
SBIN,1078,1089,726.0,758.9000244140625,5.246342007132116,REPLACED_BY_VBL
VBL,1089,1089,612.0,583.9568933858704,6.127290516693583,STOP
PNB,1082,1090,129.64999389648438,124.0,29.23556560766111,REPLACED_BY_VOLTAS
ACC,1081,1090,2635.050048828125,2669.39990234375,1.4294972704888766,REPLACED_BY_POWERGRID
ANANDRATHI,1083,1091,927.25,919.9874877929688,4.1698488624796095,REPLACED_BY_JKCEMENT
POWERGRID,1090,1091,291.5,275.25677438793576,12.049276307712711,STOP
BAJAJ-AUTO,1081,1092,8120.60009765625,7955.0,0.4632651614876945,REPLACED_BY_GODFRYPHLP
SUNDARMFIN,1085,1092,4175.2001953125,4209.9501953125,0.7812728349585347,REPLACED_BY_INTELLECT
VOLTAS,1090,1093,1128.199951171875,1104.0,3.357313644559411,REPLACED_BY_TMPV
THERMAX,1088,1094,3754.85009765625,3680.050048828125,0.8731576263668199,REPLACED_BY_BEL
M&M,1087,1094,1926.3499755859375,1925.0,1.9553154399505053,REPLACED_BY_DIXON
SWANCORP,1090,1095,763.9000244140625,724.0,4.981022150172625,REPLACED_BY_CANBK
JKCEMENT,1091,1095,4446.7001953125,4384.0498046875,0.822285367440551,REPLACED_BY_SBIN
AMBUJACEM,1089,1096,607.9500122070312,598.2999877929688,6.186691050855191,REPLACED_BY_BAJAJ-AUTO
INTELLECT,1092,1097,1117.800048828125,1090.9000244140625,2.6446141429891203,REPLACED_BY_ABB
BOSCHLTD,1086,1098,28250.0,29477.400390625,0.1333228653527078,REPLACED_BY_BANKBARODA
CANBK,1095,1098,120.80000305175781,113.31812582380594,30.75197705476164,STOP
INDHOTEL,1085,1099,548.75,573.9500122070312,6.889913180108433,REPLACED_BY_SIEMENS
DLF,1092,1099,902.0,855.5923311797609,4.089090892601993,STOP
BEL,1094,1099,211.0,197.90439689203916,17.667954991398414,STOP
DIXON,1094,1099,7140.0,6751.863627315501,0.445361645806311,STOP
SBIN,1095,1099,783.6500244140625,748.6564984448736,4.370073091628652,STOP
BANKBARODA,1098,1099,277.0,260.1622318431065,13.449907553736624,STOP
ANANDRATHI,1099,1099,971.125,917.8914992151183,3.689826419787595,STOP
GODFRYPHLP,1092,1100,985.9833374023438,958.3333129882812,3.7381076500060924,REPLACED_BY_CIPLA
BAJAJ-AUTO,1096,1100,8638.0,8202.959463459967,0.42424940524334825,STOP
EMBASSY,1100,1102,381.79998779296875,395.0299987792969,9.125533333902924,INELIGIBLE
TMPV,1093,1102,993.25,945.8499755859375,3.6945320137551585,REPLACED_BY_COLPAL
M&M,1100,1103,1853.699951171875,1856.050048828125,1.881325966534316,REPLACED_BY_CRISIL
TORNTPHARM,1100,1103,2652.0,2543.896166820026,1.3091138783477987,STOP
TATACONSUM,1102,1103,1213.050048828125,1150.8485356423191,2.8669990756586903,STOP
THERMAX,1100,1104,3607.050048828125,3594.949951171875,0.9609715505106304,REPLACED_BY_ICICIBANK
CIPLA,1100,1105,1467.0999755859375,1427.0,2.0092900276455903,REPLACED_BY_DELHIVERY
CRISIL,1103,1106,5223.5498046875,5001.5498046875,0.6712535437979181,REPLACED_BY_BAJAJ-AUTO
LINDEINDIA,1104,1107,6789.9501953125,6556.5,0.5096659120787116,REPLACED_BY_PIDILITIND
ICICIBANK,1104,1108,1080.0,1083.699951171875,2.9002281239951615,REPLACED_BY_THERMAX
DELHIVERY,1105,1108,468.95001220703125,461.0,6.053367899472438,REPLACED_BY_SONACOMS
COLPAL,1102,1109,2728.550048828125,2678.0,1.273655581669591,REPLACED_BY_MARUTI
POWERINDIA,1101,1110,6750.0,7033.25,0.5104404157346815,REPLACED_BY_INDUSTOWER
SONACOMS,1108,1111,703.0,689.5999755859375,3.304336017571582,REPLACED_BY_DLF
BHARTIARTL,1100,1112,1173.949951171875,1195.0,2.983883509991908,REPLACED_BY_JINDALSTEL
ABB,1097,1112,5801.0498046875,6458.0,0.4923769258679065,REPLACED_BY_BLUESTARCO
DMART,1104,1113,4015.0,4562.0,0.851205893027475,REPLACED_BY_JSWENERGY
MARUTI,1109,1113,12569.9501953125,12490.0,0.26864950081549815,REPLACED_BY_CANBK
DLF,1111,1113,948.25,893.8171413072312,2.379115953960618,STOP
ZYDUSLIFE,1079,1114,856.0,985.9500122070312,4.343571546267324,REPLACED_BY_INDHOTEL
PIDILITIND,1107,1115,1490.9000244140625,1500.75,2.219045209484514,REPLACED_BY_VOLTAS
INDUSTOWER,1110,1115,294.8999938964844,316.5,12.05267272531076,REPLACED_BY_VEDL
INDHOTEL,1114,1115,620.0,584.672360890851,4.407033460871825,STOP
OFSS,1100,1117,8000.0,8425.0,0.4341278196844746,REPLACED_BY_POWERINDIA
BAJAJ-AUTO,1106,1117,8700.0498046875,9034.7998046875,0.38205551180050656,REPLACED_BY_IPCALAB
JSWENERGY,1113,1118,582.0,617.0,6.2092579661985345,REPLACED_BY_INDIGO
VOLTAS,1115,1118,1310.0,1339.800048828125,2.9435860737562445,REPLACED_BY_HONAUT
JINDALSTEL,1112,1119,892.7000122070312,892.5499877929688,4.023728908184903,REPLACED_BY_ABB
SIEMENS,1099,1119,2808.70458984375,3238.006591796875,1.2887894716294164,REPLACED_BY_VOLTAS
POWERINDIA,1117,1119,7785.14990234375,7161.832618853565,0.4683841614092823,STOP
INDIGO,1118,1119,3830.0,3603.356648429727,0.961422255585382,STOP
ABREL,1116,1120,1740.0,1735.0,1.4661104276333525,REPLACED_BY_GAIL
BLUESTARCO,1112,1120,1311.4000244140625,1367.4000244140625,2.353521859483086,REPLACED_BY_TATAPOWER
CANBK,1113,1121,122.94000244140625,117.77999877929688,28.898805415863187,REPLACED_BY_AARTIIND
DMART,1114,1121,4645.0,4644.2998046875,0.7778055460487214,REPLACED_BY_CHOICEIN
ABB,1119,1121,6660.0,6405.367990082575,0.5386651002042037,STOP
HONAUT,1118,1122,43043.0,43784.80078125,0.08320569411460803,REPLACED_BY_GLENMARK
VOLTAS,1119,1123,1300.0,1364.0,2.7781560785565973,REPLACED_BY_HAL
KEI,1120,1123,3947.14990234375,3798.0,0.8962672321957132,REPLACED_BY_LINDEINDIA
GAIL,1120,1124,203.0,201.0,17.622408793725516,REPLACED_BY_APARINDS
TATAPOWER,1120,1124,431.3999938964844,430.04998779296875,6.264945537455223,REPLACED_BY_INDUSTOWER
IPCALAB,1117,1125,1330.0,1322.1500244140625,2.550482341314785,REPLACED_BY_MCX
VEDL,1115,1125,323.8999938964844,376.0,9.934275262003222,REPLACED_BY_KEI
MCX,1125,1125,780.0,748.1944880963222,4.4639736025674885,STOP
THERMAX,1108,1126,4097.0,4485.0,0.866875973603541,REPLACED_BY_VOLTAS
BEL,1120,1127,232.5,238.5,15.311088352434624,REPLACED_BY_ABSLAMC
LINDEINDIA,1123,1127,7470.0,8386.0,0.4710925789844727,REPLACED_BY_EICHERMOT
KEI,1125,1128,4006.800048828125,3950.0,0.8871887440156271,REPLACED_BY_POLYCAB
GLENMARK,1122,1128,1032.0,1090.0,3.3501979242557014,REPLACED_BY_DIXON
AARTIIND,1121,1129,754.9500122070312,756.0,4.801003137633067,REPLACED_BY_ABREL
CHOICEIN,1121,1129,308.95001220703125,326.8500061035156,10.751689034967896,REPLACED_BY_MAHABANK
ABSLAMC,1127,1130,569.0,545.0,6.482321480076553,REPLACED_BY_INDIGO
INDUSTOWER,1124,1130,359.8500061035156,359.0,7.155390611661726,REPLACED_BY_PNB
JINDALSTEL,1126,1131,935.75,948.5,3.856741356429527,REPLACED_BY_SBIN
ABREL,1129,1132,2006.5,1965.300048828125,1.8156026483013394,REPLACED_BY_NMDC
MAHABANK,1129,1132,71.4000015258789,68.80000305175781,49.2790604881148,REPLACED_BY_VEDL
PNB,1130,1132,141.10000610351562,132.64999479225892,16.960273165864404,STOP
APARINDS,1124,1133,7400.0,7685.0,0.48640856632942436,REPLACED_BY_ABB
DIXON,1128,1133,8568.0498046875,8410.5,0.42096218845174144,REPLACED_BY_ZYDUSLIFE
SBIN,1131,1133,834.7999877929688,795.4759613582075,4.338428406499686,STOP
HAL,1123,1134,3800.0,3703.0,0.9481025993705903,REPLACED_BY_TRENT
VOLTAS,1126,1134,1415.949951171875,1280.0,2.505028134624127,STOP
CHOICEIN,1133,1135,344.0,323.3485716894371,10.518108408377387,STOP
ZYDUSLIFE,1133,1136,1029.0,970.0,2.142266228800993,REPLACED_BY_TMPV
NMDC,1132,1136,90.56666564941406,84.33333587646484,40.513685053764405,REPLACED_BY_M&M
TMPV,1136,1137,1037.0,981.6635481671196,3.360146749209997,STOP
UNITDSPR,1135,1138,1237.800048828125,1187.0999755859375,2.5646558823299994,REPLACED_BY_ASTRAL
DMART,1136,1139,4798.64990234375,4614.9501953125,0.721444454218225,REPLACED_BY_CGPOWER
TRENT,1134,1139,4498.9501953125,4550.0,0.7508749019387878,REPLACED_BY_HAL
EICHERMOT,1127,1141,4591.0,4660.0,0.7866233125649175,REPLACED_BY_JINDALSTEL
ASTRAL,1138,1142,2225.949951171875,2089.863397892092,1.214598656233279,STOP
VEDL,1132,1144,418.0,480.0,7.703766222881077,REPLACED_BY_HEGAM
CGPOWER,1139,1144,612.0,644.0,5.915232364942911,REPLACED_BY_DIXON
HEGAM,1144,1144,519.7999877929688,497.65693626262447,7.098916215591398,STOP
SIEMENS,1122,1145,3272.258056640625,4311.51123046875,1.089616586508466,REPLACED_BY_OBEROIRLTY
JINDALSTEL,1141,1146,1005.0,1071.0,3.611134688121336,REPLACED_BY_MOTHERSON
TECHNOE,1143,1146,1150.0,1058.768427017466,2.185294006850006,STOP
INDIGO,1130,1147,4019.0,4252.0498046875,0.9076493777913807,REPLACED_BY_SUPREMEIND
HAL,1139,1147,4105.7998046875,5139.0,0.744962120428477,REPLACED_BY_RECLTD
SOLARINDS,1145,1147,10150.0,9432.320285901194,0.37786317780006556,STOP
ESCORTS,1138,1148,3609.0,3602.0,0.9909354127894584,REPLACED_BY_SCHAEFFLER
CUMMINSIND,1087,1150,2765.0,3592.75,1.3678030945303856,REPLACED_BY_BEL
RECLTD,1147,1150,581.0,555.0999755859375,4.749713764820055,REPLACED_BY_COROMANDEL
SCHAEFFLER,1148,1150,4594.7001953125,4257.616659186989,0.7204432145416494,STOP
SUPREMEIND,1147,1151,5579.89990234375,5400.0,0.6795935998829998,REPLACED_BY_GLENMARK
M&M,1136,1152,2211.85009765625,2634.25,0.8412514654001878,REPLACED_BY_SBIN
DIXON,1144,1152,9345.0,8746.634870424212,0.400481774949476,STOP
OBEROIRLTY,1145,1152,1788.1500244140625,1663.773445168286,2.1373963115506975,STOP
ASHOKLEY,1147,1152,113.875,106.92087288436005,33.604359531485194,STOP
BEL,1150,1152,294.20001220703125,271.32059504034714,12.76785858682627,STOP
CHOICEIN,1151,1152,369.8999938964844,337.99023969815534,10.396271229624197,STOP
GLENMARK,1151,1152,1174.949951171875,1091.642028159598,2.4039825888674184,STOP
SBIN,1152,1152,897.0,863.5491764489773,2.4459490056593207,STOP
HAVELLS,1134,1153,1670.949951171875,1774.050048828125,2.1033051376150427,REPLACED_BY_M&M
POLYCAB,1128,1154,5600.0,6900.0,0.6457177243375856,REPLACED_BY_SUNTV
ABB,1133,1154,6977.0,7801.0498046875,0.5175436355399233,REPLACED_BY_GODREJCP
BRITANNIA,1153,1156,5325.10009765625,5465.0,0.6562578908175178,REPLACED_BY_INDIGO
UNITDSPR,1153,1156,1227.949951171875,1327.0,2.9025240518937285,REPLACED_BY_ENDURANCE
DABUR,1153,1157,585.0,619.8499755859375,6.043996687479752,REPLACED_BY_CROMPTON
MARICO,1153,1157,621.4500122070312,651.0,5.686500736954424,REPLACED_BY_SUMICHEM
EIDPARRY,1153,1158,650.0,713.2000122070312,5.392961355679088,REPLACED_BY_ULTRACEMCO
GODREJCP,1154,1158,1427.0,1442.1500244140625,2.5610208676411492,REPLACED_BY_ABSLAMC
DIVISLAB,1148,1159,4360.0,4501.2998046875,0.8606136321367326,REPLACED_BY_WHIRLPOOL
COROMANDEL,1150,1159,1307.300048828125,1475.949951171875,2.8450275566842778,REPLACED_BY_BLUESTARCO
SUMICHEM,1157,1160,500.0,490.0,7.54472641544541,REPLACED_BY_GLAXO
INDIGO,1156,1161,4398.0,4300.0,0.8417661574109865,MQS_LT_50
SUNTV,1154,1161,748.0,760.0,4.883481054460726,REPLACED_BY_CARBORUNIV
ENDURANCE,1156,1161,2439.89990234375,2696.050048828125,1.520879174640607,REPLACED_BY_HONAUT
ABSLAMC,1158,1162,623.5,676.0,6.012237064811974,REPLACED_BY_IEX
HEROMOTOCO,1153,1162,5315.0,5774.7998046875,0.6580373265213877,REPLACED_BY_EXIDEIND
BLUESTARCO,1159,1163,1694.8499755859375,1706.4000244140625,2.2313285323689267,REPLACED_BY_BHARATFORG
GLAXO,1160,1163,2718.0,2576.39990234375,1.3925280888834541,REPLACED_BY_DIXON
ULTRACEMCO,1158,1164,10871.5,10882.5,0.34021623460259637,REPLACED_BY_LTF
BALKRISIND,1153,1165,2920.0,3201.050048828125,1.2060668149264266,REPLACED_BY_ESCORTS
CARBORUNIV,1161,1166,1800.0,1689.949951171875,2.146372495523449,REPLACED_BY_SUZLON
IEX,1162,1167,186.64999389648438,180.0,20.500295312899194,REPLACED_BY_ANANTRAJ
SIEMENS,1161,1168,4593.24169921875,4452.42041015625,0.8326455042763412,REPLACED_BY_AFFLE
LTF,1164,1168,184.89999389648438,181.75,20.576044770748243,REPLACED_BY_WOCKPHARMA
EXIDEIND,1162,1169,567.0,566.9500122070312,6.749428522008609,REPLACED_BY_SIEMENS
HONAUT,1161,1169,57926.80078125,57500.0,0.0657304966315855,REPLACED_BY_CUMMINSIND
CROMPTON,1157,1170,415.5,405.29998779296875,9.075474469948617,REPLACED_BY_GRASIM
ANANTRAJ,1167,1170,445.8999938964844,434.0,8.511509315188544,REPLACED_BY_GODREJPROP
SUZLON,1166,1171,55.150001525878906,53.0,68.72860637708239,REPLACED_BY_INDUSTOWER
BHARATFORG,1163,1171,1704.0,1668.75,2.208422583622789,REPLACED_BY_NAUKRI
WHIRLPOOL,1159,1172,1820.0,1941.75,2.097340255658843,REPLACED_BY_SUNTV
ESCORTS,1165,1172,4332.5,4130.0498046875,0.8657129169105257,REPLACED_BY_ANANTRAJ
CUMMINSIND,1169,1173,4103.60009765625,3973.949951171875,0.9078879323186538,REPLACED_BY_HDFCBANK
M&M,1153,1173,2572.89990234375,2890.0,0.46064669702210886,REPLACED_BY_SANSERA
NAUKRI,1171,1174,1392.969970703125,1354.010009765625,2.554288868211216,MQS_LT_50
AFFLE,1168,1174,1375.0,1354.0,2.71842053625354,REPLACED_BY_OFSS
HDFCBANK,1173,1174,879.875,842.5,4.331588164320268,STOP
WOCKPHARMA,1168,1175,683.9500122070312,914.0,5.719575159747623,REPLACED_BY_GLENMARK
SUNTV,1172,1175,789.9000244140625,784.75,4.824109451862488,REPLACED_BY_PRIVISCL
SIEMENS,1169,1176,4609.47216796875,4555.1162109375,0.8104644148858207,REPLACED_BY_BEL
GRASIM,1170,1176,2666.199951171875,2735.10009765625,1.3841338346445244,REPLACED_BY_POLYMED
INDUSTOWER,1171,1177,391.6000061035156,386.70001220703125,9.698735741585804,REPLACED_BY_CROMPTON
RKFORGE,1174,1177,962.0,939.0,4.005022946277849,REPLACED_BY_FEDERALBNK
PRIVISCL,1175,1178,1565.0,1548.699951171875,2.4706396870942395,REPLACED_BY_HSCL
MOTHERSON,1146,1179,94.0,132.6666717529297,40.89528619516682,REPLACED_BY_COHANCE
ANANTRAJ,1172,1179,485.8999938964844,506.5,7.7408618936897895,REPLACED_BY_NEULANDLAB
CIEINDIA,1175,1180,617.9500122070312,600.0,6.251971535234847,REPLACED_BY_GRASIM
POLYMED,1176,1180,2121.0,2100.0,1.8055742607492813,REPLACED_BY_MARICO
SANSERA,1173,1181,1353.0,1393.0,0.7973156325879373,REPLACED_BY_ETERNAL
HSCL,1178,1181,437.5,419.70001220703125,8.685752791826895,REPLACED_BY_ABSLAMC
BEL,1176,1182,338.0,326.5,11.422982607508592,REPLACED_BY_NAVA
ETERNAL,1181,1182,230.0,214.51537642195834,16.412789471895795,STOP
GODREJPROP,1170,1183,3290.0,3364.449951171875,1.1522367416892454,REPLACED_BY_MOTHERSON
DIXON,1163,1183,11400.0,11945.849609375,0.33183760315125144,REPLACED_BY_HINDUNILVR
NAVA,1182,1183,423.0249938964844,390.2784019811512,8.728782906077008,STOP
MOTHERSON,1183,1183,136.8733367919922,128.0970942992211,27.45874927040647,STOP
COHANCE,1179,1184,854.5499877929688,820.5999755859375,4.402810650202383,REPLACED_BY_LALPATHLAB
GRASIM,1180,1184,2850.0,2702.0,1.3179711516194534,REPLACED_BY_KALYANKJIL
NEULANDLAB,1179,1185,8065.0,8010.64990234375,0.4640099191189386,REPLACED_BY_BAJAJHLDNG
TECHM,1183,1185,1538.0,1473.0209590059696,2.42963895383325,STOP
ABSLAMC,1181,1186,710.0,680.0,4.407356229256167,REPLACED_BY_INDUSTOWER
CROMPTON,1177,1186,426.5,429.04998779296875,8.877509322436994,REPLACED_BY_DABUR
DABUR,1186,1186,650.0,622.3994104900596,4.619765734360793,STOP
KALYANKJIL,1184,1187,531.4000244140625,590.0,5.820125762506141,REPLACED_BY_COHANCE
BAJAJHLDNG,1185,1187,9950.0,9453.90991394134,0.3642257440519999,STOP
LALPATHLAB,1184,1188,1495.699951171875,1487.5,2.421161912105175,REPLACED_BY_SUZLON
GODREJCP,1186,1189,1516.699951171875,1474.9000244140625,2.405222101994559,REPLACED_BY_ICICIPRULI
HINDUNILVR,1183,1190,2739.0,2715.60009765625,1.365784690930203,REPLACED_BY_ATUL
COHANCE,1187,1190,872.2999877929688,903.0,3.09380005022723,REPLACED_BY_COROMANDEL
MPHASIS,1184,1191,2868.0,2902.0,1.2612614542686933,REPLACED_BY_COHANCE
OFSS,1174,1191,10488.0,11112.0,0.3065793739426353,REPLACED_BY_SUNTV
INDUSTOWER,1186,1192,439.1499938964844,435.8999938964844,8.394892065652682,REPLACED_BY_COLPAL
MARICO,1180,1192,658.9500122070312,675.6500244140625,5.7652370453325315,REPLACED_BY_AFFLE
COROMANDEL,1190,1193,1680.050048828125,1620.0,1.65832340967452,REPLACED_BY_LUPIN
SUZLON,1188,1193,62.68000030517578,67.80000305175781,53.69124942610119,REPLACED_BY_TVSMOTOR
FEDERALBNK,1177,1194,187.75,193.0500030517578,20.220861824533497,REPLACED_BY_AUROPHARMA
ZYDUSWELL,1187,1194,466.1600036621094,444.6700134277344,7.610506371548874,REPLACED_BY_WHIRLPOOL
INFY,1184,1194,1800.1500244140625,1724.7198195061414,2.02141610875975,STOP
GLENMARK,1175,1195,1338.0999755859375,1428.699951171875,2.8600264978553747,REPLACED_BY_NTPC
TVSMOTOR,1193,1195,2574.800048828125,2454.6291805453657,1.0353963055959388,STOP
COHANCE,1191,1196,947.0,994.0,3.89398355539426,REPLACED_BY_HINDUNILVR
ICICIPRULI,1189,1196,724.9000244140625,708.25,4.845032263691748,REPLACED_BY_TORNTPHARM
WHIRLPOOL,1194,1197,2088.550048828125,2067.35009765625,1.717561043567641,REPLACED_BY_ZYDUSLIFE
SUNTV,1191,1197,879.3499755859375,888.0,3.7629738870963783,REPLACED_BY_SYNGENE
NTPC,1195,1198,413.25,413.79998779296875,8.668969663417638,REPLACED_BY_NATCOPHARM
SYNGENE,1197,1198,854.25,792.3499755859375,3.693337464019074,STOP
GODREJCP,1196,1199,1494.449951171875,1444.800048828125,2.420761613823524,REPLACED_BY_SUNTV
COLPAL,1192,1199,3350.39990234375,3432.5,1.0910595745124059,REPLACED_BY_GLENMARK
SUNTV,1199,1199,899.0,867.5240224469338,3.9715072792315054,STOP
ATUL,1190,1200,7850.0,7840.85009765625,0.465204765468462,REPLACED_BY_GLAXO
ZYDUSLIFE,1197,1200,1281.0,1258.0,2.8639398655401944,REPLACED_BY_SUMICHEM
HSCL,1195,1201,452.54998779296875,459.0,7.914396910886963,REPLACED_BY_TVSMOTOR
HINDUNILVR,1196,1202,2781.699951171875,2737.89990234375,1.301553789766152,REPLACED_BY_TRENT
AFFLE,1192,1203,1524.0,1580.0,2.465270207886781,REPLACED_BY_ICICIGI
TORNTPHARM,1196,1203,3230.050048828125,3348.949951171875,0.8811277922280767,REPLACED_BY_PERSISTENT
SUMICHEM,1200,1204,539.6500244140625,533.6500244140625,6.146118326738641,REPLACED_BY_KIMS
NATCOPHARM,1198,1205,1455.0,1441.9000244140625,2.440911212456847,REPLACED_BY_SHRIRAMFIN
LUPIN,1193,1206,1949.5,2125.0,1.8798397281731116,REPLACED_BY_UTIAMC
GLAXO,1200,1207,2900.0,2918.0,1.25635115607681,REPLACED_BY_SANSERA
COROMANDEL,1199,1208,1709.0,1748.5,2.1498945840338313,REPLACED_BY_WELSPUNLIV
AUROPHARMA,1194,1209,1428.3499755859375,1543.5999755859375,2.5361185660879184,REPLACED_BY_DIXON
SANSERA,1207,1210,1535.0,1517.0,2.4144984074868945,REPLACED_BY_VOLTAS
PERSISTENT,1203,1210,4905.0,4925.0,0.6440728437229664,REPLACED_BY_SBILIFE
TVSMOTOR,1201,1211,2635.800048828125,2750.0,1.3598151569431833,REPLACED_BY_BALRAMCHIN
SHRIRAMFIN,1205,1211,627.989990234375,639.7999877929688,5.548702357743275,REPLACED_BY_LTM
UTIAMC,1206,1212,1160.0,1117.050048828125,3.188508223325979,REPLACED_BY_BAJAJ-AUTO
JUBLFOOD,1200,1213,651.0,654.0,5.574835441706273,REPLACED_BY_PERSISTENT
WELSPUNLIV,1208,1213,195.0,193.97000122070312,18.61440976660117,REPLACED_BY_NAUKRI
DIXON,1209,1213,13399.9501953125,12556.04360358376,0.27632605427332696,STOP
BALRAMCHIN,1211,1214,582.2000122070312,591.8499755859375,6.3328968285783915,REPLACED_BY_INFY
GLENMARK,1199,1214,1475.5999755859375,1694.5,1.9132932177621969,REPLACED_BY_LTFOODS
GRANULES,1188,1215,548.4500122070312,681.2000122070312,6.581037903700627,REPLACED_BY_BAJAJHLDNG
NAUKRI,1213,1215,1535.989990234375,1459.0248751126362,2.2474553354500557,STOP
LTM,1211,1216,6114.0,6089.7998046875,0.5773643967721525,REPLACED_BY_CHOICEIN
INFY,1214,1217,1967.0,1897.5295781418101,1.870847887340831,STOP
BAJAJ-AUTO,1212,1218,10835.0,10830.099609375,0.32545299806664757,REPLACED_BY_UTIAMC
BAJAJHLDNG,1215,1218,10625.0,10342.11819329211,0.33812907473810605,STOP
HCLTECH,1214,1219,1806.0,1749.449951171875,2.03430693549684,REPLACED_BY_GLENMARK
LUPIN,1216,1220,2285.0,2229.0,1.6157981100649768,REPLACED_BY_LTM
TRENT,1202,1220,6440.0,7160.9501953125,0.5497557482401083,REPLACED_BY_AJANTPHARM
ICICIGI,1203,1221,2043.449951171875,2141.949951171875,1.7708695545203545,REPLACED_BY_COFORGE
SBILIFE,1210,1221,1838.75,1863.0,1.9129969477590216,REPLACED_BY_ETERNAL
COHANCE,1218,1222,1200.1500244140625,1189.9000244140625,3.0368041049453147,REPLACED_BY_SHRIRAMFIN
CONCORDBIO,1219,1222,1860.0,2000.0,1.9456399820216137,REPLACED_BY_CHOLAFIN
CHOICEIN,1216,1223,459.79998779296875,461.0,8.104793493712485,REPLACED_BY_CHOLAHLDNG
AJANTPHARM,1220,1223,3415.89990234375,3339.10009765625,1.057676433506288,REPLACED_BY_PVRINOX
PERSISTENT,1213,1224,5214.5,5301.0,0.7157552583161848,REPLACED_BY_NAVA
UTIAMC,1218,1224,1302.0,1270.0999755859375,2.6991305298472046,REPLACED_BY_HSCL
ETERNAL,1221,1225,276.29998779296875,270.6499938964844,13.324341507269569,REPLACED_BY_UNITDSPR
GLENMARK,1219,1225,1713.0,1714.0,1.9654353805915126,REPLACED_BY_BAJAJ-AUTO
VOLTAS,1210,1226,1745.0,1899.0,2.1167818013908235,REPLACED_BY_RADICO
KIMS,1204,1226,487.989990234375,546.75,6.654318072231738,REPLACED_BY_MCX
RADICO,1226,1226,2299.0,2123.430427555339,1.6493050778945537,STOP
NAVA,1224,1227,555.5250244140625,610.0,6.645397976769477,REPLACED_BY_MFSL
HSCL,1224,1227,596.0,664.8499755859375,6.063791955074239,REPLACED_BY_BAJAJFINSV
LTM,1220,1228,6332.0,6400.0,0.5713271762736767,REPLACED_BY_SANSERA
PVRINOX,1223,1228,1665.949951171875,1660.0,2.20709747559148,REPLACED_BY_BHARTIARTL
COFORGE,1221,1229,1379.5999755859375,1377.800048828125,2.6464237345839488,REPLACED_BY_IEX
SHRIRAMFIN,1222,1229,679.9400024414062,716.2999877929688,5.358921699491648,REPLACED_BY_HEROMOTOCO
IEX,1229,1229,240.5,226.10104436817824,15.645222977179575,STOP
CHOLAFIN,1222,1230,1580.0,1614.300048828125,2.313395710566798,REPLACED_BY_TRENT
CHOLAHLDNG,1223,1231,1909.949951171875,2050.0,1.9261698065214174,REPLACED_BY_HSCL
HEROMOTOCO,1229,1231,6191.0,5913.511998328759,0.604953851565666,STOP
KALYANKJIL,1230,1231,775.7000122070312,713.5120732834235,4.826270772921882,STOP
LTFOODS,1214,1232,385.04998779296875,399.0,7.795789941061829,REPLACED_BY_ICICIPRULI
MCX,1226,1233,1165.739990234375,1143.5999755859375,3.202698147065222,REPLACED_BY_BOSCHLTD
SANSERA,1228,1233,1666.75,1689.949951171875,2.2152033986954387,REPLACED_BY_M&M
SARDAEN,1227,1234,415.8999938964844,444.0,8.85204174038134,REPLACED_BY_IPCALAB
BHARTIARTL,1228,1235,1719.0,1665.0,2.1569681698703795,REPLACED_BY_BRITANNIA
HSCL,1231,1235,664.0499877929688,639.0999755859375,5.618439087997054,REPLACED_BY_COFORGE
ICICIPRULI,1232,1236,770.0,757.4500122070312,3.551709808931772,REPLACED_BY_JSWSTEEL
MFSL,1227,1236,1166.0,1169.5,3.172780220106235,REPLACED_BY_COLPAL
M&M,1233,1236,3163.14990234375,3031.390239050262,1.1508920728494636,STOP
BRITANNIA,1235,1236,6444.2001953125,6225.159900208174,0.5672604410192479,STOP
CHOLAHLDNG,1232,1237,2080.85009765625,2001.300048828125,1.7716271154763064,REPLACED_BY_TORNTPHARM
TRENT,1230,1237,7618.25,7307.2001953125,0.4839701254585586,REPLACED_BY_ALKEM
COLPAL,1236,1237,3840.0,3679.7487281980966,0.7628751755629841,STOP
UNITDSPR,1225,1238,1560.5,1495.0999755859375,2.394492427574985,REPLACED_BY_TRENT
BAJAJ-AUTO,1225,1238,11840.5,11585.0,0.26763910976802674,REPLACED_BY_LALPATHLAB
JSWSTEEL,1236,1238,1042.0,992.4178158622212,3.438007852893052,STOP
BAJAJFINSV,1227,1239,1892.0999755859375,1849.0,1.9376717714802203,REPLACED_BY_DIXON
BALRAMCHIN,1232,1240,630.0499877929688,657.7000122070312,6.01196738568114,REPLACED_BY_PAGEIND
BOSCHLTD,1233,1240,37976.0,38606.1484375,0.0964827163553168,REPLACED_BY_CHOICEIN
ALKEM,1237,1241,6230.0,6188.89990234375,0.5319480000122132,REPLACED_BY_DIVISLAB
LALPATHLAB,1238,1242,1729.9749755859375,1757.074951171875,1.4392056469880312,REPLACED_BY_MANKIND
WHIRLPOOL,1237,1243,2379.300048828125,2372.300048828125,1.4897262507547255,REPLACED_BY_OBEROIRLTY
TORNTPHARM,1237,1244,3490.0,3497.60009765625,1.0132652001665023,REPLACED_BY_SIEMENS
NAUKRI,1237,1245,1661.780029296875,1636.469970703125,2.1464676668947877,REPLACED_BY_NUVAMA
VIJAYA,1238,1246,973.0,1001.3499755859375,3.513552171461071,REPLACED_BY_NATIONALUM
MANKIND,1242,1246,2828.0,2667.75,0.9446534039096276,REPLACED_BY_HINDPETRO
PAGEIND,1240,1247,43935.3984375,45451.0,0.08109016641210141,REPLACED_BY_HDFCLIFE
TRENT,1238,1247,7520.0,7820.0,0.4634191077493837,REPLACED_BY_HINDALCO
COFORGE,1235,1247,1390.4000244140625,1351.8313955493816,2.56550523389908,STOP
SIEMENS,1244,1247,4619.71533203125,4386.025419066092,0.759512776107079,STOP
NUVAMA,1245,1248,1466.0,1390.199951171875,2.3722226049552555,REPLACED_BY_FLUOROCHEM
HINDPETRO,1246,1248,430.3999938964844,404.10026882332824,5.768893403681629,STOP
IPCALAB,1234,1249,1498.050048828125,1565.0999755859375,2.42482623889417,REPLACED_BY_TIINDIA
HINDALCO,1247,1249,760.0,714.1103679737345,4.70231682940045,STOP
FLUOROCHEM,1248,1249,4775.0498046875,4430.570663327593,0.6504189865485792,STOP
HDFCLIFE,1247,1251,748.8499755859375,718.0,4.772302071112666,REPLACED_BY_CRISIL
DIXON,1239,1251,14550.0,13552.296609066376,0.2328691418684364,STOP
TORNTPOWER,1250,1253,1952.300048828125,1837.199951171875,1.4140153316883766,REPLACED_BY_ICICIBANK
NATIONALUM,1246,1254,224.0,227.89999389648438,15.604371813844601,REPLACED_BY_CUB
COHANCE,1248,1254,1276.800048828125,1279.5,2.7263807068620163,REPLACED_BY_COFORGE
OBEROIRLTY,1243,1255,2000.0,1927.75,1.7494563527954954,REPLACED_BY_BALRAMCHIN
TECHM,1250,1255,1735.050048828125,1646.47726672615,1.969413914770907,STOP
HCLTECH,1252,1255,1845.0999755859375,1775.1727422829802,1.693409363588553,STOP
BALRAMCHIN,1255,1255,661.0,614.9276382871545,5.124240687764281,STOP
TIINDIA,1249,1257,4441.14990234375,4449.7001953125,0.600345195343569,REPLACED_BY_ABSLAMC
MFSL,1248,1258,1199.5,1253.199951171875,2.9172788767194473,REPLACED_BY_MANKIND
POLYMED,1249,1258,2532.0,2879.0,1.3424666586186813,REPLACED_BY_FORTIS
IPCALAB,1256,1259,1600.0,1599.800048828125,1.68972194951133,REPLACED_BY_SBIN
DIVISLAB,1241,1259,5975.0,5810.0,0.5939089340845011,REPLACED_BY_MAXHEALTH
MCX,1239,1260,1209.989990234375,1293.0,2.92304102133719,REPLACED_BY_PRIVISCL
COHANCE,1256,1260,1309.0,1325.0,2.5715907804744527,REPLACED_BY_NATIONALUM
ICICIBANK,1253,1261,1301.3499755859375,1270.0,1.976393670281975,REPLACED_BY_WELCORP
FORTIS,1258,1261,633.25,623.0999755859375,5.302929654516126,REPLACED_BY_PERSISTENT
MANKIND,1258,1262,2730.0,2662.550048828125,1.23302045715199,REPLACED_BY_FEDERALBNK
GILLETTE,1256,1262,9962.099609375,9836.0,0.33926758239384086,REPLACED_BY_PAGEIND
WELCORP,1261,1262,799.0,727.7000122070312,4.2233370100630045,STOP
CHOICEIN,1240,1263,474.8999938964844,524.7999877929688,7.544158328594717,REPLACED_BY_DIXON
NATIONALUM,1260,1263,245.0,226.61817266626454,13.842055446409168,STOP
PRIVISCL,1260,1264,1963.949951171875,1825.5,1.7462416403979732,REPLACED_BY_RAINBOW
SBIN,1259,1264,849.2000122070312,813.3691024370286,3.9651875519900113,STOP
FEDERALBNK,1262,1265,207.8000030517578,196.25589464304284,16.05959730229156,STOP
PAGEIND,1262,1265,47800.0,45553.322395066876,0.06730040707465808,STOP
MAXHEALTH,1259,1266,1043.0,1055.0999755859375,3.2234706071712607,REPLACED_BY_ECLERX
CRISIL,1251,1266,5117.9501953125,5190.0,0.6628470582955974,REPLACED_BY_TECHM
WIPRO,1263,1266,287.5,272.3851373938534,11.417009894880655,STOP
DIXON,1263,1267,15451.900390625,14850.9501953125,0.21275544425643955,REPLACED_BY_MFSL
CUB,1254,1268,132.6374969482422,127.92749786376953,25.564596836524508,REPLACED_BY_HDFCBANK
COHANCE,1265,1268,1250.949951171875,1274.3499755859375,2.5151153451315325,REPLACED_BY_IPCALAB
MFSL,1267,1268,1240.0,1166.3842145827828,2.5433538207675346,STOP
ECLERX,1266,1271,1660.1500244140625,1671.199951171875,1.9075376187935247,REPLACED_BY_FEDERALBNK
PERSISTENT,1261,1272,5757.35009765625,5968.9501953125,0.4796638933880459,REPLACED_BY_LAURUSLABS
IPCALAB,1268,1273,1569.8499755859375,1529.949951171875,2.0066483135555053,REPLACED_BY_BEL
RAINBOW,1264,1273,1611.050048828125,1588.9000244140625,1.993374192311247,REPLACED_BY_CDSL
FORTIS,1266,1274,642.0,654.4000244140625,4.9837444228664305,REPLACED_BY_POLYCAB
CRISIL,1269,1274,5589.5,5307.5498046875,0.5696308543230065,REPLACED_BY_KARURVYSYA
TECHM,1266,1275,1684.75,1710.0,1.8874731490254744,REPLACED_BY_SYNGENE
HDFCBANK,1268,1275,874.7000122070312,901.75,3.6268822151736466,REPLACED_BY_KFINTECH
FEDERALBNK,1271,1276,212.8800048828125,212.0,15.288317800298652,REPLACED_BY_CAMS
HCLTECH,1264,1276,1866.0,1884.0,1.7289887879856483,REPLACED_BY_KAYNES
ABSLAMC,1257,1277,812.7000122070312,873.7999877929688,3.2543071677251345,REPLACED_BY_CAPLIPOINT
KFINTECH,1275,1279,1169.800048828125,1263.050048828125,2.7455701478989107,REPLACED_BY_ETERNAL
BEL,1273,1279,308.0,314.5,10.505806679680237,REPLACED_BY_KIMS
SYNGENE,1275,1280,938.9000244140625,892.9606392345723,3.4313494875436055,STOP
KARURVYSYA,1274,1281,199.1666717529297,201.27499389648438,15.119026460815135,REPLACED_BY_LLOYDSME
CDSL,1273,1282,1623.3499755859375,1912.0,1.8107569265588523,REPLACED_BY_LTM
ETERNAL,1279,1282,300.0,290.0,11.06935854508015,REPLACED_BY_WIPRO
POLYCAB,1274,1283,7175.5,7401.25,0.4474902135338942,REPLACED_BY_MAXHEALTH
RAMCOCEM,1267,1284,905.3499755859375,995.0,3.5204180869192316,REPLACED_BY_MUTHOOTFIN
KIMS,1279,1284,620.75,596.0,5.382299060550572,REPLACED_BY_PERSISTENT
CAPLIPOINT,1277,1285,2312.39990234375,2446.60009765625,1.2174879000196255,REPLACED_BY_ZENTEC
CAMS,1276,1286,1024.0,1038.0,3.1842069473965036,REPLACED_BY_ECLERX
KAYNES,1276,1286,6349.64990234375,7206.89990234375,0.49975168910988116,REPLACED_BY_NAUKRI
LAURUSLABS,1272,1287,546.2000122070312,570.5999755859375,5.312248124070804,REPLACED_BY_SHREECEM
ZENTEC,1285,1288,2178.0,2316.89990234375,1.3655170845019835,REPLACED_BY_HCLTECH
LTM,1282,1288,6634.60009765625,6370.0,0.5034080117509055,REPLACED_BY_LEMONTREE
ECLERX,1286,1289,1926.5250244140625,1793.7627134546692,1.7696823756133562,STOP
SHREECEM,1287,1289,28320.0,27162.698780456056,0.10800114147883054,STOP
MAXHEALTH,1283,1291,1132.0,1151.449951171875,2.8966712446628566,REPLACED_BY_AMBER
WIPRO,1282,1291,308.1499938964844,307.5,10.598668130756145,REPLACED_BY_MANKIND
MUTHOOTFIN,1284,1291,2124.949951171875,2027.3575375854678,1.5584636985522757,STOP
HCLTECH,1288,1292,1910.0,1887.0793586992193,1.7346155093761484,STOP
AMBER,1291,1294,6829.75,7404.5498046875,0.4783140309978164,REPLACED_BY_LAURUSLABS
LEMONTREE,1288,1294,151.0,148.97999572753906,19.827629115276117,REPLACED_BY_DRREDDY
MANKIND,1291,1295,2974.89990234375,2858.35009765625,1.0965345812916183,REPLACED_BY_BAJAJHLDNG
DIXON,1281,1295,17400.0,18000.0,0.19094375453009163,REPLACED_BY_DIVISLAB
BAJAJHLDNG,1295,1295,12488.0,11724.058462075798,0.26484269081600936,STOP
NAUKRI,1286,1296,1751.0,1737.5899658203125,1.9253113781920084,REPLACED_BY_IPCALAB
PERSISTENT,1284,1297,6420.0498046875,6435.0,0.5151372836482809,REPLACED_BY_MUTHOOTFIN
DRREDDY,1294,1297,1389.5999755859375,1371.449951171875,2.22911247616845,REPLACED_BY_JUBLFOOD
COROMANDEL,1290,1298,1842.050048828125,1940.199951171875,1.791730690406211,REPLACED_BY_WELCORP
OBEROIRLTY,1292,1299,2306.0,2270.0,1.3565154758219813,REPLACED_BY_BLUESTARCO
WELCORP,1298,1299,820.0,772.3843531848063,4.115327645862889,STOP
DIVISLAB,1295,1300,6029.39990234375,5910.0,0.5304882896451419,REPLACED_BY_APARINDS
LLOYDSME,1281,1300,1115.0,1405.0,2.4812289741619096,REPLACED_BY_PATANJALI
BLUESTARCO,1299,1300,2377.449951171875,2158.505248617615,1.310566957373341,STOP
INDHOTEL,1266,1301,742.0999755859375,857.0,4.296366148070735,REPLACED_BY_ANANTRAJ
360ONE,1290,1301,1238.050048828125,1164.09146706552,2.2186171582596215,STOP
LUPIN,1296,1301,2354.0,2243.9652482113474,1.4102889705304493,STOP
COFORGE,1254,1302,1550.75,1913.06005859375,2.1874360255695655,REPLACED_BY_NH
APARINDS,1300,1302,11179.150390625,10463.044886084454,0.2955269885031669,STOP
IPCALAB,1296,1303,1704.0,1654.0,1.7995476956669803,REPLACED_BY_HCLTECH
MUTHOOTFIN,1297,1303,2201.85009765625,2105.633509274784,1.5039817889448102,STOP
OBEROIRLTY,1302,1303,2262.0,2139.7108870112816,1.4218264017067643,STOP
JKCEMENT,1303,1303,4720.10009765625,4523.596389330082,0.6766531059954525,STOP
LAURUSLABS,1294,1304,591.0,556.2627541821306,5.640291855750881,STOP
ASTERDM,1300,1304,524.9500122070312,491.1000061035156,6.3287945258028495,STOP
MAXHEALTH,1301,1304,1220.0999755859375,1118.8319386037062,2.7562049963332815,STOP
ANANTRAJ,1301,1304,890.0,819.4049775905266,3.4642934885647936,STOP
KIMS,1302,1304,656.8499755859375,622.729253067768,4.910238039834205,STOP
NH,1302,1304,1350.0,1295.3919408263516,2.376722119803605,STOP
HCLTECH,1303,1305,1936.0,1849.8520020678725,1.5482733848806849,STOP
JUBLFOOD,1297,1306,739.2000122070312,699.6551907187679,4.0544898383404195,STOP
ABBOTINDIA,1293,1307,28690.0,27745.69921875,0.1129587453949543,REPLACED_BY_LLOYDSME
MARICO,1304,1308,671.0,650.0,4.633759137477794,REPLACED_BY_COROMANDEL
INFY,1304,1308,1956.0,1851.0,1.5875799961329595,STOP
TCS,1305,1309,4302.0,4145.7998046875,0.7050282046210746,REPLACED_BY_MINDACORP
PATANJALI,1300,1310,617.3833618164062,612.6333618164062,4.9829234910762175,REPLACED_BY_WELCORP
NAVINFLUOR,1305,1310,3619.550048828125,3798.0,0.8362277363729949,REPLACED_BY_LTTS
UNOMINDA,1304,1310,1103.0,1022.4351827779533,2.686527106371208,STOP
INDIACEM,1305,1310,378.0,363.367557121716,8.029051740209102,STOP
LLOYDSME,1307,1311,1450.0,1332.4983733505876,1.9902097257934017,STOP
COROMANDEL,1308,1311,1875.4000244140625,1770.53577697851,1.5900468241867147,STOP
MARICO,1309,1313,667.4500122070312,669.3499755859375,4.529840977671545,REPLACED_BY_JKCEMENT
MINDACORP,1309,1313,585.0999755859375,582.0,4.750898171383237,REPLACED_BY_WIPRO
UBL,1311,1314,2055.0,2068.0,1.3428535717760994,REPLACED_BY_EICHERMOT
WELCORP,1310,1314,798.4500122070312,771.0,3.773883768741287,REPLACED_BY_LAURUSLABS
LAURUSLABS,1314,1314,610.0,564.6121654882021,4.427605739383489,STOP
BSE,1307,1315,1943.3333740234375,1774.5677857076755,1.5569374707309895,STOP
NAVINFLUOR,1311,1315,3814.64990234375,3564.8000666424764,0.7834473698428326,STOP
BIOCON,1305,1316,371.8500061035156,360.20001220703125,7.915164708513497,REPLACED_BY_BAJAJFINSV
REDINGTON,1305,1317,207.89999389648438,206.60000610351562,14.774364089353961,REPLACED_BY_MARICO
LTTS,1310,1317,5373.2998046875,5350.0,0.5607834386219666,REPLACED_BY_ULTRACEMCO
KOTAKBANK,1312,1318,381.4200134277344,380.6099853515625,6.497011529622922,REPLACED_BY_TORNTPHARM
BAJAJFINSV,1316,1319,1776.949951171875,1747.0,1.5071016106415374,REPLACED_BY_BHARTIARTL
PATANJALI,1315,1319,609.9000244140625,603.6666870117188,4.058051380334287,REPLACED_BY_UPL
ULTRACEMCO,1317,1319,11544.849609375,10954.955057350524,0.2474528852585539,STOP
TORNTPHARM,1318,1319,3339.75,3200.2697220023247,0.8130785682281426,STOP
MUTHOOTFIN,1312,1320,2205.0,2163.0,1.3309278575326995,REPLACED_BY_TATACONSUM
JKCEMENT,1313,1320,4787.9501953125,4725.10009765625,0.6201503022124881,REPLACED_BY_JUBLFOOD
WIPRO,1313,1321,319.0,318.0,8.683826387608942,REPLACED_BY_NAVINFLUOR
MARICO,1317,1322,674.5499877929688,675.5499877929688,4.252149214152221,REPLACED_BY_TVSMOTOR
UBL,1320,1322,2235.949951171875,2104.2248942831575,1.28317133386517,STOP
TATACONSUM,1320,1322,1067.3499755859375,1015.8452869608855,2.681604520614533,STOP
JUBLFOOD,1320,1323,735.0,726.0,3.266090951803442,REPLACED_BY_MUTHOOTFIN
SBICARD,1306,1324,737.0,812.0,3.847460442247497,REPLACED_BY_NH
TITAN,1320,1325,3565.0,3415.0,0.8076899017203258,REPLACED_BY_CHAMBLFERT
TVSMOTOR,1322,1325,2655.0,2616.0,1.0711701953381276,REPLACED_BY_SHREECEM
BIOCON,1323,1326,390.25,378.54998779296875,7.362211176498575,REPLACED_BY_M&M
EICHERMOT,1314,1326,5190.0,4974.600469811471,0.5644050356584696,STOP
COROMANDEL,1323,1327,1884.0999755859375,1763.9526412816272,1.524920624626122,STOP
MUTHOOTFIN,1323,1327,2267.0,2141.6499165642504,0.8696898237964035,STOP
CHAMBLFERT,1325,1327,556.0,520.2322476585917,5.1154384706324185,STOP
MARUTI,1316,1329,12120.0,12700.0,0.2320737615074803,REPLACED_BY_KOTAKBANK
M&M,1326,1329,3146.85009765625,2999.0,0.8818857596086096,REPLACED_BY_SBICARD
LTTS,1327,1329,5279.39990234375,4952.744740963057,0.5199011068981287,STOP
BAJFINANCE,1316,1330,765.7249755859375,822.0250244140625,3.698898805526747,REPLACED_BY_BAJAJHLDNG
SRF,1305,1331,2505.5,2749.25,1.2024430038552878,REPLACED_BY_BAJAJFINSV
BERGEPAINT,1328,1331,484.70001220703125,484.0,3.5100367932989904,REPLACED_BY_ABBOTINDIA
UBL,1328,1334,2058.050048828125,2028.199951171875,1.3267435452508314,REPLACED_BY_CHAMBLFERT
NAVINFLUOR,1321,1334,4175.0,4024.0,0.6548454153909127,REPLACED_BY_MEDANTA
ASHOKLEY,1328,1335,110.30000305175781,110.0,24.88725310669766,REPLACED_BY_ANANDRATHI
SHREECEM,1325,1336,28308.0,28244.0,0.10063701036016363,REPLACED_BY_INDIGO
UPL,1319,1336,609.7999877929688,648.0999755859375,3.5538049324230427,REPLACED_BY_BERGEPAINT
BAJAJHLDNG,1330,1337,12032.599609375,11759.0,0.2229461621602803,REPLACED_BY_ASHOKLEY
JSWSTEEL,1330,1337,964.5999755859375,958.75,2.7909181100970746,REPLACED_BY_BATAINDIA
BATAINDIA,1337,1337,1330.449951171875,1260.5496192400017,1.9166889169209118,STOP
MEDANTA,1334,1338,1207.9000244140625,1185.0,2.1132878759006206,REPLACED_BY_SHRIRAMFIN
ASHOKLEY,1337,1338,113.75,106.1792136978452,23.689207643497404,STOP
BERGEPAINT,1336,1339,503.0,488.0,4.834873402485648,REPLACED_BY_HDFCBANK
INDIGO,1336,1339,4540.0,4289.962088715135,0.5896403482655455,STOP
BAJAJFINSV,1331,1340,1892.0,1791.4802277051554,1.421307032478975,STOP
BAJFINANCE,1338,1341,866.5,830.1263650393253,3.088313510992464,STOP
ANANDRATHI,1335,1342,1001.5875244140625,946.5250244140625,2.691589081336752,REPLACED_BY_FORTIS
SBICARD,1329,1343,861.0,837.0499877929688,3.1617750671341995,REPLACED_BY_BERGEPAINT
HDFCBANK,1339,1344,869.9000244140625,844.5,2.535449899558897,REPLACED_BY_SRF
FORTIS,1342,1345,666.0,614.2000122070312,3.6053544688990233,REPLACED_BY_SBICARD
ABBOTINDIA,1331,1346,28300.0,30520.0,0.08991329375667377,REPLACED_BY_CEMPRO
SHREECEM,1340,1346,27362.5,28100.0,0.09152545418492916,REPLACED_BY_JSWSTEEL
BERGEPAINT,1343,1347,501.0,482.5,5.22999962749536,REPLACED_BY_BAJFINANCE
NH,1324,1347,1396.0,1592.199951171875,2.069643109358807,REPLACED_BY_INDIGO
SHRIRAMFIN,1338,1348,609.9500122070312,613.4000244140625,3.5992219565582886,REPLACED_BY_AAVAS
CHOLAFIN,1341,1350,1458.0,1520.0,1.7290176203710195,REPLACED_BY_BAJAJFINSV
SBICARD,1345,1352,840.0,860.4000244140625,2.609970048583764,REPLACED_BY_MANAPPURAM
HINDALCO,1339,1352,634.4500122070312,715.0,4.130549307165032,REPLACED_BY_NH
CEMPRO,1346,1353,547.9500122070312,556.0,4.815157971104075,REPLACED_BY_SUNDARMFIN
BHARTIARTL,1319,1354,1627.0,1725.0,1.7608687393498887,REPLACED_BY_AVANTIFEED
TATASTEEL,1342,1355,146.7899932861328,156.1999969482422,18.116504954138996,REPLACED_BY_CHOLAHLDNG
MUTHOOTFIN,1351,1355,2425.35009765625,2355.39990234375,1.106981844329908,REPLACED_BY_BAJAJFINSV
MANAPPURAM,1352,1356,226.0,231.0,12.39457538197274,REPLACED_BY_NAVINFLUOR
NH,1352,1356,1684.800048828125,1637.800048828125,1.394210380371374,REPLACED_BY_SBICARD
SUNDARMFIN,1353,1356,4965.0,4565.785991571898,0.5338547329363648,STOP
SRF,1344,1358,2945.0,2931.0,0.719824140072676,REPLACED_BY_JKCEMENT
CHOLAHLDNG,1355,1358,1829.0,1680.6988246535032,1.4858867686177681,STOP
BAJFINANCE,1347,1360,850.0,865.0,3.090485356695443,REPLACED_BY_SUMICHEM
AVANTIFEED,1354,1360,941.0,846.0499877929688,2.9371411646911643,STOP
BALRAMCHIN,1359,1362,556.9500122070312,529.75,4.439319607000078,REPLACED_BY_NH
JSWSTEEL,1346,1362,1024.699951171875,906.0,2.561391170829489,STOP
AAVAS,1348,1362,1876.699951171875,1674.199951171875,1.3885428569455998,STOP
BAJAJFINSV,1355,1362,1951.0,1835.0,1.3951697950984137,STOP
NAVINFLUOR,1356,1362,4166.2001953125,3700.0,0.6396320294908446,STOP
SBICARD,1356,1362,868.6500244140625,763.5,3.013161930316994,STOP
SUMICHEM,1360,1362,565.0,502.0,4.673275682591421,STOP
UPL,1361,1362,649.5,595.0,3.7975543762433355,STOP
KOTAKBANK,1329,1365,394.79998779296875,413.0,6.890339190758527,REPLACED_BY_INDUSTOWER
TORNTPHARM,1363,1366,3241.199951171875,3206.39990234375,0.7527751817084625,REPLACED_BY_MARICO
GODREJCP,1363,1366,1178.5,1234.699951171875,1.2368267472082588,REPLACED_BY_NESTLEIND
BRITANNIA,1363,1368,5062.4501953125,5420.0,0.4814494454055109,REPLACED_BY_PATANJALI
TATACONSUM,1363,1368,1056.0,1104.0,2.3240905927440614,REPLACED_BY_NH
RAMCOCEM,1363,1369,928.0499877929688,967.3499755859375,2.6424970537435937,REPLACED_BY_SBICARD
NESTLEIND,1366,1369,1190.699951171875,1200.5,1.4502233071520185,REPLACED_BY_DMART
MARICO,1366,1370,716.0,698.9000244140625,3.501043098068446,REPLACED_BY_LTF
INDUSTOWER,1365,1370,371.04998779296875,409.20001220703125,6.698458797347344,REPLACED_BY_CHOLAFIN
GMRAIRPORT,1363,1371,83.91999816894531,87.0,29.60515920008379,REPLACED_BY_TVSMOTOR
JKCEMENT,1358,1372,4949.5,5116.2998046875,0.4220247448041636,REPLACED_BY_SOLARINDS
SHREECEM,1357,1372,30700.0,30535.0,0.07860628871503507,REPLACED_BY_KIMS
CHOLAFIN,1370,1372,1648.9000244140625,1544.6114411124809,1.546385186724998,STOP
PATANJALI,1368,1373,668.1666870117188,657.3333129882812,3.795104454196733,REPLACED_BY_COROMANDEL
BERGEPAINT,1363,1374,520.0,547.1500244140625,4.754636522179906,REPLACED_BY_GRASIM
SBICARD,1369,1374,906.2999877929688,859.1036599116235,2.819609167462719,STOP
LTF,1370,1374,171.80999755859375,160.45106839704195,14.987097341818437,STOP
KIMS,1372,1375,689.0,671.5999755859375,2.7863045691057255,REPLACED_BY_SRF
DMART,1369,1376,4357.0,4352.0,0.3976095574174383,REPLACED_BY_GMRAIRPORT
JKCEMENT,1373,1376,5262.0,5132.0,0.4881822307965449,REPLACED_BY_MFSL
BAJAJFINSV,1375,1376,2061.0,1938.7551368405468,1.2187523073096795,STOP
COROMANDEL,1373,1377,2241.199951171875,2244.0,1.0109801910865297,REPLACED_BY_CHOICEIN
NH,1368,1377,1810.0,1770.0,1.4114100579035183,REPLACED_BY_SBILIFE
INDIGO,1347,1378,4740.0,5420.0,0.5544503854363878,REPLACED_BY_ANURAS
SRF,1375,1378,3055.0,2983.0,0.5543863167518089,REPLACED_BY_GODFRYPHLP
ICICIBANK,1375,1379,1428.800048828125,1429.0,1.748373781784327,REPLACED_BY_NAVINFLUOR
HDFCBANK,1363,1379,882.5,965.0,2.7696834422133745,REPLACED_BY_RELIANCE
GRASIM,1374,1380,2735.0,2699.0,0.9154307847005859,REPLACED_BY_BHARTIARTL
GMRAIRPORT,1376,1380,89.19999694824219,84.5,27.80478818344141,REPLACED_BY_RADICO
SBILIFE,1377,1381,1761.0,1741.300048828125,1.1995200899544278,REPLACED_BY_ASTERDM
TVSMOTOR,1371,1381,2738.5,2800.0,0.935373569751799,REPLACED_BY_SBICARD
NAVINFLUOR,1379,1382,4640.0,4525.0,0.5332945875847135,REPLACED_BY_ICICIBANK
RADICO,1380,1382,2539.89990234375,2375.0,0.9719084643098866,STOP
SBICARD,1381,1382,909.2000122070312,862.0,2.4065990161505932,STOP
MFSL,1376,1383,1304.9000244140625,1304.9000244140625,1.3130616927504555,REPLACED_BY_SCHAEFFLER
BHARTIARTL,1380,1384,1901.0,1870.0,1.2991418849629455,REPLACED_BY_APLAPOLLO
CHAMBLFERT,1334,1384,561.3499755859375,688.5,4.84610986065176,REPLACED_BY_BHARTIHEXA
RELIANCE,1379,1385,1431.0,1420.0,1.732564624936097,REPLACED_BY_BEL
MRF,1377,1385,134800.0,140425.0,0.018250761616580666,REPLACED_BY_SHYAMMETL
NAVINFLUOR,1383,1385,4745.0,4264.989196123553,0.5229079707786276,STOP
SCHAEFFLER,1383,1387,3745.5,3942.60009765625,0.29730857515013726,REPLACED_BY_HAL
BHARTIHEXA,1384,1387,1757.0,1714.0,1.3856058411123455,REPLACED_BY_JINDALSTEL
ASTERDM,1381,1388,537.5,596.0499877929688,4.600645665522765,REPLACED_BY_CEATLTD
ICICIBANK,1382,1389,1415.199951171875,1450.199951171875,1.688204189356165,REPLACED_BY_MFSL
SHYAMMETL,1385,1389,920.0,915.0,2.6705087567484997,REPLACED_BY_BAJAJHLDNG
BAJAJHLDNG,1389,1389,14000.0,12903.592273788632,0.17897934312960453,STOP
COROMANDEL,1383,1390,2380.0,2395.699951171875,1.0255290087879227,REPLACED_BY_CESC
GODFRYPHLP,1378,1391,2817.0,2833.333251953125,0.767306649099516,REPLACED_BY_TATASTEEL
JINDALSTEL,1387,1392,966.4000244140625,953.0499877929688,1.7041030500226264,REPLACED_BY_ATUL
CESC,1390,1393,175.3000030517578,170.99000549316406,12.977936968244638,REPLACED_BY_HDFCLIFE
CEATLTD,1388,1393,3849.89990234375,3800.0,0.6552247478269534,REPLACED_BY_CUB
TATASTEEL,1391,1394,160.97999572753906,162.50999450683594,13.370625587015834,REPLACED_BY_MRF
ATUL,1392,1395,7225.5,7032.0,0.2225361895893056,REPLACED_BY_LODHA
MRF,1394,1396,146625.0,141299.56838949025,0.01467171212476685,STOP
UNIONBANK,1390,1397,138.3000030517578,141.25,17.80545302114116,REPLACED_BY_CANBK
EIDPARRY,1386,1398,923.0,948.7000122070312,2.6525063326346587,REPLACED_BY_AIIL
LODHA,1395,1398,1460.0,1420.0,1.0611668457479977,REPLACED_BY_BSE
HAL,1387,1399,4874.0,5027.0,0.5124238083673011,REPLACED_BY_BHARTIHEXA
APLAPOLLO,1384,1399,1725.0,1811.0,1.4224140288595062,REPLACED_BY_UNIONBANK
HDFCLIFE,1393,1399,784.2999877929688,747.363428439568,3.2236019279630472,STOP
CUB,1393,1401,148.0500030517578,147.6374969482422,14.412869430203092,REPLACED_BY_INTELLECT
BHARTIHEXA,1399,1402,1842.0999755859375,1864.199951171875,1.3608166302097662,REPLACED_BY_SCHAEFFLER
UNIONBANK,1399,1402,153.5,153.6999969482422,16.441387038899325,REPLACED_BY_LLOYDSME
CHOICEIN,1377,1403,618.0,704.9000244140625,4.022973848131129,REPLACED_BY_MCX
MFSL,1389,1404,1396.5999755859375,1521.0,1.7980288429454134,REPLACED_BY_AUBANK
BSE,1398,1404,2690.0,3009.300048828125,0.5397674287186587,REPLACED_BY_HDFCAMC
SCHAEFFLER,1402,1405,4344.89990234375,4228.0,0.5915215620097433,REPLACED_BY_CEMPRO
INTELLECT,1401,1405,1201.0,1185.0,1.7541274200889285,REPLACED_BY_ABCAPITAL
LLOYDSME,1402,1407,1539.0,1460.0,1.5876456374609969,REPLACED_BY_MANAPPURAM
HDFCAMC,1404,1407,2620.0,2465.5,0.7570048027263572,STOP
CANBK,1397,1408,111.12000274658203,110.44999694824219,18.10269568730953,REPLACED_BY_SBICARD
CEMPRO,1405,1408,814.5,770.0,3.1718265936835905,REPLACED_BY_GMDCLTD
AIIL,1398,1409,479.6400146484375,499.760009765625,5.277463341481533,REPLACED_BY_MFSL
DEEPAKFERT,1397,1410,1525.0,1565.0,1.659608021129596,REPLACED_BY_MUTHOOTFIN
GMDCLTD,1408,1411,410.0,395.0,2.897074882467965,REPLACED_BY_TDPOWERSYS
SBICARD,1408,1411,1001.0999755859375,960.0700181811487,2.5185878464079146,STOP
JKCEMENT,1400,1414,5527.0,5893.0,0.44425546946271044,REPLACED_BY_AIIL
AFFLE,1408,1415,1926.5,1922.0,1.3164899877149079,REPLACED_BY_CHOICEIN
MANAPPURAM,1407,1415,265.0,271.3500061035156,8.659993682679396,REPLACED_BY_LTF
MUTHOOTFIN,1410,1416,2618.0,2574.0,0.9633843313436722,REPLACED_BY_ASTERDM
TDPOWERSYS,1411,1416,262.7250061035156,260.25,4.644972523995086,REPLACED_BY_NH
MFSL,1409,1417,1585.0,1636.699951171875,1.6234271633377138,REPLACED_BY_GILLETTE
AIIL,1414,1418,522.5599975585938,530.9000244140625,4.917285375008857,REPLACED_BY_TVSMOTOR
CHOICEIN,1415,1419,709.2999877929688,703.0,3.634428604902328,REPLACED_BY_LAURUSLABS
ANURAS,1378,1419,870.0,1136.0,2.8172366328247107,REPLACED_BY_POONAWALLA
ASTERDM,1416,1420,594.5999755859375,594.7999877929688,4.376255655596669,REPLACED_BY_RBLBANK
NH,1416,1420,2088.5,2094.89990234375,0.5026484660259221,REPLACED_BY_DEEPAKFERT
SOLARINDS,1372,1421,13148.0,17028.0,0.1973164476709375,REPLACED_BY_KARURVYSYA
GILLETTE,1417,1422,10780.5,10730.0,0.24170609454537076,REPLACED_BY_EIDPARRY
TVSMOTOR,1418,1422,2948.0,2900.0,0.8851842278358545,REPLACED_BY_APOLLOHOSP
DEEPAKFERT,1420,1423,1751.800048828125,1629.5138869221275,0.7992513855235227,STOP
POONAWALLA,1419,1424,464.1000061035156,466.1000061035156,5.646383375134211,REPLACED_BY_GLENMARK
CEMPRO,1412,1425,816.5,857.0,2.931978900469128,REPLACED_BY_DELHIVERY
RBLBANK,1420,1425,261.989990234375,250.0,10.10315261729051,REPLACED_BY_BPCL
EIDPARRY,1422,1426,1109.199951171875,1085.0,2.3238222950926577,REPLACED_BY_MRF
APOLLOHOSP,1422,1426,7593.0,7455.0,0.34241435543580967,REPLACED_BY_IIFL
MCX,1403,1427,1513.699951171875,1660.199951171875,1.7075959376973706,REPLACED_BY_NAM-INDIA
ABCAPITAL,1405,1427,246.0,270.0,7.929159737247103,REPLACED_BY_BOSCHLTD
BEL,1385,1428,339.0,405.5,7.267840287353512,REPLACED_BY_CUMMINSIND
BPCL,1425,1428,355.6000061035156,345.8500061035156,6.761778320302107,REPLACED_BY_RBLBANK
AUBANK,1404,1429,772.5,804.0,3.3076850292950435,REPLACED_BY_PRESTIGE
KARURVYSYA,1421,1429,227.6666717529297,225.375,11.43738132274363,REPLACED_BY_ABDL
GLENMARK,1424,1430,1860.0999755859375,2220.0,1.061334986230051,REPLACED_BY_HDFCAMC
LTF,1415,1431,204.0,203.25999450683594,11.157328509686469,REPLACED_BY_CHOICEIN
ATUL,1424,1431,7695.0,7410.0,0.3346398519844822,REPLACED_BY_GLAND
MRF,1426,1433,150100.0,148400.0,0.01692782746523949,REPLACED_BY_UTIAMC
ABDL,1429,1434,488.79998779296875,472.95001220703125,5.253013958181024,REPLACED_BY_CRAFTSMAN
RBLBANK,1428,1435,265.0,255.99000549316406,9.62527869643694,REPLACED_BY_SCHNEIDER
GLAND,1431,1435,1987.199951171875,1963.0,1.0555180830413453,REPLACED_BY_RAMCOCEM
BOSCHLTD,1427,1436,36200.0,37980.0,0.06534896102764355,REPLACED_BY_UPL
IIFL,1426,1436,507.0,534.0,4.89682699295365,REPLACED_BY_GVT&D
PRESTIGE,1429,1437,1730.5999755859375,1680.0,1.4802343925179833,REPLACED_BY_FORTIS
NAM-INDIA,1427,1437,820.0,822.2000122070312,3.122781399331719,REPLACED_BY_JINDALSTEL
UTIAMC,1433,1437,1430.0,1351.0577307279873,1.739226349276229,STOP
RAMCOCEM,1435,1438,1190.0,1144.0999755859375,1.5912771466827835,REPLACED_BY_ETERNAL
CRAFTSMAN,1434,1438,6585.0,6276.5,0.37352961095316034,REPLACED_BY_SYRMA
SCHNEIDER,1435,1438,939.0,872.2439687684192,2.7659248529366924,STOP
CHOICEIN,1431,1439,752.8499755859375,735.5,3.4572032048710093,REPLACED_BY_NUVOCO
JINDALSTEL,1437,1440,1001.9500122070312,989.4000244140625,2.465647714573953,REPLACED_BY_EIDPARRY
DELHIVERY,1425,1441,412.79998779296875,406.95001220703125,6.2593785539962985,REPLACED_BY_BOSCHLTD
UPL,1436,1442,726.0,703.9500122070312,3.5348191058970757,REPLACED_BY_ABDL
CUMMINSIND,1428,1442,3567.0,3559.89990234375,0.7169562727596622,REPLACED_BY_GLAND
ANANDRATHI,1439,1443,1325.0,1300.0,1.8818238043637732,REPLACED_BY_JKCEMENT
HDFCAMC,1430,1443,2642.0,2807.25,0.9512927831650745,REPLACED_BY_TORNTPHARM
SHYAMMETL,1438,1444,975.0,975.0,2.576600174296707,REPLACED_BY_DELHIVERY
GLAND,1442,1444,2060.0,1943.9355834981138,1.2183991307177215,STOP
BOSCHLTD,1441,1445,39500.0,38293.42961482616,0.06272375806750598,STOP
TORNTPHARM,1443,1445,3658.300048828125,3529.669903616065,0.678156496860724,STOP
SYRMA,1438,1446,731.5499877929688,705.2000122070312,1.9759698593356472,REPLACED_BY_LALPATHLAB
LAURUSLABS,1419,1446,730.0,828.0,3.6304021407030223,REPLACED_BY_JSL
ETERNAL,1438,1446,310.0,291.54998779296875,8.039689798854463,STOP
EIDPARRY,1440,1446,1212.0,1139.6406824678693,1.9927707579683813,STOP
JSL,1446,1446,734.0,691.9180854376468,2.4151642549750525,STOP
ABDL,1442,1448,516.0,495.0,4.893199077075544,REPLACED_BY_PAYTM
ABCAPITAL,1445,1449,282.0,271.5,8.629791496501866,REPLACED_BY_ECLERX
ECLERX,1449,1452,2051.0,2042.5,1.130997110664986,REPLACED_BY_ETERNAL
JINDALSTEL,1447,1452,999.5,990.0,2.4267853428173503,REPLACED_BY_CIPLA
MEDANTA,1446,1453,1338.0,1353.5999755859375,1.8291401937936964,REPLACED_BY_MARUTI
GVT&D,1436,1453,2524.5,2835.0,0.9823194560219827,REPLACED_BY_HEROMOTOCO
INDIANB,1447,1454,647.6500244140625,671.0,3.745189313225748,REPLACED_BY_UNOMINDA
DELHIVERY,1444,1454,460.45001220703125,472.95001220703125,5.410448203925845,REPLACED_BY_LTF
CIPLA,1452,1455,1566.199951171875,1540.0999755859375,1.4003952297444515,REPLACED_BY_DMART
JKCEMENT,1443,1456,6676.0,7120.0,0.3733286228601369,REPLACED_BY_ABCAPITAL
NUVOCO,1439,1457,403.0,462.0,5.986627491812174,REPLACED_BY_HDFCAMC
LALPATHLAB,1446,1459,1596.449951171875,1653.949951171875,1.525946102341581,REPLACED_BY_NYKAA
ABCAPITAL,1456,1459,291.79998779296875,283.0,8.656339534843747,REPLACED_BY_HINDUNILVR
HDFCAMC,1457,1459,2920.0,2797.152359370709,0.8632108529174077,STOP
JSL,1460,1460,810.3499755859375,756.7987552639169,3.0752108826188924,STOP
PAYTM,1448,1462,1063.0,1240.5999755859375,2.255910359244823,REPLACED_BY_EICHERMOT
HINDUNILVR,1459,1462,2748.0,2649.0,0.9289892548433618,REPLACED_BY_DIXON
DMART,1455,1463,4737.89990234375,4680.0,0.4863512036189821,REPLACED_BY_DALBHARAT
FORTIS,1437,1463,844.3499755859375,934.2000122070312,3.0006478506741994,REPLACED_BY_RBLBANK
CUMMINSIND,1446,1464,3634.199951171875,3908.89990234375,0.6734065468201561,REPLACED_BY_INDIACEM
UNOMINDA,1454,1465,1230.0,1280.0,2.0648908705595694,REPLACED_BY_MUTHOOTFIN
ETERNAL,1452,1465,318.3999938964844,327.54998779296875,7.7650403915238275,REPLACED_BY_ANANDRATHI
INDIACEM,1464,1468,410.95001220703125,391.95001220703125,6.208664363118359,REPLACED_BY_ACUTAAS
DALBHARAT,1463,1468,2402.199951171875,2422.60009765625,1.0380476265777012,REPLACED_BY_CUMMINSIND
HEROMOTOCO,1453,1469,4984.0,5350.5,0.5006400864451538,REPLACED_BY_LAURUSLABS
RBLBANK,1463,1470,270.70001220703125,271.5,9.259554663611986,REPLACED_BY_CGPOWER
BOSCHLTD,1461,1471,40220.0,40040.0,0.05926261645675826,REPLACED_BY_BAJFINANCE
ACUTAAS,1468,1471,1498.0999755859375,1448.0,1.6910120527152737,REPLACED_BY_MSUMI
MSUMI,1471,1472,50.34000015258789,49.0,50.19262481183216,INELIGIBLE
NYKAA,1459,1474,232.8000030517578,243.85000610351562,10.798172347160184,REPLACED_BY_DALBHARAT
TVSMOTOR,1447,1474,3014.89990234375,3518.800048828125,0.4552116831175004,REPLACED_BY_GVT&D
AIIL,1472,1475,659.0,645.4600219726562,3.7282864694697433,REPLACED_BY_POLYCAB
CUMMINSIND,1468,1475,4064.0,4105.0,0.6338766369299537,REPLACED_BY_ETERNAL
DALBHARAT,1474,1476,2488.89990234375,2389.2015832573434,1.023630654659001,STOP
CGPOWER,1470,1477,786.0,771.2000122070312,3.1950167700344148,REPLACED_BY_CUPID
GVT&D,1474,1478,2999.89990234375,3000.0,0.5483784336215877,REPLACED_BY_CANBK
ANANDRATHI,1465,1479,1490.25,1441.4000244140625,1.690260783880947,REPLACED_BY_ASHOKLEY
DIXON,1462,1479,17670.0,18389.0,0.1420390426176018,REPLACED_BY_JSWINFRA
LAURUSLABS,1469,1480,899.5999755859375,880.2999877929688,2.803231020843072,REPLACED_BY_JSWSTEEL
EICHERMOT,1462,1480,6310.5,6980.0,0.3976640839653941,REPLACED_BY_AMBER
ETERNAL,1475,1480,337.0,322.99839517384993,7.191144204166554,STOP
JSWINFRA,1479,1480,341.95001220703125,328.1524907109332,7.210378559932799,STOP
POLYCAB,1475,1481,7440.5,7325.0,0.3407394408921859,REPLACED_BY_INDIANB
AMBER,1480,1481,8375.0,8004.397715286146,0.2978457974714873,STOP
USHAMART,1477,1482,432.0,474.0,5.868766311395623,REPLACED_BY_MTARTECH
CUPID,1477,1483,43.65800094604492,43.321998596191406,53.26624096226764,REPLACED_BY_EMBASSY
ASHOKLEY,1479,1485,141.89999389648438,139.7899932861328,17.84691432269428,REPLACED_BY_GVT&D
BAJFINANCE,1471,1485,999.0,993.0,2.506004071251891,REPLACED_BY_HEROMOTOCO
EICHERMOT,1481,1486,7049.0,6880.0,0.3497047454795447,REPLACED_BY_AXISBANK
MARUTI,1453,1486,14070.0,16014.0,0.17736637694360582,REPLACED_BY_TVSMOTOR
EMBASSY,1483,1487,420.94000244140625,427.4800109863281,5.741094915985849,REPLACED_BY_NYKAA
SBIN,1482,1487,869.9500122070312,866.7999877929688,2.8563354742276625,REPLACED_BY_FORTIS
NAM-INDIA,1481,1488,855.0,860.0,2.8792724279701067,REPLACED_BY_ETERNAL
AXISBANK,1486,1488,1212.0,1172.6421349302216,2.0763427875433176,STOP
MTARTECH,1482,1489,1915.9000244140625,1954.0,1.3036081987302086,REPLACED_BY_PAYTM
JSWSTEEL,1480,1491,1155.0,1165.0,2.1883950909561563,REPLACED_BY_BAJFINANCE
GVT&D,1485,1491,3193.0,3049.800048828125,0.796301582611901,REPLACED_BY_CHOICEIN
AIIL,1489,1492,657.739990234375,630.0,3.808128841624596,REPLACED_BY_MCX
CANBK,1478,1492,122.69999694824219,125.80000305175781,13.2743751906577,REPLACED_BY_ACUTAAS
CHOICEIN,1491,1494,824.0,830.0499877929688,2.927956370370565,REPLACED_BY_CUPID
ETERNAL,1488,1495,345.0,345.0,7.2165633694236,REPLACED_BY_TDPOWERSYS
NYKAA,1487,1496,260.29998779296875,258.7900085449219,9.572602340080506,REPLACED_BY_MARUTI
ACUTAAS,1492,1496,1498.0,1765.0,1.0045480975381833,REPLACED_BY_BHARTIARTL
MCX,1492,1497,1912.0,1830.5,1.3199459326313312,REPLACED_BY_SAMMAANCAP
FORTIS,1487,1497,1041.800048828125,1098.1500244140625,2.4110680340589994,REPLACED_BY_AXISBANK
CUPID,1494,1498,50.70000076293945,48.0,47.45892553696375,REPLACED_BY_SHRIRAMFIN
MUTHOOTFIN,1465,1498,2835.0,3196.89990234375,0.8839735273062044,REPLACED_BY_BANKINDIA
HEROMOTOCO,1485,1499,5527.0,5570.0,0.43262280197961633,REPLACED_BY_HINDALCO
TDPOWERSYS,1495,1499,325.5,321.0,7.572783671928795,REPLACED_BY_ABDL
BAJFINANCE,1491,1500,1040.0,1078.0,2.41910778093366,REPLACED_BY_CUMMINSIND
TVSMOTOR,1486,1501,3509.0,3600.0,0.7172487693070968,REPLACED_BY_FEDERALBNK
MARUTI,1496,1502,16453.0,16190.0,0.15496296424523306,REPLACED_BY_AUBANK
PAYTM,1489,1502,1252.0,1305.0,1.9390783717323354,REPLACED_BY_SBIN
AXISBANK,1497,1503,1246.0,1243.0,1.9833892221363927,REPLACED_BY_CANFINHOME
SAMMAANCAP,1497,1503,175.1199951171875,185.5,14.516821207452042,REPLACED_BY_HEGAM
ABDL,1499,1505,615.0,687.5,3.6821437594022517,REPLACED_BY_BANKBARODA
AUBANK,1502,1505,883.0,866.9500122070312,2.896448406956291,REPLACED_BY_IOC
HEGAM,1503,1506,587.0,582.2999877929688,4.319232233136581,REPLACED_BY_CANBK
CANFINHOME,1503,1506,874.0,861.5999755859375,2.907882837751371,REPLACED_BY_AUBANK
HINDALCO,1499,1506,834.9000244140625,788.0,3.057452585516128,STOP
BHARTIARTL,1496,1508,2051.800048828125,1995.0,0.8082775074473125,REPLACED_BY_ABCAPITAL
CUMMINSIND,1500,1508,4309.39990234375,4300.10009765625,0.5892196948279099,REPLACED_BY_ALKEM
ABCAPITAL,1508,1511,338.8999938964844,328.0,7.677494280845297,REPLACED_BY_NATIONALUM
LTF,1454,1511,218.00999450683594,295.1000061035156,11.606508029194554,REPLACED_BY_BHEL
BANKBARODA,1505,1512,290.95001220703125,281.29998779296875,8.888798144972329,REPLACED_BY_ASIANPAINT
INDIANB,1481,1512,709.5499877929688,868.0499877929688,3.319798721542622,REPLACED_BY_BIOCON
FEDERALBNK,1501,1513,236.1999969482422,237.11000061035156,10.782821341279726,REPLACED_BY_MUTHOOTFIN
ALKEM,1508,1513,5705.0,5750.0,0.26346338934797925,REPLACED_BY_CUB
BPCL,1507,1514,360.0,375.8500061035156,6.625832709230999,REPLACED_BY_LAURUSLABS
NATIONALUM,1511,1516,267.0,258.5,9.697661573110093,REPLACED_BY_BANKBARODA
IOC,1505,1516,168.0,170.10000610351562,14.501177828754408,REPLACED_BY_AIAENG
BIOCON,1512,1516,414.75,398.1874603951321,6.169178026725956,STOP
LAURUSLABS,1514,1516,1028.0,976.4753639219231,2.3983851829222735,STOP
CUB,1513,1517,204.0,199.0800018310547,11.703704927743713,REPLACED_BY_EMBASSY
BHEL,1511,1518,286.0,282.20001220703125,9.018606463723422,REPLACED_BY_AXISBANK
SHRIRAMFIN,1498,1518,711.0499877929688,825.0,3.546205944867148,REPLACED_BY_HEROMOTOCO
BANKBARODA,1516,1518,294.95001220703125,281.05619428636805,8.794806317400992,STOP
BANKINDIA,1498,1519,135.00999450683594,145.5,18.56832552216246,REPLACED_BY_FEDERALBNK
EMBASSY,1517,1520,432.5,428.3500061035156,4.551205037519849,REPLACED_BY_SANSERA
AIAENG,1516,1521,3750.0,3765.0,0.6213280536596564,REPLACED_BY_LTF
ASIANPAINT,1512,1521,2865.10009765625,2880.0,0.8934317303583789,REPLACED_BY_SHRIRAMFIN
AXISBANK,1518,1523,1279.199951171875,1288.0,1.976531398740273,REPLACED_BY_ABCAPITAL
SBIN,1502,1524,939.4500122070312,976.0,2.6438962030658746,REPLACED_BY_GMRAIRPORT
M&MFIN,1517,1525,345.8999938964844,365.54998779296875,7.365703666588177,REPLACED_BY_POWERINDIA
SHRIRAMFIN,1521,1525,860.0,819.7419841739302,2.6708265432649605,STOP
SANSERA,1520,1526,1678.800048828125,1681.5999755859375,1.4087795731637136,REPLACED_BY_JKTYRE
GMRAIRPORT,1524,1526,107.19999694824219,103.00957721783344,23.83177910646204,STOP
POWERINDIA,1525,1526,22700.0,21491.25917638587,0.11301646637906555,STOP
LTF,1521,1527,308.8999938964844,299.1000061035156,8.308816092912204,REPLACED_BY_AIAENG
AIAENG,1527,1528,3849.89990234375,3654.2866007988086,0.5797118898769451,STOP
JKTYRE,1526,1529,464.5,438.38543829232356,4.44866440157235,STOP
SANSERA,1527,1529,1710.4000244140625,1611.7200576374787,1.4846188999851342,STOP
VEDL,1527,1529,528.8499755859375,505.88436514468276,4.773540772459475,STOP
COFORGE,1529,1529,1938.0999755859375,1862.6645696099197,1.0821704136537513,STOP
MCX,1530,1530,2074.0,1960.4988447556912,1.1969232164707955,STOP
LTM,1517,1532,5999.5,6314.5,0.4235860188810602,REPLACED_BY_EMBASSY
CANBK,1506,1533,140.25,146.11000061035156,18.473026785417865,REPLACED_BY_CUPID
HEROMOTOCO,1518,1533,6003.0,5939.5,0.42010143357320495,REPLACED_BY_CHOLAFIN
PTCIL,1519,1534,17760.0,17527.0,0.14219447335666593,REPLACED_BY_ASHOKLEY
POLICYBZR,1530,1534,1957.300048828125,1924.9000244140625,1.2668196956376143,REPLACED_BY_ANURAS
ABCAPITAL,1523,1535,358.0,348.8999938964844,7.040339029349301,REPLACED_BY_VEDL
HCLTECH,1530,1535,1663.300048828125,1651.0,1.4958652803137555,REPLACED_BY_HINDZINC
CHOLAFIN,1533,1536,1734.0,1678.800048828125,1.4258100762314467,REPLACED_BY_CANBK
EMBASSY,1532,1536,442.0,432.8900146484375,5.571799645438403,REPLACED_BY_TATACONSUM
CUPID,1533,1537,78.80000305175781,88.80000305175781,31.404008092132685,REPLACED_BY_ICICIPRULI
ANURAS,1534,1537,1330.0,1303.0,1.8676702045172495,REPLACED_BY_SHRIRAMFIN
MUTHOOTFIN,1513,1539,3725.60009765625,3801.199951171875,0.689634471250197,REPLACED_BY_INFY
TATACONSUM,1536,1539,1176.9000244140625,1178.800048828125,2.0764925432985373,REPLACED_BY_M&MFIN
HINDZINC,1535,1541,580.0,645.0,4.333490303274727,REPLACED_BY_AIAENG
IDFCFIRSTB,1530,1541,80.80000305175781,84.12000274658203,15.30027894328703,REPLACED_BY_LAURUSLABS
ICICIPRULI,1537,1542,649.9000244140625,648.0499877929688,3.8181237031192046,REPLACED_BY_IDFCFIRSTB
INFY,1539,1543,1679.0,1647.0,1.4829362901678569,REPLACED_BY_HEGAM
VEDL,1535,1546,580.0,604.2000122070312,4.319793675273248,REPLACED_BY_APLAPOLLO
FEDERALBNK,1519,1546,248.39999389648438,267.5,10.175983662195952,REPLACED_BY_IIFL
AUBANK,1506,1547,880.9000244140625,1023.0,2.701467994773381,REPLACED_BY_BHEL
LAURUSLABS,1541,1547,1086.0,1106.5,1.6519594599173635,REPLACED_BY_UPL
IDFCFIRSTB,1542,1548,85.11000061035156,84.91999816894531,28.78292506971559,REPLACED_BY_KARURVYSYA
M&MFIN,1539,1548,396.0,386.1000061035156,6.354474251159973,REPLACED_BY_MUTHOOTFIN
AIAENG,1541,1549,3941.89990234375,4093.800048828125,0.6362877681556963,REPLACED_BY_UNIONBANK
CANBK,1536,1549,150.89999389648438,154.10000610351562,16.30947270138618,REPLACED_BY_JSL
HEGAM,1543,1550,594.0,615.0,4.070864682575219,REPLACED_BY_AETHER
NATIONALUM,1526,1550,268.0,348.0,9.503351940701595,REPLACED_BY_VEDL
BHEL,1547,1550,300.79998779296875,285.35327120234814,8.710280646927481,STOP
JSL,1549,1550,863.1500244140625,818.4745482793433,2.8303202292513636,STOP
VEDL,1550,1550,619.0,595.2236032551746,4.184779039399937,STOP
APLAPOLLO,1546,1551,1975.0,1897.7799981558123,1.3134282400739392,STOP
UPL,1547,1551,810.0,772.4901864272415,2.4822243145564316,STOP
KARURVYSYA,1548,1551,278.0,262.6026984704338,9.372179765999913,STOP
MUTHOOTFIN,1548,1552,3950.0,3855.5,0.5679769869878577,REPLACED_BY_RAMCOCEM
BAJAJ-AUTO,1551,1552,9760.5,9418.785748762137,0.25992559331721954,STOP
SHRIRAMFIN,1537,1553,869.0,975.0,2.8353230519569244,REPLACED_BY_SBILIFE
IIFL,1546,1554,623.5,640.0,4.17028540903998,REPLACED_BY_NESTLEIND
RAMCOCEM,1552,1556,1093.800048828125,1068.5,1.4867852035781426,REPLACED_BY_INDUSINDBK
AETHER,1550,1556,995.0,1005.9000244140625,2.6095105244064403,REPLACED_BY_PNB
IPCALAB,1552,1556,1574.0,1512.0,1.5909932419097144,INELIGIBLE
ALKEM,1552,1556,5799.0,5836.0,0.4321114599082256,INELIGIBLE
ASIANPAINT,1553,1556,2900.0,2787.89990234375,0.8639847112719317,STOP
TORNTPHARM,1551,1557,4016.0,4033.300048828125,0.6300923443038886,REPLACED_BY_TECHM
NESTLEIND,1554,1557,1321.0,1306.0,1.9014560735875092,REPLACED_BY_INDUSINDBK
SBILIFE,1553,1558,2090.0,2080.0,1.1927765649926196,REPLACED_BY_BANKINDIA
INDUSINDBK,1557,1558,947.9500122070312,911.3520038638761,2.408329388085577,STOP
BANKBARODA,1556,1559,307.70001220703125,301.3999938964844,8.230113643478507,REPLACED_BY_CANBK
ASHOKLEY,1534,1559,166.5,179.9199981689453,14.814177046637797,REPLACED_BY_FEDERALBNK
SAIL,1556,1559,152.4499969482422,144.05503042849338,16.61247722386372,STOP
PNB,1556,1559,128.67999267578125,123.71982608690179,13.56451964726652,STOP
AUBANK,1557,1559,1025.0,984.3589787217447,2.4614483309607285,STOP
DALBHARAT,1560,1561,2243.60009765625,2134.5271161290098,1.0966938795551544,STOP
MCX,1551,1562,2224.0,2385.0,1.1371599074732055,REPLACED_BY_APLAPOLLO
CANBK,1559,1562,152.8000030517578,152.89999389648438,16.05159722644448,REPLACED_BY_SHRIRAMFIN
UNIONBANK,1549,1563,166.5,176.8000030517578,15.761003903154352,REPLACED_BY_KARURVYSYA
TORNTPHARM,1560,1563,3982.5,3944.60009765625,0.6148624440196229,REPLACED_BY_ULTRACEMCO
MUTHOOTFIN,1560,1564,3932.0,4015.89990234375,0.38667548600201634,REPLACED_BY_BEL
ASHOKLEY,1562,1565,192.25999450683594,192.89999389648438,12.636875106304105,REPLACED_BY_ONGC
SHRIRAMFIN,1562,1565,1011.2000122070312,1025.0,2.4300375005605646,REPLACED_BY_COALINDIA
HINDZINC,1559,1565,682.0,639.3018627299815,3.6236641119274005,STOP
BANKINDIA,1558,1566,163.0500030517578,150.44000244140625,15.064635929248189,REPLACED_BY_AXISBANK
FEDERALBNK,1559,1566,271.1000061035156,284.79998779296875,8.645124548784702,REPLACED_BY_GESHIP
VEDL,1556,1566,675.75,645.7631941405592,3.747548751111493,STOP
BEL,1564,1566,454.25,431.92926678559576,3.9198228513320337,STOP
ONGC,1565,1566,273.8900146484375,251.60000610351562,9.19724577797161,STOP
COALINDIA,1565,1566,453.95001220703125,419.0,5.199622216177655,STOP
OIL,1566,1566,490.0,481.7422505341241,4.818574892360908,STOP
AXISBANK,1566,1566,1339.0,1313.6265033718696,1.7934282116486562,STOP
ULTRACEMCO,1563,1568,12640.0,12600.0,0.19766373312941665,REPLACED_BY_SONACOMS
TECHM,1557,1568,1690.0,1609.1155404524447,1.5109064224250728,STOP
HINDALCO,1531,1569,826.0,943.1500244140625,2.812612181509522,REPLACED_BY_ADANIPORTS
SBIN,1552,1569,1008.0,1068.199951171875,2.504562074970315,REPLACED_BY_PFC
ZFCVINDIA,1567,1570,2520.666748046875,2506.833251953125,0.9464801518208491,REPLACED_BY_IOC
DELHIVERY,1567,1570,450.0,441.0,2.1113275737929427,REPLACED_BY_BALKRISIND
SONACOMS,1568,1571,530.0,520.8499755859375,4.465315094757133,REPLACED_BY_NYKAA
AETHER,1567,1572,1070.0,994.2999877929688,2.2832237959146497,REPLACED_BY_SBIN
ACUTAAS,1567,1572,2060.60009765625,2010.0,1.2234081973446906,REPLACED_BY_SHRIRAMFIN
SUNDARMFIN,1567,1573,5400.0,5305.0,0.4422853970625,REPLACED_BY_MOTHERSON
ADANIPORTS,1569,1573,1568.0,1554.699951171875,1.519327986328717,REPLACED_BY_TATASTEEL
PFC,1569,1574,415.70001220703125,418.0,5.745668962346801,REPLACED_BY_ONGC
BALKRISIND,1570,1574,2660.89990234375,2679.60009765625,0.5712134552838585,REPLACED_BY_ASHOKLEY
NMDC,1569,1575,86.12999725341797,81.5,27.738174930635033,REPLACED_BY_EICHERMOT
KARURVYSYA,1563,1576,292.54998779296875,315.95001220703125,8.5058582813109,REPLACED_BY_TORNTPHARM
APLAPOLLO,1562,1576,2030.5999755859375,2245.89990234375,1.219271103340519,REPLACED_BY_ZFCVINDIA
IOC,1570,1577,176.99000549316406,174.9499969482422,13.403847185434609,REPLACED_BY_ASTRAL
NYKAA,1571,1577,277.0,276.1000061035156,8.312698104414146,REPLACED_BY_INDUSTOWER
TATASTEEL,1573,1578,209.39999389648438,203.5500030517578,10.790826912189633,REPLACED_BY_JINDALSTEL
GESHIP,1566,1579,1187.5,1292.5999755859375,1.8631310926126174,REPLACED_BY_ABSLAMC
JKTYRE,1567,1579,545.0,572.0,4.518563012696675,REPLACED_BY_TORNTPOWER
ZFCVINDIA,1576,1580,2688.666748046875,2516.833251953125,0.8907733458586158,REPLACED_BY_RBLBANK
ASHOKLEY,1574,1580,206.39999389648438,202.55999755859375,7.200241337262042,REPLACED_BY_MFSL
MOTHERSON,1573,1581,130.6300048828125,130.0,18.387613996598457,REPLACED_BY_CUMMINSIND
SHRIRAMFIN,1572,1581,1064.9000244140625,1072.800048828125,2.1564499502354537,REPLACED_BY_NTPC
EICHERMOT,1575,1582,7900.0,7990.0,0.28331229303640304,REPLACED_BY_UNIONBANK
INDUSTOWER,1577,1582,475.3999938964844,469.8999938964844,4.993351088322412,REPLACED_BY_LT
LT,1582,1582,4415.5,4268.744830542021,0.5048185308111045,STOP
MFSL,1580,1584,1834.0,1861.9000244140625,1.020100260584331,REPLACED_BY_MAHABANK
ONGC,1574,1584,276.0,277.3999938964844,8.721217368352523,REPLACED_BY_POLYCAB
RBLBANK,1580,1585,330.8999938964844,324.0,6.973028944150288,REPLACED_BY_TATASTEEL
ABSLAMC,1579,1586,907.3499755859375,854.4000244140625,2.5850190180718338,REPLACED_BY_POWERINDIA
SBIN,1572,1586,1151.0,1185.0,2.0728053451658544,REPLACED_BY_BIRET
TATASTEEL,1585,1586,215.5,204.90316952953154,10.379494966075285,STOP
BIRET,1586,1586,359.0,354.11159363200136,6.3278879668946,STOP
TORNTPOWER,1579,1587,1521.0,1521.0,1.534278680522057,REPLACED_BY_SCHAEFFLER
BANKINDIA,1583,1587,175.8000030517578,165.39539928625237,12.135945692876716,STOP
MAHABANK,1584,1587,74.75,69.86681898506669,31.744331018752177,STOP
NTPC,1581,1588,374.0,366.95001220703125,6.1337296728613975,REPLACED_BY_GESHIP
CUMMINSIND,1581,1588,4797.89990234375,4629.0,0.4925092871802958,REPLACED_BY_BEL
KEI,1587,1588,5123.0,4905.705780070637,0.44127006220573317,STOP
JINDALSTEL,1578,1589,1214.0,1184.0,1.9464810308644322,REPLACED_BY_NTPC
UNIONBANK,1582,1590,197.60000610351562,181.50999450683594,11.817527929938418,REPLACED_BY_ABSLAMC
ABSLAMC,1590,1590,899.0,865.6199590053612,2.3622426604455646,STOP
POLYCAB,1584,1591,8348.5,7963.596841314491,0.227912864943235,STOP
SCHAEFFLER,1587,1592,4285.0,4035.790570862552,0.5214856687574337,STOP
SAILIFE,1587,1594,975.0499877929688,998.0,2.3056676871920128,REPLACED_BY_NATIONALUM
POWERINDIA,1586,1595,24500.0,24064.21943919886,0.09134616461091102,STOP
BEL,1588,1595,448.79998779296875,424.223814656843,4.345733129210507,STOP
NATCOPHARM,1591,1595,1015.0,933.7362706541511,1.994539982767078,STOP
NATIONALUM,1594,1595,408.6499938964844,378.6395556689288,5.487833056890628,STOP
LUPIN,1588,1597,2310.0,2295.300048828125,0.9650044651736003,REPLACED_BY_PFC
TORNTPHARM,1576,1598,4144.2998046875,4250.0,0.5773207339637866,REPLACED_BY_MCX
GLENMARK,1592,1598,2243.0,2109.97061416083,0.8011352690404857,STOP
MCX,1598,1599,2556.5,2405.763819532611,0.8322463958687571,STOP
ASTERDM,1596,1600,657.0499877929688,625.2999877929688,3.2974068200720836,REPLACED_BY_NTPCGREEN
ASTRAL,1577,1600,1639.800048828125,1586.5999755859375,1.4424627400046153,REPLACED_BY_JINDALSTEL
PFC,1597,1600,420.95001220703125,390.3040344191698,5.188085576423539,STOP
NTPCGREEN,1600,1600,100.48999786376953,94.02596012908025,21.21856643392477,STOP
JINDALSTEL,1600,1600,1162.0,1109.836137297232,1.745393771464941,STOP
SCHAEFFLER,1600,1601,4155.0,3877.5020582266616,0.5124082250311314,STOP
SUNPHARMA,1588,1602,1750.0,1766.699951171875,1.2706305041644752,REPLACED_BY_POWERINDIA
TATAPOWER,1596,1602,391.0,388.0,5.481184521191488,REPLACED_BY_EMCURE
PREMIERENE,1601,1604,880.0,885.0,2.366545973076487,REPLACED_BY_ONGC
ABB,1593,1604,6242.0,5995.0,0.33381377477992097,REPLACED_BY_GLENMARK
POWERINDIA,1602,1605,25300.0,25240.0,0.08259872482177964,REPLACED_BY_DMART
NTPC,1589,1605,377.0,361.6445734536463,5.716109129678446,STOP
OIL,1599,1606,476.0,478.0,4.1683276502208475,REPLACED_BY_ADANIPOWER
LUPIN,1602,1606,2338.699951171875,2232.43496788666,0.8864538319672172,STOP
GLENMARK,1604,1606,2169.5,2037.6052194380197,0.9238263569897365,STOP
CCL,1596,1607,1044.800048828125,1089.300048828125,1.4078933394677098,REPLACED_BY_POWERGRID
ACUTAAS,1596,1608,2182.0,2200.0,0.988765149118866,REPLACED_BY_BSE
GESHIP,1588,1609,1379.699951171875,1495.0,1.6419893235106628,REPLACED_BY_ABB
NLCINDIA,1606,1609,280.0,276.20001220703125,7.269352016501682,REPLACED_BY_WELCORP
COALINDIA,1589,1611,451.1499938964844,455.0,5.0314310865414456,REPLACED_BY_WAAREEENER
EMCURE,1602,1612,1564.5,1576.800048828125,1.3424908451103112,REPLACED_BY_POWERINDIA
NATCOPHARM,1607,1614,1029.949951171875,1092.050048828125,1.983009214930353,REPLACED_BY_GPIL
DMART,1605,1615,4075.0,4446.0,0.5065147527220853,REPLACED_BY_PFC
ONGC,1604,1615,282.75,283.3999938964844,7.365191315558135,REPLACED_BY_VEDL
VTL,1601,1616,543.2000122070312,557.6500244140625,3.204331701122128,REPLACED_BY_DMART
GPIL,1614,1617,307.45001220703125,300.3500061035156,7.2770050656727046,REPLACED_BY_CGPOWER
POWERGRID,1607,1617,294.8999938964844,318.95001220703125,4.294283065019431,REPLACED_BY_OFSS
ANANDRATHI,1607,1618,1600.050048828125,1815.0,1.2702707104549433,REPLACED_BY_TATAPOWER
WAAREEENER,1611,1619,3268.0,3440.0,0.660125214137941,REPLACED_BY_NTPC
BSE,1608,1619,2959.0,3508.0,0.6901006242326618,REPLACED_BY_TORNTPOWER
VEDL,1615,1619,782.8499755859375,733.5220548052444,2.823217633479675,STOP
DMART,1616,1620,4629.89990234375,4559.5,0.4187630987014367,REPLACED_BY_CESC
OFSS,1617,1622,8130.0,9400.0,0.1548269079587697,REPLACED_BY_LLOYDSME
ADANIPOWER,1606,1622,154.5,219.5,12.840435396190145,REPLACED_BY_SAIL
HSCL,1620,1623,549.0,573.5499877929688,4.301444516489826,REPLACED_BY_NESTLEIND
NTPC,1619,1623,404.0,409.5,5.6384169010823735,REPLACED_BY_AARTIIND
KSB,1601,1624,792.0,983.0,2.61957009393278,REPLACED_BY_BHEL
PFC,1615,1624,460.0,464.0,4.816203715055843,REPLACED_BY_ONGC
ABB,1609,1626,6399.0,7269.0,0.3287224790651023,REPLACED_BY_VTL
ONGC,1624,1627,304.8999938964844,294.3500061035156,7.783432422745626,REPLACED_BY_ADANIPORTS
TORNTPOWER,1619,1627,1648.0999755859375,1728.800048828125,1.3791565968467558,REPLACED_BY_ASTERDM
SAIL,1622,1628,184.1999969482422,189.0,10.199171474918497,REPLACED_BY_FINCABLES
BHEL,1624,1628,344.3999938964844,378.0,6.809655978836663,REPLACED_BY_SYRMA
TATAPOWER,1618,1629,436.0,445.1499938964844,5.172810977248426,REPLACED_BY_AMBER
CESC,1620,1629,180.5,184.0,9.42111951461686,REPLACED_BY_BSE
AARTIIND,1623,1630,505.0,485.0,4.678967854183276,REPLACED_BY_POLYCAB
LLOYDSME,1622,1630,1734.300048828125,1726.199951171875,1.3565330264202733,REPLACED_BY_BAJAJ-AUTO
VTL,1626,1630,619.75,573.2697908487553,3.8286267288846147,STOP
NESTLEIND,1623,1631,1445.0,1475.300048828125,1.6371098726913165,REPLACED_BY_MCX
WELCORP,1609,1631,910.0,1288.0,2.344038177821341,REPLACED_BY_AZAD
AZAD,1631,1631,2315.0,2146.4623360395954,1.0182398989613244,STOP
POWERINDIA,1612,1632,27800.0,33020.0,0.07574374442608268,REPLACED_BY_KIMS
AMBER,1629,1632,8739.5,8106.957378401765,0.2700620877014712,STOP
BAJAJ-AUTO,1630,1634,10625.0,10380.0,0.2070145604521438,REPLACED_BY_WELCORP
ASTERDM,1627,1634,750.0,743.0,3.062286125817254,REPLACED_BY_BALRAMCHIN
FINCABLES,1628,1635,1065.199951171875,1072.949951171875,2.2277790902271533,REPLACED_BY_ADANIENT
SYRMA,1628,1635,1068.8499755859375,1030.0,1.949637712853406,REPLACED_BY_SAILIFE
NAVA,1631,1635,727.0499877929688,678.8468077174014,3.24301829180931,STOP
SAILIFE,1635,1635,1048.300048828125,1039.4457402891321,2.069908889160482,STOP
CGPOWER,1617,1636,800.0,825.9500122070312,2.8264889622210103,REPLACED_BY_NATCOPHARM
KIMS,1632,1636,778.9000244140625,731.2155724198416,2.9900388563378377,STOP
BALRAMCHIN,1634,1637,543.9500122070312,541.4000244140625,4.141848831230514,REPLACED_BY_ACUTAAS
WELCORP,1634,1637,1360.0,1271.6868938726823,1.6805594637220713,STOP
ADANIENT,1635,1639,2781.10009765625,2727.89990234375,0.8488236654812091,REPLACED_BY_POWERINDIA
ADANIGREEN,1636,1639,1374.9000244140625,1381.5,1.6546346192031245,REPLACED_BY_HINDALCO
POLYCAB,1630,1640,9030.0,9227.5,0.2619642173026683,REPLACED_BY_ANGELONE
ADANIPORTS,1627,1640,1749.800048828125,1793.300048828125,1.3535855144686828,REPLACED_BY_GRASIM
NATCOPHARM,1636,1641,1145.0,1170.300048828125,1.8142441147725874,REPLACED_BY_VBL
BIOCON,1633,1642,403.04998779296875,430.04998779296875,5.611057455330406,REPLACED_BY_LLOYDSME
SUNPHARMA,1637,1642,1900.5,1821.5099909961436,1.1876481347265637,STOP
MCX,1631,1643,3120.0,3312.0,0.7611325367382201,REPLACED_BY_ADANIENT
GRASIM,1640,1645,3178.0,3175.0,0.7250743048781254,REPLACED_BY_CUMMINSIND
VBL,1641,1645,542.9500122070312,539.0,4.196520423977007,REPLACED_BY_CGPOWER
ANGELONE,1640,1645,341.95001220703125,338.45001220703125,6.734129061798641,REPLACED_BY_BHEL
BSE,1629,1646,3887.0,4180.0,0.4208372335049137,REPLACED_BY_GVT&D
LAURUSLABS,1632,1646,1273.0,1372.4000244140625,1.8359658681375282,REPLACED_BY_MOTHERSON
GVT&D,1646,1646,5100.0,4756.114755074573,0.44406086349762247,STOP
ACUTAAS,1637,1647,2809.10009765625,3000.0,0.7573840070587275,REPLACED_BY_ACMESOLAR
ADANIPOWER,1643,1647,247.60000610351562,227.81677906786092,9.3791523408881,STOP
BHEL,1645,1648,424.04998779296875,410.75,5.4612532861033865,REPLACED_BY_TATATECH
POWERINDIA,1639,1648,35980.0,35350.0,0.06425033403218554,REPLACED_BY_EXIDEIND
ZYDUSLIFE,1636,1649,1010.0,1070.0,2.2553534766728656,REPLACED_BY_SYRMA
MOTHERSON,1646,1649,146.00999450683594,144.8800048828125,13.25535373752785,REPLACED_BY_J&KBANK
LLOYDSME,1642,1650,1810.0,1780.5999755859375,1.263526338279112,REPLACED_BY_JINDALSAW
HINDALCO,1639,1650,1098.699951171875,1126.5999755859375,2.0422971595549897,REPLACED_BY_CGPOWER
OFSS,1638,1651,9640.0,9800.0,0.21948965929348244,REPLACED_BY_ACUTAAS
WELCORP,1645,1651,1369.199951171875,1360.0,1.6800643293039657,REPLACED_BY_ADANIENSOL
NMDC,1648,1651,96.0999984741211,89.86587649334788,23.693770390636395,STOP
JINDALSAW,1650,1651,261.4100036621094,239.98630050470655,8.665524151354205,STOP
EXIDEIND,1648,1652,407.0,387.79998779296875,5.013386787640366,REPLACED_BY_ASTERDM
CGPOWER,1650,1653,948.8499755859375,911.2000122070312,2.3609124603963267,REPLACED_BY_FEDERALBNK
ACMESOLAR,1647,1654,306.0,335.5,6.859196864836251,REPLACED_BY_APARINDS
ADANIENSOL,1651,1654,1558.9000244140625,1532.9000244140625,1.4152409400603974,REPLACED_BY_ADANIPORTS
ACUTAAS,1651,1654,3232.0,3097.1005752616516,0.676215607141545,STOP
ADANIENT,1643,1655,2982.0,2958.800048828125,0.7723989063932294,REPLACED_BY_TORNTPHARM
PREMIERENE,1646,1656,1077.5999755859375,1047.699951171875,2.154846187718358,REPLACED_BY_MAHABANK
ADANIPORTS,1654,1657,1814.5999755859375,1804.800048828125,1.2040462988417515,REPLACED_BY_ANGELONE
KIMS,1652,1657,806.0,770.4000244140625,2.757888914201947,REPLACED_BY_NUVAMA
TORNTPHARM,1655,1658,4619.5,4475.0,0.472267345633222,MQS_LT_50
ASTERDM,1652,1658,770.0,778.9000244140625,2.135178063547678,REPLACED_BY_BANDHANBNK
TATATECH,1648,1658,741.0,771.0,3.060170961081148,REPLACED_BY_TITAGARH
LAURUSLABS,1647,1659,1388.0,1372.0,1.6149991054341022,REPLACED_BY_KEI
J&KBANK,1649,1659,149.0,162.9600067138672,13.750776195525361,REPLACED_BY_POLYCAB
FEDERALBNK,1653,1660,315.1000061035156,320.0,6.7593075686542985,REPLACED_BY_WELSPUNLIV
RBLBANK,1655,1660,363.0,370.20001220703125,6.077424200940222,REPLACED_BY_NYKAA
BANDHANBNK,1658,1661,217.82000732421875,209.0,10.286323512625197,REPLACED_BY_STARHEALTH
TITAGARH,1658,1661,898.5999755859375,925.75,1.7878250442536978,REPLACED_BY_ZENTEC
ANGELONE,1657,1662,353.0,354.79998779296875,6.351137456414217,REPLACED_BY_ABCAPITAL
SYRMA,1649,1662,1195.0999755859375,1360.0,1.8757236153840335,REPLACED_BY_TATACOMM
MAHABANK,1656,1663,88.61000061035156,87.80000305175781,25.22478532688303,REPLACED_BY_LAURUSLABS
CGCL,1658,1663,217.7100067138672,218.0,10.232503050612511,REPLACED_BY_SYRMA
ZENTEC,1661,1663,2009.0,1845.9426161057286,0.7525079572961176,STOP
KEI,1659,1664,5643.5,5440.0,0.3962759093709575,REPLACED_BY_ADANIENT
NUVAMA,1657,1664,1670.4000244140625,1739.0999755859375,1.205115760964593,REPLACED_BY_SANSERA
TATACOMM,1662,1666,2076.0,1990.0999755859375,1.0913069196362235,REPLACED_BY_WELCORP
POLYCAB,1659,1666,9949.0,9664.0,0.21870317895122,REPLACED_BY_ANANDRATHI
ADANIENT,1664,1667,3086.0,2980.0,0.7280441704822416,REPLACED_BY_ANANDRATHI
WELSPUNLIV,1660,1667,162.0,162.47000122070312,13.766715701108707,REPLACED_BY_ACUTAAS
RRKABEL,1666,1667,2500.0,2323.394294895329,0.8022433056772226,STOP
APARINDS,1654,1668,14065.0,15849.0,0.15568399436700564,REPLACED_BY_NUVAMA
STARHEALTH,1661,1668,580.2000122070312,588.9500122070312,3.887059993528728,REPLACED_BY_CGCL
SANSERA,1664,1669,3158.10009765625,3180.0,0.38787588489713404,REPLACED_BY_ADANIENT
ABCAPITAL,1662,1669,394.3999938964844,392.5,5.740393807512093,REPLACED_BY_CEMPRO
ANANDRATHI,1667,1670,2008.9000244140625,2011.699951171875,1.1154426687448327,REPLACED_BY_PRESTIGE
NYKAA,1660,1670,299.20001220703125,314.0,7.148141843179298,REPLACED_BY_ADANIPORTS
SYRMA,1663,1671,1383.800048828125,1379.0,1.6301584345061504,REPLACED_BY_LTF
ATHERENERG,1668,1671,1141.0,1135.5,1.9406498453784136,REPLACED_BY_ANANDRATHI
OFSS,1664,1672,10504.0,11159.0,0.21348590099635145,REPLACED_BY_INDUSINDBK
CEMPRO,1669,1672,1380.0,1558.300048828125,0.8972347039926771,REPLACED_BY_MANAPPURAM
ACUTAAS,1667,1673,3585.0,3395.0,0.59179744973346,REPLACED_BY_ADANIENSOL
ADANIPORTS,1670,1673,1885.0,1824.9000244140625,1.1701905912009696,REPLACED_BY_TORNTPHARM
LAURUSLABS,1663,1674,1484.0,1468.0999755859375,1.5112812495455399,REPLACED_BY_EXIDEIND
PRESTIGE,1670,1674,1682.0,1628.0,1.3305481674661017,REPLACED_BY_ATHERENERG
LTF,1671,1674,330.0,309.51045032174585,6.850059433336169,STOP
MANAPPURAM,1672,1675,344.6499938964844,334.20001220703125,4.272298713291001,REPLACED_BY_SUNPHARMA
INDUSINDBK,1672,1676,1009.7000122070312,1010.0,2.24857470627096,REPLACED_BY_OFSS
ADANIENT,1669,1676,3155.89990234375,3127.300048828125,0.7014398497323949,REPLACED_BY_GODREJPROP
ADANIENSOL,1673,1677,1639.699951171875,1644.0999755859375,1.3666923422399357,REPLACED_BY_JSWINFRA
EXIDEIND,1674,1678,426.0,418.79998779296875,5.20109114467135,REPLACED_BY_BALRAMCHIN
ANANDRATHI,1671,1678,2080.0,2090.0,1.0321068635869568,REPLACED_BY_ADANIGREEN
STARHEALTH,1675,1679,609.0,596.5,3.702228335917803,REPLACED_BY_FLUOROCHEM
GODREJPROP,1676,1679,2117.800048828125,2107.39990234375,1.026940172873279,REPLACED_BY_BHEL
NUVAMA,1668,1680,1810.0,1840.0,1.2253145737321391,REPLACED_BY_BIOCON
JSWINFRA,1677,1680,350.95001220703125,340.0,6.338853884196726,REPLACED_BY_SHYAMMETL
ADANIGREEN,1678,1681,1604.5,1523.699951171875,1.2840947870611377,REPLACED_BY_SONACOMS
CGCL,1668,1681,229.99000549316406,256.3800048828125,9.229397746952321,REPLACED_BY_EXIDEIND
CUPID,1652,1682,141.33999633789062,207.74000549316406,15.741402782550075,REPLACED_BY_HSCL
BHEL,1679,1682,424.20001220703125,417.5,4.912338360246152,REPLACED_BY_GABRIEL
OFSS,1676,1683,11625.0,11632.0,0.1931522383786578,REPLACED_BY_INDUSINDBK
WELCORP,1666,1683,1465.0,1632.5999755859375,1.5270366957144887,REPLACED_BY_KARURVYSYA
SHYAMMETL,1680,1684,1044.0,1030.1500244140625,2.027608328799339,REPLACED_BY_CHENNPETRO
ATHERENERG,1674,1684,1212.0,1268.199951171875,1.7537535166715768,REPLACED_BY_TVSMOTOR
INDUSINDBK,1683,1684,1058.0,1014.6727626444587,2.1196748234952514,STOP
CHENNPETRO,1684,1684,1311.5,1203.446658757052,1.7035796381487438,STOP
BIOCON,1680,1685,444.3999938964844,431.20001220703125,5.060953134672642,REPLACED_BY_MANAPPURAM
HSCL,1682,1686,771.0,793.2000122070312,2.87317672869247,REPLACED_BY_LAURUSLABS
GABRIEL,1682,1686,1407.0,1370.0999755859375,1.582302456055972,REPLACED_BY_UNITDSPR
BALRAMCHIN,1678,1687,593.3499755859375,611.6500244140625,3.7614439097237113,REPLACED_BY_FEDERALBNK
NUVAMA,1685,1687,1933.199951171875,1823.0810923213396,1.1233820515207196,STOP
KARURVYSYA,1683,1688,342.1000061035156,341.0,6.624061617415237,REPLACED_BY_SAILIFE
TORNTPHARM,1673,1689,4850.0,4878.5,0.3840057076931593,REPLACED_BY_M&MFIN
FLUOROCHEM,1679,1689,4131.60009765625,4580.0,0.5434288867914808,REPLACED_BY_LALPATHLAB
SUNPHARMA,1675,1692,1942.800048828125,1951.0999755859375,0.6475226565002553,REPLACED_BY_ACE
MANAPPURAM,1685,1693,346.45001220703125,362.20001220703125,6.206410554991228,REPLACED_BY_SANSERA
M&MFIN,1689,1693,391.8500061035156,398.6000061035156,5.600107750003888,REPLACED_BY_CUPID
LALPATHLAB,1689,1694,1880.0,1882.0,1.1713372783872673,REPLACED_BY_WELCORP
ACE,1692,1695,1110.9000244140625,1113.699951171875,1.6031068113209133,REPLACED_BY_SHRIRAMFIN
FEDERALBNK,1687,1695,357.0,353.20001220703125,6.141767474894507,REPLACED_BY_CHOLAFIN
CUPID,1693,1696,240.0,266.1000061035156,8.991403830240428,REPLACED_BY_MOTHERSON
BAJAJ-AUTO,1685,1697,11229.0,11734.0,0.19386267344959507,REPLACED_BY_GRASIM
IDFCFIRSTB,1688,1698,85.75,83.61000061035156,25.482030462456052,REPLACED_BY_TITAN
CHOLAFIN,1695,1699,1913.9000244140625,1914.0999755859375,0.8569443512406916,REPLACED_BY_HEROMOTOCO
GRASIM,1697,1699,3360.0,3237.525025718987,0.6823460130624394,STOP
UNITDSPR,1686,1700,1477.699951171875,1515.5,1.4886334373080519,REPLACED_BY_IIFL
SONACOMS,1681,1701,705.0,799.0,3.1205547852210995,REPLACED_BY_HAL
LAURUSLABS,1686,1701,1624.800048828125,1770.0,1.3640538178462305,REPLACED_BY_HEGAM
WELCORP,1694,1702,1800.0,1886.5999755859375,1.2125121471173097,REPLACED_BY_TBOTEK
EXIDEIND,1681,1703,435.0,465.25,4.781158766069697,REPLACED_BY_GLAXO
HEROMOTOCO,1699,1703,5919.0,5699.5,0.27436323635738746,REPLACED_BY_WELCORP
SHRIRAMFIN,1695,1704,1134.0,1118.9000244140625,2.0063463275676705,REPLACED_BY_RRKABEL
TITAN,1698,1704,5128.0,5084.89990234375,0.4141886322842941,REPLACED_BY_ACE
ANANDRATHI,1700,1705,2209.0,2171.10009765625,1.0383263516104455,REPLACED_BY_COFORGE
SANSERA,1693,1705,3544.699951171875,3897.0,0.6425506582747484,REPLACED_BY_ETERNAL
HAL,1701,1706,5050.0,4990.0,0.4506001023108626,REPLACED_BY_PAYTM
HEGAM,1701,1706,704.0,710.0,3.2332003004415,REPLACED_BY_DIXON
TVSMOTOR,1684,1707,3907.60009765625,4365.5,0.5701559725340958,REPLACED_BY_PVRINOX
WELCORP,1703,1707,1929.199951171875,2394.10009765625,0.9128687698176701,REPLACED_BY_AETHER
MOTHERSON,1696,1708,170.0,167.0,13.609803558989526,REPLACED_BY_AUBANK
ACE,1704,1709,1181.199951171875,1164.300048828125,1.7266662142690214,REPLACED_BY_NYKAA
RRKABEL,1704,1709,2911.800048828125,2819.0,0.77896043200752,REPLACED_BY_LAURUSLABS
AUBANK,1708,1710,1128.5999755859375,1078.890403639965,2.0201265947309275,STOP
DIXON,1706,1711,15000.0,14650.0,0.15414141331522982,REPLACED_BY_APLAPOLLO
TBOTEK,1702,1711,1720.0,1677.699951171875,1.3318981943600006,REPLACED_BY_SHYAMMETL
IIFL,1700,1712,635.9500122070312,645.0499877929688,3.3446719075387423,REPLACED_BY_OFSS
PVRINOX,1707,1712,1249.9000244140625,1244.0,1.8518184930741084,REPLACED_BY_ATHERENERG
ETERNAL,1705,1713,330.0,325.5,6.90949561986104,REPLACED_BY_BAJAJ-AUTO
SHYAMMETL,1711,1714,1107.4000244140625,1077.5999755859375,1.8369730260059727,REPLACED_BY_WELSPUNLIV
APLAPOLLO,1711,1714,2260.0,2168.9751124298255,1.006664197485414,STOP
BAJAJ-AUTO,1713,1714,12211.0,11921.849290662392,0.18200141761758293,STOP
PAYTM,1706,1715,1632.0,1635.199951171875,1.402573521894095,REPLACED_BY_PVRINOX
NYKAA,1709,1715,340.0,332.1499938964844,6.695943362841899,REPLACED_BY_BEML
ATHERENERG,1712,1715,1694.0,1595.1701170207616,1.2905462909275478,STOP
LAURUSLABS,1709,1716,1891.300048828125,1840.0,1.0282726493480956,REPLACED_BY_CRISIL
OFSS,1712,1716,12350.0,11825.352295721608,0.18061278391085478,STOP
PVRINOX,1715,1716,1216.0,1174.8672891446224,1.7819033373125042,STOP
AETHER,1707,1717,1666.800048828125,1622.0,1.3677119818963304,REPLACED_BY_OIL
GLENMARK,1711,1717,2532.39990234375,2469.89990234375,0.906838371423461,REPLACED_BY_JYOTICNC
GLAXO,1703,1718,2877.300048828125,2928.199951171875,0.7890831602109921,REPLACED_BY_NYKAA
COFORGE,1705,1718,1890.0,1780.9765440331757,1.2040218771933353,STOP
CRISIL,1716,1719,4800.0,4690.10009765625,0.35305292000289434,REPLACED_BY_HAL
MOTILALOFS,1717,1720,1060.0,1003.2999877929688,2.0829343547274015,REPLACED_BY_PNBHOUSING
TBOTEK,1717,1720,1690.0,1671.0,1.2885514910159679,REPLACED_BY_FINCABLES
BEML,1715,1722,2082.0,2033.4000244140625,1.032826822176353,REPLACED_BY_LAURUSLABS
JYOTICNC,1717,1722,1020.0,989.0,1.981122202352042,REPLACED_BY_AETHER
SANSERA,1719,1722,4120.0,3848.8298520295275,0.5282202527000925,STOP
HAL,1719,1722,5015.0,4790.7593531162065,0.3333472022042358,STOP
RBLBANK,1716,1723,416.0,404.79998779296875,5.32860207104511,REPLACED_BY_AEGISVOPAK
PNBHOUSING,1720,1723,1172.0,1143.4000244140625,1.834393528617163,REPLACED_BY_KALYANKJIL
NYKAA,1718,1723,340.79998779296875,325.104815156925,6.461191754598111,STOP
FINCABLES,1720,1723,1406.4000244140625,1305.8903973733268,1.458226408481056,STOP
LAURUSLABS,1722,1723,1975.0,1881.6119779727003,1.092890160106982,STOP
WELSPUNLIV,1714,1724,199.89999389648438,201.58999633789062,9.825254671450743,REPLACED_BY_PVRINOX
EMCURE,1723,1724,2004.0,1895.7939672407522,1.0441759133125443,STOP
SAILIFE,1688,1725,1298.699951171875,1553.4000244140625,1.6801877063864716,REPLACED_BY_WELSPUNLIV
OIL,1717,1725,486.3999938964844,479.0,4.512311589809873,REPLACED_BY_GRAPHITE
KALYANKJIL,1723,1726,606.9000244140625,587.0,2.5299775702891805,REPLACED_BY_SYRMA
PNB,1724,1727,116.80000305175781,118.44999694824219,17.60444409098646,REPLACED_BY_JYOTICNC
REDINGTON,1715,1727,374.3999938964844,394.0,5.96838324725764,REPLACED_BY_USHAMART
IDFCFIRSTB,1715,1728,87.80999755859375,85.9800033569336,25.40485043768399,REPLACED_BY_SANSERA
PAYTM,1722,1728,1808.0,1814.4000244140625,1.0291089834538278,REPLACED_BY_ENGINERSIN
AEGISVOPAK,1723,1729,305.0,300.79998779296875,6.890869520635434,REPLACED_BY_SONACOMS
ANANDRATHI,1724,1729,2200.0,2168.0,0.9320094139515865,REPLACED_BY_WOCKPHARMA
JYOTICNC,1727,1730,1110.050048828125,1072.550048828125,1.8868470500450885,REPLACED_BY_MCX
USHAMART,1727,1730,541.0,525.9000244140625,3.9364383677143056,REPLACED_BY_LALPATHLAB
ACE,1724,1731,1149.699951171875,1226.4000244140625,1.788465870121904,REPLACED_BY_CASTROLIND
PVRINOX,1724,1731,1248.5,1252.0,1.4409921144769755,REPLACED_BY_ZYDUSLIFE
GRAPHITE,1725,1732,815.0,791.2000122070312,2.538172047296548,REPLACED_BY_PETRONET
WOCKPHARMA,1729,1732,2310.0,2199.0,0.8551897358205447,REPLACED_BY_GESHIP
SANSERA,1728,1732,4589.10009765625,4266.896864742755,0.4558362654984706,STOP
ACMESOLAR,1723,1733,419.45001220703125,441.29998779296875,4.950148966330191,REPLACED_BY_DRREDDY
SHYAMMETL,1725,1733,1087.0,1076.9000244140625,1.9185940591801565,REPLACED_BY_LAURUSLABS
ENGINERSIN,1728,1734,301.3999938964844,308.0,6.91024001342671,REPLACED_BY_KOTAKBANK
SONACOMS,1729,1734,828.5499877929688,790.1964115375357,2.513152143940484,STOP
MCX,1730,1734,3463.60009765625,3221.678997804083,0.5998411478253317,STOP
ZYDUSLIFE,1731,1734,1210.699951171875,1148.4454895128727,1.5672728060568508,STOP
DRREDDY,1733,1734,1242.199951171875,1206.0034570799462,1.603708997430484,STOP
LALPATHLAB,1730,1736,1980.0,2005.9000244140625,0.9977604237493193,INELIGIBLE
PETRONET,1732,1736,284.70001220703125,287.5,7.001102490682711,INELIGIBLE
SYRMA,1726,1737,1721.0,1738.0999755859375,1.1235570576155072,REPLACED_BY_NYKAA
CASTROLIND,1731,1738,201.89999389648438,200.1999969482422,10.204178206608184,REPLACED_BY_BHEL
GESHIP,1732,1738,1533.4000244140625,1530.5999755859375,1.210940277002847,REPLACED_BY_MOTILALOFS
