date,disc_rank,symbol,name,c,ret,vol,deliv
2026-09-17,1,TEGA,Tega Industries Ltd.,1920.0,0.11816434686389843,3909542,14.41
2026-09-17,2,HBLENGINE,HBL Engineering Ltd.,756.75,0.07393741573830992,8034626,16.29
2026-09-17,3,SYRMA,Syrma SGS Technology Ltd.,1617.7,0.07047379565907885,9182371,15.22
2026-09-17,4,NIACL,The New India Assurance Company Ltd.,197.05,0.0698192084260818,34650793,4.0
2026-09-17,5,TATACHEM,Tata Chemicals Ltd.,779.3,0.06490844493030878,14321725,18.18
2026-09-17,6,JKCEMENT,J.K. Cement Ltd.,5027.0,0.05831578947368432,79376,50.55
2026-09-17,7,TATAINVEST,Tata Investment Corporation Ltd.,719.3,0.05476941124715884,3732302,12.91
2026-09-17,8,INDIACEM,India Cements Ltd.,351.7,0.05094875242790975,1540460,5.84
2026-09-17,9,HDFCLIFE,HDFC Life Insurance Company Ltd.,557.0,0.05054696341003395,9374431,41.24
2026-09-17,10,ACE,Action Construction Equipment Ltd.,1205.6,0.04862137949030165,685925,43.98
2026-09-17,11,PARADEEP,Paradeep Phosphates Ltd.,153.81,0.047466630345954774,2608193,33.09
2026-09-17,12,VIJAYA,Vijaya Diagnostic Centre Ltd.,1506.1,0.047138983522213795,196070,47.9
2026-09-17,13,AIAENG,AIA Engineering Ltd.,3983.4,0.04666561563928728,69100,42.85
2026-09-17,14,WELSPUNLIV,Welspun Living Ltd.,212.25,0.04649442855734143,5153292,30.52
2026-09-17,15,AEGISVOPAK,Aegis Vopak Terminals Ltd.,310.7,0.046304091597912045,6087355,23.98
2026-09-17,16,BHEL,Bharat Heavy Electricals Ltd.,429.2,0.045299561617145656,8684564,29.79
2026-09-17,17,PFOCUS,Prime Focus Ltd.,334.95,0.045248868778280604,6593481,13.17
2026-09-17,18,TMPV,Tata Motors Passenger Vehicles Ltd.,314.5,0.04485049833887045,11903808,31.92
2026-09-17,19,MFSL,Max Financial Services Ltd.,1554.0,0.04463565474589948,958344,37.59
2026-09-17,20,ICICIPRULI,ICICI Prudential Life Insurance Company Ltd.,490.5,0.043617021276595835,2550650,39.08
2026-09-17,21,APARINDS,Apar Industries Ltd.,17801.0,0.04251830161054171,195609,43.87
2026-09-17,22,GRANULES,Granules India Ltd.,870.4,0.041646720919100044,915976,47.61
2026-09-17,23,SBILIFE,SBI Life Insurance Company Ltd.,1766.9,0.04063843571470649,1760558,56.9
2026-09-17,24,TTML,Tata Teleservices (Maharashtra) Ltd.,36.64,0.040318001135718484,3196332,27.19
2026-09-17,25,KAYNES,Kaynes Technology India Ltd.,3520.0,0.039881831610044216,1242077,15.59
2026-09-17,26,KIRLOSENG,Kirloskar Oil Eng Ltd.,2120.6,0.039255084538103446,663959,57.17
2026-09-17,27,CDSL,Central Depository Services (India) Ltd.,1349.4,0.03879907621247125,1823018,26.48
2026-09-17,28,PCBL,PCBL Chemical Ltd.,329.4,0.03878902554399222,1194557,45.14
2026-09-17,29,CEATLTD,Ceat Ltd.,3431.1,0.03796587608906088,117834,46.09
2026-09-17,30,TDPOWERSYS,TD Power Systems Ltd.,722.1,0.03750000000000009,2030402,38.9
2026-09-17,31,JINDALSAW,Jindal Saw Ltd.,291.2,0.03537777777777773,1782236,39.55
2026-09-17,32,USHAMART,Usha Martin Ltd.,495.65,0.03508405554975447,1122407,64.24
2026-09-17,33,AFCONS,Afcons Infrastructure Ltd.,267.3,0.0344427244582044,8753901,22.23
2026-09-17,34,POWERINDIA,Hitachi Energy India Ltd.,31230.0,0.03410596026490076,98656,34.02
2026-09-17,35,ALKEM,Alkem Laboratories Ltd.,5348.5,0.03352657004830917,231871,58.13
2026-09-17,36,CGPOWER,CG Power and Industrial Solutions Ltd.,880.0,0.033409664729023625,2342568,19.15
2026-09-17,37,KIMS,Krishna Institute of Medical Sciences Ltd.,791.85,0.03287027978869106,1082406,67.87
2026-09-17,38,BLUESTARCO,Blue Star Ltd.,1553.0,0.032579787234042534,517440,40.61
2026-09-17,39,ICICIGI,ICICI Lombard General Insurance Company Ltd.,1486.7,0.03243055555555552,728137,45.71
2026-09-17,40,ENRIN,Siemens Energy India Ltd.,3109.1,0.031758146943651644,240035,37.49
2026-09-17,41,REDINGTON,Redington Ltd.,400.1,0.030787066855597178,7092777,40.83
2026-09-17,42,DRREDDY,Dr. Reddy's Laboratories Ltd.,1175.0,0.030701754385964897,2311932,48.34
2026-09-17,43,SBICARD,SBI Cards and Payment Services Ltd.,636.95,0.03049668338456568,1811876,54.51
2026-09-17,44,CARBORUNIV,Carborundum Universal Ltd.,1083.6,0.030429821224800202,226913,54.5
2026-09-17,45,ABSLAMC,Aditya Birla Sun Life AMC Ltd.,1090.1,0.0299508692365833,206442,47.34
2026-09-17,46,TRITURBINE,Triveni Turbine Ltd.,556.8,0.029585798816567976,490793,54.02
2026-09-17,47,GLAND,Gland Pharma Ltd.,2907.8,0.028727092620109085,678985,61.88
2026-09-17,48,AUROPHARMA,Aurobindo Pharma Ltd.,1690.0,0.028606208155812496,758827,42.18
2026-09-17,49,TMCV,Tata Motors Ltd.,436.1,0.027931644077784368,4775496,50.04
2026-09-17,50,GMRAIRPORT,GMR Airports Ltd.,95.04,0.027903958468527,11555139,56.91
2026-09-17,51,ADANIENSOL,Adani Energy Solutions Ltd.,1386.8,0.027868366439371517,1185354,52.34
2026-09-17,52,SHYAMMETL,Shyam Metalics and Energy Ltd.,1077.0,0.027671755725190872,439035,29.82
2026-09-17,53,DLF,DLF Ltd.,640.0,0.027617212588310958,2478290,39.24
2026-09-17,54,RAILTEL,Railtel Corporation Of India Ltd.,259.25,0.02734297602536162,1505311,18.51
2026-09-17,55,NLCINDIA,NLC India Ltd.,262.3,0.027217544546700667,1656457,47.79
2026-09-17,56,STARHEALTH,Star Health and Allied Insurance Company Ltd.,560.55,0.027212754260582672,373802,57.02
2026-09-17,57,IFCI,IFCI Ltd.,77.09,0.027045030642153023,176897944,12.89
2026-09-17,58,KIRLOSBROS,Kirloskar Brothers Ltd.,1770.8,0.02672928625268156,28378,56.44
2026-09-17,59,EIHOTEL,EIH Ltd.,299.9,0.026703183841150224,302712,44.87
2026-09-17,60,CIEINDIA,CIE Automotive India Ltd.,385.7,0.026343799893560282,280016,60.78
2026-09-17,61,ASTERDM,Aster DM Quality Care Ltd.,760.65,0.026241230437128893,634636,54.05
2026-09-17,62,LUPIN,Lupin Ltd.,2098.1,0.025965770171149094,525909,54.54
2026-09-17,63,BEL,Bharat Electronics Ltd.,395.45,0.025145819831497107,7820077,46.98
2026-09-17,64,WOCKPHARMA,Wockhardt Ltd.,2072.3,0.025129854068761004,603193,38.14
2026-09-17,65,ZYDUSLIFE,Zydus Lifesciences Ltd.,1135.1,0.024920993227990795,1086138,50.86
2026-09-17,66,FINCABLES,Finolex Cables Ltd.,1395.8,0.02436518420666367,1123026,23.0
2026-09-17,67,GALLANTT,Gallantt Ispat Ltd.,537.7,0.024288027431183856,46859,45.22
2026-09-17,68,RKFORGE,Ramkrishna Forgings Ltd.,705.45,0.02417247386759591,420271,45.81
2026-09-17,69,GESHIP,Great Eastern Shipping Co. Ltd.,1425.1,0.02407300948548441,831737,63.38
2026-09-17,70,MANKIND,Mankind Pharma Ltd.,2300.0,0.024042742653606508,488064,69.19
2026-09-17,71,PIRAMALFIN,Piramal Finance Ltd.,2253.8,0.023942574167461927,312441,51.69
2026-09-17,72,TATAPOWER,Tata Power Co. Ltd.,369.0,0.023862375138734793,2859852,41.92
2026-09-17,73,ENDURANCE,Endurance Technologies Ltd.,2690.8,0.02374067873991792,194228,58.62
2026-09-17,74,SCHAEFFLER,Schaeffler India Ltd.,3991.0,0.023622047244094446,87486,66.92
2026-09-17,75,INDIGO,InterGlobe Aviation Ltd.,4845.0,0.023555508608851694,509638,48.99
2026-09-17,76,TATASTEEL,Tata Steel Ltd.,187.29,0.02344262295081956,29397693,52.59
2026-09-17,77,AADHARHFC,Aadhar Housing Finance Ltd.,469.35,0.02321778940483976,221612,62.14
2026-09-17,78,JINDALSTEL,Jindal Steel Ltd.,1128.4,0.023028105167724577,719206,37.48
2026-09-17,79,LTF,L&T Finance Ltd.,302.3,0.023011844331641385,3499657,33.99
2026-09-17,80,ANANTRAJ,Anant Raj Ltd.,596.9,0.02296486718080537,1898147,22.51
2026-09-17,81,ABCAPITAL,Aditya Birla Capital Ltd.,390.0,0.02281667977970092,2783223,43.46
2026-09-17,82,MOTHERSON,Samvardhana Motherson International Ltd.,161.87,0.022745940481455618,7026483,49.59
2026-09-17,83,PIIND,PI Industries Ltd.,2307.0,0.022606382978723305,136637,44.55
2026-09-17,84,SRF,SRF Ltd.,2536.0,0.02253941373331725,796952,28.65
2026-09-17,85,LAURUSLABS,Laurus Labs Ltd.,1948.1,0.02235633691944372,1645108,57.28
2026-09-17,86,CGCL,Capri Global Capital Ltd.,262.35,0.02220923436586819,2591024,35.8
2026-09-17,87,SWIGGY,Swiggy Ltd.,276.5,0.022181146025878062,9241202,37.06
2026-09-17,88,PAGEIND,Page Industries Ltd.,35020.0,0.021735959153902362,14284,40.74
2026-09-17,89,BALKRISIND,Balkrishna Industries Ltd.,2170.8,0.021601016518424387,216828,65.4
2026-09-17,90,ABB,ABB India Ltd.,7130.5,0.021561604584527272,207124,47.08
2026-09-17,91,RVNL,Rail Vikas Nigam Ltd.,201.7,0.02126582278481015,3554203,27.06
2026-09-17,92,VISL,Vedanta Iron and Steel Ltd.,31.82,0.021181001283697043,18850250,46.0
2026-09-17,93,ANTHEM,Anthem Biosciences Ltd.,927.4,0.020859706092795305,460389,50.67
2026-09-17,94,DATAPATTNS,Data Patterns (India) Ltd.,4411.1,0.020686304000740563,763376,17.47
2026-09-17,95,CUB,City Union Bank Ltd.,231.82,0.020154902305931977,2026127,27.16
2026-09-17,96,JIOFIN,Jio Financial Services Ltd.,229.3,0.01983632805550628,12303050,40.67
2026-09-17,97,OBEROIRLTY,Oberoi Realty Ltd.,1740.7,0.01980198019801982,413371,56.82
2026-09-17,98,HAL,Hindustan Aeronautics Ltd.,4788.0,0.019677996422182487,528884,35.04
2026-09-17,99,JUBLFOOD,Jubilant Foodworks Ltd.,480.2,0.019532908704883223,817225,35.25
2026-09-17,100,ABREL,Aditya Birla Real Estate Ltd.,1257.4,0.019458407653640375,85481,54.47
2026-09-18,1,ATGL,Adani Total Gas Ltd.,660.7,0.12555366269165247,39305845,5.57
2026-09-18,2,POONAWALLA,Poonawalla Fincorp Ltd.,479.4,0.10767097966728278,7163603,29.02
2026-09-18,3,WELCORP,Welspun Corp Ltd.,2660.1,0.0812096085843188,4629365,48.76
2026-09-18,4,AZAD,Azad Engineering Ltd.,2790.3,0.07100909684105483,700873,40.39
2026-09-18,5,SUPREMEIND,Supreme Industries Ltd.,3580.3,0.07053582107403433,469754,32.57
2026-09-18,6,JYOTICNC,Jyoti CNC Automation Ltd.,1049.7,0.07019421929958702,3979254,29.49
2026-09-18,7,PWL,Physicswallah Ltd.,136.6,0.06885758998435043,20005965,25.13
2026-09-18,8,SYRMA,Syrma SGS Technology Ltd.,1728.9,0.06873956852321195,10474149,13.62
2026-09-18,9,JSWINFRA,JSW Infrastructure Ltd.,348.25,0.0661258227460586,25470641,64.68
2026-09-18,10,UNOMINDA,UNO Minda Ltd.,1284.0,0.06556016597510372,1277954,66.17
2026-09-18,11,RVNL,Rail Vikas Nigam Ltd.,214.29,0.062419434804164675,9469057,50.75
2026-09-18,12,BEML,BEML Ltd.,2135.0,0.06044802066259369,1380251,25.26
2026-09-18,13,SANSERA,Sansera Engineering Ltd.,4259.9,0.06033602986932163,287946,44.82
2026-09-18,14,AIIL,Authum Investment & Infrastructure Ltd.,559.0,0.06031866464339908,762508,58.33
2026-09-18,15,EIHOTEL,EIH Ltd.,317.9,0.060020006668889625,1308371,33.6
2026-09-18,16,APARINDS,Apar Industries Ltd.,18858.0,0.05937868659064094,271798,43.91
2026-09-18,17,CAPLIPOINT,Caplin Point Laboratories Ltd.,2748.6,0.0585380882692752,308471,25.26
2026-09-18,18,ACMESOLAR,ACME Solar Holdings Ltd.,435.25,0.058230002431315375,12038412,59.02
2026-09-18,19,ATHERENERG,Ather Energy Ltd.,1640.0,0.058064516129032295,5010015,43.89
2026-09-18,20,HOMEFIRST,Home First Finance Company India Ltd.,1241.3,0.05795619193727086,873253,57.15
2026-09-18,21,TDPOWERSYS,TD Power Systems Ltd.,763.75,0.05767899182938652,3139171,46.75
2026-09-18,22,SCHAEFFLER,Schaeffler India Ltd.,4217.6,0.05677774993735918,171857,61.87
2026-09-18,23,APLAPOLLO,APL Apollo Tubes Ltd.,2270.1,0.056597626250872723,1115754,64.55
2026-09-18,24,MEDANTA,Global Health Ltd.,1499.4,0.05294943820224729,703445,50.71
2026-09-18,25,ABBOTINDIA,Abbott India Ltd.,27270.0,0.052489386337321475,38339,66.84
2026-09-18,26,ABCAPITAL,Aditya Birla Capital Ltd.,410.05,0.05141025641025654,4888619,62.47
2026-09-18,27,IGIL,International Gemological Institute Ltd.,330.95,0.05096856144807882,2435441,46.92
2026-09-18,28,ADANIPORTS,Adani Ports and Special Economic Zone Ltd.,1824.0,0.049301041247195476,4148803,76.82
2026-09-18,29,PAYTM,One 97 Communications Ltd.,1849.9,0.04929098128190579,4640337,44.67
2026-09-18,30,EMCURE,Emcure Pharmaceuticals Ltd.,2003.8,0.04921981359304639,1744754,65.36
2026-09-18,31,IREDA,Indian Renewable Energy Development Agency Ltd.,114.32,0.048903569134783,5072770,55.99
2026-09-18,32,THANGAMAYL,Thangamayil Jewellery Ltd.,5044.5,0.048534608189565676,386791,65.23
2026-09-18,33,COCHINSHIP,Cochin Shipyard Ltd.,1398.0,0.04774038821854165,1456165,52.58
2026-09-18,34,ADANIGREEN,Adani Green Energy Ltd.,1334.5,0.04732381101867844,2597171,35.66
2026-09-18,35,BELRISE,Belrise Industries Ltd.,240.18,0.04712909273226673,10829670,60.26
2026-09-18,36,POWERINDIA,Hitachi Energy India Ltd.,32700.0,0.047070124879923236,125521,49.78
2026-09-18,37,TECHNOE,Techno Electric & Engineering Company Ltd.,1030.45,0.04646085102061548,286285,53.07
2026-09-18,38,UPL,UPL Ltd.,580.0,0.045515998197386276,3779171,80.72
2026-09-18,39,AEGISLOG,Aegis Logistics Ltd.,1415.4,0.04550155118924515,1333662,46.44
2026-09-18,40,KSB,KSB Ltd.,813.1,0.045384417588069104,277580,46.37
2026-09-18,41,BBOX,Black Box Ltd.,801.15,0.0453418580375784,640804,34.68
2026-09-18,42,HONAUT,Honeywell Automation India Ltd.,35445.0,0.04511278195488733,15555,38.37
2026-09-18,43,NAVINFLUOR,Navin Fluorine International Ltd.,8590.0,0.045012165450121655,298599,59.55
2026-09-18,44,GMRAIRPORT,GMR Airports Ltd.,99.3,0.044823232323232265,21945461,72.77
2026-09-18,45,CENTRALBK,Central Bank of India,31.73,0.043749999999999956,56472458,56.51
2026-09-18,46,SHRIPISTON,SPR Auto Technologies Ltd.,4576.6,0.04359921557896684,151917,61.24
2026-09-18,47,BALKRISIND,Balkrishna Industries Ltd.,2265.3,0.04353233830845782,616772,63.67
2026-09-18,48,CMPDI,Central Mine Planning & Design Institute Ltd.,214.58,0.043220380183771834,2923381,38.83
2026-09-18,49,IRCTC,Indian Railway Catering And Tourism Corporation Ltd.,476.75,0.043216630196936556,1670118,48.97
2026-09-18,50,HONASA,Honasa Consumer Ltd.,479.55,0.04227341882199509,1065010,43.93
2026-09-18,51,COLPAL,Colgate Palmolive (India) Ltd.,1917.8,0.04211269901646464,601910,69.64
2026-09-18,52,KPRMILL,K.P.R. Mill Ltd.,1141.4,0.041993792222019266,265730,53.47
2026-09-18,53,INOXINDIA,INOX India Ltd.,2098.8,0.04169148302561054,229005,47.66
2026-09-18,54,HINDZINC,Hindustan Zinc Ltd.,596.0,0.04141184693342659,7197021,48.6
2026-09-18,55,JUBLFOOD,Jubilant Foodworks Ltd.,500.0,0.041232819658475695,2900829,60.8
2026-09-18,56,EXIDEIND,Exide Industries Ltd.,435.85,0.041208791208791284,5570954,45.68
2026-09-18,57,PINELABS,Pine Labs Ltd.,192.04,0.04098005203816135,66808323,46.89
2026-09-18,58,PVRINOX,PVR INOX Ltd.,1324.7,0.04085801838610825,1050636,45.15
2026-09-18,59,DALBHARAT,Dalmia Bharat Ltd.,1761.4,0.04021732711273862,374184,52.08
2026-09-18,60,LENSKART,Lenskart Solutions Ltd.,707.2,0.040076476211486245,25690503,64.23
2026-09-18,61,SIEMENS,Siemens Ltd.,3913.9,0.03996280058456225,666502,54.39
2026-09-18,62,BHARTIHEXA,Bharti Hexacom Ltd.,1540.1,0.039835257578826555,307475,67.7
2026-09-18,63,VEDL,Vedanta Ltd.,267.6,0.03942513109341639,8484152,66.81
2026-09-18,64,PAGEIND,Page Industries Ltd.,36400.0,0.03940605368360939,32020,60.63
2026-09-18,65,BDL,Bharat Dynamics Ltd.,1196.6,0.03880545186214057,741593,35.48
2026-09-18,66,URBANCO,Urban Company Ltd.,169.11,0.038695411829740234,11152442,33.6
2026-09-18,67,SONACOMS,Sona BLW Precision Forgings Ltd.,808.0,0.038693919526931575,4201864,51.44
2026-09-18,68,GODFRYPHLP,Godfrey Phillips India Ltd.,2018.0,0.03860010293360783,404029,26.85
2026-09-18,69,ENRIN,Siemens Energy India Ltd.,3228.0,0.03824257823807531,740325,66.85
2026-09-18,70,TBOTEK,TBO Tek Ltd.,1710.6,0.03817442495599921,212106,41.44
2026-09-18,71,ACUTAAS,Acutaas Chemicals Ltd.,3440.3,0.03776658321015969,521496,50.75
2026-09-18,72,LODHA,Lodha Developers Ltd.,1144.7,0.03771190281932757,4727259,65.21
2026-09-18,73,CARBORUNIV,Carborundum Universal Ltd.,1124.4,0.037652270210409844,533148,49.98
2026-09-18,74,AFFLE,Affle 3i Ltd.,1603.5,0.037461180124223725,434146,62.41
2026-09-18,75,HAVELLS,Havells India Ltd.,1132.4,0.03699633699633709,745375,63.02
2026-09-18,76,KFINTECH,Kfin Technologies Ltd.,930.0,0.03678929765886285,539201,53.96
2026-09-18,77,JSL,Jindal Stainless Ltd.,750.95,0.0365794740837877,2671236,59.53
2026-09-18,78,INOXWIND,Inox Wind Ltd.,76.8,0.036437246963562764,10976663,47.13
2026-09-18,79,COROMANDEL,Coromandel International Ltd.,1999.5,0.03611773240750349,302340,68.36
2026-09-18,80,ADANIENSOL,Adani Energy Solutions Ltd.,1436.1,0.035549466397461815,2145921,52.95
2026-09-18,81,RADICO,Radico Khaitan Ltd,4535.4,0.035479452054794525,371544,79.09
2026-09-18,82,WAAREEENER,Waaree Energies Ltd.,2560.7,0.03546300040436701,1224265,58.64
2026-09-18,83,SAILIFE,Sai Life Sciences Ltd.,1600.5,0.03545319272821379,867960,58.01
2026-09-18,84,PATANJALI,Patanjali Foods Ltd.,367.0,0.03540696854281289,1999903,41.01
2026-09-18,85,ICICIAMC,ICICI Prudential Asset Management Company Ltd.,3206.7,0.035087153001936766,1632087,66.86
2026-09-18,86,VIJAYA,Vijaya Diagnostic Centre Ltd.,1558.9,0.03505743310537168,278137,38.56
2026-09-18,87,CHOICEIN,Choice International Ltd.,763.85,0.035027100271002753,989378,18.09
2026-09-18,88,BAJAJHFL,Bajaj Housing Finance Ltd.,85.58,0.034824667472793225,5168608,55.94
2026-09-18,89,LTF,L&T Finance Ltd.,312.8,0.034733708236850847,4647669,44.69
2026-09-18,90,MEESHO,Meesho Ltd.,214.44,0.034392938112006055,83376786,62.43
2026-09-18,91,MAHABANK,Bank of Maharashtra,83.54,0.03391089108910905,18030197,61.74
2026-09-18,92,HSCL,Himadri Speciality Chemical Ltd.,675.35,0.03367261039259195,2687060,60.36
2026-09-18,93,CONCOR,Container Corporation of India Ltd.,504.55,0.033596230666803395,2242132,67.01
2026-09-18,94,ADANIENT,Adani Enterprises Ltd.,3020.0,0.03311439518336079,1628125,55.85
2026-09-18,95,KPIL,Kalpataru Projects International Ltd.,1445.5,0.033016508254127164,224766,61.31
2026-09-18,96,GICRE,General Insurance Corporation of India,351.0,0.03296056503825784,1183930,68.64
2026-09-18,97,PETRONET,Petronet LNG Ltd.,292.6,0.03228082554242384,3218273,80.82
2026-09-18,98,NAM-INDIA,Nippon Life India Asset Management Ltd.,1155.0,0.03217158176943702,1528510,62.98
2026-09-18,99,NH,Narayana Hrudayalaya Ltd.,1928.5,0.03205608476934607,271767,68.54
2026-09-18,100,MAZDOCK,Mazagoan Dock Shipbuilders Ltd.,2280.0,0.03167420814479649,850778,35.31
2026-09-21,1,TEGA,Tega Industries Ltd.,2129.0,0.09572825527534734,4580597,15.21
2026-09-21,2,PATANJALI,Patanjali Foods Ltd.,396.2,0.07956403269754775,23162107,12.38
2026-09-21,3,JPPOWER,Jaiprakash Power Ventures Ltd.,16.48,0.07221860767729349,587859403,12.41
2026-09-21,4,ENGINERSIN,Engineers India Ltd.,285.25,0.07095926412614961,10639611,25.41
2026-09-21,5,JYOTICNC,Jyoti CNC Automation Ltd.,1113.85,0.06111269886634263,5723374,17.56
2026-09-21,6,MANKIND,Mankind Pharma Ltd.,2437.8,0.059590559394966824,1342757,24.31
2026-09-21,7,CONCORDBIO,Concord Biotech Ltd.,1579.4,0.056879014989293264,561323,24.05
2026-09-21,8,USHAMART,Usha Martin Ltd.,533.9,0.052641955835962095,3336342,32.99
2026-09-21,9,ACMESOLAR,ACME Solar Holdings Ltd.,458.1,0.05249856404365305,6919009,33.89
2026-09-21,10,COHANCE,Cohance Lifesciences Ltd.,460.45,0.05125570776255706,8798590,12.87
2026-09-21,11,AEGISLOG,Aegis Logistics Ltd.,1486.0,0.04987989260986292,1793245,37.69
2026-09-21,12,FACT,Fertilisers and Chemicals Travancore Ltd.,801.75,0.049136351740382,1321888,9.44
2026-09-21,13,WOCKPHARMA,Wockhardt Ltd.,2187.3,0.048511576626240505,1771282,25.58
2026-09-21,14,CARBORUNIV,Carborundum Universal Ltd.,1178.9,0.04847029526858759,3767733,13.53
2026-09-21,15,CLEANMAX,Clean Max Enviro Energy Solutions Ltd.,1340.5,0.04775676098171,217581,52.34
2026-09-21,16,SYNGENE,Syngene International Ltd.,385.15,0.043625524996612874,3622808,44.47
2026-09-21,17,WELCORP,Welspun Corp Ltd.,2762.7,0.03856997857223399,2544698,27.44
2026-09-21,18,EMMVEE,Emmvee Photovoltaic Power Ltd.,340.6,0.03841463414634161,11448479,24.01
2026-09-21,19,KAYNES,Kaynes Technology India Ltd.,3650.0,0.038406827880512084,1131072,22.85
2026-09-21,20,SOLARINDS,Solar Industries India Ltd.,19265.0,0.038264618701158826,215492,34.31
2026-09-21,21,CPPLUS,Aditya Infotech Ltd.,3482.3,0.037912431820213977,287297,61.1
2026-09-21,22,BBOX,Black Box Ltd.,831.35,0.03769581226986207,1120154,37.03
2026-09-21,23,GESHIP,Great Eastern Shipping Co. Ltd.,1485.0,0.036938761259688535,1170270,48.06
2026-09-21,24,LICHSGFIN,LIC Housing Finance Ltd.,568.0,0.03621271549758287,3749732,41.83
2026-09-21,25,NAUKRI,Info Edge (India) Ltd.,1296.4,0.036125319693094626,1697517,54.17
2026-09-21,26,ICICIGI,ICICI Lombard General Insurance Company Ltd.,1509.1,0.03497702489541177,1427947,58.18
2026-09-21,27,UTIAMC,UTI Asset Management Company Ltd.,924.8,0.03329608938547479,129186,50.13
2026-09-21,28,EMAMILTD,Emami Ltd.,380.6,0.032975980458678444,1621062,46.54
2026-09-21,29,LAURUSLABS,Laurus Labs Ltd.,2017.5,0.032497441146366324,2170267,46.73
2026-09-21,30,PPLPHARMA,Piramal Pharma Ltd.,214.66,0.03122598001537269,4330760,36.73
2026-09-21,31,NTPCGREEN,NTPC Green Energy Ltd.,91.26,0.030604178430265527,3954703,48.27
2026-09-21,32,POLICYBZR,PB Fintech Ltd.,1793.0,0.028686173264486525,814918,57.4
2026-09-21,33,AAVAS,Aavas Financiers Ltd.,1321.2,0.028491359177954312,84855,57.61
2026-09-21,34,VOLTAS,Voltas Ltd.,1142.1,0.02808533621388043,887002,36.99
2026-09-21,35,ETERNAL,Eternal Ltd.,335.9,0.027688542144714612,20274532,56.98
2026-09-21,36,PHOENIXLTD,Phoenix Mills Ltd.,1929.0,0.02721124660525054,344969,45.25
2026-09-21,37,PRESTIGE,Prestige Estates Projects Ltd.,1474.0,0.027106125008710347,294871,36.05
2026-09-21,38,TORNTPHARM,Torrent Pharmaceuticals Ltd.,4970.0,0.026859504132231482,361244,55.61
2026-09-21,39,BLS,BLS International Services Ltd.,232.54,0.026666666666666616,2011798,33.18
2026-09-21,40,DIXON,Dixon Technologies (India) Ltd.,13350.0,0.026528258362168433,219611,34.62
2026-09-21,41,BIOCON,Biocon Ltd.,395.0,0.025974025974025983,3037626,38.88
2026-09-21,42,MARICO,Marico Ltd.,824.4,0.025500684164697196,1672296,48.82
2026-09-21,43,HCLTECH,HCL Technologies Ltd.,1281.0,0.025374209557352145,2751906,44.76
2026-09-21,44,URBANCO,Urban Company Ltd.,173.4,0.025368103601206338,6489690,36.45
2026-09-21,45,HEROMOTOCO,Hero MotoCorp Ltd.,5419.0,0.025257780720840062,355000,50.98
2026-09-21,46,DLF,DLF Ltd.,660.25,0.02467603010786057,3148346,53.5
2026-09-21,47,SWANCORP,Swan Corp Ltd.,302.2,0.024580437362264895,1484157,27.61
2026-09-21,48,PFOCUS,Prime Focus Ltd.,352.65,0.024103383185712035,4581441,17.32
2026-09-21,49,CHOICEIN,Choice International Ltd.,782.05,0.023826667539438295,966736,15.48
2026-09-21,50,PRIVISCL,Privi Speciality Chemicals Ltd.,3525.6,0.023425933989375647,94831,67.46
2026-09-21,51,BANDHANBNK,Bandhan Bank Ltd.,179.0,0.02285714285714291,15271152,46.73
2026-09-21,52,PCBL,PCBL Chemical Ltd.,344.35,0.022720522720522718,3337001,40.15
2026-09-21,53,MEESHO,Meesho Ltd.,219.15,0.021964185786234047,10943685,47.73
2026-09-21,54,BLUESTARCO,Blue Star Ltd.,1565.0,0.021673847760804277,624210,44.52
2026-09-21,55,CIEINDIA,CIE Automotive India Ltd.,395.15,0.02066382539067546,393005,47.75
2026-09-21,56,CGPOWER,CG Power and Industrial Solutions Ltd.,910.0,0.020179372197309364,2999705,36.54
2026-09-21,57,OBEROIRLTY,Oberoi Realty Ltd.,1821.0,0.020168067226890685,960192,63.93
2026-09-21,58,LUPIN,Lupin Ltd.,2124.5,0.019923187710033652,429137,54.35
2026-09-21,59,PREMIERENE,Premier Energies Ltd.,919.9,0.019844789356984416,1174173,50.58
2026-09-21,60,YESBANK,Yes Bank Ltd.,23.17,0.019806338028169224,52755958,51.24
2026-09-21,61,UNITDSPR,United Spirits Ltd.,1397.0,0.018964259664478567,773709,60.31
2026-09-21,62,ECLERX,eClerx Services Ltd.,1951.2,0.018584255585717413,118274,42.59
2026-09-21,63,PVRINOX,PVR INOX Ltd.,1349.3,0.018570242319015495,460503,55.95
2026-09-21,64,DEVYANI,Devyani International Ltd.,143.22,0.01848954629497923,2842118,37.22
2026-09-21,65,INTELLECT,Intellect Design Arena Ltd.,659.1,0.017993667464669016,221574,41.82
2026-09-21,66,LTFOODS,LT Foods Ltd.,430.8,0.017958412098298737,404149,35.12
2026-09-21,67,ITC,ITC Ltd.,267.0,0.017918414029736818,8662786,54.09
2026-09-21,68,SCHNEIDER,Schneider Electric Infrastructure Ltd.,1235.2,0.01788215904408741,267404,54.83
2026-09-21,69,RAMCOCEM,The Ramco Cements Ltd.,885.1,0.0176487496407014,373061,46.11
2026-09-21,70,AARTIIND,Aarti Industries Ltd.,499.8,0.01761172757813312,805286,43.72
2026-09-21,71,SUNPHARMA,Sun Pharmaceutical Industries Ltd.,1868.9,0.01719915092799229,2534364,53.63
2026-09-21,72,RELIANCE,Reliance Industries Ltd.,1247.4,0.017123287671232834,10007218,64.57
2026-09-21,73,DEEPAKFERT,Deepak Fertilisers & Petrochemicals Corp. Ltd.,1365.9,0.016899940440738614,202462,36.78
2026-09-21,74,OLAELEC,Ola Electric Mobility Ltd.,37.0,0.0167628469359713,32915914,22.82
2026-09-21,75,INDHOTEL,Indian Hotels Co. Ltd.,745.0,0.016717843739338045,2983659,46.13
2026-09-21,76,MAXHEALTH,Max Healthcare Institute Ltd.,1066.6,0.016487181930811,965254,50.53
2026-09-21,77,DELHIVERY,Delhivery Ltd.,435.0,0.016355140186915973,3248908,61.06
2026-09-21,78,TITAN,Titan Company Ltd.,4875.0,0.015942482025633087,665067,49.83
2026-09-21,79,ZYDUSWELL,Zydus Wellness Ltd.,530.45,0.01570129248444241,131531,39.66
2026-09-21,80,HDFCLIFE,HDFC Life Insurance Company Ltd.,559.4,0.01533714493148186,2831490,44.47
2026-09-21,81,SBILIFE,SBI Life Insurance Company Ltd.,1756.0,0.01444251877527436,707336,60.5
2026-09-21,82,GPIL,Godawari Power & Ispat Ltd.,236.8,0.014263074484944571,1413064,43.83
2026-09-21,83,PGEL,PG Electroplast Ltd.,536.55,0.013984692431257661,853299,42.33
2026-09-21,84,TECHM,Tech Mahindra Ltd.,1558.5,0.013922321254310033,970714,49.96
2026-09-21,85,CESC,CESC Ltd.,143.47,0.013707341199745704,1377220,56.91
2026-09-21,86,DMART,Avenue Supermarts Ltd.,3800.4,0.01346702578735437,647006,61.73
2026-09-21,87,ABDL,Allied Blenders and Distillers Ltd.,656.3,0.013434218653489705,423120,41.31
2026-09-21,88,BSOFT,Birlasoft Ltd.,284.15,0.01337375178316691,791424,37.58
2026-09-21,89,BEL,Bharat Electronics Ltd.,398.5,0.013221459445715622,9754868,59.64
2026-09-21,90,HOMEFIRST,Home First Finance Company India Ltd.,1257.7,0.01321195520824947,492496,59.32
2026-09-21,91,HINDCOPPER,Hindustan Copper Ltd.,503.95,0.013168476075593016,4883834,35.32
2026-09-21,92,IIFL,IIFL Finance Ltd.,608.1,0.01316227924025326,1001538,51.25
2026-09-21,93,SUNTV,Sun TV Network Ltd.,457.55,0.01295107372149662,346139,48.51
2026-09-21,94,SCI,Shipping Corporation of India Ltd.,280.55,0.012633098718642932,2506605,30.08
2026-09-21,95,LALPATHLAB,Dr. Lal Path Labs Ltd.,1920.4,0.012388634087194816,214308,60.32
2026-09-21,96,JINDALSAW,Jindal Saw Ltd.,293.05,0.012262521588946473,1096972,52.4
2026-09-21,97,ONGC,Oil & Natural Gas Corporation Ltd.,235.63,0.012156357388316108,6114044,61.33
2026-09-21,98,BOSCHLTD,Bosch Ltd.,47565.0,0.01202127659574459,15873,35.09
2026-09-21,99,COALINDIA,Coal India Ltd.,414.7,0.011710173212978736,3442984,58.86
2026-09-21,100,HDFCBANK,HDFC Bank Ltd.,739.5,0.011627906976744207,35482683,72.3
2026-09-22,1,GABRIEL,Gabriel India Ltd.,1471.4,0.14035495621173388,7891064,11.48
2026-09-22,2,MEESHO,Meesho Ltd.,240.19,0.0960073009354323,108359244,15.12
2026-09-22,3,SUNTV,Sun TV Network Ltd.,490.1,0.07113976614577644,3413835,22.68
2026-09-22,4,JAINREC,Jain Resource Recycling Ltd.,291.25,0.06782768102658121,15629652,8.91
2026-09-22,5,SANSERA,Sansera Engineering Ltd.,4586.5,0.06737258552478465,914987,31.04
2026-09-22,6,ENGINERSIN,Engineers India Ltd.,302.55,0.06064855390008761,23538487,20.57
2026-09-22,7,RBLBANK,RBL Bank Ltd.,423.2,0.05168986083499005,7366610,28.6
2026-09-22,8,JSWINFRA,JSW Infrastructure Ltd.,367.6,0.05148741418764291,17124150,35.59
2026-09-22,9,CEMPRO,Cemindia Projects Ltd.,1319.3,0.04998010346199755,316336,56.16
2026-09-22,10,VISL,Vedanta Iron and Steel Ltd.,32.21,0.04986962190352018,16918818,51.83
2026-09-22,11,FINCABLES,Finolex Cables Ltd.,1468.1,0.04886761448881893,1670261,38.17
2026-09-22,12,IKS,Inventurus Knowledge Solutions Ltd.,1869.2,0.0484630917657618,486580,46.46
2026-09-22,13,CPPLUS,Aditya Infotech Ltd.,3649.5,0.048014243459782335,317707,51.26
2026-09-22,14,REDINGTON,Redington Ltd.,410.35,0.04667771967861234,5662870,39.56
2026-09-22,15,SWIGGY,Swiggy Ltd.,284.05,0.04162082874954165,32604564,59.9
2026-09-22,16,THANGAMAYL,Thangamayil Jewellery Ltd.,5119.5,0.038332826285366606,65238,50.44
2026-09-22,17,PIIND,PI Industries Ltd.,2410.0,0.037987768110948394,837735,17.28
2026-09-22,18,TENNIND,Tenneco Clean Air India Ltd.,532.75,0.036276988912662844,1047619,59.13
2026-09-22,19,VOGL,Vedanta Oil and Gas Ltd.,35.01,0.033658104517271914,46962562,32.25
2026-09-22,20,PAGEIND,Page Industries Ltd.,37150.0,0.033379694019471495,38196,25.92
2026-09-22,21,SOLARINDS,Solar Industries India Ltd.,19890.0,0.032442252790033654,396641,40.15
2026-09-22,22,COALINDIA,Coal India Ltd.,428.0,0.03207137689896311,16676174,48.32
2026-09-22,23,ANURAS,Anupam Rasayan India Ltd.,1197.9,0.031960716747071016,1218193,45.83
2026-09-22,24,BANDHANBNK,Bandhan Bank Ltd.,184.7,0.0318435754189943,22278301,55.26
2026-09-22,25,IDEA,Vodafone Idea Ltd.,14.27,0.0310693641618498,527812273,26.73
2026-09-22,26,RHIM,RHI MAGNESITA INDIA LTD.,379.2,0.0304347826086957,11882563,10.92
2026-09-22,27,VAML,Vedanta Aluminium Metal Ltd.,425.35,0.029778477181939156,8507810,57.88
2026-09-22,28,CARBORUNIV,Carborundum Universal Ltd.,1211.3,0.027483247094749252,970152,33.05
2026-09-22,29,CUPID,Cupid Ltd.,258.2,0.027457222443294738,43352836,21.46
2026-09-22,30,FIRSTCRY,Brainbees Solutions Ltd.,175.08,0.02728392888575959,11963508,12.71
2026-09-22,31,WELSPUNLIV,Welspun Living Ltd.,221.51,0.026126835595497333,5107266,37.03
2026-09-22,32,RRKABEL,R R Kabel Ltd.,2472.5,0.025210432475017752,317242,54.77
2026-09-22,33,NUVOCO,Nuvoco Vistas Corporation Ltd.,338.85,0.02510966570866735,292607,51.75
2026-09-22,34,ANANTRAJ,Anant Raj Ltd.,610.1,0.025033602150537515,1661656,43.86
2026-09-22,35,EMAMILTD,Emami Ltd.,390.0,0.024697845507094085,1848450,57.92
2026-09-22,36,VMM,Vishal Mega Mart Ltd.,104.03,0.023413674372847915,12806676,59.89
2026-09-22,37,BSE,BSE Ltd.,3235.0,0.0234103131920278,3165566,36.07
2026-09-22,38,HBLENGINE,HBL Engineering Ltd.,767.15,0.023071280922851267,1613557,40.52
2026-09-22,39,IFCI,IFCI Ltd.,75.94,0.02276094276094276,67877909,11.72
2026-09-22,40,NTPCGREEN,NTPC Green Energy Ltd.,93.31,0.022463291694060805,10827047,37.59
2026-09-22,41,KSB,KSB Ltd.,820.15,0.021866434089210074,145461,62.11
2026-09-22,42,INOXINDIA,INOX India Ltd.,2133.7,0.021300019146084592,376256,42.48
2026-09-22,43,OLAELEC,Ola Electric Mobility Ltd.,37.78,0.021081081081081088,73804321,22.55
2026-09-22,44,NETWEB,Netweb Technologies India Ltd.,4817.0,0.020983467571004555,927925,22.36
2026-09-22,45,BHARATFORG,Bharat Forge Ltd.,2009.0,0.02036670221951331,982220,53.42
2026-09-22,46,APTUS,Aptus Value Housing Finance India Ltd.,242.08,0.020272263665865875,3567063,81.48
2026-09-22,47,CLEANMAX,Clean Max Enviro Energy Solutions Ltd.,1367.5,0.020141738157404054,226917,42.68
2026-09-22,48,PINELABS,Pine Labs Ltd.,197.58,0.020030975735673806,82008849,16.63
2026-09-22,49,PATANJALI,Patanjali Foods Ltd.,404.0,0.01968702675416467,15560500,13.44
2026-09-22,50,GRAPHITE,Graphite India Ltd.,827.75,0.01839320866141736,1332319,35.62
2026-09-22,51,ETERNAL,Eternal Ltd.,342.0,0.01816016671628473,22276945,49.96
2026-09-22,52,INDIGO,InterGlobe Aviation Ltd.,5030.0,0.01801254806719288,873833,56.09
2026-09-22,53,LLOYDSME,Lloyds Metals And Energy Ltd.,1857.4,0.017976542803902262,498981,49.75
2026-09-22,54,ITCHOTELS,ITC Hotels Ltd.,158.6,0.017579879378929686,1872495,44.9
2026-09-22,55,MANKIND,Mankind Pharma Ltd.,2480.0,0.01731068996636309,667075,43.18
2026-09-22,56,SONACOMS,Sona BLW Precision Forgings Ltd.,809.0,0.017290160326941306,1560055,43.4
2026-09-22,57,ELECON,Elecon Engineering Co. Ltd.,420.55,0.01717257225783042,225275,38.58
2026-09-22,58,CYIENT,Cyient Ltd.,1079.0,0.017156862745097978,587228,49.88
2026-09-22,59,DEEPAKNTR,Deepak Nitrite Ltd.,1613.2,0.016957700308894985,183682,56.87
2026-09-22,60,MCX,Multi Commodity Exchange of India Ltd.,3262.6,0.01670302274851987,1069125,35.7
2026-09-22,61,SYRMA,Syrma SGS Technology Ltd.,1741.8,0.01663456487480297,4023734,21.59
2026-09-22,62,ASAHIINDIA,Asahi India Glass Ltd.,965.15,0.015680084188371524,71821,49.45
2026-09-22,63,IIFL,IIFL Finance Ltd.,617.55,0.015540207202762613,1734500,50.64
2026-09-22,64,SUNDARMFIN,Sundaram Finance Ltd.,4751.9,0.015471738433593174,90693,39.7
2026-09-22,65,KIRLOSENG,Kirloskar Oil Eng Ltd.,2165.0,0.015287938473081963,236947,54.25
2026-09-22,66,BOSCHLTD,Bosch Ltd.,48290.0,0.015242300010511967,17807,56.59
2026-09-22,67,ATUL,Atul Ltd.,6176.5,0.014870193887611016,92926,76.49
2026-09-22,68,LEMONTREE,Lemon Tree Hotels Ltd.,107.51,0.014340975563732483,2586160,53.52
2026-09-22,69,RAILTEL,Railtel Corporation Of India Ltd.,263.9,0.01402497598463004,469926,24.5
2026-09-22,70,AFCONS,Afcons Infrastructure Ltd.,260.35,0.014021421616358332,1138018,32.53
2026-09-22,71,DLF,DLF Ltd.,669.5,0.014009844755774381,5186082,68.9
2026-09-22,72,SOBHA,Sobha Ltd.,1230.9,0.013920922570016536,133744,25.76
2026-09-22,73,PFOCUS,Prime Focus Ltd.,357.45,0.013611229264143043,4255646,12.54
2026-09-22,74,OBEROIRLTY,Oberoi Realty Ltd.,1845.6,0.013509060955518848,470585,54.85
2026-09-22,75,MANAPPURAM,Manappuram Finance Ltd.,319.3,0.013329101872421312,2282054,50.24
2026-09-22,76,TIMKEN,Timken India Ltd.,3178.5,0.013293802601377136,38073,54.75
2026-09-22,77,BRIGADE,Brigade Enterprises Ltd.,616.55,0.012813141683778229,276171,38.86
2026-09-22,78,PHOENIXLTD,Phoenix Mills Ltd.,1953.4,0.012649040953862212,421114,60.74
2026-09-22,79,TDPOWERSYS,TD Power Systems Ltd.,756.4,0.012177171149471366,1714771,43.85
2026-09-22,80,MOTILALOFS,Motilal Oswal Financial Services Ltd.,1007.0,0.012060301507537785,813525,35.47
2026-09-22,81,CHENNPETRO,Chennai Petroleum Corporation Ltd.,1392.0,0.01199563794983649,1113436,28.3
2026-09-22,82,PWL,Physicswallah Ltd.,136.35,0.01179875333926983,6126383,37.59
2026-09-22,83,INDUSTOWER,Indus Towers Ltd.,382.1,0.011783397325566103,3537704,55.64
2026-09-22,84,BELRISE,Belrise Industries Ltd.,244.74,0.011782215056430623,4815462,46.17
2026-09-22,85,VBL,Varun Beverages Ltd.,430.0,0.0117647058823529,5138730,51.87
2026-09-22,86,GRSE,Garden Reach Shipbuilders & Engineers Ltd.,2399.7,0.011592614450720795,584333,18.65
2026-09-22,87,LICI,Life Insurance Corporation of India,404.55,0.011375000000000135,5528988,62.98
2026-09-22,88,LENSKART,Lenskart Solutions Ltd.,691.45,0.011113548292754238,6868715,50.45
2026-09-22,89,TITAN,Titan Company Ltd.,4928.5,0.010974358974358944,1238174,52.44
2026-09-22,90,CASTROLIND,Castrol India Ltd.,195.61,0.010904392764857995,3487992,61.41
2026-09-22,91,NAM-INDIA,Nippon Life India Asset Management Ltd.,1159.0,0.010726432371152006,699444,53.22
2026-09-22,92,DRREDDY,Dr. Reddy's Laboratories Ltd.,1211.0,0.010598347659183993,3355097,59.81
2026-09-22,93,GMDCLTD,Gujarat Mineral Development Corporation Ltd.,563.65,0.01030650654239107,726787,41.7
2026-09-22,94,PCBL,PCBL Chemical Ltd.,347.75,0.009873675039930196,1739256,37.23
2026-09-22,95,ABBOTINDIA,Abbott India Ltd.,27225.0,0.009829376854599392,4434,61.66
2026-09-22,96,IGIL,International Gemological Institute Ltd.,326.95,0.009728227300802805,1036006,53.07
2026-09-22,97,VEDL,Vedanta Ltd.,263.0,0.009596928982725572,5419840,50.93
2026-09-22,98,OLECTRA,Olectra Greentech Ltd.,1217.2,0.009454304196384156,561988,30.35
2026-09-22,99,VEDPOWER,Vedanta Power Ltd.,31.07,0.009421702404158516,18011957,41.41
2026-09-22,100,ACE,Action Construction Equipment Ltd.,1241.9,0.009346553966189886,237158,50.02
2026-09-23,1,WHIRLPOOL,Whirlpool of India Ltd.,865.25,0.19998613133624588,10753329,14.78
2026-09-23,2,ELECON,Elecon Engineering Co. Ltd.,466.6,0.10949946498632745,30987016,4.78
2026-09-23,3,OLAELEC,Ola Electric Mobility Ltd.,41.87,0.1082583377448385,390177989,18.17
2026-09-23,4,WOCKPHARMA,Wockhardt Ltd.,2329.7,0.06602910222384906,3834525,22.49
2026-09-23,5,CLEANMAX,Clean Max Enviro Energy Solutions Ltd.,1457.5,0.06581352833638032,1550273,16.75
2026-09-23,6,SAIL,Steel Authority of India Ltd.,185.44,0.06568588012183207,41615771,43.7
2026-09-23,7,VEDPOWER,Vedanta Power Ltd.,32.98,0.06147409076279353,28255830,34.37
2026-09-23,8,CUPID,Cupid Ltd.,273.85,0.060611928737412946,52637525,21.55
2026-09-23,9,VISL,Vedanta Iron and Steel Ltd.,33.82,0.04998447687053709,10439050,55.95
2026-09-23,10,CPPLUS,Aditya Infotech Ltd.,3831.9,0.04997944923962194,305859,87.11
2026-09-23,11,OLECTRA,Olectra Greentech Ltd.,1275.9,0.0482254354255669,1782067,23.92
2026-09-23,12,FIVESTAR,Five-Star Business Finance Ltd.,549.7,0.04734686100790708,871098,45.29
2026-09-23,13,IFCI,IFCI Ltd.,79.49,0.04674743218330257,77513063,16.82
2026-09-23,14,POLICYBZR,PB Fintech Ltd.,1886.3,0.045041551246537415,2477939,54.17
2026-09-23,15,CARBORUNIV,Carborundum Universal Ltd.,1264.5,0.04391975563444239,597871,42.3
2026-09-23,16,JAINREC,Jain Resource Recycling Ltd.,302.95,0.040171673819742404,5175026,20.24
2026-09-23,17,THANGAMAYL,Thangamayil Jewellery Ltd.,5317.0,0.03857798613145813,85826,47.34
2026-09-23,18,APTUS,Aptus Value Housing Finance India Ltd.,251.33,0.03821050892267008,3164338,54.29
2026-09-23,19,JUBLINGREA,Jubilant Ingrevia Ltd.,640.95,0.0378076424870466,414480,34.44
2026-09-23,20,IKS,Inventurus Knowledge Solutions Ltd.,1937.8,0.03670019259576285,1011998,31.91
2026-09-23,21,BANDHANBNK,Bandhan Bank Ltd.,191.38,0.03616675690308613,41844761,36.37
2026-09-23,22,VIJAYA,Vijaya Diagnostic Centre Ltd.,1570.7,0.036081794195250705,209302,37.34
2026-09-23,23,ANANTRAJ,Anant Raj Ltd.,631.8,0.03556793968201921,3329387,35.17
2026-09-23,24,MOTILALOFS,Motilal Oswal Financial Services Ltd.,1042.5,0.03525322740814296,2096581,23.63
2026-09-23,25,TIMKEN,Timken India Ltd.,3287.9,0.034418750983168156,55180,49.3
2026-09-23,26,RADICO,Radico Khaitan Ltd,4601.9,0.034413774500988925,528324,38.12
2026-09-23,27,DEEPAKFERT,Deepak Fertilisers & Petrochemicals Corp. Ltd.,1386.2,0.03416890480453594,330051,50.08
2026-09-23,28,MCX,Multi Commodity Exchange of India Ltd.,3374.0,0.03414454729356953,2249890,41.58
2026-09-23,29,BAJFINANCE,Bajaj Finance Ltd.,1043.2,0.03409992069785894,8618523,53.22
2026-09-23,30,NSLNISP,NMDC Steel Ltd.,43.95,0.03387438249823593,8502115,28.37
2026-09-23,31,CARTRADE,Cartrade Tech Ltd.,3001.8,0.03229134426906022,183741,33.06
2026-09-23,32,KEI,KEI Industries Ltd.,4722.5,0.032240437158469915,808984,54.99
2026-09-23,33,360ONE,360 ONE WAM Ltd.,1108.0,0.03213786679087094,3642452,55.77
2026-09-23,34,HUDCO,Housing & Urban Development Corporation Ltd.,177.92,0.03201856148491866,2918388,45.05
2026-09-23,35,NATIONALUM,National Aluminium Co. Ltd.,363.45,0.03194207836456564,6249209,57.51
2026-09-23,36,HINDALCO,Hindalco Industries Ltd.,1003.8,0.03165467625899265,5158521,56.39
2026-09-23,37,TATASTEEL,Tata Steel Ltd.,190.82,0.031626750283829885,39798327,46.57
2026-09-23,38,INTELLECT,Intellect Design Arena Ltd.,668.05,0.03133925125434178,549685,32.32
2026-09-23,39,UNITDSPR,United Spirits Ltd.,1441.0,0.030758226037195913,767514,36.63
2026-09-23,40,FIRSTCRY,Brainbees Solutions Ltd.,180.41,0.03044322595384963,3586209,38.06
2026-09-23,41,VEDL,Vedanta Ltd.,271.0,0.03041825095057038,11735115,49.57
2026-09-23,42,JINDALSTEL,Jindal Steel Ltd.,1175.3,0.030061349693251582,994851,21.56
2026-09-23,43,SONACOMS,Sona BLW Precision Forgings Ltd.,833.0,0.02966625463535233,3183807,43.93
2026-09-23,44,IDFCFIRSTB,IDFC First Bank Ltd.,87.9,0.029635703408691594,64518343,47.27
2026-09-23,45,TARIL,Transformers And Rectifiers (India) Ltd.,289.0,0.029385574354407806,1257349,43.28
2026-09-23,46,DIVISLAB,Divi's Laboratories Ltd.,9624.0,0.029084687767322537,489382,61.11
2026-09-23,47,CRAFTSMAN,Craftsman Automation Ltd.,10904.0,0.02848519147330686,51402,47.31
2026-09-23,48,CAMS,Computer Age Management Services Ltd.,723.9,0.028267045454545503,1333519,53.28
2026-09-23,49,KAJARIACER,Kajaria Ceramics Ltd.,1216.4,0.027712064886786125,163666,50.09
2026-09-23,50,KEC,Kec International Ltd.,402.4,0.02771038181585994,891865,47.42
2026-09-23,51,NATCOPHARM,NATCO Pharma Ltd.,837.6,0.027667014293601744,650820,50.69
2026-09-23,52,AIIL,Authum Investment & Infrastructure Ltd.,561.45,0.026604498080087913,139672,43.59
2026-09-23,53,VOLTAS,Voltas Ltd.,1130.0,0.02652616279069764,791314,24.29
2026-09-23,54,APOLLOHOSP,Apollo Hospitals Enterprise Ltd.,9069.0,0.026427480052062746,419571,63.23
2026-09-23,55,TATACAP,Tata Capital Ltd.,350.05,0.026238639695103982,3331010,40.75
2026-09-23,56,VAML,Vedanta Aluminium Metal Ltd.,436.3,0.025743505348536422,11194115,61.9
2026-09-23,57,JKTYRE,JK Tyre & Industries Ltd.,355.35,0.02554112554112553,764630,36.9
2026-09-23,58,NBCC,NBCC (India) Ltd.,83.99,0.025518925518925428,5625306,43.89
2026-09-23,59,IIFL,IIFL Finance Ltd.,633.3,0.02550400777265005,3608407,48.66
2026-09-23,60,RHIM,RHI MAGNESITA INDIA LTD.,388.85,0.025448312236286963,4858870,16.42
2026-09-23,61,CANBK,Canara Bank,126.0,0.02522375915378361,15597011,50.04
2026-09-23,62,KIRLOSENG,Kirloskar Oil Eng Ltd.,2219.5,0.02517321016166285,395759,57.04
2026-09-23,63,ARE&M,Amara Raja Energy & Mobility Ltd.,812.85,0.0247730711043872,600363,60.69
2026-09-23,64,JSWSTEEL,JSW Steel Ltd.,1297.8,0.024309392265193353,1356042,43.56
2026-09-23,65,VOGL,Vedanta Oil and Gas Ltd.,35.86,0.02427877749214513,33407800,29.51
2026-09-23,66,SCHNEIDER,Schneider Electric Infrastructure Ltd.,1243.4,0.02404875638280357,298693,48.47
2026-09-23,67,WELCORP,Welspun Corp Ltd.,2796.8,0.023906278601500963,1740034,21.3
2026-09-23,68,MGL,Mahanagar Gas Ltd.,1092.8,0.02389206408694844,289762,28.95
2026-09-23,69,HONASA,Honasa Consumer Ltd.,484.9,0.023751715401667983,712921,55.57
2026-09-23,70,BAJAJHLDNG,Bajaj Holdings & Investment Ltd.,11449.0,0.023603039785426994,23489,48.6
2026-09-23,71,BALRAMCHIN,Balrampur Chini Mills Ltd.,676.4,0.023220633840102867,1023714,20.97
2026-09-23,72,TMCV,Tata Motors Ltd.,450.2,0.02294932969779584,11532732,69.35
2026-09-23,73,J&KBANK,Jammu & Kashmir Bank Ltd.,149.25,0.02268055365218591,1272524,46.38
2026-09-23,74,NTPCGREEN,NTPC Green Energy Ltd.,95.42,0.022612796056156848,5223366,56.09
2026-09-23,75,NMDC,NMDC Ltd.,82.0,0.02244389027431426,11699092,46.35
2026-09-23,76,UBL,United Breweries Ltd.,1242.3,0.02230085582620145,61203,48.86
2026-09-23,77,NYKAA,FSN E-Commerce Ventures Ltd.,340.85,0.021885774246739542,2246914,65.66
2026-09-23,78,JINDALSAW,Jindal Saw Ltd.,292.6,0.021469715482632434,1218110,50.6
2026-09-23,79,TRITURBINE,Triveni Turbine Ltd.,562.1,0.021442849354897486,304911,48.32
2026-09-23,80,TRIDENT,Trident Ltd.,23.42,0.021369385085041603,5005602,37.89
2026-09-23,81,MAHABANK,Bank of Maharashtra,84.11,0.020752427184465905,12282011,43.77
2026-09-23,82,BELRISE,Belrise Industries Ltd.,249.78,0.0205932826673203,2848133,50.73
2026-09-23,83,LTFOODS,LT Foods Ltd.,430.0,0.020529251216328426,440150,49.32
2026-09-23,84,PHOENIXLTD,Phoenix Mills Ltd.,1993.2,0.020374731237841726,639296,55.73
2026-09-23,85,DOMS,DOMS Industries Ltd.,2141.5,0.02034495902420419,32015,60.98
2026-09-23,86,JSL,Jindal Stainless Ltd.,758.55,0.020310713565135474,906824,60.24
2026-09-23,87,ZYDUSWELL,Zydus Wellness Ltd.,531.0,0.020074920756891768,120286,45.59
2026-09-23,88,CMPDI,Central Mine Planning & Design Institute Ltd.,213.53,0.020015286137384125,1555190,42.18
2026-09-23,89,NIACL,The New India Assurance Company Ltd.,191.16,0.02000960461021295,2811596,23.52
2026-09-23,90,JWL,Jupiter Wagons Ltd.,233.16,0.0198136727463587,858020,30.34
2026-09-23,91,GALLANTT,Gallantt Ispat Ltd.,556.45,0.01969946857247562,71669,37.71
2026-09-23,92,GRASIM,Grasim Industries Ltd.,3188.5,0.019276261108624793,411551,52.16
2026-09-23,93,BANKINDIA,Bank of India,139.65,0.019268666520692035,3463585,54.74
2026-09-23,94,COHANCE,Cohance Lifesciences Ltd.,461.45,0.01921590281612362,1107159,39.74
2026-09-23,95,NH,Narayana Hrudayalaya Ltd.,1919.3,0.019115382573142936,104223,52.87
2026-09-23,96,VMM,Vishal Mega Mart Ltd.,106.0,0.01893684514082472,19978362,50.14
2026-09-23,97,HEGAM,HEG Advanced Materials Ltd.,237.3,0.01889222842421634,1038595,55.27
2026-09-23,98,AVANTIFEED,Avanti Feeds Ltd.,767.2,0.018654982407223075,214188,41.35
2026-09-23,99,VTL,Vardhman Textiles Ltd.,561.45,0.018595791001451367,125583,39.87
2026-09-23,100,RAILTEL,Railtel Corporation Of India Ltd.,268.75,0.018378173550587462,570785,37.14
2026-09-24,1,ABDL,Allied Blenders and Distillers Ltd.,712.15,0.08493296770262027,6590774,24.32
2026-09-24,2,ICICIGI,ICICI Lombard General Insurance Company Ltd.,1577.0,0.05091296814607493,2743847,32.25
2026-09-24,3,SUNTV,Sun TV Network Ltd.,512.7,0.04589963280293774,3364719,17.09
2026-09-24,4,CAPLIPOINT,Caplin Point Laboratories Ltd.,2867.4,0.0263440475338248,1241321,10.71
2026-09-24,5,CARBORUNIV,Carborundum Universal Ltd.,1296.5,0.025306445235270925,3529279,12.77
2026-09-24,6,UBL,United Breweries Ltd.,1270.2,0.02245834339531516,133103,53.21
2026-09-24,7,RRKABEL,R R Kabel Ltd.,2529.8,0.021439819114144054,356342,46.33
2026-09-24,8,SIGNATURE,Signatureglobal (India) Ltd.,784.6,0.020617886178861733,575895,6.83
2026-09-24,9,JKCEMENT,J.K. Cement Ltd.,5184.5,0.019567354965585038,42384,44.83
2026-09-24,10,LALPATHLAB,Dr. Lal Path Labs Ltd.,1961.3,0.019227771137556582,430163,41.06
2026-09-24,11,OIL,Oil India Ltd.,479.0,0.01914893617021285,1490649,27.64
2026-09-24,12,IPCALAB,Ipca Laboratories Ltd.,1997.1,0.017578722103332334,272964,37.04
2026-09-24,13,ITCHOTELS,ITC Hotels Ltd.,164.01,0.01724244867580471,3509055,48.48
2026-09-24,14,MCX,Multi Commodity Exchange of India Ltd.,3427.7,0.015915826911677478,4133428,32.03
2026-09-24,15,PRIVISCL,Privi Speciality Chemicals Ltd.,3537.9,0.01552902003559331,125259,49.91
2026-09-24,16,OLAELEC,Ola Electric Mobility Ltd.,42.52,0.015524241700501706,376053325,15.0
2026-09-24,17,KAYNES,Kaynes Technology India Ltd.,3509.5,0.014893001735106992,1525539,29.28
2026-09-24,18,HBLENGINE,HBL Engineering Ltd.,775.3,0.01432589782167848,1559409,40.03
2026-09-24,19,MANAPPURAM,Manappuram Finance Ltd.,324.95,0.014200998751560556,4674648,39.31
2026-09-24,20,MANKIND,Mankind Pharma Ltd.,2500.0,0.014198782961460488,447288,52.6
2026-09-24,21,REDINGTON,Redington Ltd.,406.4,0.014098565190268086,4726104,45.08
2026-09-24,22,CIEINDIA,CIE Automotive India Ltd.,388.95,0.01236335242061437,203748,45.55
2026-09-24,23,CIPLA,Cipla Ltd.,1399.0,0.011569052783803269,1580784,31.58
2026-09-24,24,ZEEL,Zee Entertainment Enterprises Ltd.,78.17,0.011516563146998005,14869768,31.51
2026-09-24,25,ASTERDM,Aster DM Quality Care Ltd.,768.65,0.011315045062824769,1555012,56.7
2026-09-24,26,HSCL,Himadri Speciality Chemical Ltd.,674.9,0.01070760014975658,1849598,37.11
2026-09-24,27,ESCORTS,Escorts Kubota Ltd.,2822.9,0.009296006292681236,321127,50.22
2026-09-24,28,ONGC,Oil & Natural Gas Corporation Ltd.,239.0,0.008864499788940439,8493746,62.42
2026-09-24,29,ZYDUSLIFE,Zydus Lifesciences Ltd.,1180.3,0.008717203657807149,1965875,53.8
2026-09-24,30,SHRIPISTON,SPR Auto Technologies Ltd.,4526.7,0.008218628892155522,116305,41.47
2026-09-24,31,CASTROLIND,Castrol India Ltd.,194.8,0.00812503234487405,2326661,61.35
2026-09-24,32,DIXON,Dixon Technologies (India) Ltd.,13299.0,0.007500000000000062,185172,36.22
2026-09-24,33,PERSISTENT,Persistent Systems Ltd.,5277.0,0.007061068702290063,411640,33.71
2026-09-24,34,OFSS,Oracle Financial Services Software Ltd.,10925.0,0.007005253940455258,142508,33.98
2026-09-24,35,MEDANTA,Global Health Ltd.,1506.2,0.006750885635987025,171482,56.46
2026-09-24,36,FINCABLES,Finolex Cables Ltd.,1480.0,0.006665759760576817,791508,41.04
2026-09-24,37,NAVA,Nava Ltd.,557.0,0.006050754086516896,276326,45.92
2026-09-24,38,ACUTAAS,Acutaas Chemicals Ltd.,3283.7,0.005665809138797107,321801,40.72
2026-09-24,39,NATCOPHARM,NATCO Pharma Ltd.,842.0,0.005253104106972328,524314,39.47
2026-09-24,40,GAIL,GAIL (India) Ltd.,173.85,0.005203816131829964,6183667,61.78
2026-09-24,41,ABREL,Aditya Birla Real Estate Ltd.,1211.8,0.004476127320954815,500792,24.55
2026-09-24,42,KAJARIACER,Kajaria Ceramics Ltd.,1221.8,0.0044393291680366875,282539,63.09
2026-09-24,43,RAINBOW,Rainbow Childrens Medicare Ltd.,1412.6,0.004337006754354666,239564,56.18
2026-09-24,44,PAGEIND,Page Industries Ltd.,37500.0,0.004284949116229342,16407,31.21
2026-09-24,45,NUVAMA,Nuvama Wealth Management Ltd.,1695.4,0.004264897523990063,256618,60.97
2026-09-24,46,ANTHEM,Anthem Biosciences Ltd.,885.6,0.004195487016668498,404794,54.96
2026-09-24,47,VTL,Vardhman Textiles Ltd.,563.6,0.003829370380265429,2304091,9.46
2026-09-24,48,CONCOR,Container Corporation of India Ltd.,466.3,0.0035510599375874197,2952951,46.97
2026-09-24,49,GILLETTE,Gillette India Ltd.,7118.5,0.0034536227798138697,16115,56.8
2026-09-24,50,PIIND,PI Industries Ltd.,2393.5,0.0031433361274098015,115568,40.36
2026-09-24,51,KIMS,Krishna Institute of Medical Sciences Ltd.,800.45,0.0030073303677715657,260151,42.64
2026-09-24,52,ATUL,Atul Ltd.,6135.5,0.0028604118993134087,22896,60.68
2026-09-24,53,PETRONET,Petronet LNG Ltd.,286.6,0.0026237537169844227,1049770,49.98
2026-09-24,54,AFFLE,Affle 3i Ltd.,1588.1,0.002398535630877996,99024,48.61
2026-09-24,55,STARHEALTH,Star Health and Allied Insurance Company Ltd.,550.4,0.002184996358339353,9649635,91.1
2026-09-24,56,LGEINDIA,LG Electronics India Ltd.,1697.7,0.002065871797898744,527914,54.23
2026-09-24,57,COFORGE,Coforge Ltd.,1785.9,0.0019636445242370293,1123720,41.34
2026-09-24,58,NTPC,NTPC Ltd.,326.6,0.0018404907975460016,7662580,62.88
2026-09-24,59,TATATECH,Tata Technologies Ltd.,717.75,0.0018145020587618799,1085643,35.41
2026-09-24,60,KARURVYSYA,Karur Vysya Bank Ltd.,325.0,0.0016951764524579804,1136510,61.13
2026-09-24,61,PARADEEP,Paradeep Phosphates Ltd.,154.5,0.001555814858031912,1395578,35.28
2026-09-24,62,EXIDEIND,Exide Industries Ltd.,426.55,0.0014086160347459575,3273879,26.06
2026-09-24,63,ABB,ABB India Ltd.,7129.0,0.0012640449438201529,141360,45.37
2026-09-24,64,UNOMINDA,UNO Minda Ltd.,1224.4,0.0010628730275530351,445754,36.02
2026-09-24,65,CARTRADE,Cartrade Tech Ltd.,3004.8,0.000999400359784186,374113,26.69
2026-09-24,66,RUBICON,Rubicon Research Ltd.,1676.1,0.0007762120850249854,265569,52.47
2026-09-24,67,NAVINFLUOR,Navin Fluorine International Ltd.,8461.0,0.0004138338752586179,58189,52.17
2026-09-24,68,ENRIN,Siemens Energy India Ltd.,3215.4,0.0003111000497759697,372166,46.81
2026-09-24,69,NTPCGREEN,NTPC Green Energy Ltd.,95.43,0.00010479983232025702,5272785,50.13
2026-09-25,1,WHIRLPOOL,Whirlpool of India Ltd.,918.9,0.07668873396215359,27943285,5.53
2026-09-25,2,AETHER,Aether Industries Ltd.,1767.0,0.07338112015550968,1686153,22.88
2026-09-25,3,ENGINERSIN,Engineers India Ltd.,315.65,0.06404854205292443,19615591,18.67
2026-09-25,4,WELCORP,Welspun Corp Ltd.,2832.4,0.05207636876903665,2763523,20.55
2026-09-25,5,SHRIPISTON,SPR Auto Technologies Ltd.,4746.8,0.04862261691740133,110008,50.16
2026-09-25,6,INOXINDIA,INOX India Ltd.,2156.8,0.04455637349864383,377035,19.31
2026-09-25,7,BALRAMCHIN,Balrampur Chini Mills Ltd.,685.8,0.04003639672429471,4511284,10.72
2026-09-25,8,KAYNES,Kaynes Technology India Ltd.,3650.0,0.04003419290497212,1327893,29.35
2026-09-25,9,HBLENGINE,HBL Engineering Ltd.,806.0,0.03959757513220685,5199842,27.26
2026-09-25,10,HEGAM,HEG Advanced Materials Ltd.,244.35,0.03868225292242289,3273043,25.83
2026-09-25,11,CASTROLIND,Castrol India Ltd.,201.67,0.035266940451745166,13237379,48.69
2026-09-25,12,CYIENT,Cyient Ltd.,1094.7,0.03488372093023262,334991,33.71
2026-09-25,13,MFSL,Max Financial Services Ltd.,1458.0,0.03404255319148941,3617694,40.94
2026-09-25,14,SUPREMEIND,Supreme Industries Ltd.,3550.0,0.033779848573092686,112619,37.27
2026-09-25,15,JUBLINGREA,Jubilant Ingrevia Ltd.,656.1,0.03265916424018256,372268,42.57
2026-09-25,16,ENRIN,Siemens Energy India Ltd.,3313.0,0.03035392175157048,462792,41.25
2026-09-25,17,MAHABANK,Bank of Maharashtra,84.88,0.03034717164360279,12167444,47.0
2026-09-25,18,AXISBANK,Axis Bank Ltd.,1222.4,0.03025705857564276,6923162,58.67
2026-09-25,19,ZENSARTECH,Zensar Technolgies Ltd.,434.9,0.02922731037747006,1049624,33.51
2026-09-25,20,IREDA,Indian Renewable Energy Development Agency Ltd.,113.22,0.028244482789937297,13343910,23.35
2026-09-25,21,MANAPPURAM,Manappuram Finance Ltd.,334.0,0.027850438529004595,4493331,38.76
2026-09-25,22,VEDPOWER,Vedanta Power Ltd.,32.95,0.026479750778816147,14269362,43.44
2026-09-25,23,HYUNDAI,Hyundai Motor India Ltd.,2115.0,0.026400077647287246,1546794,34.83
2026-09-25,24,BANDHANBNK,Bandhan Bank Ltd.,187.7,0.02624384909786759,10120013,38.15
2026-09-25,25,BLUESTARCO,Blue Star Ltd.,1565.0,0.026229508196721207,570933,44.61
2026-09-25,26,NAUKRI,Info Edge (India) Ltd.,1254.8,0.025163398692810368,1135428,34.9
2026-09-25,27,CUB,City Union Bank Ltd.,225.57,0.022900417195719225,1484087,50.19
2026-09-25,28,INOXWIND,Inox Wind Ltd.,74.75,0.0227117252702147,11031367,34.78
2026-09-25,29,ZENTEC,Zen Technologies Ltd.,1682.4,0.02230054080330568,318892,42.53
2026-09-25,30,EIDPARRY,E.I.D. Parry (India) Ltd.,704.75,0.022043361612646084,341486,40.55
2026-09-25,31,IDBI,IDBI Bank Ltd.,84.4,0.021791767554479646,18328262,26.19
2026-09-25,32,ASIANPAINT,Asian Paints Ltd.,2444.0,0.02144021398420204,426982,42.48
2026-09-25,33,KSB,KSB Ltd.,819.1,0.02113071121361343,270689,59.22
2026-09-25,34,VISL,Vedanta Iron and Steel Ltd.,32.78,0.02023031434796141,17169111,47.59
2026-09-25,35,SYRMA,Syrma SGS Technology Ltd.,1732.6,0.020016484163428716,1026235,21.29
2026-09-25,36,ZYDUSLIFE,Zydus Lifesciences Ltd.,1203.9,0.019994916546640873,1991779,41.98
2026-09-25,37,BERGEPAINT,Berger Paints India Ltd.,458.35,0.019915442812639128,219110,43.99
2026-09-25,38,MOTHERSON,Samvardhana Motherson International Ltd.,165.71,0.019753846153846233,14239797,51.2
2026-09-25,39,DLF,DLF Ltd.,683.0,0.01879474940334136,3573018,51.97
2026-09-25,40,AZAD,Azad Engineering Ltd.,2728.0,0.01855654706343568,438788,43.9
2026-09-25,41,GRANULES,Granules India Ltd.,868.65,0.018347010550996412,597420,46.98
2026-09-25,42,PIRAMALFIN,Piramal Finance Ltd.,2142.7,0.018248348619493315,307942,45.43
2026-09-25,43,PERSISTENT,Persistent Systems Ltd.,5372.0,0.018002653022550774,307915,27.91
2026-09-25,44,AUBANK,AU Small Finance Bank Ltd.,1018.0,0.017898210178982188,2524193,58.67
2026-09-25,45,BELRISE,Belrise Industries Ltd.,247.92,0.017608668883142498,3073786,51.74
2026-09-25,46,M&M,Mahindra & Mahindra Ltd.,3035.0,0.01753444865390419,2080300,64.97
2026-09-25,47,GODREJPROP,Godrej Properties Ltd.,1700.1,0.01729296314025852,273610,41.3
2026-09-25,48,RADICO,Radico Khaitan Ltd,4557.1,0.01691473456363113,251300,35.02
2026-09-25,49,CMPDI,Central Mine Planning & Design Institute Ltd.,210.2,0.01688355667360053,1078380,40.08
2026-09-25,50,ADANIPOWER,Adani Power Ltd.,202.75,0.016392620814116743,16171228,24.59
2026-09-25,51,LGEINDIA,LG Electronics India Ltd.,1725.4,0.016316192495729576,883000,48.46
2026-09-25,52,IGIL,International Gemological Institute Ltd.,330.55,0.016295157571099228,551729,58.6
2026-09-25,53,TVSMOTOR,TVS Motor Company Ltd.,4157.3,0.016206306526521663,411326,59.69
2026-09-25,54,PRIVISCL,Privi Speciality Chemicals Ltd.,3594.1,0.015885129596653336,97623,61.05
2026-09-25,55,ABREL,Aditya Birla Real Estate Ltd.,1230.9,0.015761676844363803,164987,44.64
2026-09-25,56,APTUS,Aptus Value Housing Finance India Ltd.,244.6,0.015274780009961741,1278151,62.59
2026-09-25,57,RECLTD,REC Ltd.,312.95,0.01524736415247352,3896789,56.93
2026-09-25,58,BAJFINANCE,Bajaj Finance Ltd.,996.9,0.015173116089612915,5467794,68.98
2026-09-25,59,TECHNOE,Techno Electric & Engineering Company Ltd.,1006.2,0.014672515504462247,104359,50.61
2026-09-25,60,NAVINFLUOR,Navin Fluorine International Ltd.,8584.5,0.014596383406216829,107462,60.46
2026-09-25,61,AIIL,Authum Investment & Infrastructure Ltd.,559.6,0.014503263234227681,338399,29.69
2026-09-25,62,TEGA,Tega Industries Ltd.,2091.6,0.014354995150339445,261282,38.78
2026-09-25,63,FORCEMOT,Force Motors Ltd.,17388.0,0.0143507175358768,64737,32.91
2026-09-25,64,STARHEALTH,Star Health and Allied Insurance Company Ltd.,558.15,0.01408066860465107,1280937,26.33
2026-09-25,65,CUPID,Cupid Ltd.,270.0,0.013894104393540996,13680181,29.7
2026-09-25,66,APLAPOLLO,APL Apollo Tubes Ltd.,2214.7,0.013685463200292736,339098,60.35
2026-09-25,67,SOLARINDS,Solar Industries India Ltd.,19745.0,0.013603696098562601,120411,32.44
2026-09-25,68,CANFINHOME,Can Fin Homes Ltd.,753.25,0.013590795936217592,352616,62.24
2026-09-25,69,EMMVEE,Emmvee Photovoltaic Power Ltd.,321.9,0.013539042821158587,2471556,41.45
2026-09-25,70,IEX,Indian Energy Exchange Ltd.,112.7,0.013489208633093552,2079348,42.46
2026-09-25,71,PWL,Physicswallah Ltd.,134.36,0.012967430639324595,6520141,53.55
2026-09-25,72,ANURAS,Anupam Rasayan India Ltd.,1192.4,0.012911994563370666,167982,58.27
2026-09-25,73,ADANIGREEN,Adani Green Energy Ltd.,1296.6,0.012889617998593783,972126,45.68
2026-09-25,74,TDPOWERSYS,TD Power Systems Ltd.,751.55,0.01287061994609151,1040836,41.16
2026-09-25,75,JSL,Jindal Stainless Ltd.,748.25,0.012585425265579486,1774357,65.46
2026-09-25,76,SANSERA,Sansera Engineering Ltd.,4662.4,0.012332812228591061,315334,47.05
2026-09-25,77,DMART,Avenue Supermarts Ltd.,3834.2,0.012330033003300267,297635,59.1
2026-09-25,78,TORNTPHARM,Torrent Pharmaceuticals Ltd.,4988.5,0.01217408947955767,386632,65.31
2026-09-25,79,HEROMOTOCO,Hero MotoCorp Ltd.,5360.0,0.012084592145015005,299598,50.85
2026-09-25,80,THERMAX,Thermax Ltd.,3447.2,0.012066586418484349,71452,49.31
2026-09-25,81,PHOENIXLTD,Phoenix Mills Ltd.,1978.4,0.011969309462915634,463656,56.11
2026-09-25,82,JUBLFOOD,Jubilant Foodworks Ltd.,484.55,0.01179787011902289,945073,43.68
2026-09-25,83,POWERGRID,Power Grid Corporation of India Ltd.,269.5,0.011636636636636721,6241140,64.39
2026-09-25,84,ESCORTS,Escorts Kubota Ltd.,2855.7,0.011619256792659849,42484,47.16
2026-09-25,85,HCLTECH,HCL Technologies Ltd.,1258.0,0.011579285944033568,1568243,40.65
2026-09-25,86,OBEROIRLTY,Oberoi Realty Ltd.,1858.5,0.011428571428571344,638248,40.23
2026-09-25,87,ASHOKLEY,Ashok Leyland Ltd.,159.08,0.011315956770502122,10274172,58.06
2026-09-25,88,COHANCE,Cohance Lifesciences Ltd.,459.25,0.011229769899812947,557235,74.14
2026-09-25,89,LTM,LTM Ltd.,4083.0,0.011144130757800852,302018,39.0
2026-09-25,90,TATAPOWER,Tata Power Co. Ltd.,367.5,0.01114321089558401,1727813,44.56
2026-09-25,91,COROMANDEL,Coromandel International Ltd.,1963.9,0.011016731016731063,49460,47.98
2026-09-25,92,TITAN,Titan Company Ltd.,4884.0,0.010657009829280861,368677,46.65
2026-09-25,93,WELSPUNLIV,Welspun Living Ltd.,224.68,0.01061532925512787,2858135,39.87
2026-09-25,94,NAM-INDIA,Nippon Life India Asset Management Ltd.,1157.0,0.010568608612105734,752030,55.99
2026-09-25,95,PPLPHARMA,Piramal Pharma Ltd.,210.31,0.01052277532192969,3361746,41.09
2026-09-25,96,BOSCHLTD,Bosch Ltd.,48250.0,0.010471204188481575,18852,49.64
2026-09-25,97,POWERINDIA,Hitachi Energy India Ltd.,31035.0,0.010418362363666,130207,44.36
2026-09-25,98,INDIGO,InterGlobe Aviation Ltd.,4940.0,0.010224948875255713,408716,56.98
2026-09-25,99,SONACOMS,Sona BLW Precision Forgings Ltd.,824.5,0.010045326473110405,3101062,51.33
2026-09-25,100,TMCV,Tata Motors Ltd.,441.5,0.009950817797094835,6273947,50.05
2026-09-28,1,TTML,Tata Teleservices (Maharashtra) Ltd.,36.19,0.05081300813008127,79429217,4.13
2026-09-28,2,ELECON,Elecon Engineering Co. Ltd.,480.75,0.04909983633387882,6723720,10.82
2026-09-28,3,AEGISVOPAK,Aegis Vopak Terminals Ltd.,298.55,0.038434782608695706,2120065,34.44
2026-09-28,4,MRPL,Mangalore Refinery & Petrochemicals Ltd.,169.8,0.03159173754556521,21758950,16.06
2026-09-28,5,CRISIL,CRISIL Ltd.,4650.6,0.02889380530973451,135575,36.59
2026-09-28,6,GLAXO,Glaxosmithkline Pharmaceuticals Ltd.,2896.4,0.028660723798700216,459963,20.94
2026-09-28,7,GESHIP,Great Eastern Shipping Co. Ltd.,1533.4,0.024178466470745397,3277779,25.76
2026-09-28,8,CHENNPETRO,Chennai Petroleum Corporation Ltd.,1408.1,0.02303109561174055,2809248,19.52
2026-09-28,9,FIRSTCRY,Brainbees Solutions Ltd.,184.72,0.02151191727036439,38456794,9.46
2026-09-28,10,ENDURANCE,Endurance Technologies Ltd.,2700.4,0.020597906194489646,83166,47.79
2026-09-28,11,DIXON,Dixon Technologies (India) Ltd.,13640.0,0.01867064973861088,571209,45.26
2026-09-28,12,DRREDDY,Dr. Reddy's Laboratories Ltd.,1221.0,0.016652789342214813,3401676,49.95
2026-09-28,13,SARDAEN,Sarda Energy and Minerals Ltd.,501.3,0.016526411842238797,558287,41.26
2026-09-28,14,VOLTAS,Voltas Ltd.,1135.5,0.015471293149704746,933414,23.32
2026-09-28,15,BHARATCOAL,Bharat Coking Coal Ltd.,32.51,0.01498595067124553,13761887,22.63
2026-09-28,16,MSUMI,Motherson Sumi Wiring India Ltd.,34.8,0.014873140857392775,14877991,43.77
2026-09-28,17,WELSPUNLIV,Welspun Living Ltd.,227.95,0.014554032401637773,4159923,52.22
2026-09-28,18,IREDA,Indian Renewable Energy Development Agency Ltd.,114.82,0.014131778837661146,17078712,16.95
2026-09-28,19,SUNTV,Sun TV Network Ltd.,519.9,0.013055339049103498,1271129,28.41
2026-09-28,20,ABDL,Allied Blenders and Distillers Ltd.,723.45,0.011747430249632984,1807712,28.35
2026-09-28,21,PETRONET,Petronet LNG Ltd.,289.85,0.011692844677138048,2937411,44.24
2026-09-28,22,AAVAS,Aavas Financiers Ltd.,1282.4,0.011595803423522844,88608,46.63
2026-09-28,23,PREMIERENE,Premier Energies Ltd.,906.0,0.010709504685408433,1041474,34.1
2026-09-28,24,CPPLUS,Aditya Infotech Ltd.,3723.4,0.0097355932203389,164856,51.6
2026-09-28,25,ICICIAMC,ICICI Prudential Asset Management Company Ltd.,3214.5,0.009388934246059133,166130,57.53
2026-09-28,26,FEDERALBNK,Federal Bank Ltd.,325.0,0.009316770186335477,7819379,54.88
2026-09-28,27,ZYDUSLIFE,Zydus Lifesciences Ltd.,1215.0,0.009220034886618489,3986338,40.48
2026-09-28,28,ANANDRATHI,Anand Rathi Wealth Ltd.,2146.2,0.009121685160804693,394039,45.63
2026-09-28,29,SYRMA,Syrma SGS Technology Ltd.,1746.4,0.007964908230405188,1859395,34.87
2026-09-28,30,LINDEINDIA,Linde India Ltd.,6191.0,0.007895807895807794,33696,29.67
2026-09-28,31,CHOICEIN,Choice International Ltd.,756.9,0.007789095266626855,403447,51.72
2026-09-28,32,ZYDUSWELL,Zydus Wellness Ltd.,524.4,0.007299270072992581,159657,47.92
2026-09-28,33,CAPLIPOINT,Caplin Point Laboratories Ltd.,2854.0,0.006666431519170457,121333,36.63
2026-09-28,34,BLUESTARCO,Blue Star Ltd.,1575.4,0.006645367412140724,1477339,39.21
2026-09-28,35,TATATECH,Tata Technologies Ltd.,707.05,0.005689495768437469,880603,42.25
2026-09-28,36,HEROMOTOCO,Hero MotoCorp Ltd.,5390.0,0.005597014925373234,340540,56.48
2026-09-28,37,NETWEB,Netweb Technologies India Ltd.,4566.5,0.004730473047304784,657592,23.37
2026-09-28,38,AMBER,Amber Enterprises India Ltd.,6990.0,0.004310344827586299,124117,34.49
2026-09-28,39,ZENSARTECH,Zensar Technolgies Ltd.,436.7,0.004138882501724561,2452523,18.63
2026-09-28,40,PRIVISCL,Privi Speciality Chemicals Ltd.,3605.3,0.0031162182465709343,81986,61.28
2026-09-28,41,LGEINDIA,LG Electronics India Ltd.,1730.7,0.003071751477918161,596986,54.62
2026-09-28,42,INFY,Infosys Ltd.,1003.2,0.0029994001199760145,8567672,52.25
2026-09-28,43,PIRAMALFIN,Piramal Finance Ltd.,2149.0,0.0029402156158118142,328989,44.27
2026-09-28,44,BELRISE,Belrise Industries Ltd.,248.62,0.0028234914488545204,4151643,42.35
2026-09-28,45,OFSS,Oracle Financial Services Software Ltd.,10800.0,0.0027855153203342198,194825,33.03
2026-09-28,46,EIDPARRY,E.I.D. Parry (India) Ltd.,706.45,0.0024122029088329278,344029,51.96
2026-09-28,47,KAYNES,Kaynes Technology India Ltd.,3658.0,0.0021917808219178436,983180,27.68
2026-09-28,48,LTM,LTM Ltd.,4091.4,0.002057310800881673,408185,44.42
2026-09-28,49,KIRLOSENG,Kirloskar Oil Eng Ltd.,2141.2,0.0018716077110236817,388047,52.96
2026-09-28,50,LAURUSLABS,Laurus Labs Ltd.,2010.7,0.0018435475834579496,950451,49.61
2026-09-28,51,LTTS,L&T Technology Services Ltd.,3211.6,0.0017154798665044435,35810,49.13
2026-09-28,52,MPHASIS,MphasiS Ltd.,2237.5,0.0015666965085048279,310054,47.73
2026-09-28,53,EIHOTEL,EIH Ltd.,295.1,0.001357312521208076,150656,52.24
2026-09-28,54,PARADEEP,Paradeep Phosphates Ltd.,155.7,0.0013505691684352339,1861368,43.9
2026-09-28,55,TATAELXSI,Tata Elxsi Ltd.,3191.0,0.0012865166776490078,162425,32.07
2026-09-28,56,CHAMBLFERT,Chambal Fertilizers & Chemicals Ltd.,418.45,0.0011963153487259959,399648,52.42
2026-09-28,57,HONASA,Honasa Consumer Ltd.,466.05,0.001181525241675585,1531653,40.25
2026-09-28,58,HDFCLIFE,HDFC Life Insurance Company Ltd.,531.6,0.001129943502824915,2307139,40.56
2026-09-28,59,CROMPTON,Crompton Greaves Consumer Electricals Ltd.,218.8,0.0009149130832570851,2511271,41.36
2026-09-28,60,FLUOROCHEM,Gujarat Fluorochemicals Ltd.,4443.7,0.0005178547304904857,33891,48.94
2026-09-28,61,DABUR,Dabur India Ltd.,385.75,0.00038900414937748096,2851715,72.93
2026-09-28,62,RHIM,RHI MAGNESITA INDIA LTD.,386.6,0.0003881485315047062,431637,44.93
2026-09-29,1,KIRLOSENG,Kirloskar Oil Eng Ltd.,2402.0,0.12180085933121632,5298949,23.95
2026-09-29,2,CUPID,Cupid Ltd.,288.0,0.08884688090737236,37060879,55.48
2026-09-29,3,TDPOWERSYS,TD Power Systems Ltd.,777.35,0.07666204986149583,7602887,63.82
2026-09-29,4,AZAD,Azad Engineering Ltd.,2914.2,0.07013807285546414,5323693,19.47
2026-09-29,5,KIRLOSBROS,Kirloskar Brothers Ltd.,1848.3,0.06696299717139054,457358,40.52
2026-09-29,6,VEDPOWER,Vedanta Power Ltd.,34.25,0.0653188180404356,35097382,41.91
2026-09-29,7,SUNTV,Sun TV Network Ltd.,553.25,0.0641469513367956,3444850,34.6
2026-09-29,8,ADANIENT,Adani Enterprises Ltd.,2972.9,0.050086538801172864,4062231,67.72
2026-09-29,9,GLENMARK,Glenmark Pharmaceuticals Ltd.,2441.5,0.049791460635507656,1277155,65.75
2026-09-29,10,VISL,Vedanta Iron and Steel Ltd.,32.85,0.045512412476129915,21043260,57.44
2026-09-29,11,MANKIND,Mankind Pharma Ltd.,2545.0,0.04491706355723446,1973968,35.35
2026-09-29,12,ADANIPORTS,Adani Ports and Special Economic Zone Ltd.,1822.0,0.04490451339106505,4214197,70.77
2026-09-29,13,APOLLOTYRE,Apollo Tyres Ltd.,406.75,0.04401950718685832,5125753,58.91
2026-09-29,14,CMPDI,Central Mine Planning & Design Institute Ltd.,213.12,0.04174406100303063,2376372,40.41
2026-09-29,15,PTCIL,PTC Industries Ltd.,22535.0,0.039197602029052314,19622,37.3
2026-09-29,16,THANGAMAYL,Thangamayil Jewellery Ltd.,5204.5,0.03851142372543159,177094,55.89
2026-09-29,17,BBOX,Black Box Ltd.,812.8,0.03785992466321897,1236329,42.67
2026-09-29,18,WELCORP,Welspun Corp Ltd.,2842.0,0.03733985472861989,3094471,38.86
2026-09-29,19,LLOYDSME,Lloyds Metals And Energy Ltd.,1902.2,0.03588738223601817,459165,52.7
2026-09-29,20,VMM,Vishal Mega Mart Ltd.,104.3,0.034619581390735066,15659999,48.65
2026-09-29,21,VAML,Vedanta Aluminium Metal Ltd.,434.45,0.03428163313891197,56303173,69.13
2026-09-29,22,BSE,BSE Ltd.,3200.0,0.03309120258272791,30101047,75.21
2026-09-29,23,GLAND,Gland Pharma Ltd.,2989.7,0.03235497237569063,876878,46.27
2026-09-29,24,APARINDS,Apar Industries Ltd.,17803.0,0.031280773909517556,199491,43.1
2026-09-29,25,BHARATCOAL,Bharat Coking Coal Ltd.,33.5,0.030452168563519066,13101283,35.94
2026-09-29,26,LENSKART,Lenskart Solutions Ltd.,674.6,0.029609279609279504,6208921,63.32
2026-09-29,27,MEESHO,Meesho Ltd.,223.21,0.029423972697504963,31046538,47.1
2026-09-29,28,KSB,KSB Ltd.,824.8,0.029391575663026526,755002,59.59
2026-09-29,29,PAYTM,One 97 Communications Ltd.,1683.0,0.02885438317642741,3925804,41.68
2026-09-29,30,HBLENGINE,HBL Engineering Ltd.,808.3,0.02882963151530582,2224069,33.42
2026-09-29,31,TECHNOE,Techno Electric & Engineering Company Ltd.,1010.15,0.028823139990833635,271404,44.11
2026-09-29,32,ACUTAAS,Acutaas Chemicals Ltd.,3304.1,0.02790567446490777,999485,47.54
2026-09-29,33,ASAHIINDIA,Asahi India Glass Ltd.,957.95,0.026136789673825822,286875,37.62
2026-09-29,34,RRKABEL,R R Kabel Ltd.,2523.2,0.025774453207577652,240700,47.75
2026-09-29,35,DRREDDY,Dr. Reddy's Laboratories Ltd.,1251.9,0.02530712530712531,5347128,45.84
2026-09-29,36,CPPLUS,Aditya Infotech Ltd.,3817.6,0.025299457485094212,224859,67.39
2026-09-29,37,TEGA,Tega Industries Ltd.,2060.6,0.02440964454387262,342283,34.19
2026-09-29,38,DELHIVERY,Delhivery Ltd.,417.4,0.024294478527607355,5622866,37.4
2026-09-29,39,HYUNDAI,Hyundai Motor India Ltd.,2100.0,0.024040571512166764,763311,49.42
2026-09-29,40,BANDHANBNK,Bandhan Bank Ltd.,185.31,0.023812154696132515,9533177,43.64
2026-09-29,41,EIHOTEL,EIH Ltd.,301.85,0.022873602168756335,2110585,11.53
2026-09-29,42,COCHINSHIP,Cochin Shipyard Ltd.,1359.3,0.022799097065462792,1450465,39.93
2026-09-29,43,SHRIPISTON,SPR Auto Technologies Ltd.,4749.2,0.022366693216799627,272659,52.88
2026-09-29,44,ANTHEM,Anthem Biosciences Ltd.,869.75,0.021912818705204895,689600,47.64
2026-09-29,45,IRFC,Indian Railway Finance Corporation Ltd.,80.26,0.021769573520050933,15747317,33.26
2026-09-29,46,KPITTECH,KPIT Technologies Ltd.,519.7,0.021021611001964757,3351279,56.51
2026-09-29,47,INDUSTOWER,Indus Towers Ltd.,367.55,0.02097222222222217,8836110,49.17
2026-09-29,48,JAINREC,Jain Resource Recycling Ltd.,287.65,0.02094055013309659,1712900,28.64
2026-09-29,49,CHENNPETRO,Chennai Petroleum Corporation Ltd.,1436.9,0.020453092820112317,2928658,19.18
2026-09-29,50,ADANIGREEN,Adani Green Energy Ltd.,1260.0,0.020242914979757165,1615165,41.28
2026-09-29,51,ABBOTINDIA,Abbott India Ltd.,27270.0,0.01982049364248306,20582,33.23
2026-09-29,52,VOGL,Vedanta Oil and Gas Ltd.,33.96,0.01981981981981984,40629240,46.82
2026-09-29,53,HINDPETRO,Hindustan Petroleum Corporation Ltd.,349.2,0.019710906701708275,4074720,49.62
2026-09-29,54,FINCABLES,Finolex Cables Ltd.,1435.5,0.019458845252467993,769597,46.52
2026-09-29,55,TBOTEK,TBO Tek Ltd.,1684.7,0.018068648779308694,113052,62.53
2026-09-29,56,GRANULES,Granules India Ltd.,866.75,0.018029128494244873,1132457,51.88
2026-09-29,57,NATCOPHARM,NATCO Pharma Ltd.,843.1,0.017560798986180792,636356,46.17
2026-09-29,58,RHIM,RHI MAGNESITA INDIA LTD.,393.2,0.017071908949818804,714917,39.4
2026-09-29,59,RKFORGE,Ramkrishna Forgings Ltd.,714.65,0.016427250746693156,843189,41.5
2026-09-29,60,EMCURE,Emcure Pharmaceuticals Ltd.,1959.1,0.016236124079261227,330808,58.18
2026-09-29,61,POWERINDIA,Hitachi Energy India Ltd.,30735.0,0.01569729015201582,387016,69.88
2026-09-29,62,IIFL,IIFL Finance Ltd.,607.5,0.015631530552536965,2559619,47.49
2026-09-29,63,URBANCO,Urban Company Ltd.,163.71,0.015507722845977234,3747128,39.1
2026-09-29,64,FRACTAL,Fractal Analytics Ltd.,753.15,0.014890176526074494,1079289,55.02
2026-09-29,65,SUNPHARMA,Sun Pharmaceutical Industries Ltd.,1865.0,0.014689880304679104,3083083,63.86
2026-09-29,66,ALKEM,Alkem Laboratories Ltd.,5250.0,0.01449275362318847,244410,51.82
2026-09-29,67,ADANIENSOL,Adani Energy Solutions Ltd.,1305.8,0.013898594611382764,2592098,53.56
2026-09-29,68,NUVOCO,Nuvoco Vistas Corporation Ltd.,330.2,0.013349700782568474,442330,44.16
2026-09-29,69,CONCORDBIO,Concord Biotech Ltd.,1410.7,0.012924535075752086,153198,37.46
2026-09-29,70,TENNIND,Tenneco Clean Air India Ltd.,508.6,0.012844767499751164,903915,42.04
2026-09-29,71,JYOTICNC,Jyoti CNC Automation Ltd.,1059.3,0.012618296529968598,703728,39.22
2026-09-29,72,CANHLIFE,Canara HSBC Life Insurance Company Ltd.,149.62,0.012450940587359627,1474938,53.63
2026-09-29,73,JSWENERGY,JSW Energy Ltd.,501.15,0.012424242424242449,1639218,61.87
2026-09-29,74,ITCHOTELS,ITC Hotels Ltd.,160.53,0.012360471715961552,1965803,49.14
2026-09-29,75,PNBHOUSING,PNB Housing Finance Ltd.,1098.2,0.012165898617511495,907413,41.84
2026-09-29,76,INFY,Infosys Ltd.,1015.4,0.012161084529505484,12992711,64.13
2026-09-29,77,RAILTEL,Railtel Corporation Of India Ltd.,259.25,0.012102283818075543,637058,36.94
2026-09-29,78,PPLPHARMA,Piramal Pharma Ltd.,209.07,0.012004453264920834,5062059,27.98
2026-09-29,79,ONESOURCE,Onesource Specialty Pharma Ltd.,1583.3,0.011176395452803689,463289,57.23
2026-09-29,80,KOTAKBANK,Kotak Mahindra Bank Ltd.,406.0,0.011082057029012438,32613940,75.87
2026-09-29,81,MANAPPURAM,Manappuram Finance Ltd.,316.45,0.011022364217252445,9763639,33.62
2026-09-29,82,MRPL,Mangalore Refinery & Petrochemicals Ltd.,171.65,0.010895170789163577,15901075,15.93
2026-09-29,83,NETWEB,Netweb Technologies India Ltd.,4613.0,0.010182853388809754,822138,19.01
2026-09-29,84,RUBICON,Rubicon Research Ltd.,1609.0,0.010170768458061197,701771,66.01
2026-09-29,85,COHANCE,Cohance Lifesciences Ltd.,457.9,0.010147804985660702,1477420,42.11
2026-09-29,86,AUBANK,AU Small Finance Bank Ltd.,1005.2,0.009946749723701576,1870471,60.06
2026-09-29,87,TATACAP,Tata Capital Ltd.,331.35,0.009905516610789311,3110270,57.7
2026-09-29,88,IPCALAB,Ipca Laboratories Ltd.,1938.1,0.009795237847131766,246042,49.46
2026-09-29,89,SONACOMS,Sona BLW Precision Forgings Ltd.,815.65,0.009592771382596954,4300310,57.58
2026-09-29,90,CARTRADE,Cartrade Tech Ltd.,2907.5,0.009513558556994539,245679,42.5
2026-09-29,91,INOXINDIA,INOX India Ltd.,2070.4,0.009409585100677686,363480,52.67
2026-09-29,92,AJANTPHARM,Ajanta Pharmaceuticals Ltd.,3557.5,0.009162600703506163,85009,47.5
2026-09-29,93,TATASTEEL,Tata Steel Ltd.,188.0,0.00912506709608163,28159048,50.77
2026-09-29,94,TARIL,Transformers And Rectifiers (India) Ltd.,272.85,0.008874098724348523,1066716,42.23
2026-09-29,95,KALYANKJIL,Kalyan Jewellers India Ltd.,568.85,0.008599290780141988,9165283,19.05
2026-09-29,96,AVANTIFEED,Avanti Feeds Ltd.,747.5,0.008091706001348564,628946,49.39
2026-09-29,97,TATACONSUM,Tata Consumer Products Ltd.,967.7,0.008020833333333366,2410899,66.93
2026-09-29,98,NTPC,NTPC Ltd.,323.5,0.007474307069448738,11956206,66.62
2026-09-29,99,PFOCUS,Prime Focus Ltd.,317.5,0.007296954314720772,3725970,12.46
2026-09-29,100,NUVAMA,Nuvama Wealth Management Ltd.,1652.1,0.007009630622942797,295343,44.4
2026-09-30,1,IRCON,IRCON International Ltd.,117.09,0.14267590514296868,76654100,6.83
2026-09-30,2,SUNTV,Sun TV Network Ltd.,605.0,0.09353818346136467,34672457,8.1
2026-09-30,3,RITES,RITES Ltd.,209.05,0.08704695543653473,50416237,2.55
2026-09-30,4,CUPID,Cupid Ltd.,311.65,0.0821180555555554,66496228,30.69
2026-09-30,5,AEGISLOG,Aegis Logistics Ltd.,1380.1,0.06177873519002919,1090547,28.75
2026-09-30,6,JWL,Jupiter Wagons Ltd.,233.12,0.0605040487671733,24061117,5.42
2026-09-30,7,SOLARINDS,Solar Industries India Ltd.,19700.0,0.05630026809651478,302167,37.93
2026-09-30,8,SYRMA,Syrma SGS Technology Ltd.,1782.9,0.053349875930521096,3788979,22.58
2026-09-30,9,JKCEMENT,J.K. Cement Ltd.,5076.0,0.05212975437869205,106778,63.42
2026-09-30,10,CUB,City Union Bank Ltd.,226.05,0.051835652133451315,8157697,29.65
2026-09-30,11,ICICIGI,ICICI Lombard General Insurance Company Ltd.,1590.0,0.04950495049504955,1952166,67.69
2026-09-30,12,LTTS,L&T Technology Services Ltd.,3228.6,0.04770249221183809,146167,46.07
2026-09-30,13,CREDITACC,CreditAccess Grameen Ltd.,1272.0,0.04579462303707982,364278,39.59
2026-09-30,14,PRESTIGE,Prestige Estates Projects Ltd.,1481.9,0.045432098765432194,1284002,46.86
2026-09-30,15,PVRINOX,PVR INOX Ltd.,1242.7,0.044197966557432355,711172,50.47
2026-09-30,16,CARBORUNIV,Carborundum Universal Ltd.,1252.5,0.043315285297792494,475133,45.31
2026-09-30,17,CYIENT,Cyient Ltd.,1100.7,0.043020941912252475,2323228,17.89
2026-09-30,18,ABSLAMC,Aditya Birla Sun Life AMC Ltd.,995.3,0.04121770059629659,214646,45.58
2026-09-30,19,SANSERA,Sansera Engineering Ltd.,4537.5,0.04018614460593284,247139,25.9
2026-09-30,20,FIVESTAR,Five-Star Business Finance Ltd.,516.85,0.03941679235796891,602120,42.23
2026-09-30,21,ADANIPOWER,Adani Power Ltd.,204.0,0.03922567498726437,21070859,40.06
2026-09-30,22,KSB,KSB Ltd.,856.1,0.037948593598448266,5216083,8.78
2026-09-30,23,NTPCGREEN,NTPC Green Energy Ltd.,93.37,0.03755972885876213,3214816,33.43
2026-09-30,24,KAJARIACER,Kajaria Ceramics Ltd.,1235.1,0.03746325073498524,2882388,63.69
2026-09-30,25,JKTYRE,JK Tyre & Industries Ltd.,347.0,0.036439665471923455,1039519,37.45
2026-09-30,26,GICRE,General Insurance Corporation of India,331.15,0.034035909445745416,772056,49.45
2026-09-30,27,DEEPAKFERT,Deepak Fertilisers & Petrochemicals Corp. Ltd.,1351.0,0.03216441286576499,520150,37.87
2026-09-30,28,DLF,DLF Ltd.,674.0,0.03215926493108734,5830044,62.38
2026-09-30,29,THERMAX,Thermax Ltd.,3392.2,0.030750531753266364,406098,73.43
2026-09-30,30,BOSCHLTD,Bosch Ltd.,47100.0,0.03063457330415753,30394,43.75
2026-09-30,31,TATATECH,Tata Technologies Ltd.,707.5,0.030214779759737853,891561,32.95
2026-09-30,32,UNIONBANK,Union Bank of India,171.0,0.030120481927710774,16921657,50.59
2026-09-30,33,IRB,IRB Infrastructure Developers Ltd.,17.49,0.030035335689045928,15971102,42.04
2026-09-30,34,MINDACORP,Minda Corporation Ltd.,692.85,0.0298773690078038,255045,46.82
2026-09-30,35,MOTHERSON,Samvardhana Motherson International Ltd.,163.26,0.029641775983854535,15307995,47.61
2026-09-30,36,GABRIEL,Gabriel India Ltd.,1341.8,0.029066646215200498,243468,43.08
2026-09-30,37,ECLERX,eClerx Services Ltd.,1819.9,0.028366389783579082,177436,51.92
2026-09-30,38,DALBHARAT,Dalmia Bharat Ltd.,1683.7,0.028276535971662353,111663,46.88
2026-09-30,39,FSL,Firstsource Solutions Ltd.,255.8,0.027721976697468786,6657490,8.59
2026-09-30,40,LTM,LTM Ltd.,4045.0,0.027693089430894213,463734,22.98
2026-09-30,41,IOC,Indian Oil Corporation Ltd.,134.93,0.027411863245260015,9545086,52.63
2026-09-30,42,KOTAKBANK,Kotak Mahindra Bank Ltd.,417.0,0.027093596059113212,32537029,76.63
2026-09-30,43,INDUSINDBK,IndusInd Bank Ltd.,901.4,0.026651480637813085,2428835,55.47
2026-09-30,44,DOMS,DOMS Industries Ltd.,2107.0,0.026603001364256418,46672,40.42
2026-09-30,45,CIEINDIA,CIE Automotive India Ltd.,386.3,0.02616549342542185,288927,54.16
2026-09-30,46,HAL,Hindustan Aeronautics Ltd.,4668.0,0.026091926230409124,1233758,53.43
2026-09-30,47,HDFCAMC,HDFC Asset Management Company Ltd.,2280.7,0.02581747852291616,908968,57.33
2026-09-30,48,JMFINANCIL,JM Financial Ltd.,129.02,0.025759262203848055,2299895,59.09
2026-09-30,49,LODHA,Lodha Developers Ltd.,1135.0,0.025664196638351733,1779057,45.3
2026-09-30,50,IGL,Indraprastha Gas Ltd.,145.61,0.025278129840867525,3093267,54.01
2026-09-30,51,IDFCFIRSTB,IDFC First Bank Ltd.,81.44,0.024918197835388955,23332019,48.61
2026-09-30,52,HEXT,Hexaware Technologies Ltd.,494.1,0.024891101431238294,140752,35.33
2026-09-30,53,RAILTEL,Railtel Corporation Of India Ltd.,265.65,0.024686595949855228,6564878,9.16
2026-09-30,54,NAVA,Nava Ltd.,559.35,0.024544372195255848,374867,51.68
2026-09-30,55,CLEAN,Clean Science and Technology Ltd.,794.35,0.023976796648404797,245660,41.36
2026-09-30,56,ELGIEQUIP,Elgi Equipments Ltd.,608.85,0.023535345044969347,316761,53.76
2026-09-30,57,NLCINDIA,NLC India Ltd.,261.7,0.023264907135874813,1940444,40.54
2026-09-30,58,BDL,Bharat Dynamics Ltd.,1110.1,0.02303935121186984,1193043,38.38
2026-09-30,59,NUVOCO,Nuvoco Vistas Corporation Ltd.,337.8,0.023016353725015204,197279,42.49
2026-09-30,60,INDIGO,InterGlobe Aviation Ltd.,4984.0,0.02298850574712641,624800,46.93
2026-09-30,61,ICICIBANK,ICICI Bank Ltd.,1321.7,0.02282928339266377,14095232,68.37
2026-09-30,62,PERSISTENT,Persistent Systems Ltd.,5279.0,0.022665633475397184,611251,40.25
2026-09-30,63,AMBUJACEM,Ambuja Cements Ltd.,374.0,0.022556390977443552,3219926,54.33
2026-09-30,64,ITCHOTELS,ITC Hotels Ltd.,164.13,0.022425714819659825,1550628,54.94
2026-09-30,65,RECLTD,REC Ltd.,299.0,0.02239699093862213,6842344,50.87
2026-09-30,66,TEGA,Tega Industries Ltd.,2106.7,0.022372124623895928,1493714,27.33
2026-09-30,67,JUBLINGREA,Jubilant Ingrevia Ltd.,653.2,0.022062275074323345,605507,30.04
2026-09-30,68,ACE,Action Construction Equipment Ltd.,1232.0,0.021728313153093426,343169,41.46
2026-09-30,69,BRIGADE,Brigade Enterprises Ltd.,575.25,0.021667702690702617,566667,42.38
2026-09-30,70,SRF,SRF Ltd.,2472.5,0.02165199785132854,292029,54.71
2026-09-30,71,OFSS,Oracle Financial Services Software Ltd.,10630.0,0.021526042667691758,272759,41.84
2026-09-30,72,MCX,Multi Commodity Exchange of India Ltd.,3300.4,0.021163366336633738,2066935,46.58
2026-09-30,73,TORNTPOWER,Torrent Power Ltd.,1245.9,0.021062120963776465,187402,58.74
2026-09-30,74,KARURVYSYA,Karur Vysya Bank Ltd.,324.8,0.020902090209021118,3398416,50.53
2026-09-30,75,MEESHO,Meesho Ltd.,227.75,0.020339590520138007,15536460,38.7
2026-09-30,76,SHREECEM,Shree Cement Ltd.,22345.0,0.02031963470319642,20963,55.93
2026-09-30,77,KPRMILL,K.P.R. Mill Ltd.,1103.3,0.02015718908922781,165794,56.94
2026-09-30,78,INDHOTEL,Indian Hotels Co. Ltd.,728.65,0.020018198362147244,3733640,63.44
2026-09-30,79,LINDEINDIA,Linde India Ltd.,6323.0,0.019920961367852152,28491,49.02
2026-09-30,80,PNBHOUSING,PNB Housing Finance Ltd.,1120.0,0.019850664724093914,1164222,65.76
2026-09-30,81,RVNL,Rail Vikas Nigam Ltd.,201.76,0.019504800404244405,17689293,13.84
2026-09-30,82,JSWINFRA,JSW Infrastructure Ltd.,356.6,0.018857142857142906,2191121,52.59
2026-09-30,83,ZFCVINDIA,ZF Commercial Vehicle Control Systems India Ltd.,2341.0,0.018800591870484773,141190,71.45
2026-09-30,84,LALPATHLAB,Dr. Lal Path Labs Ltd.,1987.0,0.018765381460213337,525994,56.33
2026-09-30,85,MRF,MRF Ltd.,125280.0,0.0178745531361717,4133,59.33
2026-09-30,86,AJANTPHARM,Ajanta Pharmaceuticals Ltd.,3620.8,0.01779339423752635,344068,29.17
2026-09-30,87,BAJAJHLDNG,Bajaj Holdings & Investment Ltd.,10788.0,0.017735849056603747,40117,63.23
2026-09-30,88,POLYMED,Poly Medicure Ltd.,1673.8,0.017693196327597693,118032,48.77
2026-09-30,89,SONACOMS,Sona BLW Precision Forgings Ltd.,830.0,0.01759333047262923,2734579,47.28
2026-09-30,90,ABB,ABB India Ltd.,6776.0,0.01734104046242768,229223,38.21
2026-09-30,91,GVT&D,GE Vernova T&D India Ltd.,4201.0,0.017117400673074545,624058,57.47
2026-09-30,92,AZAD,Azad Engineering Ltd.,2963.2,0.01681422002607924,5708538,11.94
2026-09-30,93,JAINREC,Jain Resource Recycling Ltd.,292.35,0.016339301234138848,924581,33.92
2026-09-30,94,BERGEPAINT,Berger Paints India Ltd.,455.45,0.016175814368585506,302319,55.84
2026-09-30,95,TIMKEN,Timken India Ltd.,3136.0,0.016136348908042386,76082,64.99
2026-09-30,96,GODFRYPHLP,Godfrey Phillips India Ltd.,1891.8,0.01600429645542434,240882,23.9
2026-09-30,97,COFORGE,Coforge Ltd.,1749.1,0.015737514518002316,3113656,32.46
2026-09-30,98,LENSKART,Lenskart Solutions Ltd.,685.05,0.015490661132522954,6800271,57.01
2026-09-30,99,DATAPATTNS,Data Patterns (India) Ltd.,4286.9,0.015468068978586214,336383,27.67
2026-09-30,100,INDUSTOWER,Indus Towers Ltd.,373.2,0.015372058223370955,6712752,60.42
2026-10-01,1,SCHNEIDER,Schneider Electric Infrastructure Ltd.,1275.4,0.05983048030580029,1444982,19.25
2026-10-01,2,INOXINDIA,INOX India Ltd.,2168.3,0.05641900121802679,629630,30.57
2026-10-01,3,IDBI,IDBI Bank Ltd.,86.57,0.053163017031629956,26713864,45.25
2026-10-01,4,WELSPUNLIV,Welspun Living Ltd.,239.17,0.05208287511547072,22516675,12.07
2026-10-01,5,MPHASIS,MphasiS Ltd.,2250.2,0.04446713702190852,1178274,25.8
2026-10-01,6,COFORGE,Coforge Ltd.,1826.0,0.04396546795494838,3419070,41.28
2026-10-01,7,ENRIN,Siemens Energy India Ltd.,3334.0,0.04187500000000011,1649842,31.07
2026-10-01,8,INFY,Infosys Ltd.,1035.0,0.041142742178855274,15166446,51.96
2026-10-01,9,TARIL,Transformers And Rectifiers (India) Ltd.,280.8,0.039614957423176556,57280414,5.85
2026-10-01,10,CCL,CCL Products (I) Ltd.,1056.6,0.0363903874448257,405128,62.17
2026-10-01,11,LEMONTREE,Lemon Tree Hotels Ltd.,107.67,0.032805755395683533,32197118,18.74
2026-10-01,12,NUVAMA,Nuvama Wealth Management Ltd.,1701.4,0.029591527987897104,856086,37.52
2026-10-01,13,CGPOWER,CG Power and Industrial Solutions Ltd.,879.0,0.029033013345820535,4633143,26.29
2026-10-01,14,ZENSARTECH,Zensar Technolgies Ltd.,434.35,0.029021558872305064,1843893,23.27
2026-10-01,15,AADHARHFC,Aadhar Housing Finance Ltd.,448.4,0.028440366972477094,620361,47.89
2026-10-01,16,GRAPHITE,Graphite India Ltd.,786.15,0.02791579497907959,1585680,33.37
2026-10-01,17,UBL,United Breweries Ltd.,1188.8,0.026508937052068138,143713,46.31
2026-10-01,18,HDFCLIFE,HDFC Life Insurance Company Ltd.,534.2,0.024942440521872555,4008935,44.22
2026-10-01,19,HAVELLS,Havells India Ltd.,1040.0,0.023622047244094446,2030089,53.96
2026-10-01,20,POWERINDIA,Hitachi Energy India Ltd.,31290.0,0.021547502448579836,145146,36.88
2026-10-01,21,SIEMENS,Siemens Ltd.,3804.0,0.021043590294180792,243713,42.26
2026-10-01,22,CUMMINSIND,Cummins India Ltd.,4860.0,0.021008403361344463,393680,48.69
2026-10-01,23,RBLBANK,RBL Bank Ltd.,411.4,0.01995785298128161,5387538,29.82
2026-10-01,24,FORTIS,Fortis Healthcare Ltd.,785.0,0.01948051948051943,6942851,53.22
2026-10-01,25,HOMEFIRST,Home First Finance Company India Ltd.,1125.7,0.018917451122375084,187768,57.78
2026-10-01,26,ABB,ABB India Ltd.,6900.0,0.018299881936245654,240835,39.09
2026-10-01,27,CUB,City Union Bank Ltd.,230.04,0.01765096217650952,4776469,34.76
2026-10-01,28,HDFCBANK,HDFC Bank Ltd.,721.2,0.01763792860166502,37389857,63.31
2026-10-01,29,ASTERDM,Aster DM Quality Care Ltd.,708.9,0.01685433550885751,1534481,63.63
2026-10-01,30,PERSISTENT,Persistent Systems Ltd.,5367.0,0.016669823830270936,506268,36.47
2026-10-01,31,IKS,Inventurus Knowledge Solutions Ltd.,1776.4,0.016537911301859776,149999,52.11
2026-10-01,32,COHANCE,Cohance Lifesciences Ltd.,451.3,0.01644144144144155,683663,55.91
2026-10-01,33,TATACOMM,Tata Communications Ltd.,1683.0,0.016181620577224942,140782,42.49
2026-10-01,34,NYKAA,FSN E-Commerce Ventures Ltd.,324.95,0.01546874999999992,7907193,61.61
2026-10-01,35,AEGISLOG,Aegis Logistics Ltd.,1401.1,0.015216288674733791,1061975,33.83
2026-10-01,36,APARINDS,Apar Industries Ltd.,17648.0,0.015186378278877033,138360,31.61
2026-10-01,37,TTML,Tata Teleservices (Maharashtra) Ltd.,34.82,0.015160349854227428,8582189,12.63
2026-10-01,38,SBILIFE,SBI Life Insurance Company Ltd.,1721.6,0.014854987031360345,3329860,63.76
2026-10-01,39,MAHABANK,Bank of Maharashtra,80.5,0.014237117298727453,9608211,35.04
2026-10-01,40,SIGNATURE,Signatureglobal (India) Ltd.,737.45,0.014164890325242485,227926,11.48
2026-10-01,41,SAGILITY,Sagility Ltd.,43.17,0.013856270549553962,11692520,38.29
2026-10-01,42,MFSL,Max Financial Services Ltd.,1392.0,0.013543031891655621,1151973,54.21
2026-10-01,43,BHEL,Bharat Heavy Electricals Ltd.,421.0,0.013237063778579916,12669050,36.04
2026-10-01,44,MANKIND,Mankind Pharma Ltd.,2535.0,0.012461059190031154,427905,53.59
2026-10-01,45,GVT&D,GE Vernova T&D India Ltd.,4253.2,0.01242561294929767,784543,33.76
2026-10-01,46,LTTS,L&T Technology Services Ltd.,3267.8,0.01214148547357996,80220,44.92
2026-10-01,47,HDFCAMC,HDFC Asset Management Company Ltd.,2308.1,0.012013855395273332,1134071,61.38
2026-10-01,48,MAXHEALTH,Max Healthcare Institute Ltd.,940.95,0.011991826199182709,5464461,52.55
2026-10-01,49,TCS,Tata Consultancy Services Ltd.,2075.0,0.01189895640300409,3428501,54.9
2026-10-01,50,BAJAJHFL,Bajaj Housing Finance Ltd.,82.91,0.011097560975609655,5602067,54.28
2026-10-01,51,SAILIFE,Sai Life Sciences Ltd.,1541.2,0.01095441128238761,584535,52.08
2026-10-01,52,CLEAN,Clean Science and Technology Ltd.,803.05,0.010952350978787662,317480,50.24
2026-10-01,53,ALKEM,Alkem Laboratories Ltd.,5220.0,0.010942190374745753,291015,66.6
2026-10-01,54,HCLTECH,HCL Technologies Ltd.,1243.1,0.010650406504064902,3430282,52.43
2026-10-01,55,KEI,KEI Industries Ltd.,4502.0,0.010549943883277235,320912,43.82
2026-10-01,56,ANGELONE,Angel One Ltd.,276.8,0.010218978102189746,6751156,34.37
2026-10-01,57,ENGINERSIN,Engineers India Ltd.,312.75,0.01017441860465107,7911815,21.78
2026-10-01,58,360ONE,360 ONE WAM Ltd.,1040.0,0.009708737864077666,1213803,60.36
2026-10-01,59,J&KBANK,Jammu & Kashmir Bank Ltd.,139.98,0.00959249909844928,3955477,44.34
2026-10-01,60,ICICIPRULI,ICICI Prudential Life Insurance Company Ltd.,448.05,0.009576385759351158,1267559,50.89
2026-10-01,61,SUNDARMFIN,Sundaram Finance Ltd.,4395.9,0.009391504018369634,39347,56.81
2026-10-01,62,CAMS,Computer Age Management Services Ltd.,677.25,0.009314456035767416,1577224,56.66
2026-10-01,63,NCC,NCC Ltd.,130.06,0.00915580384854131,6751497,23.64
2026-10-01,64,PREMIERENE,Premier Energies Ltd.,878.05,0.009136880818296778,1259157,38.06
2026-10-01,65,LALPATHLAB,Dr. Lal Path Labs Ltd.,2005.1,0.009109209864116785,542969,46.16
2026-10-01,66,ADANIENSOL,Adani Energy Solutions Ltd.,1326.4,0.008976114407424518,7267118,33.53
2026-10-01,67,LENSKART,Lenskart Solutions Ltd.,691.15,0.008904459528501496,5044066,58.06
2026-10-01,68,IPCALAB,Ipca Laboratories Ltd.,1943.2,0.008406850025947099,323967,57.47
2026-10-01,69,INDUSTOWER,Indus Towers Ltd.,376.25,0.008172561629153252,9498411,55.45
2026-10-01,70,TATACONSUM,Tata Consumer Products Ltd.,957.0,0.00789889415481837,1829307,62.53
2026-10-01,71,TDPOWERSYS,TD Power Systems Ltd.,792.15,0.0077603205902931904,5370306,28.49
2026-10-01,72,PAGEIND,Page Industries Ltd.,36660.0,0.00755805963996159,40495,41.68
2026-10-01,73,NEULANDLAB,Neuland Laboratories Ltd.,21505.0,0.007259953161592447,70377,53.97
2026-10-01,74,CGCL,Capri Global Capital Ltd.,249.23,0.007193372398464293,2812833,47.58
2026-10-01,75,RUBICON,Rubicon Research Ltd.,1630.9,0.0071013955786094485,153955,39.89
2026-10-01,76,HEGAM,HEG Advanced Materials Ltd.,239.28,0.006858826004628726,771383,38.13
2026-10-01,77,CEATLTD,Ceat Ltd.,3286.6,0.00680063717681656,49734,39.67
2026-10-01,78,TECHM,Tech Mahindra Ltd.,1533.0,0.0059055118110236116,2663224,48.36
2026-10-01,79,FINCABLES,Finolex Cables Ltd.,1458.8,0.005860856374543255,598654,40.21
2026-10-01,80,STARHEALTH,Star Health and Allied Insurance Company Ltd.,537.7,0.005704666604320785,1268853,69.52
2026-10-01,81,SRF,SRF Ltd.,2486.2,0.005540950455005023,352530,61.36
2026-10-01,82,WIPRO,Wipro Ltd.,159.35,0.005362776025236604,18521731,58.02
2026-10-01,83,OLAELEC,Ola Electric Mobility Ltd.,37.08,0.004333694474539351,54910840,18.19
2026-10-01,84,GAIL,GAIL (India) Ltd.,171.22,0.003928466725300339,6882008,58.38
2026-10-01,85,CYIENT,Cyient Ltd.,1104.6,0.0035431997819568295,594962,46.51
2026-10-01,86,PETRONET,Petronet LNG Ltd.,285.5,0.0035149384885764245,1678508,69.08
2026-10-01,87,KOTAKBANK,Kotak Mahindra Bank Ltd.,418.35,0.003237410071942559,76637247,58.17
2026-10-01,88,COROMANDEL,Coromandel International Ltd.,1763.6,0.003071322943919874,239111,48.34
2026-10-01,89,DMART,Avenue Supermarts Ltd.,3813.0,0.0030515073394012937,652283,49.44
2026-10-01,90,AUROPHARMA,Aurobindo Pharma Ltd.,1676.8,0.002870813397129135,1074057,50.41
2026-10-01,91,PRESTIGE,Prestige Estates Projects Ltd.,1486.1,0.0028341993386866715,1381292,41.45
2026-10-01,92,CUPID,Cupid Ltd.,312.5,0.002727418578533758,25539188,25.02
2026-10-01,93,FEDERALBNK,Federal Bank Ltd.,318.2,0.002520478890989386,11278668,57.44
2026-10-01,94,JSWINFRA,JSW Infrastructure Ltd.,357.45,0.002383623107122812,3430947,49.09
2026-10-01,95,RITES,RITES Ltd.,209.48,0.0020569241808179317,21390228,4.27
2026-10-01,96,LAURUSLABS,Laurus Labs Ltd.,1984.0,0.002020202020202033,1459687,46.24
2026-10-01,97,ASIANPAINT,Asian Paints Ltd.,2407.0,0.0018313493715143014,1005836,70.4
2026-10-01,98,KARURVYSYA,Karur Vysya Bank Ltd.,325.3,0.0015394088669951067,3073268,58.38
2026-10-01,99,UTIAMC,UTI Asset Management Company Ltd.,883.7,0.0014732547597462453,65757,48.33
2026-10-01,100,TATAELXSI,Tata Elxsi Ltd.,3092.8,0.0012625853863834635,333513,26.48
2026-10-05,1,PWL,Physicswallah Ltd.,131.1,0.0909544811517018,28246518,19.55
2026-10-05,2,SCI,Shipping Corporation of India Ltd.,290.6,0.08818573300879984,24814404,11.94
2026-10-05,3,NUVAMA,Nuvama Wealth Management Ltd.,1820.8,0.07017750088162678,4036851,12.68
2026-10-05,4,ESCORTS,Escorts Kubota Ltd.,2820.9,0.057586323248228544,222028,37.3
2026-10-05,5,NETWEB,Netweb Technologies India Ltd.,4765.1,0.05415569763068828,1646842,24.9
2026-10-05,6,KALYANKJIL,Kalyan Jewellers India Ltd.,556.85,0.05364238410596034,13447714,15.11
2026-10-05,7,RRKABEL,R R Kabel Ltd.,2648.0,0.05154475418950044,635507,32.75
2026-10-05,8,ITC,ITC Ltd.,268.9,0.05080109417741285,49020716,62.17
2026-10-05,9,CPPLUS,Aditya Infotech Ltd.,3989.5,0.04997894515212131,255914,65.22
2026-10-05,10,MRPL,Mangalore Refinery & Petrochemicals Ltd.,172.43,0.04655256130128671,13082595,16.76
2026-10-05,11,CARTRADE,Cartrade Tech Ltd.,2935.4,0.04589182640917833,267054,31.25
2026-10-05,12,ECLERX,eClerx Services Ltd.,1884.3,0.04514948139109198,142484,48.06
2026-10-05,13,NYKAA,FSN E-Commerce Ventures Ltd.,339.55,0.04492998922911218,19341790,32.91
2026-10-05,14,SUNTV,Sun TV Network Ltd.,626.85,0.04492415402567107,4762809,10.85
2026-10-05,15,BSE,BSE Ltd.,3179.6,0.04386080105055812,6735475,47.76
2026-10-05,16,CROMPTON,Crompton Greaves Consumer Electricals Ltd.,211.5,0.04341391218549595,3915311,27.87
2026-10-05,17,POONAWALLA,Poonawalla Fincorp Ltd.,451.95,0.04280110752191968,1365007,41.39
2026-10-05,18,AUBANK,AU Small Finance Bank Ltd.,1029.2,0.04275582573454928,3358977,48.27
2026-10-05,19,KFINTECH,Kfin Technologies Ltd.,867.5,0.04266826923076916,977572,41.74
2026-10-05,20,CHENNPETRO,Chennai Petroleum Corporation Ltd.,1401.0,0.040552584670231706,1762387,30.67
2026-10-05,21,ZENSARTECH,Zensar Technolgies Ltd.,451.5,0.03948428686543104,3269410,23.79
2026-10-05,22,GROWW,Billionbrains Garage Ventures Ltd.,187.05,0.038532008217200486,38074910,59.06
2026-10-05,23,GRAPHITE,Graphite India Ltd.,816.4,0.03847866183298354,1578431,32.89
2026-10-05,24,USHAMART,Usha Martin Ltd.,510.5,0.03823469595281681,1068924,55.75
2026-10-05,25,REDINGTON,Redington Ltd.,412.75,0.03719060183440126,10144724,53.69
2026-10-05,26,ABSLAMC,Aditya Birla Sun Life AMC Ltd.,1028.55,0.037158414843198484,300672,50.23
2026-10-05,27,MEESHO,Meesho Ltd.,226.5,0.035712652613288265,9583072,45.04
2026-10-05,28,HINDCOPPER,Hindustan Copper Ltd.,478.65,0.03570269393054204,5563749,40.52
2026-10-05,29,RPOWER,Reliance Power Ltd.,20.09,0.035033487892838666,44727097,24.58
2026-10-05,30,BALRAMCHIN,Balrampur Chini Mills Ltd.,671.5,0.034589014713812594,1055611,19.62
2026-10-05,31,BLUESTARCO,Blue Star Ltd.,1510.0,0.0345300082214306,367830,15.13
2026-10-05,32,VBL,Varun Beverages Ltd.,439.6,0.03362332471196794,4643552,52.95
2026-10-05,33,HONASA,Honasa Consumer Ltd.,442.1,0.033185323673755596,817839,53.19
2026-10-05,34,TMPV,Tata Motors Passenger Vehicles Ltd.,288.65,0.033106657122405236,13512719,31.98
2026-10-05,35,CYIENT,Cyient Ltd.,1140.2,0.032228861126199604,1623849,25.14
2026-10-05,36,IOB,Indian Overseas Bank,31.35,0.0319289005924952,4689838,35.4
2026-10-05,37,BANKINDIA,Bank of India,133.5,0.03104726598702512,15657633,31.58
2026-10-05,38,PERSISTENT,Persistent Systems Ltd.,5530.0,0.030370784423327635,768988,37.03
2026-10-05,39,ANGELONE,Angel One Ltd.,285.2,0.030346820809248554,4255848,27.52
2026-10-05,40,KEI,KEI Industries Ltd.,4638.2,0.03025322079075954,275897,38.49
2026-10-05,41,IIFL,IIFL Finance Ltd.,601.15,0.02971908187735539,1622026,46.15
2026-10-05,42,FEDERALBNK,Federal Bank Ltd.,327.35,0.028755499685732433,7542230,55.83
2026-10-05,43,LGEINDIA,LG Electronics India Ltd.,1770.9,0.02851666860262525,3145126,41.07
2026-10-05,44,JAINREC,Jain Resource Recycling Ltd.,290.45,0.028141592920353897,699536,40.45
2026-10-05,45,FSL,Firstsource Solutions Ltd.,257.4,0.027955271565495154,885378,27.89
2026-10-05,46,SHRIRAMFIN,Shriram Finance Ltd.,971.4,0.027936507936507926,5092892,59.46
2026-10-05,47,RECLTD,REC Ltd.,295.65,0.027454387489139753,8639552,68.19
2026-10-05,48,TMCV,Tata Motors Ltd.,426.8,0.027196149217809884,8038049,53.19
2026-10-05,49,TDPOWERSYS,TD Power Systems Ltd.,812.9,0.026194533863535874,12561061,18.33
2026-10-05,50,EIDPARRY,E.I.D. Parry (India) Ltd.,691.95,0.0257949744273962,191222,44.59
2026-10-05,51,APARINDS,Apar Industries Ltd.,18102.0,0.025725294650951858,102559,40.56
2026-10-05,52,ABDL,Allied Blenders and Distillers Ltd.,696.75,0.02546177054970933,337569,41.69
2026-10-05,53,CHOLAHLDNG,Cholamandalam Financial Holdings Ltd.,1404.4,0.025408878504673105,69925,55.04
2026-10-05,54,UNITDSPR,United Spirits Ltd.,1369.0,0.025391356452700187,1272603,57.96
2026-10-05,55,FIVESTAR,Five-Star Business Finance Ltd.,519.1,0.025382716049382692,510918,56.96
2026-10-05,56,PNB,Punjab National Bank,112.35,0.0253719083690791,12282429,32.59
2026-10-05,57,ADANIPOWER,Adani Power Ltd.,201.0,0.024412619132561986,19752263,47.22
2026-10-05,58,LODHA,Lodha Developers Ltd.,1132.5,0.024330680173661356,1495653,61.56
2026-10-05,59,AAVAS,Aavas Financiers Ltd.,1219.5,0.02401545049962195,229879,77.64
2026-10-05,60,ICICIGI,ICICI Lombard General Insurance Company Ltd.,1600.0,0.023672424824056293,1196366,58.41
2026-10-05,61,AEGISVOPAK,Aegis Vopak Terminals Ltd.,297.55,0.02338779019776438,781630,40.14
2026-10-05,62,DEVYANI,Devyani International Ltd.,130.03,0.023294247265286838,1377561,33.17
2026-10-05,63,AZAD,Azad Engineering Ltd.,2927.2,0.023174525498968812,800736,25.47
2026-10-05,64,BSOFT,Birlasoft Ltd.,276.0,0.023169601482854407,1555308,33.36
2026-10-05,65,COLPAL,Colgate Palmolive (India) Ltd.,1775.0,0.023054755043227626,173685,58.14
2026-10-05,66,ZEEL,Zee Entertainment Enterprises Ltd.,73.57,0.02294215795328136,15449821,38.52
2026-10-05,67,PTCIL,PTC Industries Ltd.,22530.0,0.022928490351872943,18625,36.24
2026-10-05,68,BAJFINANCE,Bajaj Finance Ltd.,970.0,0.02288305388590106,12682669,49.62
2026-10-05,69,AIIL,Authum Investment & Infrastructure Ltd.,551.6,0.022807342851845158,146383,50.07
2026-10-05,70,IDFCFIRSTB,IDFC First Bank Ltd.,82.22,0.02276402537629063,18439126,49.56
2026-10-05,71,CARBORUNIV,Carborundum Universal Ltd.,1267.6,0.02250544486569317,269403,48.96
2026-10-05,72,BHARTIARTL,Bharti Airtel Ltd.,1779.9,0.022284762506461497,7310041,74.34
2026-10-05,73,DLF,DLF Ltd.,673.0,0.02217496962332932,3470586,53.26
2026-10-05,74,ETERNAL,Eternal Ltd.,320.8,0.021981522777954954,31037275,57.52
2026-10-05,75,PAGEIND,Page Industries Ltd.,37465.0,0.021958537915984788,24628,43.42
2026-10-05,76,COROMANDEL,Coromandel International Ltd.,1801.4,0.021433431617146947,189198,68.58
2026-10-05,77,MOTILALOFS,Motilal Oswal Financial Services Ltd.,1011.1,0.021416304677240205,445092,37.69
2026-10-05,78,NTPC,NTPC Ltd.,321.8,0.02126309108219604,9458589,67.02
2026-10-05,79,INDIANB,Indian Bank,810.0,0.02124440521969362,1043196,44.67
2026-10-05,80,BBOX,Black Box Ltd.,812.5,0.02092102783187788,542405,38.27
2026-10-05,81,MPHASIS,MphasiS Ltd.,2297.1,0.020842591769620444,1107616,52.45
2026-10-05,82,ADANIPORTS,Adani Ports and Special Economic Zone Ltd.,1774.0,0.02083093566578431,2792824,59.24
2026-10-05,83,URBANCO,Urban Company Ltd.,159.59,0.02078802609696817,2694786,41.82
2026-10-05,84,ADANIENSOL,Adani Energy Solutions Ltd.,1353.4,0.020355850422195454,2095376,44.54
2026-10-05,85,FLUOROCHEM,Gujarat Fluorochemicals Ltd.,4429.8,0.020338592652309195,137290,55.79
2026-10-05,86,GODREJIND,Godrej Industries Ltd.,1040.2,0.020204001569242847,55338,39.63
2026-10-05,87,M&MFIN,Mahindra & Mahindra Financial Services Ltd.,326.2,0.02017200938232988,3956735,34.84
2026-10-05,88,CANFINHOME,Can Fin Homes Ltd.,724.7,0.019268635724331906,355842,58.17
2026-10-05,89,BHEL,Bharat Heavy Electricals Ltd.,429.0,0.019002375296912177,8225965,41.35
2026-10-05,90,TCS,Tata Consultancy Services Ltd.,2114.4,0.018987951807228898,5270768,46.65
2026-10-05,91,GESHIP,Great Eastern Shipping Co. Ltd.,1559.3,0.0187508166732,823469,57.35
2026-10-05,92,WIPRO,Wipro Ltd.,162.14,0.01750862880451831,30838863,57.88
2026-10-05,93,CRISIL,CRISIL Ltd.,4505.8,0.0174321455990607,26707,52.24
2026-10-05,94,JINDALSAW,Jindal Saw Ltd.,275.0,0.01738808731039576,1309022,54.01
2026-10-05,95,NEULANDLAB,Neuland Laboratories Ltd.,21875.0,0.017205301092769076,62813,49.93
2026-10-05,96,HAL,Hindustan Aeronautics Ltd.,4680.0,0.01717018039556617,465865,56.49
2026-10-05,97,PAYTM,One 97 Communications Ltd.,1684.0,0.01690821256038655,2267650,47.69
2026-10-05,98,ADANIENT,Adani Enterprises Ltd.,2864.0,0.01675660323771644,1782260,52.82
2026-10-05,99,LTFOODS,LT Foods Ltd.,405.8,0.016660403357134035,370391,51.18
2026-10-05,100,NAVINFLUOR,Navin Fluorine International Ltd.,8272.0,0.016653352178455094,133656,63.08
2026-10-06,1,TRENT,Trent Ltd.,2906.0,0.12635658914728687,6695372,13.94
2026-10-06,2,URBANCO,Urban Company Ltd.,173.54,0.08741149194811704,23975368,16.83
2026-10-06,3,AETHER,Aether Industries Ltd.,1799.8,0.08356411800120411,1456255,28.51
2026-10-06,4,PGEL,PG Electroplast Ltd.,527.65,0.08191511174902599,5927905,16.83
2026-10-06,5,HONASA,Honasa Consumer Ltd.,478.3,0.08188192716579956,24467750,14.58
2026-10-06,6,HEGAM,HEG Advanced Materials Ltd.,252.21,0.07888095136245021,4802303,30.51
2026-10-06,7,MOTILALOFS,Motilal Oswal Financial Services Ltd.,1081.15,0.06928098110968262,2179004,34.57
2026-10-06,8,CLEANMAX,Clean Max Enviro Energy Solutions Ltd.,1392.5,0.0684416481239929,465556,45.64
2026-10-06,9,DEEPAKFERT,Deepak Fertilisers & Petrochemicals Corp. Ltd.,1385.6,0.06773522385759412,875190,29.96
2026-10-06,10,TIINDIA,Tube Investments of India Ltd.,2472.7,0.0658189655172412,780130,45.81
2026-10-06,11,WELCORP,Welspun Corp Ltd.,2660.9,0.0654254254254254,1853422,29.76
2026-10-06,12,POLICYBZR,PB Fintech Ltd.,1034.9,0.06013112067199344,8051949,26.01
2026-10-06,13,IRB,IRB Infrastructure Developers Ltd.,17.84,0.05749851807943096,14815112,31.2
2026-10-06,14,AWL,AWL Agri Business Ltd.,185.93,0.05552086290093672,4711354,36.13
2026-10-06,15,WOCKPHARMA,Wockhardt Ltd.,2176.4,0.05471286648897511,899270,36.14
2026-10-06,16,GRAVITA,Gravita India Ltd.,1500.9,0.05437302423603807,796225,27.6
2026-10-06,17,BHEL,Bharat Heavy Electricals Ltd.,452.0,0.053613053613053685,22865195,30.28
2026-10-06,18,RRKABEL,R R Kabel Ltd.,2789.7,0.05351208459214485,917457,33.78
2026-10-06,19,KPIL,Kalpataru Projects International Ltd.,1451.5,0.052727008993327606,652356,39.03
2026-10-06,20,MEESHO,Meesho Ltd.,238.22,0.051743929359823415,39917541,24.78
2026-10-06,21,ACMESOLAR,ACME Solar Holdings Ltd.,448.2,0.0480533146264468,887494,42.39
2026-10-06,22,AZAD,Azad Engineering Ltd.,3062.6,0.046255807597704424,1329869,23.31
2026-10-06,23,RKFORGE,Ramkrishna Forgings Ltd.,732.65,0.04597044756941959,992145,48.2
2026-10-06,24,CUPID,Cupid Ltd.,324.2,0.0454692034827473,24176893,19.41
2026-10-06,25,ANTHEM,Anthem Biosciences Ltd.,890.35,0.04513440544664871,681982,54.24
2026-10-06,26,AMBER,Amber Enterprises India Ltd.,6869.0,0.043128321943811665,155584,31.98
2026-10-06,27,GRAPHITE,Graphite India Ltd.,851.2,0.04262616364527205,2456818,37.33
2026-10-06,28,DEEPAKNTR,Deepak Nitrite Ltd.,1560.6,0.04248496993987971,279774,50.37
2026-10-06,29,GODREJCP,Godrej Consumer Products Ltd.,872.5,0.04241338112305848,1398890,34.91
2026-10-06,30,JYOTICNC,Jyoti CNC Automation Ltd.,1073.1,0.04224941724941722,557011,46.33
2026-10-06,31,VEDL,Vedanta Ltd.,265.6,0.04136443834542258,14899808,43.67
2026-10-06,32,SIEMENS,Siemens Ltd.,3854.0,0.04131204236578312,219732,35.71
2026-10-06,33,BLUESTARCO,Blue Star Ltd.,1571.5,0.04072847682119196,867322,35.36
2026-10-06,34,MCX,Multi Commodity Exchange of India Ltd.,3310.0,0.04032435490461084,1520917,40.8
2026-10-06,35,LAURUSLABS,Laurus Labs Ltd.,2050.0,0.039870143045551254,2197316,57.83
2026-10-06,36,RADICO,Radico Khaitan Ltd,4460.1,0.039868503881933304,632144,55.66
2026-10-06,37,BSE,BSE Ltd.,3305.0,0.03943892313498565,6869765,46.67
2026-10-06,38,DIVISLAB,Divi's Laboratories Ltd.,9550.0,0.03849499782514143,465106,63.42
2026-10-06,39,ZYDUSWELL,Zydus Wellness Ltd.,502.4,0.0384456386936749,136730,39.25
2026-10-06,40,KOTAKBANK,Kotak Mahindra Bank Ltd.,431.9,0.03822115384615388,40021922,63.72
2026-10-06,41,BLS,BLS International Services Ltd.,223.97,0.038099652375434445,860041,39.66
2026-10-06,42,GABRIEL,Gabriel India Ltd.,1352.9,0.03781834918686733,205619,32.68
2026-10-06,43,FACT,Fertilisers and Chemicals Travancore Ltd.,759.0,0.03723949436282892,131471,24.89
2026-10-06,44,IDEA,Vodafone Idea Ltd.,13.21,0.03689167974882257,337226121,30.24
2026-10-06,45,VTL,Vardhman Textiles Ltd.,549.4,0.03679939611247396,317619,46.72
2026-10-06,46,ANANTRAJ,Anant Raj Ltd.,608.9,0.03660197480422189,1142191,45.82
2026-10-06,47,BEML,BEML Ltd.,2042.2,0.03643930166463649,196225,38.36
2026-10-06,48,GPIL,Godawari Power & Ispat Ltd.,218.98,0.03624834374408481,2728607,44.22
2026-10-06,49,ANGELONE,Angel One Ltd.,295.0,0.03436185133239844,8198494,32.87
2026-10-06,50,NESTLEIND,Nestle India Ltd.,1341.4,0.034153110785598795,1650856,51.49
2026-10-06,51,BBOX,Black Box Ltd.,839.95,0.033784615384615524,1120325,41.35
2026-10-06,52,CGPOWER,CG Power and Industrial Solutions Ltd.,912.0,0.033662019721183434,2540774,47.89
2026-10-06,53,PINELABS,Pine Labs Ltd.,172.73,0.03332136874850433,10927701,33.44
2026-10-06,54,FLUOROCHEM,Gujarat Fluorochemicals Ltd.,4577.2,0.033274639938597694,181004,43.65
2026-10-06,55,SHYAMMETL,Shyam Metalics and Energy Ltd.,1054.0,0.033130758674769556,413254,60.55
2026-10-06,56,ABB,ABB India Ltd.,7122.5,0.03299492385786795,241531,44.63
2026-10-06,57,TRIDENT,Trident Ltd.,22.56,0.03296703296703285,6085787,26.02
2026-10-06,58,WELSPUNLIV,Welspun Living Ltd.,237.86,0.03296130629261307,4609322,34.64
2026-10-06,59,NAVA,Nava Ltd.,575.0,0.03287228309682044,601625,47.0
2026-10-06,60,GROWW,Billionbrains Garage Ventures Ltd.,193.19,0.03282544774124552,41408393,57.03
2026-10-06,61,NAUKRI,Info Edge (India) Ltd.,1241.0,0.03270366980111494,1622862,60.11
2026-10-06,62,GLAND,Gland Pharma Ltd.,3006.1,0.03249184269277006,373873,64.57
2026-10-06,63,FIRSTCRY,Brainbees Solutions Ltd.,177.57,0.03238372093023245,2105882,33.91
2026-10-06,64,ONESOURCE,Onesource Specialty Pharma Ltd.,1535.8,0.03191560841228247,147840,57.91
2026-10-06,65,NAVINFLUOR,Navin Fluorine International Ltd.,8536.0,0.03191489361702127,112311,50.79
2026-10-06,66,VIJAYA,Vijaya Diagnostic Centre Ltd.,1466.7,0.03128955139924061,134949,44.39
2026-10-06,67,SAILIFE,Sai Life Sciences Ltd.,1558.1,0.030966717395619625,277814,53.44
2026-10-06,68,LLOYDSME,Lloyds Metals And Energy Ltd.,1858.2,0.030901525658807216,569041,44.11
2026-10-06,69,HINDUNILVR,Hindustan Unilever Ltd.,1895.2,0.03089643167972156,1576062,64.81
2026-10-06,70,BERGEPAINT,Berger Paints India Ltd.,472.55,0.030868237347295047,383616,52.11
2026-10-06,71,SAGILITY,Sagility Ltd.,43.88,0.030772844726333126,8239659,51.25
2026-10-06,72,ASTRAL,Astral Ltd.,1402.3,0.029513251596799073,359782,49.94
2026-10-06,73,BALRAMCHIN,Balrampur Chini Mills Ltd.,691.3,0.029486224869694544,2257521,19.06
2026-10-06,74,ITI,ITI Ltd.,247.84,0.029449636552440372,567023,16.41
2026-10-06,75,CLEAN,Clean Science and Technology Ltd.,823.15,0.029194798699675006,296158,33.82
2026-10-06,76,SUPREMEIND,Supreme Industries Ltd.,3497.9,0.029127070522816156,221343,57.76
2026-10-06,77,CAPLIPOINT,Caplin Point Laboratories Ltd.,2679.7,0.02907066052227325,110962,41.69
2026-10-06,78,HAL,Hindustan Aeronautics Ltd.,4816.0,0.029059829059828957,935720,56.5
2026-10-06,79,PPLPHARMA,Piramal Pharma Ltd.,200.52,0.028888090717841042,1719220,36.99
2026-10-06,80,SONACOMS,Sona BLW Precision Forgings Ltd.,820.0,0.028858218318695172,1679743,45.25
2026-10-06,81,STARHEALTH,Star Health and Allied Insurance Company Ltd.,550.55,0.02858477347034083,2132928,78.0
2026-10-06,82,JIOFIN,Jio Financial Services Ltd.,217.9,0.02783018867924536,16691895,38.12
2026-10-06,83,FORCEMOT,Force Motors Ltd.,17110.0,0.027627627627627716,65477,38.55
2026-10-06,84,VMM,Vishal Mega Mart Ltd.,100.95,0.027480916030534486,15107047,60.97
2026-10-06,85,GAIL,GAIL (India) Ltd.,172.08,0.027343283582089706,6945149,61.92
2026-10-06,86,TEJASNET,Tejas Networks Ltd.,475.85,0.02731001727115734,1878474,17.31
2026-10-06,87,SOLARINDS,Solar Industries India Ltd.,20071.0,0.02717502558853635,177180,36.25
2026-10-06,88,DABUR,Dabur India Ltd.,388.9,0.02706985342664736,2619919,47.97
2026-10-06,89,JINDALSAW,Jindal Saw Ltd.,282.4,0.02690909090909077,1056608,56.73
2026-10-06,90,AEGISLOG,Aegis Logistics Ltd.,1395.9,0.026774549466715758,861628,46.79
2026-10-06,91,RELIANCE,Reliance Industries Ltd.,1218.0,0.026635198921105774,18003127,54.72
2026-10-06,92,PTCIL,PTC Industries Ltd.,23125.0,0.026409232134931182,20786,43.19
2026-10-06,93,KPRMILL,K.P.R. Mill Ltd.,1100.4,0.025918329293306064,75276,37.09
2026-10-06,94,PETRONET,Petronet LNG Ltd.,297.5,0.02586206896551735,5098731,63.06
2026-10-06,95,ABDL,Allied Blenders and Distillers Ltd.,714.65,0.025690706853247258,701809,40.8
2026-10-06,96,BHARATFORG,Bharat Forge Ltd.,1880.0,0.02564102564102555,1089594,61.03
2026-10-06,97,ATHERENERG,Ather Energy Ltd.,1446.0,0.025604652812256212,4192732,41.19
2026-10-06,98,ETERNAL,Eternal Ltd.,329.0,0.025561097256857845,27075757,62.04
2026-10-06,99,HINDPETRO,Hindustan Petroleum Corporation Ltd.,351.0,0.025266540090550516,3973902,61.82
2026-10-06,100,AJANTPHARM,Ajanta Pharmaceuticals Ltd.,3573.4,0.025071715433161224,109380,52.99
2026-10-07,1,CHENNPETRO,Chennai Petroleum Corporation Ltd.,1612.3,0.14697303834388564,20027812,9.02
2026-10-07,2,PVRINOX,PVR INOX Ltd.,1343.8,0.07555626700816376,5065408,25.91
2026-10-07,3,PTCIL,PTC Industries Ltd.,24685.0,0.06745945945945953,117090,28.15
2026-10-07,4,BHARTIHEXA,Bharti Hexacom Ltd.,1477.9,0.06569079896163843,1512590,51.0
2026-10-07,5,CUPID,Cupid Ltd.,343.95,0.060919185687847044,41373811,26.59
2026-10-07,6,PWL,Physicswallah Ltd.,139.57,0.0584711057181857,34917953,17.15
2026-10-07,7,BBOX,Black Box Ltd.,884.85,0.05345556283112085,2262486,28.28
2026-10-07,8,GLAND,Gland Pharma Ltd.,3150.6,0.048068926516083854,1341221,42.04
2026-10-07,9,MRPL,Mangalore Refinery & Petrochemicals Ltd.,182.86,0.046588827838828006,23675207,23.49
2026-10-07,10,AEGISLOG,Aegis Logistics Ltd.,1460.2,0.046063471595386485,1713087,29.16
2026-10-07,11,MAHABANK,Bank of Maharashtra,84.15,0.04146039603960405,20883267,36.99
2026-10-07,12,BELRISE,Belrise Industries Ltd.,246.31,0.04011654913221574,3749664,40.87
2026-10-07,13,KALYANKJIL,Kalyan Jewellers India Ltd.,569.0,0.03803703365867017,18559247,19.21
2026-10-07,14,SYRMA,Syrma SGS Technology Ltd.,1746.7,0.03655569402409364,1814188,29.11
2026-10-07,15,IGL,Indraprastha Gas Ltd.,146.35,0.035153487056160726,3700426,34.58
2026-10-07,16,EMMVEE,Emmvee Photovoltaic Power Ltd.,305.8,0.031365935919055676,3016282,35.89
2026-10-07,17,PINELABS,Pine Labs Ltd.,177.67,0.028599548428182686,40833328,22.9
2026-10-07,18,UNIONBANK,Union Bank of India,173.15,0.027962479221087744,13484976,26.25
2026-10-07,19,LICHSGFIN,LIC Housing Finance Ltd.,515.4,0.026693227091633354,2958457,42.85
2026-10-07,20,INDIACEM,India Cements Ltd.,303.05,0.02641828958509751,252820,44.81
2026-10-07,21,KEI,KEI Industries Ltd.,4677.7,0.02639662965726086,220874,33.32
2026-10-07,22,PNBHOUSING,PNB Housing Finance Ltd.,1131.0,0.026222665819798596,1125058,50.21
2026-10-07,23,RAINBOW,Rainbow Childrens Medicare Ltd.,1270.7,0.025006049850770262,409464,44.21
2026-10-07,24,LTFOODS,LT Foods Ltd.,418.2,0.02462330025725845,487332,36.7
2026-10-07,25,JUBLFOOD,Jubilant Foodworks Ltd.,460.6,0.02412451361867718,2597754,6.73
2026-10-07,26,PNB,Punjab National Bank,114.59,0.023856325947105184,18275898,31.68
2026-10-07,27,ANGELONE,Angel One Ltd.,302.0,0.023728813559322104,13538340,34.45
2026-10-07,28,GROWW,Billionbrains Garage Ventures Ltd.,197.75,0.02360370619597285,42404060,58.28
2026-10-07,29,GILLETTE,Gillette India Ltd.,7223.5,0.02359359501204472,26580,62.12
2026-10-07,30,GESHIP,Great Eastern Shipping Co. Ltd.,1567.9,0.023032754795772048,464716,53.63
2026-10-07,31,PAYTM,One 97 Communications Ltd.,1732.0,0.022432113341204207,5016093,33.89
2026-10-07,32,CPPLUS,Aditya Infotech Ltd.,4064.9,0.022359154929577407,208910,52.9
2026-10-07,33,BALRAMCHIN,Balrampur Chini Mills Ltd.,706.6,0.02213221466801696,1646549,28.28
2026-10-07,34,LEMONTREE,Lemon Tree Hotels Ltd.,112.52,0.02179440610243355,6232616,48.15
2026-10-07,35,ADANIGREEN,Adani Green Energy Ltd.,1341.4,0.0216298552932217,6420423,40.35
2026-10-07,36,DEEPAKFERT,Deepak Fertilisers & Petrochemicals Corp. Ltd.,1415.4,0.02150692840646662,423588,43.53
2026-10-07,37,AARTIIND,Aarti Industries Ltd.,491.25,0.02099137483113389,570690,43.82
2026-10-07,38,BAJAJHFL,Bajaj Housing Finance Ltd.,84.08,0.020883924235065576,4604045,52.54
2026-10-07,39,CANHLIFE,Canara HSBC Life Insurance Company Ltd.,146.06,0.020470900579892426,2983478,42.69
2026-10-07,40,ASAHIINDIA,Asahi India Glass Ltd.,976.25,0.020168242854903484,142786,40.12
2026-10-07,41,POLYCAB,Polycab India Ltd.,8310.0,0.020007364674113237,531310,55.95
2026-10-07,42,FORTIS,Fortis Healthcare Ltd.,779.1,0.019764397905759123,1858360,56.48
2026-10-07,43,TARIL,Transformers And Rectifiers (India) Ltd.,289.15,0.019390093424995536,3041176,25.55
2026-10-07,44,INDIANB,Indian Bank,828.3,0.018819188191881775,1140038,31.38
2026-10-07,45,KOTAKBANK,Kotak Mahindra Bank Ltd.,440.0,0.01875434128270448,37972097,70.73
2026-10-07,46,ASTRAL,Astral Ltd.,1427.7,0.01811309990729515,759824,40.23
2026-10-07,47,JKCEMENT,J.K. Cement Ltd.,5047.0,0.017540322580645196,39360,47.82
2026-10-07,48,JAINREC,Jain Resource Recycling Ltd.,295.15,0.017232465965879795,1303023,23.77
2026-10-07,49,GVT&D,GE Vernova T&D India Ltd.,4316.3,0.01677227862712294,660155,54.76
2026-10-07,50,WELCORP,Welspun Corp Ltd.,2704.6,0.01642301476943886,1200738,35.52
2026-10-07,51,MCX,Multi Commodity Exchange of India Ltd.,3362.6,0.015891238670694863,2369566,46.04
2026-10-07,52,CGCL,Capri Global Capital Ltd.,250.74,0.015635126377187447,1754021,39.63
2026-10-07,53,BSE,BSE Ltd.,3356.0,0.015431164901664074,6608257,39.95
2026-10-07,54,DMART,Avenue Supermarts Ltd.,3636.0,0.015103715904966508,406908,44.93
2026-10-07,55,KARURVYSYA,Karur Vysya Bank Ltd.,330.1,0.015067650676506839,2515356,61.29
2026-10-07,56,APOLLOTYRE,Apollo Tyres Ltd.,407.6,0.015066616859668702,546102,45.95
2026-10-07,57,SUPREMEIND,Supreme Industries Ltd.,3550.0,0.014894651076360121,381975,35.37
2026-10-07,58,TEGA,Tega Industries Ltd.,2123.6,0.01486260454002375,488724,37.56
2026-10-07,59,AAVAS,Aavas Financiers Ltd.,1231.7,0.01366142704304174,44345,45.68
2026-10-07,60,OIL,Oil India Ltd.,453.75,0.013174053812660347,1445019,57.23
2026-10-07,61,BHARTIARTL,Bharti Airtel Ltd.,1833.9,0.012924606462303201,13920833,66.95
2026-10-07,62,SHYAMMETL,Shyam Metalics and Energy Ltd.,1067.3,0.012618595825426793,514924,41.0
2026-10-07,63,PPLPHARMA,Piramal Pharma Ltd.,203.01,0.012417713943746245,2298287,39.04
2026-10-07,64,LGEINDIA,LG Electronics India Ltd.,1780.3,0.0123393608552258,371600,48.07
2026-10-07,65,AVANTIFEED,Avanti Feeds Ltd.,722.3,0.011482985576249716,237908,35.81
2026-10-07,66,CANBK,Canara Bank,119.15,0.01128840604311665,17756429,34.82
2026-10-07,67,SWANCORP,Swan Corp Ltd.,271.85,0.011158638646085128,1528441,23.4
2026-10-07,68,ALKEM,Alkem Laboratories Ltd.,5350.5,0.011054421768707412,205152,59.55
2026-10-07,69,ENRIN,Siemens Energy India Ltd.,3344.0,0.011035525321239525,426581,39.48
2026-10-07,70,ICICIBANK,ICICI Bank Ltd.,1357.5,0.01094727435210019,14774121,60.4
2026-10-07,71,FEDERALBNK,Federal Bank Ltd.,323.5,0.010937500000000044,8632011,65.06
2026-10-07,72,GRANULES,Granules India Ltd.,845.3,0.010640841702534543,1224602,43.99
2026-10-07,73,BANKINDIA,Bank of India,133.55,0.010517554479418934,9853574,37.55
2026-10-07,74,HEXT,Hexaware Technologies Ltd.,505.5,0.010393763741754825,146911,56.43
2026-10-07,75,ZYDUSWELL,Zydus Wellness Ltd.,507.55,0.010250796178344013,147985,34.09
2026-10-07,76,KAJARIACER,Kajaria Ceramics Ltd.,1226.2,0.01021585104630085,238403,48.75
2026-10-07,77,OLAELEC,Ola Electric Mobility Ltd.,36.32,0.010011123470522687,61427676,20.55
2026-10-07,78,IEX,Indian Energy Exchange Ltd.,105.85,0.009441159641426555,7531830,25.56
2026-10-07,79,THANGAMAYL,Thangamayil Jewellery Ltd.,4803.0,0.009351686455815855,51777,39.07
2026-10-07,80,SUMICHEM,Sumitomo Chemical India Ltd.,421.95,0.009329027628274034,221961,32.88
2026-10-07,81,AFCONS,Afcons Infrastructure Ltd.,244.38,0.009209167871154111,230744,30.48
2026-10-07,82,CDSL,Central Depository Services (India) Ltd.,1275.0,0.009181573531739762,1021756,34.39
2026-10-07,83,PFC,Power Finance Corporation Ltd.,325.55,0.009144451332919967,15838626,52.38
2026-10-07,84,NYKAA,FSN E-Commerce Ventures Ltd.,341.25,0.009018332347723312,6078112,51.7
2026-10-07,85,OFSS,Oracle Financial Services Software Ltd.,10576.0,0.008967754245372994,201807,34.5
2026-10-07,86,CENTRALBK,Central Bank of India,30.44,0.008280887711162643,3892597,34.87
2026-10-07,87,AMBER,Amber Enterprises India Ltd.,6925.0,0.00815256951521337,91287,37.02
2026-10-07,88,APARINDS,Apar Industries Ltd.,18160.0,0.00799289520426294,106708,41.03
2026-10-07,89,RADICO,Radico Khaitan Ltd,4495.0,0.007824936660612902,460029,59.66
2026-10-07,90,BANKBARODA,Bank of Baroda,234.55,0.007820220856787019,6320157,42.43
2026-10-07,91,MSUMI,Motherson Sumi Wiring India Ltd.,33.57,0.007805463824677172,9270659,51.51
2026-10-07,92,INDIAMART,Indiamart Intermesh Ltd.,1605.3,0.007784543913616604,58405,42.94
2026-10-07,93,JMFINANCIL,JM Financial Ltd.,124.92,0.007419354838709591,1531478,53.18
2026-10-07,94,SWIGGY,Swiggy Ltd.,246.0,0.0073710073710073765,16172713,31.42
2026-10-07,95,GICRE,General Insurance Corporation of India,316.55,0.0073190135242642285,681917,52.94
2026-10-07,96,SUNTV,Sun TV Network Ltd.,636.5,0.006960923904445471,1153473,21.11
2026-10-07,97,COALINDIA,Coal India Ltd.,414.5,0.006923357220940174,6400277,60.0
2026-10-07,98,USHAMART,Usha Martin Ltd.,520.25,0.006870524482291307,962383,61.8
2026-10-07,99,SANSERA,Sansera Engineering Ltd.,4261.7,0.006803846062982899,125963,43.1
2026-10-07,100,TBOTEK,TBO Tek Ltd.,1704.5,0.0066737538388850215,1938711,52.18
2026-10-08,1,LICHSGFIN,LIC Housing Finance Ltd.,537.0,0.04190919674039595,14555953,41.48
2026-10-08,2,IFCI,IFCI Ltd.,66.43,0.03748243011088559,216192035,7.28
2026-10-08,3,CUPID,Cupid Ltd.,356.65,0.0369239715074865,29558194,22.63
2026-10-08,4,FSL,Firstsource Solutions Ltd.,266.35,0.02758487654321007,19362338,10.53
2026-10-08,5,NTPCGREEN,NTPC Green Energy Ltd.,90.8,0.025872782736413802,6500219,29.9
2026-10-08,6,ICICIGI,ICICI Lombard General Insurance Company Ltd.,1624.0,0.021383647798742134,896637,50.32
2026-10-08,7,DEEPAKNTR,Deepak Nitrite Ltd.,1584.1,0.019434970075294267,631015,35.33
2026-10-08,8,CREDITACC,CreditAccess Grameen Ltd.,1263.4,0.019199741852210517,314609,34.28
2026-10-08,9,PNBHOUSING,PNB Housing Finance Ltd.,1150.0,0.016799292661361598,1912599,33.12
2026-10-08,10,BHARTIHEXA,Bharti Hexacom Ltd.,1500.7,0.015427295486839299,373610,36.38
2026-10-08,11,HEXT,Hexaware Technologies Ltd.,511.4,0.011671612265083953,360274,45.64
2026-10-08,12,TATACOMM,Tata Communications Ltd.,1677.4,0.010725476018317748,514789,76.3
2026-10-08,13,SRF,SRF Ltd.,2485.2,0.0102439024390244,303720,32.49
2026-10-08,14,BERGEPAINT,Berger Paints India Ltd.,467.95,0.008730329812459692,545378,66.06
2026-10-08,15,IKS,Inventurus Knowledge Solutions Ltd.,1751.1,0.007885345919189435,236677,44.11
2026-10-08,16,JSWCEMENT,JSW Cement Ltd.,112.97,0.007401462457642172,2617489,53.06
2026-10-08,17,PWL,Physicswallah Ltd.,140.48,0.0065200257935085215,15456696,37.11
2026-10-08,18,NETWEB,Netweb Technologies India Ltd.,4715.1,0.0063388398002306445,2348245,12.99
2026-10-08,19,MPHASIS,MphasiS Ltd.,2303.4,0.006290956749672283,753211,40.43
2026-10-08,20,PNB,Punjab National Bank,115.29,0.006108735491753281,20438240,32.89
2026-10-08,21,ZENSARTECH,Zensar Technolgies Ltd.,441.8,0.005690871841566025,2373992,18.12
2026-10-08,22,SAGILITY,Sagility Ltd.,43.35,0.005567153792623625,22661142,24.77
2026-10-08,23,GILLETTE,Gillette India Ltd.,7263.5,0.005537481830137692,37501,50.18
2026-10-08,24,ANANDRATHI,Anand Rathi Wealth Ltd.,2138.9,0.005500188040616916,1335549,52.21
2026-10-08,25,IRB,IRB Infrastructure Developers Ltd.,17.53,0.0051605504587155515,17723493,36.5
2026-10-08,26,INFY,Infosys Ltd.,997.0,0.00504032258064524,14847874,60.44
2026-10-08,27,TECHM,Tech Mahindra Ltd.,1496.2,0.0034202937428744473,1633921,51.45
2026-10-08,28,CEMPRO,Cemindia Projects Ltd.,1140.8,0.002636667252592817,553267,29.49
2026-10-08,29,ICICIAMC,ICICI Prudential Asset Management Company Ltd.,3066.4,0.0025829655059670387,562837,63.04
2026-10-08,30,MGL,Mahanagar Gas Ltd.,1043.9,0.002208141321044632,94398,51.68
2026-10-08,31,AXISBANK,Axis Bank Ltd.,1245.0,0.002012072434607548,7360960,56.22
2026-10-08,32,THANGAMAYL,Thangamayil Jewellery Ltd.,4810.5,0.0015615240474702308,65435,39.67
2026-10-08,33,AIIL,Authum Investment & Infrastructure Ltd.,550.1,0.0008187028108797012,115992,55.15
2026-10-09,1,CYIENT,Cyient Ltd.,1158.8,0.06831381948925963,4226963,13.44
2026-10-09,2,INOXWIND,Inox Wind Ltd.,66.65,0.06759570719205521,37432425,16.09
2026-10-09,3,KEC,Kec International Ltd.,369.85,0.05792334096109841,16496749,10.18
2026-10-09,4,PERSISTENT,Persistent Systems Ltd.,5770.0,0.05523043160204821,773886,34.64
2026-10-09,5,CPPLUS,Aditya Infotech Ltd.,4185.2,0.05362267760938533,887678,53.72
2026-10-09,6,HEXT,Hexaware Technologies Ltd.,538.5,0.05299178725068443,30418657,6.44
2026-10-09,7,GMRAIRPORT,GMR Airports Ltd.,92.31,0.05172610231286323,65561091,85.45
2026-10-09,8,CUB,City Union Bank Ltd.,231.42,0.05157449902303801,3671884,42.78
2026-10-09,9,BSOFT,Birlasoft Ltd.,285.3,0.04966887417218535,3547369,26.27
2026-10-09,10,COLPAL,Colgate Palmolive (India) Ltd.,1817.8,0.0473008008296365,3596661,28.77
2026-10-09,11,APOLLOHOSP,Apollo Hospitals Enterprise Ltd.,8027.5,0.04715627445864867,1449612,52.41
2026-10-09,12,GLENMARK,Glenmark Pharmaceuticals Ltd.,2293.0,0.04598120609433454,414339,34.79
2026-10-09,13,TATAELXSI,Tata Elxsi Ltd.,3130.0,0.04472630173564762,627867,24.6
2026-10-09,14,RBLBANK,RBL Bank Ltd.,418.0,0.04317444472173704,3772524,37.05
2026-10-09,15,ITC,ITC Ltd.,266.0,0.04313725490196085,31030528,46.69
2026-10-09,16,VEDL,Vedanta Ltd.,264.0,0.043065981825365585,11577993,42.86
2026-10-09,17,NCC,NCC Ltd.,125.06,0.04277495205536552,17923816,7.26
2026-10-09,18,EICHERMOT,Eicher Motors Ltd.,7050.0,0.04174362763206507,551231,49.69
2026-10-09,19,BBOX,Black Box Ltd.,892.1,0.04150370673048864,6686307,11.39
2026-10-09,20,ICICIGI,ICICI Lombard General Insurance Company Ltd.,1690.2,0.040763546798029626,1546424,48.32
2026-10-09,21,CARTRADE,Cartrade Tech Ltd.,2951.0,0.03985341273476872,261153,52.54
2026-10-09,22,LTM,LTM Ltd.,4070.0,0.03959131545338446,368658,24.13
2026-10-09,23,LICI,Life Insurance Corporation of India,394.25,0.039551746868820015,5557459,42.11
2026-10-09,24,TCS,Tata Consultancy Services Ltd.,2156.0,0.038535645472061564,11692314,30.64
2026-10-09,25,THERMAX,Thermax Ltd.,3256.3,0.03766610369331769,574697,25.47
2026-10-09,26,APLAPOLLO,APL Apollo Tubes Ltd.,2114.1,0.036323529411764754,397189,48.05
2026-10-09,27,UNITDSPR,United Spirits Ltd.,1366.0,0.03626156880594755,988261,63.98
2026-10-09,28,LENSKART,Lenskart Solutions Ltd.,677.65,0.03624130285189997,2487958,54.28
2026-10-09,29,BLUESTARCO,Blue Star Ltd.,1574.0,0.03620803159973662,545619,33.0
2026-10-09,30,SUNTV,Sun TV Network Ltd.,635.9,0.03533051123412556,1787414,26.26
2026-10-09,31,MANAPPURAM,Manappuram Finance Ltd.,314.8,0.03501561729409852,4766370,48.52
2026-10-09,32,CESC,CESC Ltd.,133.23,0.03495688650664186,2196217,56.2
2026-10-09,33,ACUTAAS,Acutaas Chemicals Ltd.,3160.6,0.033990905224588586,365667,38.9
2026-10-09,34,HCLTECH,HCL Technologies Ltd.,1216.7,0.03381765655535718,2934650,40.51
2026-10-09,35,ASTERDM,Aster DM Quality Care Ltd.,699.85,0.033522853134460684,894693,52.38
2026-10-09,36,ABCAPITAL,Aditya Birla Capital Ltd.,380.7,0.032686830326868366,6519404,64.93
2026-10-09,37,KARURVYSYA,Karur Vysya Bank Ltd.,339.9,0.03250303766707163,2923419,46.49
2026-10-09,38,NYKAA,FSN E-Commerce Ventures Ltd.,343.0,0.03219981944026484,5152542,48.28
2026-10-09,39,SUZLON,Suzlon Energy Ltd.,37.6,0.03211638759264357,57534896,27.62
2026-10-09,40,IIFL,IIFL Finance Ltd.,597.7,0.032029698696365516,2000049,50.85
2026-10-09,41,SAIL,Steel Authority of India Ltd.,171.55,0.031879699248120286,42339535,40.33
2026-10-09,42,ANURAS,Anupam Rasayan India Ltd.,1132.4,0.03161155142570826,583323,61.89
2026-10-09,43,ADANIPORTS,Adani Ports and Special Economic Zone Ltd.,1761.0,0.031030444964871284,9906351,84.48
2026-10-09,44,AMBUJACEM,Ambuja Cements Ltd.,351.5,0.030791788856304958,2615221,44.86
2026-10-09,45,NAUKRI,Info Edge (India) Ltd.,1219.0,0.030605343253297335,1672590,38.93
2026-10-09,46,RADICO,Radico Khaitan Ltd,4550.0,0.0305775764439411,332390,45.16
2026-10-09,47,TATATECH,Tata Technologies Ltd.,715.85,0.030518966385949753,2592329,16.91
2026-10-09,48,FORTIS,Fortis Healthcare Ltd.,786.25,0.030471821756225426,3638882,24.87
2026-10-09,49,COFORGE,Coforge Ltd.,1867.9,0.029543074463980634,2303224,35.94
2026-10-09,50,INTELLECT,Intellect Design Arena Ltd.,584.1,0.029523221997003635,1238813,46.13
2026-10-09,51,LTTS,L&T Technology Services Ltd.,3270.1,0.02943398602279168,60589,43.43
2026-10-09,52,AUROPHARMA,Aurobindo Pharma Ltd.,1693.0,0.029179331306990797,699038,42.01
2026-10-09,53,IGL,Indraprastha Gas Ltd.,146.15,0.02900795606562001,2395557,37.82
2026-10-09,54,M&MFIN,Mahindra & Mahindra Financial Services Ltd.,319.45,0.028824476650563646,1454193,51.43
2026-10-09,55,MEDANTA,Global Health Ltd.,1312.7,0.02835879357618487,235514,46.28
2026-10-09,56,CHOLAFIN,Cholamandalam Investment and Finance Company Ltd.,1587.6,0.02823834196891184,1660199,56.59
2026-10-09,57,FEDERALBNK,Federal Bank Ltd.,330.0,0.028037383177569986,5254910,50.1
2026-10-09,58,TARIL,Transformers And Rectifiers (India) Ltd.,290.65,0.027939876215738124,2355379,34.02
2026-10-09,59,LICHSGFIN,LIC Housing Finance Ltd.,551.65,0.027281191806331373,5310443,53.42
2026-10-09,60,INDIANB,Indian Bank,829.8,0.027234463976231638,1471855,49.51
2026-10-09,61,JAINREC,Jain Resource Recycling Ltd.,288.7,0.027219355986479288,867711,25.73
2026-10-09,62,KIMS,Krishna Institute of Medical Sciences Ltd.,705.5,0.02670450411118397,514123,51.24
2026-10-09,63,CUPID,Cupid Ltd.,366.1,0.026496565260059057,33720165,20.87
2026-10-09,64,INFY,Infosys Ltd.,1023.4,0.026479438314944703,14094234,50.88
2026-10-09,65,WIPRO,Wipro Ltd.,162.57,0.026455360525318827,23916315,39.99
2026-10-09,66,DABUR,Dabur India Ltd.,386.7,0.026273885350318382,886309,36.96
2026-10-09,67,SBICARD,SBI Cards and Payment Services Ltd.,562.0,0.02620286679448558,790400,35.66
2026-10-09,68,ABDL,Allied Blenders and Distillers Ltd.,711.55,0.026101377172110363,1078501,34.62
2026-10-09,69,NIACL,The New India Assurance Company Ltd.,162.23,0.025863159226002352,2303810,19.01
2026-10-09,70,MUTHOOTFIN,Muthoot Finance Ltd.,2624.7,0.025433661509610905,701715,44.48
2026-10-09,71,SHRIRAMFIN,Shriram Finance Ltd.,940.45,0.025292995366585025,4965497,61.93
2026-10-09,72,TMPV,Tata Motors Passenger Vehicles Ltd.,279.9,0.025274725274725185,6477363,46.17
2026-10-09,73,COCHINSHIP,Cochin Shipyard Ltd.,1230.0,0.02499999999999991,2284003,37.8
2026-10-09,74,MPHASIS,MphasiS Ltd.,2360.0,0.024572371277242322,753747,57.9
2026-10-09,75,BDL,Bharat Dynamics Ltd.,1075.9,0.02417896239885775,890171,34.78
2026-10-09,76,ULTRACEMCO,UltraTech Cement Ltd.,10675.0,0.023882601189334274,157341,54.93
2026-10-09,77,DEEPAKNTR,Deepak Nitrite Ltd.,1621.9,0.023862129916040864,371537,40.35
2026-10-09,78,GODFRYPHLP,Godfrey Phillips India Ltd.,1813.2,0.023828345567475928,151621,38.1
2026-10-09,79,PHOENIXLTD,Phoenix Mills Ltd.,1813.1,0.023656278229448935,674943,65.7
2026-10-09,80,ZEEL,Zee Entertainment Enterprises Ltd.,69.97,0.023402076934327942,14228095,33.51
2026-10-09,81,SYRMA,Syrma SGS Technology Ltd.,1719.9,0.023201856148491906,980252,31.82
2026-10-09,82,CONCORDBIO,Concord Biotech Ltd.,1361.4,0.022993688007213908,128354,43.13
2026-10-09,83,PWL,Physicswallah Ltd.,143.69,0.022850227790432776,14048838,16.63
2026-10-09,84,HDFCLIFE,HDFC Life Insurance Company Ltd.,556.65,0.022314049586776852,2712798,41.08
2026-10-09,85,SHREECEM,Shree Cement Ltd.,22080.0,0.022222222222222143,22022,53.18
2026-10-09,86,VISL,Vedanta Iron and Steel Ltd.,29.09,0.02213633169360496,13878922,38.21
2026-10-09,87,HINDZINC,Hindustan Zinc Ltd.,543.5,0.022096850023507253,2024919,37.51
2026-10-09,88,KIRLOSENG,Kirloskar Oil Eng Ltd.,2210.4,0.021914008321775258,298993,38.15
2026-10-09,89,CHOLAHLDNG,Cholamandalam Financial Holdings Ltd.,1400.4,0.02189141856392296,74624,41.38
2026-10-09,90,HDFCBANK,HDFC Bank Ltd.,707.25,0.021668472372697645,18397972,57.16
2026-10-09,91,LT,Larsen & Toubro Ltd.,3703.3,0.021571818708449486,1339156,61.75
2026-10-09,92,POONAWALLA,Poonawalla Fincorp Ltd.,447.3,0.021466088147979123,1356186,43.65
2026-10-09,93,OBEROIRLTY,Oberoi Realty Ltd.,1698.8,0.021343113088438725,361578,53.98
2026-10-09,94,UNOMINDA,UNO Minda Ltd.,1108.0,0.021198156682027625,328752,38.91
2026-10-09,95,INDUSTOWER,Indus Towers Ltd.,380.85,0.021045576407506816,2726912,50.8
2026-10-09,96,VBL,Varun Beverages Ltd.,441.0,0.02083333333333326,2906521,49.73
2026-10-09,97,BHARTIHEXA,Bharti Hexacom Ltd.,1531.9,0.020790297860998175,101028,40.03
2026-10-09,98,BAJAJHLDNG,Bajaj Holdings & Investment Ltd.,10820.0,0.020754716981132182,11706,41.62
2026-10-09,99,SBIN,State Bank of India,959.1,0.02031914893617026,6050801,50.01
2026-10-09,100,ATHERENERG,Ather Energy Ltd.,1434.4,0.02019914651493604,3741866,33.71
