symbol,date,name,industry,close,day_ret,persist_n,in_window,held,eligible,inelig,mqs,mqs_raw,deductions,penalties,flags,eqs,rsi,sma20,sma50,sma200,atr20,stop,stop_dist,bo55_level,hi252,ret21,ret63,rs_raw,trend_raw,vol_ratio,deliv_ratio,deliv_pct,sector_index,sector_raw,close_quality,up_days,med_turn_cr,yahoo_vs_bhav,top3,p_rs,p_trend,p_volume,p_breakout,p_persist,p_sector,p_vol
360ONE,2026-10-06,360 ONE WAM Ltd.,Financial Services,1069.5,0.01857142857142846,2,True,False,True,[],54.73976715046466,54.73976715046466,0.0,{},[],100.0,46.00182643313492,1065.4049987792969,1128.9000024414063,1104.73525390625,27.938237839489478,1013.623524321021,0.05224541905467883,1222.9000244140625,1236.199951171875,-0.05928403814469019,-0.027903974308647328,0.0039562484351226,2,0.877518929859042,1.201010921563318,66.53,Nifty Financial Services,0.00751656235940712,0.7959183673469388,2,91.35150000000002,0.0,"['relative strength', 'volume/delivery surge', 'near breakout/52W high']",38.853503184713375,52.547770700636946,63.69426751592356,54.29936305732484,60.35031847133758,67.54098360655738,66.56050955414013
AADHARHFC,2026-10-06,Aadhar Housing Finance Ltd.,Financial Services,453.8,0.0002204099625302547,2,True,False,True,[],44.07097734154746,44.07097734154746,0.0,{},[],100.0,46.7190162173494,453.2824996948242,473.0820001220703,481.1169993591309,11.898984166167581,430.00201946063356,0.052441535858287036,517.7999877929688,563.0,-0.05251075012644768,-0.14635062333706172,-0.051880432069963345,1,1.0659418742196227,1.0895021443222077,58.43,Nifty Financial Services,0.00751656235940712,0.29729729729729665,2,11.238150000000001,-2.6899584115724906e-08,"['volume/delivery surge', 'near breakout/52W high', 'strong sector']",12.101910828025478,35.031847133757964,63.69426751592357,45.70063694267516,60.35031847133758,67.54098360655738,65.92356687898089
AAVAS,2026-10-06,Aavas Financiers Ltd.,Financial Services,1215.1,-0.0036080360803608658,2,True,False,True,[],21.085308551738542,21.085308551738542,0.0,{},[],100.0,36.984282647029985,1268.0850036621093,1317.5320068359374,1352.0595037841797,40.55508251735709,1133.9898105512234,0.0667518448394353,1544.9000244140625,1771.9000244140625,-0.06831772651569079,-0.18982535269594047,-0.08152128494402427,0,0.427100244135179,0.710978603998597,40.54,Nifty Financial Services,0.00751656235940712,0.7086206896551709,0,10.297150000000002,-2.0092224883860865e-08,"['strong sector', 'repeat gainer', 'smooth (low ATR)']",4.777070063694268,12.579617834394904,5.732484076433121,11.62420382165605,60.35031847133758,67.54098360655738,26.11464968152866
ABB,2026-10-06,ABB India Ltd.,Capital Goods,7122.5,0.03299492385786795,4,True,False,True,[],64.61814764540043,64.61814764540043,0.0,{},[],100.0,49.79793145903458,7079.2,7351.0,6615.3425,172.36175766943944,6777.776484661121,0.04839922995280854,7894.5,7924.5,-0.04190207156308856,0.04435483870967749,0.04877663823508582,3,1.2465569252445698,0.9473572489917216,44.63,Nifty India Manufacturing,-0.00698034712501483,0.9327102803738317,1,139.73069999999998,0.0,"['relative strength', 'trend structure', 'near breakout/52W high']",64.01273885350318,66.0828025477707,55.095541401273884,65.76433121019109,96.17834394904459,33.442622950819676,76.11464968152866
ABBOTINDIA,2026-10-06,Abbott India Ltd.,Healthcare,26115.0,-0.004763719512195119,1,True,False,True,[],59.746502036128234,59.746502036128234,0.0,{},[],100.0,43.14381449918152,26456.25,26756.7,26848.0,562.3076395987849,24990.38472080243,0.04306395861373036,28940.0,30655.0,0.0019182812200269073,-0.004953324442750984,0.04603273305042932,0,1.9382926074853077,1.2461135044015734,66.53,Nifty Healthcare Index,0.01796393698282428,0.2689075630252101,0,16.81995,0.0,"['relative strength', 'volume/delivery surge', 'smooth (low ATR)']",62.10191082802548,12.579617834394904,89.64968152866243,60.031847133757964,22.133757961783438,86.55737704918033,90.12738853503184
ABDL,2026-10-06,Allied Blenders and Distillers Ltd.,Fast Moving Consumer Goods,714.65,0.025690706853247258,3,True,False,True,[],77.72569698235355,77.72569698235355,0.0,{},[],96.48174044210263,65.40471896041366,668.870004272461,635.5470043945312,564.6707501220703,24.22853011481356,666.1929641844354,0.06780530130025086,753.7999877929688,753.7999877929688,0.19108337402343745,0.07208228411033057,0.17913308372867537,5,1.2485571859611169,0.9163391353172374,40.8,Nifty FMCG,0.028878418254091653,0.6363636363636358,2,35.7377,3.4162264794801445e-08,"['relative strength', 'trend structure', 'near breakout/52W high']",91.71974522292993,91.0828025477707,51.27388535031847,87.26114649681529,84.23566878980891,95.40983606557377,23.88535031847134
ABSLAMC,2026-10-06,Aditya Birla Sun Life AMC Ltd.,Financial Services,1009.65,-0.01837538282047535,2,True,False,True,[],49.21428944345829,49.21428944345829,0.0,{},[],100.0,46.81224420181231,1035.435009765625,1027.8480065917968,987.2090014648437,38.29169982543734,933.0666247631879,0.0758514314852009,1126.9000244140625,1224.9000244140625,-0.030953065787801104,-0.11122357005804362,-0.023538063261131004,3,1.1195220377940691,1.1831800805868375,57.26,Nifty Financial Services,0.00751656235940712,0.1395759717314466,0,19.5566,2.4180718538602264e-08,"['volume/delivery surge', 'trend structure', 'near breakout/52W high']",24.203821656050955,66.0828025477707,73.72611464968153,54.61783439490446,60.35031847133758,67.54098360655738,12.101910828025478
ACE,2026-10-06,Action Construction Equipment Ltd.,Capital Goods,1252.2,0.020122199592668144,1,True,False,True,[],70.39044063903101,70.39044063903101,0.0,{},[],100.0,65.36999606021371,1198.5799987792968,1150.63,967.0255017089844,37.864172334000344,1176.4716065038742,0.06047623991450424,1268.0,1268.0,0.12486525880069754,0.28220354543894377,0.251084656781612,5,0.6599430755251483,1.360719782171185,57.47,Nifty India Manufacturing,-0.00698034712501483,0.7400000000000015,2,34.4762,-3.899387079897565e-08,"['relative strength', 'near breakout/52W high', 'trend structure']",95.22292993630573,91.0828025477707,56.847133757961785,97.77070063694268,22.133757961783438,33.442622950819676,41.71974522292994
ACMESOLAR,2026-10-06,ACME Solar Holdings Ltd.,Power,448.2,0.0480533146264468,1,True,False,True,[],64.68648846194006,64.68648846194006,0.0,{},[],100.0,62.94050622247269,430.13999633789064,403.5449993896484,313.57609977722166,17.044981503190023,414.1100492006512,0.07605971012475854,476.8999938964844,476.8999938964844,0.08483606154748902,0.21859713725525998,0.19926685406316585,5,0.7051494132322679,0.9175324675324675,42.39,Nifty Energy,0.01308588080244133,0.782435129740519,1,51.1918,2.723567882334521e-08,"['relative strength', 'trend structure', 'near breakout/52W high']",92.67515923566879,91.0828025477707,26.59235668789809,83.9171974522293,22.133757961783438,79.50819672131148,11.146496815286625
ACUTAAS,2026-10-06,Acutaas Chemicals Ltd.,Healthcare,3156.7,0.011049900711037175,1,True,False,True,[],46.09204343740212,46.09204343740212,0.0,{},[],100.0,43.74423237647391,3287.8749755859376,3247.359990234375,2714.0889978027344,117.70358680132654,2921.292777569222,0.07457381988910983,3700.0,3740.0,-0.007826296743804417,-0.08734245790201267,-3.4122661117186315e-05,3,0.9889989607738238,1.0077938272887874,48.49,Nifty Healthcare Index,0.01796393698282428,0.38229166666666475,1,111.10879999999999,-1.546809158536888e-08,"['trend structure', 'relative strength', 'strong sector']",38.21656050955414,66.0828025477707,50.955414012738856,44.745222929936304,22.133757961783438,86.55737704918033,14.012738853503185
ADANIENSOL,2026-10-06,Adani Energy Solutions Ltd.,Power,1350.1,-0.00243830353184582,4,True,False,True,[],43.76292158295917,43.76292158295917,0.0,{},[],100.0,42.90936318910904,1359.1850036621095,1478.4819995117186,1297.5090014648438,44.091011064561926,1261.9179534568136,0.06531517941169751,1789.0,1789.0,-0.028984499511288564,-0.1658325760976599,-0.04985828314268287,2,1.0628753556983495,1.1085662961715506,49.37,Nifty Energy,0.01308588080244133,0.32862190812720743,0,201.11974999999998,-1.808315119866677e-08,"['volume/delivery surge', 'repeat gainer', 'strong sector']",13.05732484076433,52.547770700636946,64.80891719745223,16.401273885350317,96.17834394904459,79.50819672131148,28.662420382165607
ADANIENT,2026-10-06,Adani Enterprises Ltd.,Metals & Mining,2849.9,-0.00492318435754191,2,True,False,True,[],50.2936462357732,50.2936462357732,0.0,{},[],100.0,43.1705092869091,2946.514990234375,2982.512001953125,2589.2850006103517,77.88262450168932,2694.134653340371,0.054656392975513945,3213.5,3245.0,-0.033932236493644075,-0.0757881008922423,-0.007309914031151832,2,0.7535674481974071,1.161160449970397,49.03,Nifty Metal,0.0014665791143129159,0.2865168539325872,0,485.37665,-3.42665532615527e-08,"['near breakout/52W high', 'relative strength', 'volume/delivery surge']",34.394904458598724,52.547770700636946,54.458598726114644,58.75796178343949,60.35031847133758,49.67213114754098,58.28025477707006
ADANIGREEN,2026-10-06,Adani Green Energy Ltd.,Power,1313.0,0.02258566978193155,1,True,False,True,[],56.15941839824579,56.15941839824579,0.0,{},[],100.0,53.70758059196118,1285.8999938964844,1310.8339990234374,1208.017749633789,36.47286683899665,1240.0542663220067,0.05555653745467881,1558.699951171875,1631.5,0.01940993788819867,-0.11677652255948257,-0.0011330376738505898,4,2.5561888473470686,1.3976033391679006,51.9,Nifty Energy,0.01308588080244133,0.6646216768916143,2,129.00225,0.0,"['volume/delivery surge', 'trend structure', 'relative strength']",37.5796178343949,76.91082802547771,95.06369426751593,35.50955414012739,22.133757961783438,79.50819672131148,54.77707006369427
ADANIPORTS,2026-10-06,Adani Ports and Special Economic Zone Ltd.,Services,1783.4,0.00529875986471251,2,True,False,True,[],70.70115902683513,70.70115902683513,0.0,{},[],100.0,53.77881371189805,1771.5900146484375,1721.0200024414062,1637.0320031738281,39.87990666584291,1703.6402110823767,0.04472345645385478,1857.4000244140625,1891.0999755859375,0.05258807355141393,-0.009277235374906989,0.06920567375004483,5,1.0055713350007731,0.900721401580213,52.44,Nifty Services Sector,0.0015632359016684028,0.7964285714285779,2,294.79560000000004,1.3689616773504554e-08,"['relative strength', 'trend structure', 'near breakout/52W high']",70.06369426751593,91.0828025477707,40.12738853503185,88.85350318471338,60.35031847133758,55.73770491803279,85.6687898089172
ADANIPOWER,2026-10-06,Adani Power Ltd.,Power,202.4,0.006965174129353269,2,True,False,True,[],58.11801712436045,58.11801712436045,0.0,{},[],100.0,48.56229670809233,203.90000076293944,206.02920013427735,189.71970054626465,5.672230194003235,191.0555335084779,0.056049707164558926,222.5,254.1999969482422,-0.010220605117786774,-0.06434917232076076,0.01026536594251759,2,1.2718413833908515,1.2106280193236714,50.12,Nifty Energy,0.01308588080244133,0.2627737226277394,2,385.6811,-3.015570959608027e-08,"['volume/delivery surge', 'relative strength', 'strong sector']",43.94904458598726,52.547770700636946,80.4140127388535,52.547770700636946,60.35031847133758,79.50819672131148,53.18471337579618
AEGISLOG,2026-10-06,Aegis Logistics Ltd.,Oil Gas & Consumable Fuels,1395.9,0.026774549466715758,4,True,False,True,[],71.5998746998016,71.5998746998016,0.0,{},[],100.0,54.48450934783577,1371.3899963378906,1334.43599609375,939.2327493286133,63.46099528817226,1268.978033837718,0.09092484300916959,1528.699951171875,1528.699951171875,0.11342432701641925,0.10426394381269799,0.15639439007634998,5,0.8113448998328586,1.3747612751579257,46.79,Nifty Oil & Gas,0.0015135561623461635,0.9206963249516459,1,147.457,1.7489836245943025e-08,"['relative strength', 'trend structure', 'near breakout/52W high']",88.53503184713375,91.0828025477707,65.28662420382166,72.92993630573248,96.17834394904459,52.622950819672134,1.910828025477707
AEGISVOPAK,2026-10-06,Aegis Vopak Terminals Ltd.,Oil Gas & Consumable Fuels,293.35,-0.014115274743740525,2,True,False,True,[],57.80210399916466,57.80210399916466,0.0,{},[],100.0,50.53730858623841,298.2699996948242,286.7143981933594,236.08059982299804,12.429729215704928,268.4905476721058,0.08474333701782022,320.95001220703125,320.95001220703125,0.028035744975936083,0.06467537982494886,0.09390581706223383,4,0.3033827090719335,0.993887988025446,39.84,Nifty Oil & Gas,0.0015135561623461635,0.2434210526315812,0,52.172799999999995,2.080625738365427e-08,"['relative strength', 'trend structure', 'near breakout/52W high']",78.98089171974522,76.91082802547771,25.15923566878981,73.56687898089172,60.35031847133758,52.622950819672134,4.140127388535032
AETHER,2026-10-06,Aether Industries Ltd.,Chemicals,1799.8,0.08356411800120411,1,True,False,True,[],66.40383209773415,66.40383209773415,0.0,{},[],92.26223045773213,65.76253535154316,1668.6899963378905,1636.6599975585937,1249.4667529296876,61.1688803347334,1677.462288158658,0.06797297330285257,1798.0,1798.0,0.11133068776049715,0.21133395455711357,0.20888257582059672,5,5.714613664011302,0.6214036617262424,28.51,Nifty Chemicals,-0.013540224303113302,0.9174364896073904,1,42.821549999999995,2.712975044616428e-08,"['relative strength', 'near breakout/52W high', 'trend structure']",93.31210191082802,91.0828025477707,51.43312101910828,99.20382165605096,22.133757961783438,23.114754098360656,22.929936305732483
AIIL,2026-10-06,Authum Investment & Infrastructure Ltd.,Financial Services,550.15,-0.002628716461203884,1,True,False,False,['LOW_TURNOVER'],,,,{},[],100.0,52.4080026974125,542.7949951171875,548.6330004882813,520.3312507629395,18.586230458931215,512.9775634962001,0.06756786197992615,607.7000122070312,683.0,0.0683561731675022,0.08403945697352211,0.12374806973230351,4,0.3545686968094421,1.4125434758218334,62.95,Nifty Financial Services,0.00751656235940712,0.44318181818180497,0,8.718800000000002,4.43771017710759e-08,,,,,,,,
AJANTPHARM,2026-10-06,Ajanta Pharmaceuticals Ltd.,Healthcare,3573.4,0.025071715433161224,3,True,False,True,[],80.16847655842122,80.16847655842122,0.0,{},[],100.0,52.99954033458425,3542.2299926757814,3541.1759912109374,3120.1584924316408,93.65305705395211,3386.0937882358458,0.05241677932129918,3796.0,3796.0,0.031343757788376836,0.0898498990876,0.10814708309977977,5,1.3410410293820152,1.016204813500815,52.99,Nifty Healthcare Index,0.01796393698282428,0.8828282828282837,1,28.81165,-2.732866455357197e-08,"['relative strength', 'trend structure', 'near breakout/52W high']",81.21019108280255,91.0828025477707,65.28662420382166,84.71337579617834,84.23566878980891,86.55737704918033,66.24203821656052
ALKEM,2026-10-06,Alkem Laboratories Ltd.,Healthcare,5292.0,0.019162253249879635,3,True,False,True,[],55.35955936096899,55.35955936096899,0.0,{},[],100.0,50.74249896426838,5239.5,5370.55,5476.9625,120.28932330351475,5051.421353392971,0.045460817575024515,5882.5,5933.5,0.01965317919075149,-0.05601141633963613,0.029371136087349037,1,0.4080615027671759,0.8671189806387556,52.4,Nifty Healthcare Index,0.01796393698282428,1.0,1,82.17295,0.0,"['relative strength', 'near breakout/52W high', 'strong sector']",51.910828025477706,35.031847133757964,13.535031847133759,63.853503184713375,84.23566878980891,86.55737704918033,84.39490445859873
AMBER,2026-10-06,Amber Enterprises India Ltd.,Consumer Durables,6869.0,0.043128321943811665,2,True,False,True,[],34.08784065991438,34.08784065991438,0.0,{},[],100.0,44.937585995913885,6982.275,7216.92,7251.87,193.65036044580785,6481.699279108384,0.05638385804216273,7879.5,8974.0,-0.08094728391758099,-0.07475754310344829,-0.030302158848723282,0,1.3721139430284857,0.9234767542593126,31.98,Nifty Consumer Durables,-0.027995535094592627,0.9675675675675676,2,80.6966,0.0,"['volume/delivery surge', 'repeat gainer', 'near breakout/52W high']",21.337579617834393,12.579617834394904,54.77707006369427,36.94267515923567,60.35031847133758,17.868852459016395,52.86624203821656
AMBUJACEM,2026-10-06,Ambuja Cements Ltd.,Construction Materials,361.55,-0.01350613915416099,1,True,False,True,[],15.400621280150357,30.400621280150357,15.0,{'DOWNTREND_BOUNCE': 15},[],100.0,31.634970595035767,380.7799987792969,403.2669995117187,451.9352507019043,8.281316206804636,344.9873553793595,0.04581007598621023,450.5,588.75,-0.09295037065535083,-0.1555529768841193,-0.0767014191079437,0,1.7973795089744724,1.2027491408934707,54.25,Nifty Cement,-0.021410454945703594,0.16990291262135904,0,51.1374,-3.3763051465740546e-08,"['volume/delivery surge', 'smooth (low ATR)', 'repeat gainer']",6.369426751592357,12.579617834394904,86.94267515923568,8.598726114649683,22.133757961783438,20.327868852459016,83.43949044585987
ANANDRATHI,2026-10-06,Anand Rathi Wealth Ltd.,Financial Services,2142.0,0.004690431519699834,1,True,False,True,[],58.81620027148376,58.81620027148376,0.0,{},[],100.0,46.3859494873673,2168.0699829101563,2159.3199829101563,1821.051742553711,47.568237965862394,2046.8635240682752,0.0444147880166782,2268.39990234375,2268.39990234375,-0.036870503597122295,0.02214158244964981,0.040185794088055116,3,0.9678451166616285,0.7216235632183908,40.18,Nifty Financial Services,0.00751656235940712,0.3024999999999977,2,60.49635,0.0,"['relative strength', 'near breakout/52W high', 'trend structure']",57.00636942675159,66.0828025477707,27.70700636942675,85.98726114649682,22.133757961783438,67.54098360655738,86.30573248407643
ANANTRAJ,2026-10-06,Anant Raj Ltd.,Realty,608.9,0.03660197480422189,1,True,False,True,[],51.67719536389267,51.67719536389267,0.0,{},[],100.0,52.23689985462661,601.5674987792969,611.3590002441406,546.9730001831055,18.08807087960046,572.7238826548615,0.059412284954353245,649.0,743.6500244140625,-0.04598507729876611,0.0692773928551409,0.05919641243997875,3,0.744742197326288,1.1273219338171978,45.82,Nifty Realty,-0.04069793468707705,0.892177589852006,2,89.2578,4.0095356368397006e-08,"['relative strength', 'trend structure', 'near breakout/52W high']",67.8343949044586,66.0828025477707,50.31847133757962,66.0828025477707,22.133757961783438,7.377049180327869,43.94904458598726
ANGELONE,2026-10-06,Angel One Ltd.,Financial Services,295.0,0.03436185133239844,4,True,False,True,[],54.84327033517803,54.84327033517803,0.0,{},[],100.0,54.0711461899247,291.0949996948242,292.4829986572266,288.69399993896485,8.524061094050351,277.9518778118993,0.05779024470542615,326.3999938964844,360.45001220703125,-0.02896638626254877,-0.13515099759196536,-0.03450843726546571,4,2.2790104609116826,0.9098961937716262,32.87,Nifty Financial Services,0.00751656235940712,0.8767123287671257,2,106.5935,0.0,"['trend structure', 'repeat gainer', 'volume/delivery surge']",18.471337579617835,76.91082802547771,60.509554140127385,54.93630573248408,96.17834394904459,67.54098360655738,50.0
ANTHEM,2026-10-06,Anthem Biosciences Ltd.,Healthcare,890.35,0.04513440544664871,2,True,False,True,[],69.22898611256136,69.22898611256136,0.0,{},[],100.0,51.15446058673331,897.8850006103515,886.4310009765625,754.9192517089843,27.07003800481852,836.2098995763005,0.06080763463154759,977.5499877929688,977.5499877929688,-0.04622391474457688,0.18397603136427865,0.11642631297164224,4,1.0928217980437653,0.9482517482517483,54.24,Nifty Healthcare Index,0.01796393698282428,0.8508535489667572,1,54.734899999999996,-2.74207474504351e-08,"['relative strength', 'trend structure', 'near breakout/52W high']",82.80254777070064,76.91082802547771,50.318471337579616,71.17834394904459,60.35031847133758,86.55737704918033,40.76433121019108
APARINDS,2026-10-06,Apar Industries Ltd.,Capital Goods,18016.0,-0.0047508562589768655,4,True,False,True,[],69.57833872820298,69.57833872820298,0.0,{},[],100.0,55.2046188266284,17728.6,17061.64,12811.455,710.9109416214548,16594.17811675709,0.07891995355477954,19265.0,19265.0,0.016245487364620947,0.28045486851457,0.19590043260138684,5,0.7525115173427092,1.0575114216608439,39.35,Nifty India Manufacturing,-0.00698034712501483,0.24955752212389382,0,227.1239,0.0,"['relative strength', 'trend structure', 'near breakout/52W high']",92.03821656050955,91.0828025477707,44.745222929936304,82.48407643312102,96.17834394904459,33.442622950819676,8.598726114649681
APOLLOTYRE,2026-10-06,Apollo Tyres Ltd.,Automobile and Auto Components,401.55,-0.00012450199203195567,1,True,False,True,[],26.97744596428944,26.97744596428944,0.0,{},[],100.0,40.74116654171462,407.3,425.09700073242186,438.4740002441406,10.6360856600471,380.2778164728746,0.052975151205985505,467.3999938964844,540.5,-0.04574619904568744,-0.0866598581427167,-0.018652773932410716,0,0.6010273262283817,0.931145431145431,43.41,Nifty Auto,-0.0372541807511817,0.3728813559322029,0,23.06785,-3.039977902741242e-08,"['relative strength', 'smooth (low ATR)', 'near breakout/52W high']",27.388535031847134,12.579617834394904,25.0,30.89171974522293,22.133757961783438,12.131147540983607,64.3312101910828
ASAHIINDIA,2026-10-06,Asahi India Glass Ltd.,Automobile and Auto Components,956.95,0.01184245307956644,1,True,False,True,[],57.0968727158818,57.0968727158818,0.0,{},[],100.0,51.693748487363614,960.1924987792969,940.7660021972656,905.8312512207032,24.21996822360046,908.5100757598303,0.05061908754824407,995.0,1074.0,0.0010984284612947093,0.09184779380319608,0.09402336579403675,4,0.24743493218902668,0.9474972191323693,42.59,Nifty Auto,-0.0372541807511817,0.8390501319261242,2,13.9621,1.2756184997186892e-08,"['relative strength', 'near breakout/52W high', 'trend structure']",79.29936305732484,76.91082802547771,20.222929936305732,80.73248407643312,22.133757961783438,12.131147540983607,71.65605095541402
ASIANPAINT,2026-10-06,Asian Paints Ltd.,Consumer Durables,2424.2,0.024598478444632255,2,True,False,True,[],41.20567505481884,41.20567505481884,0.0,{},[],100.0,42.87477357596093,2433.9550170898438,2572.200009765625,2554.9760009765623,45.376402362261665,2333.4471464473518,0.03743618783617775,2864.0,2985.699951171875,-0.030668940848050164,-0.09335032279831279,-0.014459377161390119,1,0.7968490345204605,0.9530978575564563,57.61,Nifty Consumer Durables,-0.027995535094592627,1.0,1,134.8608,-2.0141953993579875e-08,"['smooth (low ATR)', 'relative strength', 'repeat gainer']",29.29936305732484,35.031847133757964,36.46496815286624,37.89808917197452,60.35031847133758,17.868852459016395,96.4968152866242
ASTERDM,2026-10-06,Aster DM Quality Care Ltd.,Healthcare,684.7,-0.009833694866232756,2,True,False,True,[],36.64140649472695,36.64140649472695,0.0,{},[],100.0,28.578713007681543,746.0275024414062,779.6000036621094,711.1422500610352,23.07935347285271,638.5413052613259,0.06741449703925007,891.2999877929688,891.2999877929688,-0.12860322977151606,-0.12172904867984458,-0.07761588456388896,1,1.207761585646917,1.0711346266901824,63.77,Nifty Healthcare Index,0.01796393698282428,0.5988700564971787,0,77.13405,1.7828291509758287e-08,"['volume/delivery surge', 'strong sector', 'repeat gainer']",5.414012738853503,35.031847133757964,66.87898089171975,18.630573248407643,60.35031847133758,86.55737704918033,25.159235668789808
ASTRAL,2026-10-06,Astral Ltd.,Capital Goods,1402.3,0.029513251596799073,1,True,False,True,[],43.16114127597369,43.16114127597369,0.0,{},[],100.0,47.161559914579,1401.935009765625,1458.2400048828124,1503.8769995117189,33.15905453879002,1335.981939750545,0.04729238163615601,1600.0,1768.699951171875,-0.060687235651628035,0.0496257850509918,0.04201952936147324,1,0.7215497047875754,0.8439374735952683,49.94,Nifty India Manufacturing,-0.00698034712501483,0.9521276595744673,2,68.91825,3.482002775001547e-08,"['relative strength', 'smooth (low ATR)', 'near breakout/52W high']",58.59872611464968,35.031847133757964,21.019108280254777,43.47133757961784,22.133757961783438,33.442622950819676,80.2547770700637
ATHERENERG,2026-10-06,Ather Energy Ltd.,Automobile and Auto Components,1446.0,0.025604652812256212,1,True,False,True,[],50.114388639448684,50.114388639448684,0.0,{},[],100.0,43.577821367214604,1523.1750061035157,1505.3500024414063,1025.4452493286133,60.60479864846568,1324.7904027030686,0.08382406452069946,1744.0,1744.0,-0.09585446392029717,0.18680233997483042,0.09302419268905798,3,1.1972121135456806,1.176185037121645,41.19,Nifty Auto,-0.0372541807511817,0.3652331920048455,2,545.9526999999999,0.0,"['relative strength', 'volume/delivery surge', 'trend structure']",77.38853503184713,66.0828025477707,75.79617834394904,37.4203821656051,22.133757961783438,12.131147540983607,4.45859872611465
AUBANK,2026-10-06,AU Small Finance Bank Ltd.,Financial Services,1028.0,-0.0011659541391372263,2,True,False,True,[],54.564607914795864,54.564607914795864,0.0,{},[],100.0,48.507882023476384,1028.979995727539,1057.7059948730468,1006.6402487182618,24.135096056437206,979.7298078871256,0.04695543979851591,1144.0999755859375,1144.0999755859375,-0.023741690408357052,-0.01852207748889001,0.026418370713167827,2,0.8928881776948836,0.7421915444348576,43.01,Nifty Financial Services,0.00751656235940712,0.5550458715596324,0,135.6706,0.0,"['relative strength', 'near breakout/52W high', 'smooth (low ATR)']",49.36305732484077,52.547770700636946,25.477707006369425,64.49044585987261,60.35031847133758,67.54098360655738,80.5732484076433
AUROPHARMA,2026-10-06,Aurobindo Pharma Ltd.,Healthcare,1692.8,0.01068720520628097,2,True,False,True,[],82.98694789600084,82.98694789600084,0.0,{},[],100.0,53.88244793305499,1690.2650146484375,1655.1980078125,1428.8134991455079,34.58506876235231,1623.6299113034204,0.04086137495836506,1740.0,1740.0,0.019759065559111555,0.06639789768994597,0.09062873628632012,5,1.1951296887281129,1.2441445017864232,62.68,Nifty Healthcare Index,0.01796393698282428,0.9201680672268868,1,144.63805,2.8844591826171495e-08,"['relative strength', 'near breakout/52W high', 'trend structure']",76.43312101910828,91.0828025477707,78.98089171974522,95.22292993630573,60.35031847133758,86.55737704918033,93.94904458598727
AVANTIFEED,2026-10-06,Avanti Feeds Ltd.,Fast Moving Consumer Goods,714.1,0.004218815918998642,1,True,False,True,[],6.252767046047822,21.252767046047822,15.0,{'DOWNTREND_BOUNCE': 15},[],100.0,28.69486731061106,757.629995727539,819.4189990234376,1044.1292486572265,24.22263298148432,665.6547096229689,0.0678410133304066,1036.9000244140625,1593.800048828125,-0.09211113512355829,-0.22317108992555068,-0.11009085786276313,0,0.6011263883478849,0.9826086956521738,42.94,Nifty FMCG,0.028878418254091653,0.4340425531914913,1,18.38825,-3.418857652537355e-08,"['strong sector', 'volume/delivery surge', 'smooth (low ATR)']",1.910828025477707,12.579617834394904,30.573248407643312,1.2738853503184713,22.133757961783438,95.40983606557377,23.56687898089172
AWL,2026-10-06,AWL Agri Business Ltd.,Fast Moving Consumer Goods,185.93,0.05552086290093672,1,True,False,True,[],51.81805367025164,51.81805367025164,0.0,{},[],100.0,53.51126594448629,182.5629981994629,188.56679962158202,195.07719985961913,4.765809609578821,176.3983734566236,0.051264559751683425,204.82000732421875,282.8999938964844,-0.012429019724742085,0.001346402465862484,0.04200894603235156,1,3.1280225126338115,0.7196494373070412,36.13,Nifty FMCG,0.028878418254091653,0.7887323943661981,2,27.73505,-3.939234527461366e-08,"['relative strength', 'strong sector', 'volume/delivery surge']",58.28025477707006,35.031847133757964,51.11464968152866,37.10191082802548,22.133757961783438,95.40983606557377,70.06369426751593
AZAD,2026-10-06,Azad Engineering Ltd.,Capital Goods,3062.6,0.046255807597704424,4,True,False,True,[],72.4764279001775,72.4764279001775,0.0,{},['LOW_DELIVERY'],85.3660783750438,65.68476073775068,2796.5849853515624,2716.657998046875,2076.819505004883,120.18824042007198,2822.223616816106,0.07848771409107558,3127.89990234375,3127.89990234375,0.0678521958355125,0.23686441455058738,0.1999085598548413,5,3.0293833572518736,0.6036514307911434,23.31,Nifty India Manufacturing,-0.00698034712501483,0.8437164339419981,2,119.9657,3.1886713935946887e-08,"['relative strength', 'near breakout/52W high', 'trend structure']",92.99363057324841,91.0828025477707,48.566878980891715,96.17834394904459,96.17834394904459,33.442622950819676,8.9171974522293
BAJAJHFL,2026-10-06,Bajaj Housing Finance Ltd.,Financial Services,82.36,-0.005193863993235959,2,True,False,True,[],45.273206640910516,45.273206640910516,0.0,{},[],100.0,44.07170699821492,83.20350036621093,84.22100006103516,86.5069497680664,1.4693221283449336,79.4213563536617,0.035680478811464744,88.4000015258789,113.44999694824219,-0.01999048413700555,-0.05970996627701208,0.007700029454782542,0,0.5463283148069327,0.8728110599078341,47.35,Nifty Financial Services,0.00751656235940712,0.24742268041236615,0,29.886799999999997,7.410776659000362e-09,"['relative strength', 'smooth (low ATR)', 'near breakout/52W high']",41.71974522292994,12.579617834394904,17.993630573248407,51.27388535031847,60.35031847133758,67.54098360655738,97.77070063694268
BAJAJHLDNG,2026-10-06,Bajaj Holdings & Investment Ltd.,Financial Services,10600.0,-0.012299664554603074,1,True,False,True,[],51.82575441161115,51.82575441161115,0.0,{},[],100.0,40.11962818701062,10989.6,11188.14,10670.04,251.9928139652689,10096.014372069461,0.047545813955711225,11644.0,13250.0,-0.05034939974914887,0.025541795665634748,0.035146452620034296,1,0.9735410937977391,1.025776482375444,56.31,Nifty Financial Services,0.00751656235940712,0.18518518518518517,0,44.179449999999996,0.0,"['relative strength', 'near breakout/52W high', 'smooth (low ATR)']",54.77707006369427,35.031847133757964,52.22929936305732,54.29936305732484,22.133757961783438,67.54098360655738,79.29936305732484
BAJFINANCE,2026-10-06,Bajaj Finance Ltd.,Financial Services,963.1,-0.007113402061855623,1,True,False,True,[],37.66174167275764,37.66174167275764,0.0,{},[],100.0,37.862097727812426,1001.1300018310546,1053.586004638672,975.7035012817382,23.426885196089078,916.2462051937594,0.048648916602529124,1176.4000244140625,1176.4000244140625,-0.09141511737175712,-0.04054593813705598,-0.01843027309261519,1,0.7686582839206151,0.8704014654251259,57.02,Nifty Financial Services,0.00751656235940712,0.37538461538461676,0,556.236,-2.5349457533074826e-08,"['smooth (low ATR)', 'relative strength', 'strong sector']",27.70700636942675,35.031847133757964,26.11464968152866,33.439490445859875,22.133757961783438,67.54098360655738,75.79617834394904
BALRAMCHIN,2026-10-06,Balrampur Chini Mills Ltd.,Fast Moving Consumer Goods,691.3,0.029486224869694544,2,True,False,True,[],69.13493265114336,69.13493265114336,0.0,{},['LOW_DELIVERY'],100.0,55.81225314377351,675.9825012207032,665.87099609375,542.2559996032714,27.90533571928758,635.4893163543936,0.08073292698406553,780.9500122070312,780.9500122070312,-0.028458998450424988,0.2182570674450024,0.14244928915908006,5,2.0817677571063005,0.8885780885780885,19.06,Nifty FMCG,0.028878418254091653,0.27838258164852064,2,73.3474,-1.765808077536235e-08,"['relative strength', 'trend structure', 'strong sector']",86.94267515923566,91.0828025477707,57.64331210191083,59.39490445859873,60.35031847133758,95.40983606557377,6.050955414012739
BANDHANBNK,2026-10-06,Bandhan Bank Ltd.,Financial Services,164.15,-0.024484459499613753,1,True,False,True,[],30.010467787407325,30.010467787407325,0.0,{},[],100.0,38.18881193174159,177.2414993286133,173.6231997680664,177.05834983825685,5.891635497007849,152.36672290246867,0.07178356035423572,215.9199981689453,220.75999450683594,-0.0033394235698174235,-0.1786751055979814,-0.04345700992210805,1,0.9760723707567063,1.026272959776796,44.14,Nifty Financial Services,0.00751656235940712,0.2014302741358761,0,218.90794999999997,-3.718255026097239e-08,"['volume/delivery surge', 'strong sector', 'trend structure']",14.968152866242038,35.031847133757964,52.86624203821656,15.764331210191083,22.133757961783438,67.54098360655738,17.515923566878982
BANKINDIA,2026-10-06,Bank of India,Financial Services,132.16,-0.010037453183520673,1,True,False,True,[],37.16014931606975,37.16014931606975,0.0,{},[],100.0,39.13595974823044,136.07999954223632,139.91980010986327,146.94980003356935,3.0682155036567496,126.02357265479587,0.04643183139584639,149.3300018310547,178.36000061035156,-0.06942684349900075,-0.04598278476372508,-0.010154559469571556,0,0.7401660019991352,0.9263984298331697,42.48,Nifty Financial Services,0.00751656235940712,0.25714285714285406,0,61.52360000000001,2.770966545107001e-08,"['smooth (low ATR)', 'relative strength', 'strong sector']",32.48407643312102,12.579617834394904,29.14012738853503,37.738853503184714,22.133757961783438,67.54098360655738,81.52866242038216
BBOX,2026-10-06,Black Box Ltd.,Information Technology,839.95,0.033784615384615524,3,True,False,True,[],59.39587031429466,59.39587031429466,0.0,{},[],100.0,60.96612610417103,793.8724945068359,770.0879992675781,708.9030014038086,36.13038612778628,767.6892399514587,0.08602984844979278,854.5999755859375,1103.0,0.08485632832680823,-0.10093656707837173,0.03951013528600961,5,1.7160487492178542,1.1883891363701682,41.35,Nifty IT,-0.042437668640266324,0.8817480719794367,2,52.5929,1.4533044989661903e-08,"['relative strength', 'trend structure', 'volume/delivery surge']",56.68789808917197,91.0828025477707,85.50955414012739,64.3312101910828,84.23566878980891,3.1147540983606556,3.5031847133757963
BDL,2026-10-06,Bharat Dynamics Ltd.,Capital Goods,1101.8,0.005108556832694733,1,True,False,True,[],19.4827973269291,19.4827973269291,0.0,{},[],100.0,34.026448742495916,1144.7799987792969,1241.3919970703125,1313.232498779297,32.336351559652556,1037.1273457088198,0.05869731371685005,1427.699951171875,1633.4000244140625,-0.11266804207547654,-0.16926788187813213,-0.09341770731501298,0,0.7480134427299082,0.9804884704598172,35.93,Nifty India Manufacturing,-0.00698034712501483,0.5106382978723368,2,114.8585,4.431668632065566e-08,"['volume/delivery surge', 'smooth (low ATR)', 'strong sector']",2.8662420382165603,12.579617834394904,35.98726114649681,8.9171974522293,22.133757961783438,33.442622950819676,45.859872611464965
BELRISE,2026-10-06,Belrise Industries Ltd.,Automobile and Auto Components,236.81,0.024619245413638025,1,True,False,True,[],46.02203195155059,46.02203195155059,0.0,{},[],100.0,49.317460707268594,236.94449920654296,237.6127993774414,211.72950042724608,7.216515405709332,222.3769667471751,0.06094772585708719,268.20001220703125,268.20001220703125,0.028312147564136136,0.03482783319457461,0.07912024504114673,2,0.9372371548405939,0.6106261450587348,28.33,Nifty Auto,-0.0372541807511817,0.926216640502355,1,67.625,-1.0309557207932585e-08,"['relative strength', 'near breakout/52W high', 'trend structure']",73.56687898089172,52.547770700636946,24.044585987261147,58.439490445859875,22.133757961783438,12.131147540983607,39.49044585987261
BEML,2026-10-06,BEML Ltd.,Capital Goods,2042.2,0.03643930166463649,1,True,False,True,[],62.81878458807559,62.81878458807559,0.0,{},[],100.0,54.391530518207254,2032.935009765625,1947.812001953125,1794.143999633789,66.17819495899755,1909.84356125388,0.06481069096199177,2205.0,2275.75,-0.007580958929966908,0.1497579142621317,0.11863873232787375,5,0.8497016463578339,1.1300633377522462,38.36,Nifty India Manufacturing,-0.00698034712501483,0.7993311036789319,2,46.31235000000001,-2.39095705456549e-08,"['relative strength', 'trend structure', 'near breakout/52W high']",83.75796178343948,91.0828025477707,56.52866242038216,74.36305732484077,22.133757961783438,33.442622950819676,30.254777070063696
BERGEPAINT,2026-10-06,Berger Paints India Ltd.,Consumer Durables,472.55,0.030868237347295047,2,True,False,True,[],45.48115276182521,45.48115276182521,0.0,{},[],100.0,52.29526502625652,457.15999908447264,494.96099731445315,488.60550064086914,12.247625405960337,448.05473698104805,0.051836316674824356,565.9000244140625,594.5499877929688,-0.026272409480132097,-0.051294956830892025,0.008766571506279297,2,1.0346412350447176,0.9856251182144883,52.11,Nifty Consumer Durables,-0.027995535094592627,0.8779069767441879,2,16.8225,-2.5832253225388513e-08,"['relative strength', 'trend structure', 'volume/delivery surge']",42.038216560509554,52.547770700636946,50.796178343949045,32.00636942675159,60.35031847133758,17.868852459016395,68.47133757961784
BHARATCOAL,2026-10-06,Bharat Coking Coal Ltd.,Oil Gas & Consumable Fuels,32.05,0.005332496863237113,2,True,False,False,"['PRICE_LT_50', 'INELIGIBLE_HISTORY']",,,,{},[],100.0,42.204216145519844,32.510999584198,33.35899982452393,,0.812123761962455,30.425751713135636,0.05067855109483865,37.849998474121094,45.09000015258789,-0.05037039297598378,-0.13959733591783763,-0.047433609785119346,0,1.106334947592474,0.853413654618474,42.5,Nifty Oil & Gas,0.0015135561623461635,0.42857142857142444,2,12.4805,-2.3804663018545114e-08,,,,,,,,
BHARATFORG,2026-10-06,Bharat Forge Ltd.,Automobile and Auto Components,1880.0,0.02564102564102555,1,True,False,True,[],39.48540774772894,39.48540774772894,0.0,{},[],100.0,39.15819102402454,1937.2049987792968,2027.8739965820312,1868.5915020751954,50.095284277989336,1779.8094314440214,0.053292855614882284,2295.0,2295.0,-0.038363171355498715,-0.11761949036420338,-0.03044107619805969,2,1.507832927981069,1.1078235614449083,61.03,Nifty Auto,-0.0372541807511817,0.9821428571428571,1,143.30295,0.0,"['volume/delivery surge', 'trend structure', 'smooth (low ATR)']",21.019108280254777,52.547770700636946,76.43312101910828,34.554140127388536,22.133757961783438,12.131147540983607,62.738853503184714
BHARTIARTL,2026-10-06,Bharti Airtel Ltd.,Telecommunication,1810.5,0.017191977077363862,1,True,False,True,[],46.512738853503194,46.512738853503194,0.0,{},['SECTOR_UNMAPPED'],100.0,48.36216694874556,1807.2299926757812,1876.0279956054687,1901.9190014648439,30.680879928590635,1749.1382401428186,0.033892162307197715,2031.0,2174.5,-0.023462783171521062,-0.06245144068698194,0.004593142732539857,1,1.112022729902931,0.816931216931217,57.9,,,1.0,2,835.34545,0.0,"['relative strength', 'smooth (low ATR)', 'near breakout/52W high']",40.76433121019108,35.031847133757964,39.49044585987261,54.140127388535035,22.133757961783438,50.0,98.08917197452229
BHEL,2026-10-06,Bharat Heavy Electricals Ltd.,Capital Goods,452.0,0.053613053613053685,4,True,False,True,[],77.93024955622846,77.93024955622846,0.0,{},[],98.4303373183573,65.373336754051,424.9050018310547,421.0990008544922,351.03995079040527,12.28674792056481,427.4265041588704,0.05436614124143724,442.6499938964844,446.5,0.07248780853744874,0.1844863542203068,0.17603733604066912,5,3.2804145926632104,0.693858845096242,30.28,Nifty India Manufacturing,-0.00698034712501483,0.9274809160305352,2,288.8582,0.0,"['relative strength', 'near breakout/52W high', 'trend structure']",91.0828025477707,91.0828025477707,50.63694267515923,99.68152866242038,96.17834394904459,33.442622950819676,59.87261146496815
BLS,2026-10-06,BLS International Services Ltd.,Consumer Services,223.97,0.038099652375434445,1,True,False,True,[],14.688028610211973,29.688028610211973,15.0,{'DOWNTREND_BOUNCE': 15},[],100.0,43.25717309200547,225.79899978637695,241.16519927978516,263.5953498840332,6.769385618449005,210.4312299838051,0.06044903854582173,282.70001220703125,359.0,-0.06355310893762345,-0.045311187579944456,-0.006881893596992594,0,1.2737498593017813,0.8529949456930852,39.66,Nifty India Consumption,-0.003782502113651831,0.9110824742268043,1,15.495349999999998,5.450297546616412e-09,"['relative strength', 'volume/delivery surge', 'strong sector']",34.71337579617835,12.579617834394904,47.29299363057325,8.121019108280255,22.133757961783438,43.9344262295082,42.038216560509554
BLUESTARCO,2026-10-06,Blue Star Ltd.,Consumer Durables,1571.5,0.04072847682119196,3,True,False,True,[],52.75026104207998,52.75026104207998,0.0,{},[],100.0,56.15678714250968,1524.7450012207032,1531.0840014648438,1692.148499145508,46.335717435989984,1478.82856512802,0.05897005082531337,1737.5999755859375,2032.9000244140625,0.05046791443850274,-0.02729634578630369,0.05913603898789088,2,1.193029899957496,0.7934477729159655,35.36,Nifty Consumer Durables,-0.027995535094592627,0.9081500646830541,2,109.13915000000001,0.0,"['relative strength', 'repeat gainer', 'trend structure']",67.51592356687898,52.547770700636946,40.28662420382165,48.089171974522294,84.23566878980891,17.868852459016395,45.22292993630573
BOSCHLTD,2026-10-06,Bosch Ltd.,Automobile and Auto Components,45000.0,0.000889679715302405,1,True,False,True,[],55.56821029549963,55.56821029549963,0.0,{},[],100.0,39.94806482741669,47247.75,46424.1,39178.2,1132.3261004593082,42735.347799081384,0.05032560446485812,50000.0,50000.0,-0.038872276804784334,0.08147080028839215,0.06884951640359527,3,0.9153890075496437,1.0373889692212352,50.22,Nifty Auto,-0.0372541807511817,0.30097087378640774,1,113.7395,0.0,"['relative strength', 'trend structure', 'near breakout/52W high']",69.7452229299363,66.0828025477707,51.11464968152866,65.76433121019109,22.133757961783438,12.131147540983607,72.61146496815287
BRIGADE,2026-10-06,Brigade Enterprises Ltd.,Realty,569.1,-0.004373687893631906,1,True,False,True,[],32.46541192440221,32.46541192440221,0.0,{},[],100.0,36.387114118884824,611.9175048828125,614.3190014648437,568.518936920166,22.897145942772543,523.3056837003924,0.08046792101580391,735.0,802.0125122070312,-0.18244505739724903,0.13197409365676283,0.022314772791548254,2,0.5163612699234748,1.1922418710781517,52.25,Nifty Realty,-0.04069793468707705,0.2742474916387967,0,17.2325,-4.2899424568254574e-08,"['relative strength', 'trend structure', 'volume/delivery surge']",47.452229299363054,52.547770700636946,47.452229299363054,13.216560509554139,22.133757961783438,7.377049180327869,6.687898089171974
BSE,2026-10-06,BSE Ltd.,Financial Services,3305.0,0.03943892313498565,3,True,False,True,[],49.34963976192962,49.34963976192962,0.0,{},[],100.0,53.39768301896471,3222.3650024414064,3338.1860107421876,3334.0670068359377,104.07538391674362,3096.8492321665126,0.06298056515385397,3705.300048828125,4446.7998046875,-0.04097265195650068,-0.1315657980387278,-0.03871897033582289,2,1.587844186245933,1.169820779546309,46.67,Nifty Financial Services,0.00751656235940712,1.0,2,1408.4422,0.0,"['volume/delivery surge', 'repeat gainer', 'trend structure']",17.197452229299362,52.547770700636946,83.28025477707007,39.968152866242036,84.23566878980891,67.54098360655738,35.031847133757964
BSOFT,2026-10-06,Birlasoft Ltd.,Information Technology,279.45,0.012499999999999956,1,True,False,True,[],25.606061397097214,40.606061397097214,15.0,{'DOWNTREND_BOUNCE': 15},[],100.0,47.25016878776834,278.25999908447267,294.40799743652343,345.55224899291994,8.505821374624578,262.4383694577821,0.06087544106688414,331.0,474.0,-0.034214597157957605,0.02663482613838286,0.043760369152003986,1,1.2642266621659997,1.165979502886088,49.49,Nifty IT,-0.042437668640266324,0.7549668874172158,2,28.593899999999998,4.3682344852413735e-08,"['relative strength', 'volume/delivery surge', 'trend structure']",59.554140127388536,35.031847133757964,77.38853503184714,15.445859872611464,22.133757961783438,3.1147540983606556,40.12738853503185
CAMS,2026-10-06,Computer Age Management Services Ltd.,Financial Services,693.9,0.014696205308181609,2,True,False,True,[],42.68562702307612,42.68562702307612,0.0,{},[],100.0,43.050748155236434,700.2774963378906,741.2050012207031,739.1810006713868,16.77123657763081,660.3575512588009,0.0483390574652095,830.5,844.9000244140625,-0.05784110738077053,-0.10545312170387933,-0.03409685988053357,1,0.7770519108806474,1.0424934662665764,53.85,Nifty Financial Services,0.00751656235940712,1.0,2,97.08035,3.518383406841963e-08,"['smooth (low ATR)', 'strong sector', 'volume/delivery surge']",18.78980891719745,35.031847133757964,44.42675159235669,37.5796178343949,60.35031847133758,67.54098360655738,76.43312101910828
CANFINHOME,2026-10-06,Can Fin Homes Ltd.,Financial Services,734.75,0.013867807368566298,1,True,False,True,[],26.491359507152552,26.491359507152552,0.0,{},[],100.0,36.79567830881181,758.9300048828125,791.8440026855469,853.7967498779296,18.460543914006372,697.8289121719872,0.05024986434571321,902.25,971.5,-0.0899802108215011,-0.17656616602971809,-0.08572293376381823,0,0.6801947435795692,0.9254637990477754,56.37,Nifty Financial Services,0.00751656235940712,0.7882882882882867,2,22.50455,0.0,"['smooth (low ATR)', 'strong sector', 'volume/delivery surge']",3.821656050955414,12.579617834394904,26.11464968152866,22.929936305732483,22.133757961783438,67.54098360655738,73.2484076433121
CANHLIFE,2026-10-06,Canara HSBC Life Insurance Company Ltd.,Financial Services,143.13,0.005408822703006244,1,True,False,False,"['LOW_TURNOVER', 'INELIGIBLE_HISTORY']",,,,{},[],100.0,34.478462088055636,150.4979995727539,150.94100006103517,145.58649993896483,5.59560338068321,131.93879812144607,0.07818910346945918,166.69000244140625,166.69000244140625,-0.08967748666202457,0.008739202893072395,0.007081112777315268,1,1.0370246350945456,0.9826496610364241,42.76,Nifty Financial Services,0.00751656235940712,0.8441295546558683,1,9.04455,3.411452875745624e-08,,,,,,,,
CAPLIPOINT,2026-10-06,Caplin Point Laboratories Ltd.,Healthcare,2679.7,0.02907066052227325,2,True,False,True,[],57.85955936096899,57.85955936096899,0.0,{},[],100.0,48.91839872547828,2720.959997558594,2641.5100048828126,2134.305,102.23502699936395,2475.229897173147,0.07630333907694031,2990.0,2990.0,-0.0477256747790068,0.022240043869689696,0.034807439207132806,4,0.8218798607510555,1.05637907006208,41.69,Nifty Healthcare Index,0.01796393698282428,0.8937153419593344,1,36.22275,-1.822148931740486e-08,"['relative strength', 'trend structure', 'near breakout/52W high']",54.45859872611465,76.91082802547771,49.203821656050955,63.69426751592357,60.35031847133758,86.55737704918033,10.828025477707007
CARBORUNIV,2026-10-06,Carborundum Universal Ltd.,Capital Goods,1269.6,0.0015777847901545794,2,True,False,True,[],69.87292471546412,69.87292471546412,0.0,{},[],90.09727775154064,62.93321496048444,1171.4699951171874,1133.1559912109376,983.2702490234375,50.25145393039622,1169.097067725145,0.07916108206792383,1368.9000244140625,1368.9000244140625,0.12294357244078546,0.17501154612303327,0.19652781394370072,5,1.376009670260853,1.093067627729489,51.56,Nifty India Manufacturing,-0.00698034712501483,0.26536312849161875,2,34.008500000000005,-1.9229727810099462e-08,"['relative strength', 'trend structure', 'near breakout/52W high']",92.35668789808918,91.0828025477707,73.2484076433121,79.93630573248407,60.35031847133758,33.442622950819676,7.643312101910828
CARTRADE,2026-10-06,Cartrade Tech Ltd.,Consumer Services,2911.7,-0.00807385705525665,2,True,False,True,[],49.23420695416102,49.23420695416102,0.0,{},[],100.0,48.32810613073467,2952.485009765625,2927.1680029296876,2383.9899951171874,114.97666915386253,2681.74661286415,0.0789756301006137,3254.0,3290.5,-0.08434226214925755,0.0645291032285884,0.03764367520145678,3,0.4446607900226128,1.0270498732037194,36.45,Nifty India Consumption,-0.003782502113651831,0.1363636363636351,0,84.0695,-1.6769627686485933e-08,"['relative strength', 'trend structure', 'near breakout/52W high']",56.36942675159236,66.0828025477707,31.687898089171973,61.46496815286624,60.35031847133758,43.9344262295082,8.280254777070065
CCL,2026-10-06,CCL Products (I) Ltd.,Fast Moving Consumer Goods,1054.9,0.002851982127578756,2,True,False,True,[],44.72410462566565,44.72410462566565,0.0,{},[],100.0,46.07788072524589,1057.1600006103515,1096.0740002441407,1077.8610000610352,29.78749248583161,995.3250394423993,0.05647453179722295,1215.0,1242.199951171875,-0.03872790145297489,-0.1276049726997387,-0.035616182414565434,1,1.099203056421628,0.8962447844228095,48.33,Nifty FMCG,0.028878418254091653,0.6373873873873902,1,15.0239,2.3143485128329644e-08,"['strong sector', 'near breakout/52W high', 'volume/delivery surge']",17.8343949044586,35.031847133757964,44.5859872611465,50.15923566878981,60.35031847133758,95.40983606557377,52.22929936305732
CEATLTD,2026-10-06,Ceat Ltd.,Automobile and Auto Components,3328.7,0.013920194943649156,2,True,False,True,[],35.56821029549963,35.56821029549963,0.0,{},[],100.0,46.18003597171402,3327.8449829101564,3460.6339892578126,3543.72701171875,80.27188681088485,3168.1561775501054,0.048230172733126575,3824.800048828125,4438.0,-0.0013500540219371082,-0.13732963589728864,-0.021789590297821515,1,0.6183438591991793,0.9289617486338797,40.8,Nifty Auto,-0.0372541807511817,0.7874999999999943,1,15.65295,-1.4668827152952701e-08,"['smooth (low ATR)', 'relative strength', 'repeat gainer']",25.159235668789808,35.031847133757964,25.31847133757962,34.71337579617834,60.35031847133758,12.131147540983607,77.70700636942675
CGCL,2026-10-06,Capri Global Capital Ltd.,Financial Services,246.88,-0.000728567959200177,2,True,False,True,[],56.08530855173854,56.08530855173854,0.0,{},[],100.0,42.714320185276655,259.80849838256836,247.51320037841796,205.39760032653808,9.307081422901389,228.26584203700972,0.07539761210973095,287.45001220703125,287.45001220703125,-0.11797066714436477,0.04142414336181521,0.009276992770516579,3,2.2596574963273315,1.6387390626872826,68.36,Nifty Financial Services,0.00751656235940712,0.7329545454545457,0,60.88889999999999,1.9778080506682727e-08,"['volume/delivery surge', 'relative strength', 'trend structure']",42.67515923566879,66.0828025477707,94.26751592356688,48.88535031847134,60.35031847133758,67.54098360655738,12.420382165605096
CGPOWER,2026-10-06,CG Power and Industrial Solutions Ltd.,Capital Goods,912.0,0.033662019721183434,3,True,False,True,[],71.32993108489089,71.32993108489089,0.0,{},[],100.0,57.89231816268343,887.2199981689453,882.4699987792969,800.8934985351563,22.998547985319284,866.0029040293614,0.05043541224850723,931.0,980.9000244140625,0.018994413407821265,0.001207570047706552,0.057651246389555266,5,1.1299460103709897,0.9940840685002595,47.89,Nifty India Manufacturing,-0.00698034712501483,0.9534883720930247,2,200.03795,0.0,"['relative strength', 'trend structure', 'near breakout/52W high']",66.87898089171975,91.0828025477707,56.21019108280255,90.12738853503186,84.23566878980891,33.442622950819676,72.29299363057325
CHAMBLFERT,2026-10-06,Chambal Fertilizers & Chemicals Ltd.,Chemicals,404.8,0.01810865191146882,1,True,False,True,[],29.9547875117469,29.9547875117469,0.0,{},[],100.0,37.49835591471795,412.95999908447266,426.22899841308595,445.5577493286133,7.7994743810324945,389.20103903090376,0.03853495363750592,466.1499938964844,522.0,-0.031694774277955085,-0.1080753941850986,-0.02233482956973548,0,0.5044312485747119,0.8451048951048952,48.34,Nifty Chemicals,-0.013540224303113302,0.8509316770186351,1,18.60575,-3.015570959608027e-08,"['smooth (low ATR)', 'relative strength', 'near breakout/52W high']",24.840764331210192,12.579617834394904,14.012738853503185,38.05732484076433,22.133757961783438,23.114754098360656,95.22292993630573
CHENNPETRO,2026-10-06,Chennai Petroleum Corporation Ltd.,Oil Gas & Consumable Fuels,1405.7,0.003354746609564696,3,True,False,True,[],58.45497024120288,58.45497024120288,0.0,{},[],100.0,49.953962459327144,1441.0550048828125,1392.1100024414063,1103.9412506103515,64.6538906289233,1276.3921699140283,0.09198818079921545,1677.5,1677.5,-0.017130471847607853,0.2531871377040682,0.16557858759002153,4,0.5272709954772116,0.9988619119878603,26.33,Nifty Oil & Gas,0.0015135561623461635,0.450000000000001,2,251.31595000000002,-3.473580778567964e-08,"['relative strength', 'trend structure', 'repeat gainer']",89.80891719745223,76.91082802547771,30.254777070063696,40.76433121019109,84.23566878980891,52.622950819672134,1.2738853503184713
CHOICEIN,2026-10-06,Choice International Ltd.,Financial Services,727.15,0.0015840220385674453,1,True,False,True,[],50.41651874282134,50.41651874282134,0.0,{},[],100.0,39.00753866860821,747.7100067138672,779.6010034179687,743.0287490844727,19.716367765835408,687.7172888823917,0.05422916070647965,854.2999877929688,860.5,-0.0444181447542612,-0.05454421077040794,-0.0019309231005432137,1,2.3414257967916776,1.7011663597298956,69.28,Nifty Financial Services,0.00751656235940712,0.16538461538461363,2,27.11665,3.357500166778493e-08,"['volume/delivery surge', 'relative strength', 'strong sector']",36.62420382165605,35.031847133757964,95.22292993630573,44.904458598726116,22.133757961783438,67.54098360655738,60.19108280254777
CHOLAHLDNG,2026-10-06,Cholamandalam Financial Holdings Ltd.,Financial Services,1424.6,0.014383366562232824,1,True,False,True,[],22.231805367025164,22.231805367025164,0.0,{},[],100.0,41.51131624435521,1463.1549926757812,1516.0599926757814,1603.1824975585937,44.00977713529808,1336.5804213153413,0.061785452603558944,1658.0,2064.0,-0.06626465151833005,-0.14340689285138886,-0.0572855175230681,0,0.35949822525349195,0.7766574462389579,43.52,Nifty Financial Services,0.00751656235940712,0.7184466019417448,2,23.703699999999998,-1.7137485874840763e-08,"['strong sector', 'near breakout/52W high', 'smooth (low ATR)']",10.19108280254777,12.579617834394904,7.165605095541402,26.433121019108277,22.133757961783438,67.54098360655738,37.89808917197452
CIEINDIA,2026-10-06,CIE Automotive India Ltd.,Automobile and Auto Components,379.0,0.002645502645502562,1,True,False,False,['LOW_TURNOVER'],,,,{},[],100.0,42.77022985377305,382.5949996948242,394.3239996337891,436.29149978637696,9.06743339981122,360.86513320037756,0.0478492527694524,476.45001220703125,526.0,-0.011862828673650516,-0.17938725778634335,-0.04807478856820557,0,0.40879083253977594,0.9081227436823105,50.31,Nifty Auto,-0.0372541807511817,0.7894736842105263,2,8.8472,0.0,,,,,,,,
CLEAN,2026-10-06,Clean Science and Technology Ltd.,Chemicals,823.15,0.029194798699675006,4,True,False,True,[],61.14109324423096,61.14109324423096,0.0,{},[],100.0,52.351230645038086,820.7025024414063,812.7880029296875,790.4514993286133,25.201599378754956,772.7468256565526,0.06123209289022147,874.7999877929688,1108.0,-0.01554744916632611,0.07194947030006649,0.07575126522866155,5,1.1236045428591481,0.7511382565241532,33.82,Nifty Chemicals,-0.013540224303113302,0.7192660550458724,1,21.380699999999997,2.9659311895358087e-08,"['relative strength', 'trend structure', 'repeat gainer']",71.97452229299363,91.0828025477707,36.30573248407644,54.617834394904456,96.17834394904459,23.114754098360656,39.17197452229299
CLEANMAX,2026-10-06,Clean Max Enviro Energy Solutions Ltd.,Power,1392.5,0.0684416481239929,1,True,False,False,['INELIGIBLE_HISTORY'],,,,{},[],100.0,55.6162485909677,1362.95,1316.3860009765624,,72.20138389096635,1248.0972322180673,0.10370037183621739,1481.0,1536.0,0.0330884893375718,0.10973856057821707,0.1189637796196858,3,1.8592714768946912,1.0070609002647837,45.64,Nifty Energy,0.01308588080244133,0.9409969481180065,2,35.2948,0.0,,,,,,,,
CMPDI,2026-10-06,Central Mine Planning & Design Institute Ltd.,Services,210.06,0.014145705595519864,1,True,False,False,['INELIGIBLE_HISTORY'],,,,{},[],100.0,44.75653981746906,210.5245018005371,227.2572006225586,,8.387169656718111,193.28565824515752,0.07985499147098307,273.5,283.69000244140625,-0.12518739867508055,-0.20329213896320097,-0.1166895141573494,0,0.5195766903194013,0.8876993663972034,40.63,Nifty Services Sector,0.0015632359016684028,0.6755674232309741,2,32.6026,-1.162242335706054e-08,,,,,,,,
COCHINSHIP,2026-10-06,Cochin Shipyard Ltd.,Capital Goods,1282.0,-0.0014020875525782017,1,True,False,True,[],25.987574396992798,25.987574396992798,0.0,{},[],100.0,32.97951861271248,1362.435009765625,1436.3140014648438,1484.8809991455078,38.706356277408744,1204.5872874451825,0.06038433116600428,1577.9000244140625,1882.300048828125,-0.14896443227378886,-0.08864715682117685,-0.0712555398856915,0,1.0094634227570105,1.1787289234760052,45.44,Nifty India Manufacturing,-0.00698034712501483,0.43367346938775714,0,123.33134999999999,0.0,"['volume/delivery surge', 'smooth (low ATR)', 'strong sector']",7.643312101910828,12.579617834394904,67.99363057324841,14.64968152866242,22.133757961783438,33.442622950819676,42.35668789808917
COFORGE,2026-10-06,Coforge Ltd.,Information Technology,1849.7,-0.0012419006479481576,3,True,False,True,[],64.6188002506004,64.6188002506004,0.0,{},[],100.0,55.0073799299943,1805.7199951171874,1834.1980029296874,1517.1645025634766,55.998322890919994,1737.703305390035,0.06054854773115215,2021.199951171875,2021.199951171875,-0.044082712572674376,0.2594988301248524,0.15525831343788038,4,0.7424320365384798,1.0832723853306865,51.84,Nifty IT,-0.042437668640266324,0.6439688715953322,0,469.58604999999994,-2.639786178537662e-08,"['relative strength', 'trend structure', 'near breakout/52W high']",88.21656050955414,76.91082802547771,46.81528662420382,74.20382165605096,84.23566878980891,3.1147540983606556,41.40127388535032
COHANCE,2026-10-06,Cohance Lifesciences Ltd.,Healthcare,457.0,0.022829006266785967,3,True,False,True,[],61.41847655842122,61.41847655842122,0.0,{},[],100.0,53.6316075367321,447.6750015258789,447.0480004882813,414.356000213623,16.860499147300466,423.2790017053991,0.0737877424389517,484.0,917.8499755859375,0.0008760269188294867,0.06081711455298899,0.0783968253977006,5,0.7126660529879957,0.9412362749084994,46.29,Nifty Healthcare Index,0.01796393698282428,0.8394160583941613,1,30.46895,0.0,"['relative strength', 'trend structure', 'strong sector']",73.2484076433121,91.0828025477707,29.458598726114648,42.99363057324841,84.23566878980891,86.55737704918033,14.968152866242038
COLPAL,2026-10-06,Colgate Palmolive (India) Ltd.,Fast Moving Consumer Goods,1809.4,0.019380281690140944,1,True,False,True,[],45.870601440952285,45.870601440952285,0.0,{},[],100.0,45.947351874995,1822.4350158691407,1894.7040087890625,2029.9799981689453,39.9079434967875,1729.5841374204874,0.04411179723478886,2213.39990234375,2329.89990234375,-0.002260808153260241,-0.12292776325057564,-0.015044031040126582,0,1.5205061765920587,1.1654651561963614,67.9,Nifty FMCG,0.028878418254091653,1.0,2,68.04520000000001,1.3492905015510814e-08,"['volume/delivery surge', 'strong sector', 'smooth (low ATR)']",28.662420382165607,12.579617834394904,82.32484076433121,26.59235668789809,22.133757961783438,95.40983606557377,87.26114649681529
CONCORDBIO,2026-10-06,Concord Biotech Ltd.,Healthcare,1368.8,0.009513975956928933,1,True,False,True,[],45.638221781351156,45.638221781351156,0.0,{},[],100.0,40.061310810012316,1453.270001220703,1457.3359985351562,1269.6294952392577,51.192588509910365,1266.4148718083043,0.0747992207535908,1615.0,1647.800048828125,-0.05155204050785722,0.04856750668632781,0.04605798775102665,2,0.28429181750877885,0.9875748835145329,44.51,Nifty Healthcare Index,0.01796393698282428,0.7686567164179083,1,20.25765,3.567221296130185e-08,"['relative strength', 'strong sector', 'trend structure']",62.4203821656051,52.547770700636946,24.203821656050955,41.87898089171975,22.133757961783438,86.55737704918033,13.694267515923567
COROMANDEL,2026-10-06,Coromandel International Ltd.,Chemicals,1788.3,-0.007272121683135402,3,True,False,True,[],34.87516967735199,34.87516967735199,0.0,{},[],100.0,33.97940549355758,1904.5750061035155,1972.2780053710937,2050.9930029296875,52.40925683541739,1683.4815351572902,0.058613493714056775,2129.89990234375,2499.0,-0.07762533330395116,-0.1098556252722126,-0.04619022462629052,0,1.4812360934520026,1.0380184331797235,63.07,Nifty Chemicals,-0.013540224303113302,0.3950617283950617,0,19.394000000000002,2.7304213556789136e-08,"['volume/delivery surge', 'repeat gainer', 'smooth (low ATR)']",14.331210191082803,12.579617834394904,70.22292993630573,23.248407643312103,84.23566878980891,23.114754098360656,46.496815286624205
CPPLUS,2026-10-06,Aditya Infotech Ltd.,Capital Goods,3976.0,-0.0033838826920666865,3,True,False,True,[],69.70572726323483,69.70572726323483,0.0,{},[],97.36704597740201,62.258656736990744,3728.7150146484373,3634.4880078125,2637.0765057373046,159.1239544106785,3657.7520911786432,0.08004223058887239,4094.0,4094.0,0.05944738827617546,0.09104880447666641,0.1227983510382123,5,1.9647455903615552,0.8670562454346237,47.48,Nifty India Manufacturing,-0.00698034712501483,0.13595779220779242,0,83.3757,0.0,"['relative strength', 'near breakout/52W high', 'trend structure']",84.39490445859873,91.0828025477707,55.89171974522293,93.94904458598725,84.23566878980891,33.442622950819676,7.006369426751593
CREDITACC,2026-10-06,CreditAccess Grameen Ltd.,Financial Services,1265.8,0.011426288453855404,1,True,False,True,[],27.152187532630258,27.152187532630258,0.0,{},[],100.0,36.3325543449782,1343.1799926757812,1437.1219970703125,1349.0865014648436,41.12796132565332,1183.5441261768183,0.0649833460880801,1634.0,1634.0,-0.12286045995241868,-0.17628679049359242,-0.10202337056121419,1,0.8083687704238243,0.9939860001971802,50.41,Nifty Financial Services,0.00751656235940712,0.36760124610591866,2,20.3946,3.857491304160021e-08,"['strong sector', 'volume/delivery surge', 'trend structure']",2.5477707006369426,35.031847133757964,41.560509554140125,20.85987261146497,22.133757961783438,67.54098360655738,29.29936305732484
CRISIL,2026-10-06,CRISIL Ltd.,Financial Services,4523.3,0.003883882995250554,2,True,False,True,[],61.244544220528354,61.244544220528354,0.0,{},[],100.0,47.55682228647028,4589.119970703125,4564.005986328125,4329.275,124.78076815289,4273.7382683817195,0.05517245088356948,4872.0,5064.89990234375,-0.04966707585024255,0.15058625607471576,0.09800984477402797,3,0.32271847047613195,0.8483216312397808,44.1,Nifty Financial Services,0.00751656235940712,0.6167146974063459,2,14.637149999999998,-4.317920543339682e-08,"['relative strength', 'near breakout/52W high', 'trend structure']",80.2547770700637,66.0828025477707,11.464968152866241,74.36305732484077,60.35031847133758,67.54098360655738,56.05095541401274
CROMPTON,2026-10-06,Crompton Greaves Consumer Electricals Ltd.,Consumer Durables,211.98,0.0022695035460993385,2,True,False,True,[],20.680197347812467,20.680197347812467,0.0,{},[],100.0,36.50569541657499,220.16649932861327,235.92559936523438,253.52844902038575,5.627274221236282,200.7254472850665,0.05309250244979813,271.0,310.5,-0.08241714220759178,-0.18154441804038968,-0.08443052546219937,0,0.49846804777824166,0.8241226300927794,40.86,Nifty Consumer Durables,-0.027995535094592627,0.6560509554140104,2,52.33945,-2.015501898711136e-08,"['smooth (low ATR)', 'repeat gainer', 'trend structure']",4.140127388535032,12.579617834394904,12.579617834394904,10.987261146496815,60.35031847133758,17.868852459016395,64.01273885350318
CUB,2026-10-06,City Union Bank Ltd.,Financial Services,223.75,-0.017131561607731216,3,True,False,True,[],56.316200271483766,56.316200271483766,0.0,{},[],100.0,48.06955687561297,226.77000122070314,222.52340057373047,208.25921287536622,7.9664083618008,207.8171832763984,0.07120811943509098,248.85000610351562,248.85000610351562,-0.061766169034856655,-0.02330960069515442,0.0050123697967858205,4,0.8143930742309817,1.0818181818181816,46.41,Nifty Financial Services,0.00751656235940712,0.10463378176382494,0,37.3296,0.0,"['trend structure', 'relative strength', 'near breakout/52W high']",41.0828025477707,76.91082802547771,51.433121019108285,65.12738853503186,84.23566878980891,67.54098360655738,18.471337579617835
CUMMINSIND,2026-10-06,Cummins India Ltd.,Capital Goods,4919.0,0.017941766860501085,2,True,False,True,[],50.16751070272528,50.16751070272528,0.0,{},[],100.0,44.78315833188848,4962.139990234375,5152.69599609375,5024.088483886719,107.61610398904463,4703.76779202191,0.04375527708438498,5658.0,6100.0,-0.022067594433399562,-0.11249436175011274,-0.01973072342996479,1,2.304352306060934,1.241176470588235,75.96,Nifty India Manufacturing,-0.00698034712501483,0.8951612903225806,1,189.7612,0.0,"['volume/delivery surge', 'smooth (low ATR)', 'relative strength']",26.43312101910828,35.031847133757964,90.76433121019107,43.47133757961784,60.35031847133758,33.442622950819676,87.89808917197452
CUPID,2026-10-06,Cupid Ltd.,Fast Moving Consumer Goods,324.2,0.0454692034827473,4,True,False,True,[],78.49798997598413,78.49798997598413,0.0,{},['LOW_DELIVERY'],74.63729373990921,70.11606600322905,283.4400016784668,275.90019927978517,159.33989974975586,13.060216184417152,298.07957983819693,0.08056888150933827,316.0,316.0,0.15394197587053027,0.5437361110757915,0.3963892981349522,5,1.1706227915606038,0.6091322767927192,19.41,Nifty FMCG,0.028878418254091653,0.9494949494949494,1,609.50155,3.765278000500416e-08,"['relative strength', 'near breakout/52W high', 'trend structure']",100.0,91.0828025477707,33.59872611464968,100.0,96.17834394904459,95.40983606557377,6.369426751592357
CYIENT,2026-10-06,Cyient Ltd.,Information Technology,1119.4,-0.018242413611647024,4,True,False,True,[],67.6124308238488,67.6124308238488,0.0,{},[],100.0,60.54260907608668,1079.7150085449218,997.7330029296875,959.771000366211,42.49191695917673,1034.416190495709,0.07591909242885464,1219.0,1222.0,0.015973838088550574,0.3408397402520307,0.22595704383208198,5,1.6489198027915395,0.852481777160708,36.84,Nifty IT,-0.042437668640266324,0.5034013605442198,0,35.91145,2.1809953842932828e-08,"['relative strength', 'trend structure', 'near breakout/52W high']",94.5859872611465,91.0828025477707,52.866242038216555,75.31847133757961,96.17834394904459,3.1147540983606556,11.464968152866241
DABUR,2026-10-06,Dabur India Ltd.,Fast Moving Consumer Goods,388.9,0.02706985342664736,2,True,False,True,[],52.765505899551,52.765505899551,0.0,{},[],100.0,53.81245931158256,382.1299987792969,393.45,446.1360011291504,7.067015584272828,374.7659627279387,0.0363436137576999,438.0,534.0,0.03568573607585712,-0.1224190471560117,0.0041835991217140656,1,1.292320615913398,0.7900197628458498,47.97,Nifty FMCG,0.028878418254091653,0.7619047619047614,2,76.93965,-1.56943059659298e-08,"['relative strength', 'smooth (low ATR)', 'strong sector']",40.12738853503185,35.031847133757964,43.47133757961784,37.5796178343949,60.35031847133758,95.40983606557377,97.45222929936305
DALBHARAT,2026-10-06,Dalmia Bharat Ltd.,Construction Materials,1682.6,0.0053175598972334814,1,True,False,False,['LOW_TURNOVER'],,,,{},[],100.0,41.63408380099956,1709.539990234375,1781.539990234375,1881.757491455078,47.53273251852702,1587.5345105488834,0.0564991479950242,1925.0,2319.89990234375,-0.03812957833441477,-0.02083336145222181,0.018068784768473067,0,0.44743663343945167,0.9726461272674921,50.67,Nifty Cement,-0.021410454945703594,0.6144067796610134,1,9.75275,-1.4509724532985047e-08,,,,,,,,
DATAPATTNS,2026-10-06,Data Patterns (India) Ltd.,Capital Goods,4299.2,0.017200993730036584,1,True,False,True,[],44.315599874699814,44.315599874699814,0.0,{},[],100.0,42.743368316741034,4482.584985351563,4518.998017578125,3782.734509277344,162.0020809954614,3975.196033321577,0.07536382286737675,5000.0,5000.0,-0.06233365423936754,0.0020745381512210503,0.017420696617718112,2,0.9243870382150583,1.5049672373705347,35.6,Nifty India Manufacturing,-0.00698034712501483,0.7859296482412041,1,178.2114,4.542996379086617e-08,"['relative strength', 'volume/delivery surge', 'trend structure']",46.17834394904459,52.547770700636946,70.85987261146497,49.52229299363057,22.133757961783438,33.442622950819676,12.738853503184714
DEEPAKFERT,2026-10-06,Deepak Fertilisers & Petrochemicals Corp. Ltd.,Chemicals,1385.6,0.06773522385759412,2,True,False,True,[],45.20160279837109,45.20160279837109,0.0,{},[],100.0,53.385572964380366,1335.7500061035157,1421.2080029296876,1297.3340014648438,46.38362154814321,1292.832732489651,0.06695095607017265,1681.0,1681.0,0.030799007527094302,-0.10386753373276059,0.011015991558958216,3,4.652543724416565,0.6500325450206118,29.96,Nifty Chemicals,-0.013540224303113302,0.9340314136125636,1,25.199750000000005,-1.761984869119715e-08,"['relative strength', 'trend structure', 'volume/delivery surge']",44.904458598726116,66.0828025477707,51.59235668789809,35.98726114649681,60.35031847133758,23.114754098360656,25.796178343949045
DEEPAKNTR,2026-10-06,Deepak Nitrite Ltd.,Chemicals,1560.6,0.04248496993987971,1,True,False,True,[],40.034405346141796,40.034405346141796,0.0,{},[],100.0,43.920595525723876,1574.1150268554688,1669.4080151367189,1633.0075073242188,43.32948040793781,1473.9410147700619,0.05552925936919806,1851.0,1897.9000244140625,-0.049631570069854636,-0.037379704793436,0.0040446172301460415,1,1.5500502788189048,0.9413193795552232,50.37,Nifty Chemicals,-0.013540224303113302,0.9202363367799101,2,28.418999999999997,-1.5644023076966107e-08,"['relative strength', 'volume/delivery surge', 'near breakout/52W high']",39.17197452229299,35.031847133757964,60.35031847133758,39.3312101910828,22.133757961783438,23.114754098360656,55.095541401273884
DELHIVERY,2026-10-06,Delhivery Ltd.,Services,407.5,0.017986510117411925,1,True,False,True,[],28.93364310326825,28.93364310326825,0.0,{},[],100.0,37.008033297655665,423.26500091552737,446.6540008544922,445.18675064086915,10.833389586895306,385.8332208262094,0.05317001024243084,491.3999938964844,524.0,-0.10202730065760068,-0.20973532297793318,-0.10833105715597557,1,0.79315250006799,0.9219931271477663,53.66,Nifty Services Sector,0.0015632359016684028,0.6857142857142846,2,109.44795,0.0,"['smooth (low ATR)', 'strong sector', 'trend structure']",2.229299363057325,35.031847133757964,31.210191082802545,28.980891719745223,22.133757961783438,55.73770491803279,63.05732484076433
DEVYANI,2026-10-06,Devyani International Ltd.,Consumer Services,129.53,-0.0038452664769668132,1,True,False,True,[],42.77720058473425,42.77720058473425,0.0,{},[],100.0,39.6917782792106,135.3614990234375,136.04459899902344,122.85339984893798,4.372607331319641,120.78478411665759,0.06751497525712213,155.9499969482422,169.75,-0.06678677282884637,0.15848315542102576,0.09339844595788105,2,0.30497867687903574,0.9134075008601904,39.82,Nifty India Consumption,-0.003782502113651831,0.2673796791443844,0,18.5694,-9.424095726018322e-09,"['relative strength', 'trend structure', 'strong sector']",78.02547770700637,52.547770700636946,16.24203821656051,25.955414012738853,22.133757961783438,43.9344262295082,24.522292993630572
DIVISLAB,2026-10-06,Divi's Laboratories Ltd.,Healthcare,9550.0,0.03849499782514143,1,True,False,True,[],78.74331732275243,78.74331732275243,0.0,{},[],100.0,60.9813132546686,9387.45,8966.16,7102.22,191.92755114110727,9166.144897717786,0.040194251547875814,9740.0,9740.0,0.02522812667740193,0.4017319829737267,0.26103030948735567,5,0.9201610805175072,0.9564168300407179,63.42,Nifty Healthcare Index,0.01796393698282428,0.9808917197452229,1,474.3434,0.0,"['relative strength', 'near breakout/52W high', 'trend structure']",95.54140127388536,91.0828025477707,42.67515923566879,96.65605095541402,22.133757961783438,86.55737704918033,94.26751592356688
DIXON,2026-10-06,Dixon Technologies (India) Ltd.,Consumer Durables,13015.0,0.020944461876372777,1,True,False,True,[],36.444528558003555,36.444528558003555,0.0,{},[],100.0,42.07789023362475,13216.35,13890.82,12086.17,356.46598004374243,12302.068039912516,0.0547777149510168,15000.0,17505.0,-0.08215796897038086,-0.03428062625213324,-0.01066904294946569,2,0.6041605766618405,1.0602967197495576,38.95,Nifty Consumer Durables,-0.027995535094592627,0.9366754617414248,2,391.76945,0.0,"['relative strength', 'trend structure', 'volume/delivery surge']",31.84713375796178,52.547770700636946,39.17197452229299,33.28025477707006,22.133757961783438,17.868852459016395,57.32484076433121
DLF,2026-10-06,DLF Ltd.,Realty,666.1,-0.010252600297176784,2,True,False,True,[],63.16604886707737,63.16604886707737,0.0,{},[],100.0,51.31912873989795,656.6274963378906,663.5049987792969,626.6057493591309,16.038205899039646,634.0235637878582,0.04815555167955554,691.0499877929688,786.5,-0.009811262823438915,0.00985445761156356,0.04757185205585368,4,1.0494896090602608,1.1214623735733504,60.43,Nifty Realty,-0.04069793468707705,0.1090047393364912,0,237.7675,-3.6652248236457297e-08,"['relative strength', 'trend structure', 'near breakout/52W high']",63.37579617834395,76.91082802547771,64.96815286624204,76.43312101910828,60.35031847133758,7.377049180327869,78.02547770700637
DMART,2026-10-06,Avenue Supermarts Ltd.,Consumer Services,3581.9,0.0041771797028316016,2,True,False,True,[],38.04790122167694,38.04790122167694,0.0,{},[],100.0,33.8879381865562,3741.2899780273438,3844.5019873046876,4001.7525024414062,83.83126054687884,3414.2373812499923,0.04680826535215321,4124.89990234375,4644.0,-0.034528328209231796,-0.1219542118717436,-0.03069101537869634,0,1.658655108746424,0.7312484528426438,44.31,Nifty India Consumption,-0.003782502113651831,0.8229729729729742,1,185.00330000000002,-2.7263812540923027e-08,"['smooth (low ATR)', 'volume/delivery surge', 'repeat gainer']",20.70063694267516,12.579617834394904,46.496815286624205,36.62420382165605,60.35031847133758,43.9344262295082,80.89171974522293
DOMS,2026-10-06,DOMS Industries Ltd.,Fast Moving Consumer Goods,2073.2,-0.0031733820559670667,1,True,False,False,['LOW_TURNOVER'],,,,{},[],100.0,39.50318441611825,2113.7300048828124,2185.0180078125,2296.450998535156,44.80442649839326,1983.5910981750885,0.043222484616659895,2324.699951171875,2755.0,-0.06088065797200504,-0.10142163876223498,-0.03360089370532865,0,0.57998365406048,1.094676960585128,53.88,Nifty FMCG,0.028878418254091653,0.4099999999999909,0,4.2268,-2.355205708237662e-08,,,,,,,,
DRREDDY,2026-10-06,Dr. Reddy's Laboratories Ltd.,Healthcare,1208.0,0.004156275976724855,2,True,False,True,[],65.20032369217918,65.20032369217918,0.0,{},[],100.0,54.39226279912085,1190.7599975585938,1179.8180004882813,1246.3375018310546,22.685169362912227,1162.6296612741755,0.03755822742204007,1252.800048828125,1414.9000244140625,0.055759527661910724,-0.04844426939740054,0.05120788379404645,3,0.6948142577531427,0.8581453634085213,51.36,Nifty Healthcare Index,0.01796393698282428,0.7344632768361563,1,275.53665,0.0,"['relative strength', 'near breakout/52W high', 'trend structure']",64.96815286624204,66.0828025477707,20.85987261146497,77.38853503184714,60.35031847133758,86.55737704918033,96.17834394904459
ECLERX,2026-10-06,eClerx Services Ltd.,Services,1917.2,0.01746006474552897,2,True,False,True,[],66.99096794403256,66.99096794403256,0.0,{},[],100.0,54.80686966531554,1885.884991455078,1885.5759985351563,1765.5790020751954,67.7732595097898,1781.6534321522954,0.07070025165436067,2062.0,2497.5,0.015035949602696386,0.23181696292612353,0.17097671092620131,5,1.3951049083257394,0.9492338163244032,45.53,Nifty Services Sector,0.0015632359016684028,0.6712328767123285,2,24.8143,-2.546845667694697e-08,"['relative strength', 'trend structure', 'volume/delivery surge']",90.12738853503184,91.0828025477707,59.554140127388536,55.4140127388535,60.35031847133758,55.73770491803279,19.426751592356688
EIDPARRY,2026-10-06,E.I.D. Parry (India) Ltd.,Fast Moving Consumer Goods,699.2,0.010477635667317076,2,True,False,True,[],19.548945389996867,34.54894538999687,15.0,{'DOWNTREND_BOUNCE': 15},[],100.0,41.73155257286653,703.1675018310547,755.7989990234375,816.1977502441406,19.594777687944372,660.0104568311425,0.05604913428446112,865.4000244140625,1118.0,-0.10093866371073501,-0.06673785262323673,-0.03628800350519451,0,0.9623952403844682,0.9095628698992835,43.8,Nifty FMCG,0.028878418254091653,0.2675159235668811,2,23.1331,1.7458568590811296e-08,"['strong sector', 'repeat gainer', 'volume/delivery surge']",17.515923566878982,12.579617834394904,38.37579617834395,10.668789808917197,60.35031847133758,95.40983606557377,53.503184713375795
EIHOTEL,2026-10-06,EIH Ltd.,Consumer Services,300.7,0.008045591686221876,2,True,False,False,['LOW_TURNOVER'],,,,{},[],100.0,51.70870968974515,296.9700012207031,301.7689990234375,318.8287495422363,7.617903999671552,285.46420420768817,0.05066779973674651,337.8999938964844,405.0,0.022789157166772878,-0.08281224154655653,0.01753871247189953,1,0.6080166776029713,0.9514359316859078,49.86,Nifty India Consumption,-0.003782502113651831,0.7341772151898698,2,4.70465,4.059538172285215e-08,,,,,,,,
ELECON,2026-10-06,Elecon Engineering Co. Ltd.,Capital Goods,446.3,-0.00011201971546992429,1,True,False,True,[],44.50668267724757,44.50668267724757,0.0,{},[],100.0,52.003503218787095,436.7725006103516,433.26100036621096,455.6800003051758,17.228692107648367,411.84260357767204,0.07720677830553946,489.5,626.0,0.028933689436239085,-0.10390523294523524,0.010064482907293282,3,1.0259343808841417,1.2094658553076405,44.72,Nifty India Manufacturing,-0.00698034712501483,0.6344086021505405,0,12.591949999999999,-2.735162729639029e-08,"['relative strength', 'volume/delivery surge', 'trend structure']",43.31210191082803,66.0828025477707,70.38216560509554,44.42675159235669,22.133757961783438,33.442622950819676,9.872611464968152
ELGIEQUIP,2026-10-06,Elgi Equipments Ltd.,Capital Goods,599.25,0.013616373477672417,1,True,False,True,[],50.28693745431763,50.28693745431763,0.0,{},[],100.0,47.46831088275725,604.6599975585938,606.192998046875,547.4894993591308,16.95550139016371,565.3389972196726,0.05658907431009996,653.4000244140625,653.4000244140625,-0.0671700229983957,0.017920821427227285,0.022925653876207153,2,0.97072274629189,1.0667079080317556,51.73,Nifty India Manufacturing,-0.00698034712501483,0.8131487889273331,2,19.99945,0.0,"['relative strength', 'near breakout/52W high', 'volume/delivery surge']",48.089171974522294,52.547770700636946,56.05095541401274,74.8407643312102,22.133757961783438,33.442622950819676,51.910828025477706
EMCURE,2026-10-06,Emcure Pharmaceuticals Ltd.,Healthcare,1922.4,-0.0075886634660058405,1,True,False,True,[],70.27197974313461,70.27197974313461,0.0,{},[],100.0,46.769403594458346,1956.0400085449219,1931.03400390625,1699.7829986572265,53.04034596772554,1816.3193324786114,0.05518138295268904,2100.699951171875,2100.699951171875,-0.002283591603985391,0.06239293971487281,0.07760492871723507,3,4.505855273305412,1.6696714743589742,83.35,Nifty Healthcare Index,0.01796393698282428,0.4992295839753474,0,16.202199999999998,1.269978278095607e-08,"['relative strength', 'volume/delivery surge', 'near breakout/52W high']",72.29299363057325,66.0828025477707,98.40764331210191,73.88535031847134,22.133757961783438,86.55737704918033,55.732484076433124
ENDURANCE,2026-10-06,Endurance Technologies Ltd.,Automobile and Auto Components,2516.0,-0.004155946962200674,1,True,False,True,[],31.00610838467161,31.00610838467161,0.0,{},[],100.0,30.0625814143487,2667.114990234375,2803.3899951171875,2595.5410021972657,77.56211915503464,2360.8757616899306,0.06165510266695917,3072.0,3072.0,-0.09587467448136566,-0.05757199459977058,-0.029173079878776764,1,0.840974988407627,1.0753375977256574,60.52,Nifty Auto,-0.0372541807511817,0.09708737864077713,0,24.4037,0.0,"['volume/delivery surge', 'relative strength', 'trend structure']",22.611464968152866,35.031847133757964,51.433121019108285,34.23566878980891,22.133757961783438,12.131147540983607,38.21656050955414
ENGINERSIN,2026-10-06,Engineers India Ltd.,Construction,313.3,0.017703426993665783,2,True,False,True,[],75.41445651038948,75.41445651038948,0.0,{},[],93.29330963469678,67.63978551937376,291.14500122070314,265.57160125732423,229.7941502380371,10.963910619668024,291.3721665536327,0.06998985666678703,321.3999938964844,321.3999938964844,0.13084281392240515,0.32032532621457976,0.2731343247302838,5,1.3359842374860669,1.0632249632413004,32.54,Nifty Infrastructure,0.001024111394163918,0.4791666666666679,1,118.10560000000001,-3.89627553554206e-08,"['relative strength', 'near breakout/52W high', 'trend structure']",96.81528662420382,91.0828025477707,69.26751592356688,95.85987261146497,60.35031847133758,47.377049180327866,20.063694267515924
ENRIN,2026-10-06,Siemens Energy India Ltd.,Capital Goods,3307.5,-0.0026836328549029176,2,True,False,True,[],55.97165083011382,55.97165083011382,0.0,{},[],100.0,54.936513112234756,3208.849987792969,3292.3060009765627,3096.285498046875,103.92593930089825,3099.6481213982033,0.06284259368157119,3735.0,3968.0,0.05945100850828422,-0.0379581151832461,0.05829670132431042,4,0.849569143838087,1.0054633751517603,49.69,Nifty India Manufacturing,-0.00698034712501483,0.28935532233883215,0,105.70275,0.0,"['relative strength', 'trend structure', 'near breakout/52W high']",67.19745222929936,76.91082802547771,44.5859872611465,53.34394904458598,60.35031847133758,33.442622950819676,35.6687898089172
ESCORTS,2026-10-06,Escorts Kubota Ltd.,Capital Goods,2811.7,-0.0032613704845971814,1,True,False,True,[],41.242351467056494,41.242351467056494,0.0,{},[],100.0,46.88511674532467,2812.2399780273436,2959.327998046875,3150.5955041503908,72.30221783900416,2667.0955154938665,0.05142954020315704,3173.10009765625,3987.800048828125,-0.04926623249578366,-0.03331504614967773,0.006259615339060665,0,1.9310920405682457,1.0555501507928788,54.25,Nifty India Manufacturing,-0.00698034712501483,0.32313341493267683,0,15.626199999999999,-1.7366050708567116e-08,"['volume/delivery surge', 'relative strength', 'smooth (low ATR)']",41.40127388535032,12.579617834394904,74.68152866242038,35.35031847133758,22.133757961783438,33.442622950819676,69.4267515923567
ETERNAL,2026-10-06,Eternal Ltd.,Consumer Services,329.0,0.025561097256857845,2,True,False,True,[],74.9905763809126,74.9905763809126,0.0,{},[],100.0,54.58448745996328,325.9300003051758,322.2279992675781,276.9433003234863,8.139245379857858,312.72150924028426,0.04947869531828486,344.3999938964844,368.45001220703125,0.02556113628134926,0.124978581868187,0.12282011373655949,5,1.2066787478238052,1.079707622694048,62.04,Nifty India Consumption,-0.003782502113651831,0.8918918918918926,2,725.3980499999999,0.0,"['relative strength', 'trend structure', 'near breakout/52W high']",84.71337579617834,91.0828025477707,67.99363057324841,80.25477707006368,60.35031847133758,43.9344262295082,74.8407643312102
FACT,2026-10-06,Fertilisers and Chemicals Travancore Ltd.,Chemicals,759.0,0.03723949436282892,1,True,False,False,['LOW_TURNOVER'],,,,{},['LOW_DELIVERY'],100.0,44.11675323497353,767.9500030517578,798.112001953125,834.4157501220703,22.976533886235497,713.046932227529,0.060544226314190985,920.0,1058.5999755859375,-0.043237096080631976,-0.10716383743352798,-0.027650212095288618,0,1.3439887959190975,0.8458793542905693,24.89,Nifty Chemicals,-0.013540224303113302,0.8179059180576633,1,7.35,0.0,,,,,,,,
FEDERALBNK,2026-10-06,Federal Bank Ltd.,Financial Services,320.0,-0.022453031923018285,4,True,False,True,[],55.886263965751276,55.886263965751276,0.0,{},[],100.0,37.43024806681679,330.92250061035156,344.4720001220703,305.69400039672854,7.0656260026611095,305.8687479946778,0.04416016251663191,371.70001220703125,371.70001220703125,-0.06432748538011701,-0.023646071700991644,0.0035634761212370303,2,0.8028080927212089,0.9807610814475802,57.86,Nifty Financial Services,0.00751656235940712,0.07281553398058245,0,181.33724999999998,0.0,"['relative strength', 'repeat gainer', 'smooth (low ATR)']",38.53503184713376,52.547770700636946,38.853503184713375,49.840764331210195,96.17834394904459,67.54098360655738,86.94267515923566
FINCABLES,2026-10-06,Finolex Cables Ltd.,Capital Goods,1474.0,0.004566210045662045,3,True,False,True,[],73.28852981100553,73.28852981100553,0.0,{},[],75.0,63.611454091175496,1420.2250061035156,1275.3690002441406,1013.7210015869141,57.176543309856996,1359.646913380286,0.07758011303915469,1498.0,1498.0,0.20799873707942407,0.43259788611572136,0.3678485662593641,5,0.5801393850418711,1.2001642935377876,43.83,Nifty India Manufacturing,-0.00698034712501483,0.5825242718446602,5,133.4747,0.0,"['relative strength', 'near breakout/52W high', 'trend structure']",99.04458598726114,91.0828025477707,50.31847133757962,97.29299363057325,84.23566878980891,33.442622950819676,9.554140127388536
FIRSTCRY,2026-10-06,Brainbees Solutions Ltd.,Consumer Services,177.57,0.03238372093023245,2,True,False,True,[],16.04949357836484,31.04949357836484,15.0,{'DOWNTREND_BOUNCE': 15},[],100.0,46.54318864976205,175.02400131225585,190.14380004882813,226.777399520874,7.9453399584067785,161.6793274074052,0.08948966188754681,222.5,389.6499938964844,-0.014376089505127698,-0.14072096506730336,-0.02999827262442417,1,0.8820139693543703,1.1463826910074375,33.91,Nifty India Consumption,-0.003782502113651831,0.7945425361155694,1,42.9771,4.124693786522471e-08,"['volume/delivery surge', 'repeat gainer', 'relative strength']",21.97452229299363,35.031847133757964,59.23566878980892,5.095541401273885,60.35031847133758,43.9344262295082,2.229299363057325
FIVESTAR,2026-10-06,Five-Star Business Finance Ltd.,Financial Services,514.35,-0.009150452706607637,2,True,False,True,[],50.520021927534714,50.520021927534714,0.0,{},[],100.0,46.10909249744669,527.5124969482422,532.7819982910156,485.43675048828123,17.96860127874367,478.41277302845015,0.06986916353315342,574.2999877929688,666.0,-0.02252002346292492,-0.06430786944894595,0.004136308205855921,2,1.0348108246060175,1.3532407407407407,58.46,Nifty Financial Services,0.00751656235940712,0.2144772117962469,0,29.233649999999997,-4.746585502424239e-08,"['volume/delivery surge', 'relative strength', 'trend structure']",39.49044585987261,52.547770700636946,75.31847133757961,44.267515923566876,60.35031847133758,67.54098360655738,20.38216560509554
FLUOROCHEM,2026-10-06,Gujarat Fluorochemicals Ltd.,Chemicals,4577.2,0.033274639938597694,3,True,False,True,[],65.66338623786154,65.66338623786154,0.0,{},[],100.0,54.411760435837614,4533.35,4579.742021484375,3819.662508544922,134.2892045030592,4308.621786306381,0.0586774441898279,4958.89990234375,4958.89990234375,0.010307956144465225,0.18469822953186488,0.1450533474999564,3,1.3914607708983564,0.7933478735005453,43.65,Nifty Chemicals,-0.013540224303113302,0.6783571758191054,2,60.400499999999994,4.267073760999551e-08,"['relative strength', 'near breakout/52W high', 'trend structure']",87.26114649681529,66.0828025477707,46.01910828025477,77.86624203821657,84.23566878980891,23.114754098360656,46.17834394904459
FORCEMOT,2026-10-06,Force Motors Ltd.,Automobile and Auto Components,17110.0,0.027627627627627716,1,True,False,True,[],19.43763704709199,34.43763704709199,15.0,{'DOWNTREND_BOUNCE': 15},[],100.0,46.37784946135986,17288.35,17696.62,19587.215,437.51488471525283,16234.970230569494,0.051141424279982806,19448.0,26450.0,-0.04032755622861628,-0.058182418671217095,-0.0017047327881253294,0,1.0407381504911466,1.026767878545745,38.55,Nifty Auto,-0.0372541807511817,1.0,1,111.07305000000001,0.0,"['relative strength', 'volume/delivery surge', 'smooth (low ATR)']",36.94267515923567,12.579617834394904,56.68789808917197,28.980891719745223,22.133757961783438,12.131147540983607,70.38216560509554
FORTIS,2026-10-06,Fortis Healthcare Ltd.,Healthcare,764.0,0.00026184865147960146,2,True,False,True,[],32.2703873864467,32.2703873864467,0.0,{},[],100.0,21.904373341131205,851.7674926757812,894.1189978027344,909.655500793457,21.84417589852128,720.3116482029575,0.05718370654063154,979.5999755859375,1104.300048828125,-0.16043956043956042,-0.19701509254512783,-0.13117707183055277,0,1.1966468454177697,0.9736598033759971,52.49,Nifty Healthcare Index,0.01796393698282428,0.5539568345323738,1,91.71860000000001,0.0,"['strong sector', 'volume/delivery surge', 'repeat gainer']",1.2738853503184713,12.579617834394904,55.89171974522293,12.420382165605094,60.35031847133758,86.55737704918033,51.27388535031847
FRACTAL,2026-10-06,Fractal Analytics Ltd.,Information Technology,742.15,0.023584580373767317,1,True,False,False,['INELIGIBLE_HISTORY'],,,,{},[],100.0,40.026364434113,754.157504272461,793.4810021972656,,23.85223907837866,694.4455462573052,0.06427875306535313,899.7000122070312,1118.0,-0.10091463633303122,-0.09372328454247636,-0.04976870577596243,0,1.8691376623051452,1.4115207788695574,78.29,Nifty IT,-0.042437668640266324,0.8574468085106374,1,18.0938,3.289639893822027e-08,,,,,,,,
FSL,2026-10-06,Firstsource Solutions Ltd.,Services,260.25,0.011072261072261114,2,True,False,True,[],50.32695520517908,50.32695520517908,0.0,{},[],100.0,48.114370080144745,261.19500198364256,272.45760040283204,262.79555007934573,9.57050158417082,241.10899683165837,0.07354852322129346,341.8999938964844,371.75,-0.015695892557808233,0.09722162536884471,0.0883131210673096,1,1.2992423208989254,1.1320590790616856,39.09,Nifty Services Sector,0.0015632359016684028,0.6788990825688067,2,13.117849999999999,0.0,"['relative strength', 'volume/delivery surge', 'repeat gainer']",75.47770700636943,35.031847133757964,75.15923566878982,11.94267515923567,60.35031847133758,55.73770491803279,15.286624203821656
GABRIEL,2026-10-06,Gabriel India Ltd.,Automobile and Auto Components,1352.9,0.03781834918686733,2,True,False,True,[],48.29114023180537,48.29114023180537,0.0,{},[],100.0,49.93038231733603,1342.4600036621093,1396.1960083007812,1133.5290020751954,55.7377306344481,1241.4245631451663,0.08239741241572962,1600.0,1600.0,-0.007774092838971347,0.0787816368323937,0.08305402665850253,3,0.9480160815882412,0.8921648921648923,32.68,Nifty Auto,-0.0372541807511817,0.8458149779735686,1,28.268600000000003,1.804572580255126e-08,"['relative strength', 'trend structure', 'near breakout/52W high']",74.52229299363057,66.0828025477707,36.146496815286625,43.789808917197455,60.35031847133758,12.131147540983607,5.095541401273885
GAIL,2026-10-06,GAIL (India) Ltd.,Oil Gas & Consumable Fuels,172.08,0.027343283582089706,3,True,False,True,[],66.25751801190353,66.25751801190353,0.0,{},[],100.0,49.62778451889869,172.15349884033202,173.56759948730468,166.2603498840332,3.245303741489065,165.58939434807655,0.03771854610595893,182.3800048828125,186.8699951171875,-0.022272716869007447,0.01104585732386476,0.041936824889220015,2,1.0707352293548138,0.9954183747287196,61.92,Nifty Oil & Gas,0.0015135561623461635,1.0,1,112.029,1.0640717640342245e-08,"['relative strength', 'near breakout/52W high', 'smooth (low ATR)']",57.961783439490446,52.547770700636946,54.77707006369427,82.64331210191082,84.23566878980891,52.622950819672134,95.85987261146497
GESHIP,2026-10-06,Great Eastern Shipping Co. Ltd.,Services,1532.6,-0.01712306804335284,2,True,False,True,[],72.7234520204657,72.7234520204657,0.0,{},[],100.0,64.21640344761573,1472.6049926757812,1390.9919970703124,1377.049498901367,39.70384934507471,1453.1922768957882,0.051812410253882835,1598.9000244140625,1798.0,0.11324183187582548,0.08372226594687016,0.14603230357313918,5,0.894309227975249,1.0212529002320185,55.02,Nifty Services Sector,0.0015632359016684028,0.22062350119903737,0,122.1103,-1.5929833230288182e-08,"['relative strength', 'trend structure', 'near breakout/52W high']",87.57961783439491,91.0828025477707,48.56687898089172,75.95541401273886,60.35031847133758,55.73770491803279,68.78980891719745
GICRE,2026-10-06,General Insurance Corporation of India,Financial Services,314.25,-0.01519899717956763,1,True,False,True,[],33.609193902057015,33.609193902057015,0.0,{},[],100.0,30.762417833651014,336.4649993896484,347.8180010986328,369.63824996948244,7.904303347831293,298.4413933043374,0.05030582878492473,364.5,417.95001220703125,-0.1016294712223067,-0.13358150145133085,-0.07005523167502742,0,1.253316239301878,0.9595750958984953,48.78,Nifty Financial Services,0.00751656235940712,0.09316770186335391,0,20.042399999999997,0.0,"['volume/delivery surge', 'smooth (low ATR)', 'strong sector']",7.961783439490445,12.579617834394904,57.0063694267516,32.80254777070064,22.133757961783438,67.54098360655738,72.92993630573248
GLAND,2026-10-06,Gland Pharma Ltd.,Healthcare,3006.1,0.03249184269277006,2,True,False,True,[],81.21943197243397,81.21943197243397,0.0,{},[],100.0,60.35506301430634,2922.12998046875,2845.7399951171874,2179.2529998779296,81.91984460603723,2842.2604084441755,0.05450240640350412,3042.0,3042.0,0.010691607539950132,0.21729098912988465,0.16154155299670875,5,0.9866818677845822,1.1716566866267464,64.57,Nifty Healthcare Index,0.01796393698282428,0.8874281018898912,2,111.47285,3.2486028533895706e-08,"['relative strength', 'near breakout/52W high', 'trend structure']",89.171974522293,91.0828025477707,66.2420382165605,98.08917197452229,60.35031847133758,86.55737704918033,59.23566878980892
GLAXO,2026-10-06,Glaxosmithkline Pharmaceuticals Ltd.,Healthcare,2755.0,0.00812353629976581,1,True,False,True,[],60.63822178135115,60.63822178135115,0.0,{},[],100.0,42.473857737804195,2829.829968261719,2816.57197265625,2510.0049938964844,80.38517940650698,2594.229641186986,0.05835584711906128,3120.699951171875,3120.699951171875,-0.06865896722601428,0.14277415969822482,0.08460785089789663,3,1.0006634684086966,1.0057000725463778,48.52,Nifty Healthcare Index,0.01796393698282428,0.8586762075134154,1,11.152350000000002,0.0,"['relative strength', 'trend structure', 'near breakout/52W high']",74.8407643312102,66.0828025477707,51.433121019108285,58.12101910828025,22.133757961783438,86.55737704918033,47.13375796178344
GLENMARK,2026-10-06,Glenmark Pharmaceuticals Ltd.,Healthcare,2311.0,0.006971677559912903,1,True,False,True,[],59.1015975775295,59.1015975775295,0.0,{},[],100.0,41.969674544058456,2395.009973144531,2365.4639794921877,2213.399992675781,60.342985584518374,2190.3140288309633,0.05222240206362472,2537.60009765625,2537.60009765625,-0.05746560135226764,0.01931900572134615,0.028476956846330614,3,1.0466797866466582,1.014463930573133,56.11,Nifty Healthcare Index,0.01796393698282428,0.7892271662763457,1,111.73575000000001,0.0,"['relative strength', 'near breakout/52W high', 'trend structure']",50.955414012738856,66.0828025477707,55.09554140127389,70.85987261146497,22.133757961783438,86.55737704918033,66.87898089171975
GODFRYPHLP,2026-10-06,Godfrey Phillips India Ltd.,Fast Moving Consumer Goods,1900.0,0.01279317697228155,1,True,False,True,[],20.854677874073303,35.8546778740733,15.0,{'DOWNTREND_BOUNCE': 15},[],100.0,41.162784004625415,1933.6299987792968,2060.692001953125,2154.817006225586,48.46198552520326,1803.0760289495934,0.05101261634231924,2410.0,3486.0,-0.06357811729916218,-0.09652876842605806,-0.03250318820081877,0,0.8163820319270176,1.2337952615109522,41.4,Nifty FMCG,0.028878418254091653,1.0,2,34.6451,0.0,"['strong sector', 'volume/delivery surge', 'smooth (low ATR)']",19.745222929936304,12.579617834394904,62.738853503184714,5.095541401273886,22.133757961783438,95.40983606557377,71.01910828025478
GODREJCP,2026-10-06,Godrej Consumer Products Ltd.,Fast Moving Consumer Goods,872.5,0.04241338112305848,1,True,False,True,[],38.45818105878668,38.45818105878668,0.0,{},[],100.0,47.43216121775271,863.7524993896484,923.1550012207031,1057.6105014038085,17.866555396399185,836.7668892072016,0.04095485477684624,1100.0,1273.9000244140625,0.012298381814229042,-0.19762738604853336,-0.0451142474553608,1,1.6237718461787578,0.63351782959804,34.91,Nifty FMCG,0.028878418254091653,1.0,1,73.95385,0.0,"['strong sector', 'smooth (low ATR)', 'volume/delivery surge']",14.64968152866242,35.031847133757964,43.94904458598726,12.420382165605096,22.133757961783438,95.40983606557377,93.31210191082802
GODREJIND,2026-10-06,Godrej Industries Ltd.,Diversified,1045.0,0.00461449721207452,1,True,False,False,['LOW_TURNOVER'],,,,{},[],100.0,33.67445808909521,1089.5850036621093,1171.9680078125,1074.4217498779296,35.62127935170794,973.7574412965841,0.06817469732384296,1398.800048828125,1443.0,-0.09898262113725576,-0.14288054310077425,-0.07338132745722364,1,0.8708583141173456,0.9847393480649493,40.33,,,0.7142857142857143,2,5.437799999999999,0.0,,,,,,,,
GPIL,2026-10-06,Godawari Power & Ispat Ltd.,Capital Goods,218.98,0.03624834374408481,1,True,False,True,[],24.729612613553307,24.729612613553307,0.0,{},[],100.0,37.09339933193926,231.70199966430664,238.65760009765626,261.520499420166,6.939854519494427,205.1002866885502,0.06338345652476118,256.0,320.0,-0.10272488019146608,-0.12687403084940163,-0.0672492008586425,0,1.9408996643659175,0.8461538461538461,44.22,Nifty India Manufacturing,-0.00698034712501483,0.7940528634361225,1,33.1235,-1.9510735804750823e-08,"['volume/delivery surge', 'near breakout/52W high', 'smooth (low ATR)']",8.598726114649681,12.579617834394904,54.29936305732484,23.88535031847134,22.133757961783438,33.442622950819676,34.07643312101911
GRANULES,2026-10-06,Granules India Ltd.,Healthcare,836.4,0.02343224227592544,1,True,False,True,[],52.549049806828855,52.549049806828855,0.0,{},[],100.0,45.14873833980068,865.6649993896484,854.0300012207031,724.3444995117187,26.87519734016131,782.6496297337399,0.06426398028620017,923.6500244140625,923.6500244140625,-0.014028013144107843,-0.026932655119159987,0.027069920530157443,3,0.5971650072730542,1.0731197109441857,56.43,Nifty Healthcare Index,0.01796393698282428,0.8927835051546382,1,74.7171,2.918945773977555e-08,"['relative strength', 'near breakout/52W high', 'trend structure']",49.681528662420384,66.0828025477707,39.968152866242036,67.99363057324841,22.133757961783438,86.55737704918033,31.528662420382165
GRAPHITE,2026-10-06,Graphite India Ltd.,Capital Goods,851.2,0.04262616364527205,4,True,False,True,[],78.75031325049598,78.75031325049598,0.0,{},[],100.0,63.65617379315145,812.7375,751.2159985351562,683.0857492065429,30.86202276717903,789.4759666726732,0.07251415019874952,874.3499755859375,874.3499755859375,0.1870032647979405,0.4651863229562889,0.37364504853890607,5,1.4211721750085973,1.1267733172351344,37.33,Nifty India Manufacturing,-0.00698034712501483,0.7682789651293601,2,139.27705000000003,1.4340967080528344e-08,"['relative strength', 'near breakout/52W high', 'trend structure']",99.36305732484077,91.0828025477707,75.95541401273886,95.54140127388536,96.17834394904459,33.442622950819676,15.605095541401274
GRAVITA,2026-10-06,Gravita India Ltd.,Metals & Mining,1500.9,0.05437302423603807,1,True,False,True,[],28.112117573352826,28.112117573352826,0.0,{},[],100.0,38.26894107592821,1551.9649963378906,1669.7519995117189,1647.9725018310546,46.920871728712484,1407.0582809566376,0.062523647099053,1858.5,1913.5999755859375,-0.10495557125505883,-0.17141437331074239,-0.09063471762110925,1,3.641741962188727,0.5275229357798166,27.6,Nifty Metal,0.0014665791143129159,0.7276381909547748,2,32.02905,1.6266281877008737e-08,"['volume/delivery surge', 'trend structure', 'strong sector']",3.1847133757961785,35.031847133757964,48.88535031847134,26.11464968152866,22.133757961783438,49.67213114754098,36.30573248407644
GROWW,2026-10-06,Billionbrains Garage Ventures Ltd.,Financial Services,193.19,0.03282544774124552,2,True,False,False,['INELIGIBLE_HISTORY'],,,,{},[],100.0,55.35594553449955,189.53950042724608,192.37480041503906,184.99260009765624,5.369498676544768,182.45100508831672,0.05558774893823315,206.99000549316406,227.1999969482422,-0.007908351666003899,-0.02645635927942591,0.030367899189076453,4,2.019694172487942,1.052116963379762,57.03,Nifty Financial Services,0.00751656235940712,0.8109668109668108,2,389.96745000000004,1.26373325137763e-08,,,,,,,,
GVT&D,2026-10-06,GE Vernova T&D India Ltd.,Capital Goods,4245.1,-0.0005650382577986335,3,True,False,True,[],48.607001148585155,48.607001148585155,0.0,{},[],100.0,45.81480143632028,4339.240014648438,4320.18001953125,4109.559997558594,137.57427534966695,3969.951546956916,0.06481556250022125,4825.0,5650.0,-0.027958438403466235,-0.08577762266102873,-0.009317775870456124,3,1.014116055817636,1.1539134236991693,52.78,Nifty India Manufacturing,-0.00698034712501483,0.2914485165794184,0,264.6338,2.30044638893645e-08,"['trend structure', 'volume/delivery surge', 'repeat gainer']",33.439490445859875,66.0828025477707,65.92356687898089,37.898089171974526,84.23566878980891,33.442622950819676,29.936305732484076
HAL,2026-10-06,Hindustan Aeronautics Ltd.,Capital Goods,4816.0,0.029059829059828957,3,True,False,True,[],73.61496293202464,73.61496293202464,0.0,{},[],100.0,53.14707207066883,4771.444995117187,4827.1480078125,4419.257999267578,104.34786642205943,4607.3042671558815,0.04333383157062265,5149.89990234375,5149.89990234375,-0.008073857665096162,0.09981961392227712,0.09342313279038184,3,1.24545293614212,1.1518858307849134,56.5,Nifty India Manufacturing,-0.00698034712501483,0.8656906429026078,2,358.4794,0.0,"['relative strength', 'near breakout/52W high', 'volume/delivery surge']",78.34394904458598,66.0828025477707,74.68152866242039,82.1656050955414,84.23566878980891,33.442622950819676,88.21656050955414
HAVELLS,2026-10-06,Havells India Ltd.,Consumer Durables,1057.0,0.009840450941052792,2,True,False,True,[],33.29962409940483,33.29962409940483,0.0,{},[],100.0,36.513485435236944,1083.1350036621093,1185.0759985351563,1257.3755004882812,24.266381399771436,1008.4672372004571,0.04591557502321941,1315.0,1520.0,-0.0808695652173913,-0.11236147408609753,-0.04906526498995306,0,1.295131429509722,1.0231046931407943,56.68,Nifty Consumer Durables,-0.027995535094592627,1.0,2,79.5069,0.0,"['volume/delivery surge', 'smooth (low ATR)', 'repeat gainer']",13.375796178343949,12.579617834394904,64.80891719745223,14.968152866242038,60.35031847133758,17.868852459016395,82.80254777070064
HBLENGINE,2026-10-06,HBL Engineering Ltd.,Capital Goods,764.3,0.0009167103195388826,1,True,False,True,[],51.68024955622846,51.68024955622846,0.0,{},[],100.0,54.081504351963154,758.7324981689453,720.7219982910157,758.4659997558593,25.35444089301458,713.5911060069396,0.06634683055858559,829.9000244140625,1122.0,0.0858075881289877,0.0054594004415182695,0.09318374894704434,4,0.4239725374207721,1.128421052631579,42.88,Nifty India Manufacturing,-0.00698034712501483,0.2499999999999938,1,113.37490000000001,-1.5971517997037665e-08,"['relative strength', 'trend structure', 'near breakout/52W high']",77.70700636942675,76.91082802547771,39.49044585987261,43.94904458598726,22.133757961783438,33.442622950819676,26.43312101910828
HCLTECH,2026-10-06,HCL Technologies Ltd.,Information Technology,1204.4,0.0020800399367668643,2,True,False,True,[],39.74618878563225,39.74618878563225,0.0,{},[],100.0,38.13047230740652,1238.5049987792968,1293.8180029296875,1339.0134973144532,32.18584693071418,1140.028330552634,0.05344710441428713,1379.800048828125,1780.0999755859375,-0.061116324781623765,0.046940193718705725,0.04046218913033234,0,0.7407872510113466,1.0709062003179652,50.52,Nifty IT,-0.042437668640266324,0.7826086956521744,1,341.42364999999995,2.0270725986648586e-08,"['relative strength', 'volume/delivery surge', 'smooth (low ATR)']",57.32484076433121,12.579617834394904,44.745222929936304,28.18471337579618,60.35031847133758,3.1147540983606556,62.4203821656051
HDFCAMC,2026-10-06,HDFC Asset Management Company Ltd.,Financial Services,2352.4,0.0027280477408355708,3,True,False,True,[],46.97702829696147,46.97702829696147,0.0,{},[],100.0,43.92496275955192,2373.6950073242188,2480.636005859375,2586.3519995117185,52.12082861682749,2248.158245110095,0.0443128981300317,2698.0,2967.25,-0.03273030331260285,-0.14055028372616507,-0.0390900388575926,0,1.3313739731403746,1.0951449983708048,67.22,Nifty Financial Services,0.00751656235940712,0.529220779220782,2,159.78975,-4.151345434078024e-08,"['volume/delivery surge', 'smooth (low ATR)', 'repeat gainer']",16.878980891719745,12.579617834394904,72.13375796178345,41.40127388535032,84.23566878980891,67.54098360655738,86.62420382165605
HDFCBANK,2026-10-06,HDFC Bank Ltd.,Financial Services,711.45,0.009435300794551793,2,True,False,True,[],41.67448052626084,41.67448052626084,0.0,{},[],100.0,45.612921629975204,718.4199981689453,722.9590002441406,807.8345007324219,13.685809313869044,684.0783935792931,0.03847300324421532,772.5,1020.5,0.0013371037396638918,-0.12977796730492475,-0.01667017712083907,0,0.7943320760772126,0.8034066713981547,50.94,Nifty Financial Services,0.00751656235940712,0.762773722627738,1,2400.10705,1.7157960829905505e-08,"['smooth (low ATR)', 'relative strength', 'near breakout/52W high']",28.02547770700637,12.579617834394904,23.089171974522294,46.496815286624205,60.35031847133758,67.54098360655738,95.54140127388536
HDFCLIFE,2026-10-06,HDFC Life Insurance Company Ltd.,Financial Services,543.95,0.02438794726930338,3,True,False,True,[],67.08053148167485,67.08053148167485,0.0,{},[],100.0,53.06019529696837,535.6050048828125,539.8540014648438,615.3199993896484,14.029637038197148,515.8907381306369,0.0515842879799675,567.4000244140625,788.5,0.020161289861009957,-0.014315418552874437,0.05047319031585912,2,2.0196120884186883,1.1618788005871252,55.41,Nifty Financial Services,0.00751656235940712,0.6809421841541788,1,215.56465,2.244145824725763e-08,"['relative strength', 'volume/delivery surge', 'repeat gainer']",64.64968152866243,52.547770700636946,85.50955414012739,54.140127388535035,84.23566878980891,67.54098360655738,69.10828025477707
HEGAM,2026-10-06,HEG Advanced Materials Ltd.,Capital Goods,252.21,0.07888095136245021,3,True,False,False,"['LOW_TURNOVER', 'MISSING_FACTOR']",,,,{'DOWNTREND_BOUNCE': 15},[],100.0,29.959664942974612,238.4395004272461,497.53880004882814,548.4607011413574,24.525949751855514,203.15810721015617,0.19448831607764283,753.9000244140625,753.9000244140625,-0.07343866494010276,-0.5095575951115854,-0.2439478753640527,1,,,30.51,Nifty India Manufacturing,-0.00698034712501483,0.7959770114942522,1,,2.6620146531541877e-08,,,,,,,,
HEROMOTOCO,2026-10-06,Hero MotoCorp Ltd.,Automobile and Auto Components,5075.0,-0.002849002849002802,1,True,False,True,[],45.21789182416206,45.21789182416206,0.0,{},[],100.0,36.5625747262288,5256.7,5449.502001953125,5318.084001464844,117.82022124835336,4839.359557503293,0.04643161428506537,5937.0,6388.5,-0.03700189753320682,0.03603143819536592,0.04706502499287091,1,0.7341632381413359,1.103772697337473,58.66,Nifty Auto,-0.0372541807511817,0.4689655172413793,0,277.3449,0.0,"['relative strength', 'smooth (low ATR)', 'volume/delivery surge']",63.05732484076433,35.031847133757964,47.29299363057325,36.62420382165605,22.133757961783438,12.131147540983607,81.84713375796179
HEXT,2026-10-06,Hexaware Technologies Ltd.,Information Technology,500.3,0.010400888619610305,1,True,False,False,['LOW_TURNOVER'],,,,{'DOWNTREND_BOUNCE': 15},[],100.0,43.45074600963012,502.7750015258789,534.8599969482422,544.49625,15.678870068181075,468.9422476566066,0.06267787507789913,622.7999877929688,807.75,-0.04312898316137026,-0.07222997164029898,-0.010129222739043264,0,0.6324436362711563,0.9250569476082005,40.61,Nifty IT,-0.042437668640266324,0.7299270072992706,2,8.037799999999999,-2.4399422815513105e-08,,,,,,,,
HINDCOPPER,2026-10-06,Hindustan Copper Ltd.,Metals & Mining,485.5,0.014311083254987977,1,True,False,True,[],14.33027043959487,29.33027043959487,15.0,{'DOWNTREND_BOUNCE': 15},[],100.0,44.854703837791135,493.7875,516.5889996337891,529.9547497558593,15.663268759691082,454.17346248061784,0.0645242791336399,586.75,760.0499877929688,-0.04635632649887855,-0.0019529492922016889,0.023395616766251237,0,0.5280016521716651,0.8957200283755026,37.88,Nifty Metal,0.0014665791143129159,0.7142857142857121,2,332.7694,0.0,"['relative strength', 'strong sector', 'smooth (low ATR)']",48.72611464968153,12.579617834394904,18.789808917197455,14.490445859872612,22.133757961783438,49.67213114754098,30.89171974522293
HINDPETRO,2026-10-06,Hindustan Petroleum Corporation Ltd.,Oil Gas & Consumable Fuels,351.0,0.025266540090550516,2,True,False,True,[],45.90719954056594,45.90719954056594,0.0,{},[],100.0,46.555715955926445,350.77750091552736,365.83100158691406,394.58524993896486,8.09797291213086,334.80405417573826,0.04614229579561746,409.95001220703125,508.45001220703125,-0.016531224425281432,-0.10482021286341192,-0.013125463982555319,1,1.012568104464748,1.158762886597938,61.82,Nifty Oil & Gas,0.0015135561623461635,0.9096385542168676,1,136.08285,0.0,"['volume/delivery surge', 'smooth (low ATR)', 'relative strength']",29.61783439490446,35.031847133757964,66.24203821656052,25.318471337579616,60.35031847133758,52.622950819672134,82.1656050955414
HINDUNILVR,2026-10-06,Hindustan Unilever Ltd.,Fast Moving Consumer Goods,1895.2,0.03089643167972156,1,True,False,True,[],43.79257596324528,43.79257596324528,0.0,{},[],100.0,43.722707945428155,1913.3650024414062,1990.6919995117187,2177.038500366211,31.307979454291505,1832.583992263292,0.03303923623988336,2213.0,2667.199951171875,-0.03306124940210464,-0.11625089709868264,-0.027105818588602282,0,1.2666391542462287,1.0724805560152242,64.81,Nifty FMCG,0.028878418254091653,1.0,2,241.27555,-2.576410140786578e-08,"['volume/delivery surge', 'smooth (low ATR)', 'strong sector']",23.56687898089172,12.579617834394904,68.63057324840764,27.070063694267517,22.133757961783438,95.40983606557377,99.04458598726114
HOMEFIRST,2026-10-06,Home First Finance Company India Ltd.,Financial Services,1111.5,0.013957307060755264,2,True,False,True,[],42.98817479377676,42.98817479377676,0.0,{},[],100.0,39.90571832491281,1162.7700073242188,1178.4959985351563,1131.705499267578,38.198447822358375,1035.1031043552832,0.06873314947792786,1289.5999755859375,1317.699951171875,-0.09905159763992766,-0.0755219538721863,-0.03973652109426562,1,1.0850594795633992,1.3335107798775618,75.15,Nifty Financial Services,0.00751656235940712,0.7565543071161053,1,21.39915,0.0,"['volume/delivery surge', 'near breakout/52W high', 'strong sector']",16.24203821656051,35.031847133757964,77.07006369426752,47.29299363057325,60.35031847133758,67.54098360655738,22.29299363057325
HONASA,2026-10-06,Honasa Consumer Ltd.,Fast Moving Consumer Goods,478.3,0.08188192716579956,3,True,False,True,[],68.23525112248095,68.23525112248095,0.0,{},['LOW_DELIVERY'],100.0,56.334225845075586,462.29749603271483,468.09299743652343,376.03975021362305,17.700097047000487,442.89979369896776,0.07401253396921248,509.79998779296875,509.79998779296875,0.01539114783543205,0.022882766359683115,0.06668721175934894,4,34.44362171316115,0.3024268823895458,14.58,Nifty FMCG,0.028878418254091653,0.6825053995680349,2,33.42595,-2.5521704527520228e-08,"['relative strength', 'near breakout/52W high', 'trend structure']",69.10828025477707,76.91082802547771,50.15923566878981,83.12101910828025,84.23566878980891,95.40983606557377,14.64968152866242
HYUNDAI,2026-10-06,Hyundai Motor India Ltd.,Automobile and Auto Components,1989.0,-0.005499999999999949,1,True,False,True,[],37.01725488148689,37.01725488148689,0.0,{},[],100.0,34.82116731047391,2106.675,2160.2880004882813,2053.3039965820312,54.764479604016174,1879.4710407919677,0.05506735002917662,2281.0,2549.5,-0.09999999999999998,0.03260307881843638,0.01385179407100956,1,0.76818874977933,0.9610730133118193,47.65,Nifty Auto,-0.0372541807511817,0.358974358974359,0,120.02584999999999,0.0,"['relative strength', 'near breakout/52W high', 'smooth (low ATR)']",45.22292993630573,35.031847133757964,35.50955414012739,40.445859872611464,22.133757961783438,12.131147540983607,56.36942675159236
ICICIAMC,2026-10-06,ICICI Prudential Asset Management Company Ltd.,Financial Services,3071.5,0.003364693584215317,1,True,False,False,['INELIGIBLE_HISTORY'],,,,{},[],100.0,44.36732332414216,3117.6749877929688,3109.2999951171873,3092.595498046875,75.87590219184013,2919.7481956163197,0.049406415231541656,3313.5,3611.0,0.01917909870411938,-0.03445352057201856,0.03991304372784177,2,0.9143842086944992,1.0140558848433532,59.88,Nifty Financial Services,0.00751656235940712,0.7,1,91.62775000000002,0.0,,,,,,,,
ICICIBANK,2026-10-06,ICICI Bank Ltd.,Financial Services,1342.8,0.008108108108108025,1,True,False,True,[],54.68403466638822,54.68403466638822,0.0,{},[],100.0,46.35116187831231,1341.2850036621094,1393.7260034179687,1352.8295025634766,20.52533687767346,1301.749375072778,0.03057095044878222,1473.9000244140625,1480.0,-0.05933446667031528,-0.027449774523119475,0.004158134065073982,2,1.2350115515518048,0.8946300343428036,57.31,Nifty Financial Services,0.00751656235940712,0.955128205128202,2,1339.3768,3.6362917121834926e-08,"['near breakout/52W high', 'smooth (low ATR)', 'relative strength']",39.80891719745223,52.547770700636946,48.72611464968153,70.70063694267516,22.133757961783438,67.54098360655738,99.68152866242038
ICICIGI,2026-10-06,ICICI Lombard General Insurance Company Ltd.,Financial Services,1598.3,-0.0010625000000000773,2,True,False,True,[],49.373525112248096,49.373525112248096,0.0,{},[],100.0,58.251988956814294,1513.0399963378907,1568.5680029296875,1758.8994946289063,38.00472296174654,1522.290602904632,0.047556430958769824,1771.0,2064.89990234375,0.07024241509251361,-0.10943328003965669,0.02795482218821982,2,0.4154280547086547,0.7605013550135501,44.9,Nifty Financial Services,0.00751656235940712,0.7433333333333318,0,123.7651,3.055003761076591e-08,"['relative strength', 'smooth (low ATR)', 'trend structure']",50.63694267515923,52.547770700636946,7.006369426751593,47.29299363057325,60.35031847133758,67.54098360655738,78.98089171974522
ICICIPRULI,2026-10-06,ICICI Prudential Life Insurance Company Ltd.,Financial Services,459.5,0.01011211255220923,2,True,False,True,[],35.679257596324526,35.679257596324526,0.0,{},[],100.0,42.0392786135268,467.85249786376954,490.7069976806641,549.177248840332,13.360451946286835,432.7790961074263,0.05815213034292421,525.75,706.7999877929688,-0.07087248742920116,-0.04280801648896482,-0.00928999729729163,0,0.4775945511026699,0.9503205128205128,47.44,Nifty Financial Services,0.00751656235940712,0.6363636363636375,3,56.296749999999996,0.0,"['relative strength', 'strong sector', 'repeat gainer']",33.75796178343949,12.579617834394904,24.044585987261147,27.229299363057326,60.35031847133758,67.54098360655738,48.72611464968153
IDBI,2026-10-06,IDBI Bank Ltd.,Financial Services,87.01,0.008110300081103139,2,True,False,True,[],54.30983084473217,54.30983084473217,0.0,{},[],100.0,57.39661172844773,83.67949905395508,85.07839950561524,87.02164985656738,2.7591219964713627,81.49175814328774,0.06342080056845512,96.25,118.37999725341797,-0.041212097672391534,0.05697281898436568,0.05543061531777843,2,0.5681652809620353,1.1846133717126783,45.27,Nifty Financial Services,0.00751656235940712,0.9012345679012369,1,116.68799999999999,2.455155123648467e-08,"['relative strength', 'trend structure', 'volume/delivery surge']",65.92356687898089,52.547770700636946,49.203821656050955,42.67515923566879,60.35031847133758,67.54098360655738,33.75796178343949
IDEA,2026-10-06,Vodafone Idea Ltd.,Telecommunication,13.21,0.03689167974882257,1,True,False,False,['PRICE_LT_50'],,,,{},[],100.0,41.893962623584,13.971500158309937,13.929800052642822,12.29610004901886,0.4598780674516851,12.290243903243603,0.0696257480883693,15.789999961853027,15.789999961853027,-0.15320514646664285,-0.05911680384338902,-0.05861072049322458,3,0.7017227705465643,0.8952042628774421,30.24,,,0.9782608695652178,2,635.4633,2.887734495971017e-09,,,,,,,,
IDFCFIRSTB,2026-10-06,IDFC First Bank Ltd.,Financial Services,81.56,-0.008027243979567,2,True,False,True,[],59.92288816957293,59.92288816957293,0.0,{},[],100.0,43.200841975061635,83.99800071716308,84.84620056152343,77.55065017700196,1.8619876428239386,77.83602227294587,0.045659335423257286,89.61000061035156,89.61000061035156,-0.05645539964116075,0.02642837274499099,0.03253674121370648,2,1.4289994847067788,0.8011832197920401,44.69,Nifty Financial Services,0.00751656235940712,0.785294117647058,0,172.3687,-2.9933867717879536e-08,"['relative strength', 'near breakout/52W high', 'smooth (low ATR)']",53.18471337579618,52.547770700636946,47.13375796178344,70.06369426751593,60.35031847133758,67.54098360655738,83.75796178343948
IGL,2026-10-06,Indraprastha Gas Ltd.,Oil Gas & Consumable Fuels,141.38,-0.005066854327938075,1,True,False,True,[],22.12535240680797,37.12535240680797,15.0,{'DOWNTREND_BOUNCE': 15},[],100.0,34.31172127215321,146.9904998779297,149.72059997558594,161.86535041809083,3.0352215124571034,135.3095618578983,0.04293706900028671,159.5,223.5,-0.0866924929223567,-0.06845884626184817,-0.03002541493031108,0,1.164097493151921,1.0110987791342951,54.66,Nifty Oil & Gas,0.0015135561623461635,0.5023696682464434,0,15.686950000000001,3.453679808806953e-08,"['smooth (low ATR)', 'volume/delivery surge', 'relative strength']",21.656050955414013,12.579617834394904,58.59872611464968,30.095541401273884,22.133757961783438,52.622950819672134,90.44585987261146
IIFL,2026-10-06,IIFL Finance Ltd.,Financial Services,601.7,0.0009149130832573071,2,True,False,True,[],55.360786258744916,55.360786258744916,0.0,{},[],100.0,46.95597671159401,604.6,621.1970007324219,540.4562503051758,21.66830255578793,558.3634070954554,0.0720236068346044,705.0,705.0,-0.0759425790569982,0.16203172342987404,0.09059482684822928,2,0.552199333039703,1.1596345344420491,56.48,Nifty Financial Services,0.00751656235940712,0.8490566037735849,2,116.38625,2.0287570512422803e-08,"['relative strength', 'trend structure', 'near breakout/52W high']",76.11464968152866,52.547770700636946,46.4968152866242,46.65605095541402,60.35031847133758,67.54098360655738,16.878980891719745
IKS,2026-10-06,Inventurus Knowledge Solutions Ltd.,Information Technology,1761.0,-0.0032827711116142355,2,True,False,True,[],43.50415056907173,43.50415056907173,0.0,{},[],100.0,46.76053492248399,1787.710009765625,1787.8320043945312,1658.664503173828,58.10583551872607,1644.788328962548,0.06599186316720729,1970.0,1970.0,0.0006250216322962743,-0.038702998782228826,0.028511266086825082,2,0.43657665154306924,1.0039780261413147,53.0,Nifty IT,-0.042437668640266324,0.49050632911392544,0,26.5684,0.0,"['relative strength', 'near breakout/52W high', 'trend structure']",51.27388535031847,52.547770700636946,28.503184713375795,62.738853503184714,60.35031847133758,3.1147540983606556,27.70700636942675
INDHOTEL,2026-10-06,Indian Hotels Co. Ltd.,Consumer Services,736.0,0.015172413793103523,1,True,False,True,[],70.98579931084892,70.98579931084892,0.0,{},[],100.0,54.85570984519334,724.8425018310547,727.417001953125,688.193000793457,15.43746591023718,705.1250681795257,0.041949635625644466,757.4000244140625,757.4000244140625,0.022222222222222143,0.01812142086529267,0.06772207620554876,4,1.5210241331041856,1.1521562245728234,70.8,Nifty India Consumption,-0.003782502113651831,1.0,2,117.16509999999998,0.0,"['relative strength', 'near breakout/52W high', 'volume/delivery surge']",69.4267515923567,76.91082802547771,80.73248407643312,94.90445859872611,22.133757961783438,43.9344262295082,91.40127388535032
INDIANB,2026-10-06,Indian Bank,Financial Services,813.0,0.0037037037037037646,1,True,False,True,[],45.49613657721624,45.49613657721624,0.0,{},[],100.0,40.11265495505903,828.7950042724609,855.3200061035157,863.298251953125,17.54191904074982,777.9161619185004,0.043153552375768234,906.7000122070312,1000.9000244140625,-0.06487235200168484,0.025026760354198485,0.02762745883804818,0,0.8835827841173499,0.9095806079261254,47.28,Nifty Financial Services,0.00751656235940712,0.4690265486725642,2,83.34424999999999,0.0,"['relative strength', 'smooth (low ATR)', 'near breakout/52W high']",50.318471337579616,12.579617834394904,35.50955414012739,51.910828025477706,22.133757961783438,67.54098360655738,89.49044585987261
INDIGO,2026-10-06,InterGlobe Aviation Ltd.,Services,5050.5,0.023404255319148914,1,True,False,True,[],59.363579409000735,59.363579409000735,0.0,{},[],100.0,54.6751419595369,4927.289990234375,5096.59599609375,4825.09000366211,104.47207256114025,4841.55585487772,0.04137098210519352,5508.0,5970.0,0.009898020395920915,-0.0342288937756956,0.035384817971904015,3,1.0651740810029398,1.0397213855421688,55.23,Nifty Services Sector,0.0015632359016684028,0.9464150943396199,2,286.68365,0.0,"['relative strength', 'trend structure', 'near breakout/52W high']",55.095541401273884,66.0828025477707,59.07643312101911,65.28662420382166,22.133757961783438,55.73770491803279,92.35668789808918
INDUSINDBK,2026-10-06,IndusInd Bank Ltd.,Financial Services,906.1,0.021994134897360684,1,True,False,True,[],41.0295760676621,41.0295760676621,0.0,{},[],100.0,38.65517843588124,936.9349975585938,981.4519995117188,925.7960009765625,20.336102496467827,865.4277705930018,0.04488710527404516,1077.8499755859375,1077.8499755859375,-0.09208419279966185,-0.10742259390779996,-0.052203138691939543,1,1.352862356772492,0.9790937793327076,57.37,Nifty Financial Services,0.00751656235940712,0.9616204690831567,1,162.93355,-2.6944114939198016e-08,"['volume/delivery surge', 'smooth (low ATR)', 'strong sector']",11.78343949044586,35.031847133757964,60.828025477707,41.560509554140125,22.133757961783438,67.54098360655738,85.03184713375796
INDUSTOWER,2026-10-06,Indus Towers Ltd.,Telecommunication,389.1,0.023408732246186226,4,True,False,True,[],67.02229299363057,67.02229299363057,0.0,{},['SECTOR_UNMAPPED'],100.0,57.985950848090475,377.75750122070315,379.3320001220703,413.1289993286133,9.206735993661656,370.6865341161923,0.047323237467194024,407.70001220703125,481.5,0.03360338288295073,-0.022730096525686916,0.052986897840423264,2,1.1940175237196287,1.0792709514258307,61.88,,,0.6666666666666686,2,172.15175,1.568623897441057e-08,"['relative strength', 'near breakout/52W high', 'volume/delivery surge']",65.60509554140127,52.547770700636946,66.56050955414013,67.8343949044586,96.17834394904459,50.0,79.61783439490446
INFY,2026-10-06,Infosys Ltd.,Information Technology,1013.85,-0.006516413522782982,4,True,False,True,[],21.139500887543072,36.13950088754307,15.0,{'DOWNTREND_BOUNCE': 15},[],100.0,40.12373438728731,1030.7024963378906,1098.8909985351563,1246.5462503051758,26.376765102345008,961.0964453812475,0.05203287614047836,1195.0,1728.0,-0.06772416038074713,-0.035163752878956345,-0.0038937019680603813,0,0.899931939768931,0.9426487800486181,52.35,Nifty IT,-0.042437668640266324,0.6167146974063419,0,945.51615,-2.4080547000870922e-08,"['repeat gainer', 'relative strength', 'smooth (low ATR)']",35.98726114649681,12.579617834394904,40.28662420382166,16.878980891719745,96.17834394904459,3.1147540983606556,67.51592356687898
INOXINDIA,2026-10-06,INOX India Ltd.,Capital Goods,2077.3,-0.005648365324780857,3,True,False,True,[],53.893625352406815,53.893625352406815,0.0,{},[],100.0,48.63001239498637,2117.5100280761717,2049.2039990234375,1580.6389990234375,92.53507107073312,1892.2299066866588,0.08909167563244924,2339.5,2339.5,-0.06905972047133568,0.03544018511949343,0.03074048698587023,4,1.2158255990271989,0.9457767277023036,40.03,Nifty India Manufacturing,-0.00698034712501483,0.11923076923077157,0,59.66635,2.3505572155357868e-08,"['relative strength', 'trend structure', 'near breakout/52W high']",52.547770700636946,76.91082802547771,54.140127388535035,60.509554140127385,84.23566878980891,33.442622950819676,2.5477707006369426
IOB,2026-10-06,Indian Overseas Bank,Financial Services,31.46,0.0035087719298245723,1,True,False,False,"['PRICE_LT_50', 'LOW_TURNOVER']",,,,{},[],100.0,42.58426842453666,31.89749984741211,32.844199905395506,34.026750049591065,0.6222209296788341,30.21555722511499,0.03955632217331728,36.20000076293945,41.79999923706055,-0.04954681163899921,-0.06812794287354962,-0.011287122594483057,0,1.1954526502985043,0.8986877653415669,46.57,Nifty Financial Services,0.00751656235940712,0.7647058823529409,2,6.1277,-2.9101314247270693e-08,,,,,,,,
IOC,2026-10-06,Indian Oil Corporation Ltd.,Oil Gas & Consumable Fuels,131.6,0.008429118773946254,1,True,False,True,[],39.61739062336849,39.61739062336849,0.0,{},[],100.0,41.53544771750321,134.38100051879883,137.20800079345702,147.7361505126953,2.5410158637439677,126.5179743760277,0.0386172605758881,145.1999969482422,188.9600067138672,-0.026267021481982455,-0.04817003231539274,0.01033172776310376,0,0.795264362507427,0.8134894613583139,43.42,Nifty Oil & Gas,0.0015135561623461635,1.0,1,111.8176,4.6379298179743955e-08,"['relative strength', 'smooth (low ATR)', 'near breakout/52W high']",44.267515923566876,12.579617834394904,24.044585987261147,40.605095541401276,22.133757961783438,52.622950819672134,94.90445859872611
IPCALAB,2026-10-06,Ipca Laboratories Ltd.,Healthcare,1945.5,-0.002972377389432679,3,True,False,True,[],79.73057846924925,79.73057846924925,0.0,{},[],100.0,50.70623722608542,1961.6599975585937,1897.2139990234375,1641.6580004882812,53.221977391925826,1839.0560452161483,0.05471290402665219,2038.0,2038.0,-0.006941950770975813,0.09890418728608474,0.09353137291934582,4,1.189553418723872,1.3687141117104575,78.66,Nifty Healthcare Index,0.01796393698282428,0.4090909090909091,0,44.6047,0.0,"['relative strength', 'near breakout/52W high', 'volume/delivery surge']",78.6624203821656,76.91082802547771,80.89171974522293,90.12738853503186,84.23566878980891,86.55737704918033,57.961783439490446
IRB,2026-10-06,IRB Infrastructure Developers Ltd.,Construction,17.84,0.05749851807943096,2,True,False,False,['PRICE_LT_50'],,,,{},[],100.0,45.19624487620297,18.19049987792969,18.945799942016603,20.463474988937378,0.5142007684913146,16.811598615605263,0.05764582557099629,21.040000915527344,23.950000762939453,-0.07324674532010955,-0.11726863133336984,-0.04770743366494834,0,1.4032970363803072,0.6857142857142857,31.2,Nifty Infrastructure,0.001024111394163918,0.7194244604316544,1,18.4263,8.553132868627245e-09,,,,,,,,
IRCON,2026-10-06,IRCON International Ltd.,Construction,107.86,0.00916916167664672,1,True,False,True,[],4.506813198287563,19.506813198287563,15.0,{'DOWNTREND_BOUNCE': 15},[],100.0,43.050073633856144,109.55599937438964,118.60419982910156,138.05470012664796,3.848782297734315,100.16243601488293,0.07136625766651328,133.82000732421875,186.44000244140625,-0.08368021876418841,-0.16607388538518475,-0.07732679741289522,0,1.3363124037178673,0.7211875843454791,26.72,Nifty Infrastructure,0.001024111394163918,0.4487179487179499,1,20.645950000000003,5.658738810865316e-09,"['volume/delivery surge', 'strong sector', 'repeat gainer']",5.732484076433121,12.579617834394904,41.560509554140125,8.121019108280255,22.133757961783438,47.377049180327866,17.8343949044586
IREDA,2026-10-06,Indian Renewable Energy Development Agency Ltd.,Financial Services,109.0,0.0,1,True,False,True,[],35.77479899759841,35.77479899759841,0.0,{},[],100.0,40.843862369094055,111.12599983215333,114.76079956054687,124.13364990234375,2.631403594213894,103.73719281157221,0.04828263475621819,123.9000015258789,158.6999969482422,-0.03497120013249955,-0.10516376172187192,-0.022517226265394374,0,0.8355925863146441,0.9922417313189058,36.45,Nifty Financial Services,0.00751656235940712,0.13986013986014117,0,40.490100000000005,0.0,"['smooth (low ATR)', 'strong sector', 'volume/delivery surge']",24.522292993630572,12.579617834394904,42.35668789808917,31.528662420382165,22.133757961783438,67.54098360655738,77.07006369426752
IRFC,2026-10-06,Indian Railway Finance Corporation Ltd.,Financial Services,77.1,0.007843137254901933,1,True,False,True,[],14.962697086770387,29.962697086770387,15.0,{'DOWNTREND_BOUNCE': 15},[],100.0,34.238442533722775,79.51999931335449,83.62499984741211,98.46439979553223,1.5937560143421923,73.91248644543671,0.041342569283633446,90.8499984741211,137.1699981689453,-0.07108435573348082,-0.1250567853947142,-0.05052031590230616,0,0.8046993784577622,0.867122436295836,34.88,Nifty Financial Services,0.00751656235940712,0.4425287356321829,1,66.12315000000001,-1.9790906580219314e-08,"['smooth (low ATR)', 'strong sector', 'volume/delivery surge']",12.420382165605096,12.579617834394904,28.343949044585987,16.56050955414013,22.133757961783438,67.54098360655738,92.67515923566879
ITC,2026-10-06,ITC Ltd.,Fast Moving Consumer Goods,266.7,-0.008181480104127892,1,True,False,True,[],39.28620653649367,54.28620653649367,15.0,{'DOWNTREND_BOUNCE': 15},[],100.0,51.44898175158339,263.54249877929686,269.8519989013672,299.5715008544922,4.972646061193244,256.75472008464476,0.03729018247913041,292.54998779296875,426.3999938964844,0.012144258850213419,-0.05442289044594728,0.026410938863924427,1,1.7513361979792175,0.963938856515497,57.07,Nifty FMCG,0.028878418254091653,0.5045871559633038,0,335.20309999999995,4.5770645940024224e-08,"['relative strength', 'volume/delivery surge', 'smooth (low ATR)']",49.044585987261144,35.031847133757964,64.80891719745222,37.42038216560509,22.133757961783438,95.40983606557377,96.81528662420382
ITCHOTELS,2026-10-06,ITC Hotels Ltd.,Consumer Services,160.21,0.007863613487669951,2,True,False,True,[],45.14185026626292,45.14185026626292,0.0,{},[],100.0,50.656610567632015,157.8290008544922,161.71999969482422,167.66634979248047,3.6884500805097686,152.83310655284765,0.046045189762675576,173.0,226.6300048828125,0.015465566174369227,-0.12122204564027661,-0.005327985071162333,1,0.7432721092724877,0.9586969168121,49.44,Nifty India Consumption,-0.003782502113651831,0.7639999999999987,2,25.738599999999998,4.1906667469504555e-08,"['relative strength', 'smooth (low ATR)', 'near breakout/52W high']",35.35031847133758,35.031847133757964,34.07643312101911,48.40764331210191,60.35031847133758,43.9344262295082,82.48407643312102
ITI,2026-10-06,ITI Ltd.,Telecommunication,247.84,0.029449636552440372,1,True,False,False,['LOW_TURNOVER'],,,,{},['LOW_DELIVERY'],100.0,38.92691887663205,252.8034996032715,267.683401184082,283.62935050964353,7.0204926026274235,233.79901113263577,0.05665342726245115,296.25,372.8500061035156,-0.08410942074006589,-0.13869679813070157,-0.06385285477359237,0,3.6184450251589784,0.3877141169521559,16.41,,,0.5269645608628666,1,3.825,-1.477610300781862e-08,,,,,,,,
J&KBANK,2026-10-06,Jammu & Kashmir Bank Ltd.,Financial Services,139.5,-0.014343248781177098,2,True,False,True,[],38.6171556854965,38.6171556854965,0.0,{},[],100.0,36.59397844257621,144.15550079345704,148.97080047607423,134.89705028533936,4.063991978944353,131.37201604211128,0.058265117977696845,192.0,201.75,-0.05666759944627564,-0.17166440848794928,-0.0666157493053211,2,0.9920479770077227,1.1288670791551096,52.91,Nifty Financial Services,0.00751656235940712,0.15384615384615385,0,21.582849999999997,0.0,"['volume/delivery surge', 'trend structure', 'strong sector']",8.9171974522293,52.547770700636946,62.4203821656051,10.509554140127388,60.35031847133758,67.54098360655738,47.77070063694268
JAINREC,2026-10-06,Jain Resource Recycling Ltd.,Metals & Mining,290.15,-0.0010328800137717753,3,True,False,True,[],15.56434687271588,30.56434687271588,15.0,{'DOWNTREND_BOUNCE': 15},[],100.0,50.92762003061161,285.4500030517578,295.12400146484373,375.1395007324219,10.90515010295301,268.3396936905784,0.07516905278201447,363.0,593.9500122070312,0.03127772383886507,-0.1523517258435485,-0.01298674634055036,1,0.5515813359450731,0.8429772502472801,34.09,Nifty Metal,0.0014665791143129159,0.360465116279063,0,22.296,-2.1035724939721945e-08,"['repeat gainer', 'relative strength', 'trend structure']",29.936305732484076,35.031847133757964,15.445859872611464,5.414012738853503,84.23566878980891,49.67213114754098,13.05732484076433
JINDALSAW,2026-10-06,Jindal Saw Ltd.,Capital Goods,282.4,0.02690909090909077,2,True,False,True,[],49.01305210399917,49.01305210399917,0.0,{},[],100.0,47.77722560914292,288.7150024414062,284.88100006103514,231.3571001434326,10.070255110693022,262.25948367509835,0.07131908872763171,320.0,320.0,-0.08770794691370709,0.03709146733856894,0.022242014874222282,3,0.5777587003535095,1.1913061738765223,56.73,Nifty India Manufacturing,-0.00698034712501483,0.8547486033519539,2,54.802299999999995,-2.1613015599442065e-08,"['relative strength', 'trend structure', 'near breakout/52W high']",47.13375796178344,66.0828025477707,49.681528662420384,57.80254777070064,60.35031847133758,33.442622950819676,18.15286624203822
JIOFIN,2026-10-06,Jio Financial Services Ltd.,Financial Services,217.9,0.02783018867924536,1,True,False,True,[],35.527983710974205,35.527983710974205,0.0,{},[],100.0,36.164006590006075,224.3769989013672,238.1255990600586,247.20469993591308,4.541364556093022,208.81726478429835,0.04168301682698017,268.20001220703125,316.8500061035156,-0.07039249330051911,-0.0662895896832616,-0.020790786830098995,0,1.3778197524399252,0.7680838202699979,38.12,Nifty Financial Services,0.00751656235940712,0.8072916666666682,1,277.40925,-2.8010627040053748e-08,"['smooth (low ATR)', 'strong sector', 'volume/delivery surge']",25.796178343949045,12.579617834394904,44.5859872611465,15.764331210191084,22.133757961783438,67.54098360655738,91.71974522292993
JKCEMENT,2026-10-06,J.K. Cement Ltd.,Construction Materials,4960.0,-0.004315969085616822,1,True,False,True,[],25.74297796804845,25.74297796804845,0.0,{},[],100.0,46.141995303046755,4967.325,5161.77,5391.885,138.20602662808972,4683.587946743821,0.0557282365435845,5790.0,6764.5,-0.017237963146423563,-0.08037452489107255,-0.0012559893569566993,0,0.20312098704554093,0.7137100552900384,38.08,Nifty Cement,-0.021410454945703594,0.26605504587155965,0,24.197650000000003,0.0,"['relative strength', 'smooth (low ATR)', 'near breakout/52W high']",37.261146496815286,12.579617834394904,3.662420382165605,28.662420382165607,22.133757961783438,20.327868852459016,54.45859872611465
JKTYRE,2026-10-06,JK Tyre & Industries Ltd.,Automobile and Auto Components,339.35,0.001475579164822216,1,True,False,True,[],5.83891093244231,20.83891093244231,15.0,{'DOWNTREND_BOUNCE': 15},[],100.0,37.18224040505874,346.42750091552733,369.7460009765625,424.0790007019043,8.192955142223656,322.9640958190683,0.04828616469642544,422.0,611.9000244140625,-0.07897952270161523,-0.16147764796726694,-0.07267833067264973,0,0.7429657730886426,0.9488797041548835,43.62,Nifty Auto,-0.0372541807511817,0.3095238095238131,1,16.2621,1.798590121282473e-08,"['smooth (low ATR)', 'volume/delivery surge', 'repeat gainer']",7.32484076433121,12.579617834394904,32.961783439490446,7.165605095541402,22.133757961783438,12.131147540983607,76.7515923566879
JMFINANCIL,2026-10-06,JM Financial Ltd.,Financial Services,124.0,0.007311129163281915,1,True,False,True,[],39.32575441161116,39.32575441161116,0.0,{},[],100.0,45.42120870466981,125.10650062561035,126.72060012817383,129.5637001800537,3.381176414893423,117.23764717021315,0.05453510346602297,136.3000030517578,182.5,-0.04820385967254737,-0.0036959592467974423,0.021600345202118953,0,0.6659766885350312,0.9949093870902057,48.86,Nifty Financial Services,0.00751656235940712,0.4444444444444444,1,24.3076,0.0,"['relative strength', 'strong sector', 'smooth (low ATR)']",46.496815286624205,12.579617834394904,34.23566878980891,39.01273885350319,22.133757961783438,67.54098360655738,58.59872611464968
JSWENERGY,2026-10-06,JSW Energy Ltd.,Power,494.9,0.006303375355835694,1,True,False,True,[],47.942857888691655,47.942857888691655,0.0,{},[],100.0,38.75752691572206,509.29750061035156,532.7960009765625,525.5182521057129,11.512916232694012,471.87416143109635,0.04652623307609949,583.4000244140625,617.3499755859375,-0.06622642661040679,-0.07226547460568,-0.021695695946252036,1,2.3861756375306196,1.1290912415432437,61.75,Nifty Energy,0.01308588080244133,0.2920962199312713,2,83.8683,-1.2332825982674933e-08,"['volume/delivery surge', 'smooth (low ATR)', 'strong sector']",25.477707006369428,35.031847133757964,83.43949044585986,36.78343949044586,22.133757961783438,79.50819672131148,81.21019108280255
JSWINFRA,2026-10-06,JSW Infrastructure Ltd.,Services,363.05,0.010155815247635092,3,True,False,True,[],74.21230552365041,74.21230552365041,0.0,{},[],100.0,62.18684884666381,349.63500061035154,340.2780010986328,294.49465087890627,10.510332443558662,342.0293229058514,0.05790019444678918,375.5,375.5,0.09732501464539323,0.1208706225199756,0.15664807324447577,5,0.7364327603248186,0.9925291545189504,54.47,Nifty Services Sector,0.0015632359016684028,0.4834437086092753,2,108.3018,-3.362355394109784e-08,"['relative strength', 'near breakout/52W high', 'trend structure']",88.85350318471338,91.0828025477707,36.30573248407643,92.8343949044586,84.23566878980891,55.73770491803279,49.681528662420384
JUBLINGREA,2026-10-06,Jubilant Ingrevia Ltd.,Chemicals,644.25,0.019060423916481994,1,True,False,True,[],29.66020152448575,29.66020152448575,0.0,{},[],100.0,45.26965749216548,644.5424987792969,688.7669970703125,668.0712484741211,22.38482403084719,599.4803519383056,0.06949111068947522,795.0,795.0,-0.05299131036283311,-0.05368682204513142,-0.005788811542190908,1,0.7023841754532062,0.9459616502033702,48.84,Nifty Chemicals,-0.013540224303113302,0.8053333333333346,1,16.839499999999997,0.0,"['relative strength', 'trend structure', 'near breakout/52W high']",35.031847133757964,35.031847133757964,29.777070063694268,30.573248407643312,22.133757961783438,23.114754098360656,20.70063694267516
JWL,2026-10-06,Jupiter Wagons Ltd.,Capital Goods,224.64,0.005370569280343629,1,True,False,True,[],7.922287772788977,22.922287772788977,15.0,{'DOWNTREND_BOUNCE': 15},[],100.0,40.16756636299124,229.93449935913085,242.99800048828126,273.63830055236815,6.945638871627272,210.7487216463939,0.06183795308492446,270.0,358.25,-0.08306463793309093,-0.10591045019045398,-0.0469372893999811,0,1.204480066081518,0.762615859938208,29.62,Nifty India Manufacturing,-0.00698034712501483,0.5585937499999967,1,14.97725,-2.717020830544925e-09,"['volume/delivery surge', 'smooth (low ATR)', 'relative strength']",14.012738853503185,12.579617834394904,39.64968152866243,15.127388535031846,22.133757961783438,33.442622950819676,37.5796178343949
JYOTICNC,2026-10-06,Jyoti CNC Automation Ltd.,Capital Goods,1073.1,0.04224941724941722,2,True,False,True,[],69.43502662629216,69.43502662629216,0.0,{},[],100.0,59.98923517223049,1034.5699981689454,963.8460009765626,829.1855014038086,40.72065864434274,991.658658297252,0.0758935039992118,1134.5999755859375,1134.5999755859375,0.051388771780009224,0.39535789951123457,0.27092359030741325,5,0.8046396600067317,1.133317025440313,46.33,Nifty India Manufacturing,-0.00698034712501483,0.9185803757828792,1,67.943,-2.2750966777174142e-08,"['relative strength', 'trend structure', 'near breakout/52W high']",96.4968152866242,91.0828025477707,54.29936305732484,86.30573248407643,60.35031847133758,33.442622950819676,11.78343949044586
KAJARIACER,2026-10-06,Kajaria Ceramics Ltd.,Consumer Durables,1213.8,-0.000494071146245223,1,True,False,True,[],58.54643938602902,58.54643938602902,0.0,{},[],100.0,48.98897254417661,1217.1499938964844,1217.7199975585938,1097.7259982299804,31.90413254742565,1149.9917837332737,0.052569008508819626,1275.0,1293.800048828125,-0.020813106861846564,0.017094037201883294,0.04569071983180972,2,2.4263428835605314,1.0737609812696836,64.78,Nifty Consumer Durables,-0.027995535094592627,0.5107033639143738,0,19.27075,4.0227488007360535e-08,"['relative strength', 'near breakout/52W high', 'volume/delivery surge']",61.78343949044586,52.547770700636946,78.98089171974522,85.828025477707,22.133757961783438,17.868852459016395,64.96815286624204
KALYANKJIL,2026-10-06,Kalyan Jewellers India Ltd.,Consumer Durables,548.15,-0.01562359701894589,2,True,False,True,[],54.50981518220737,54.50981518220737,0.0,{},[],100.0,40.72540802367046,575.8475006103515,592.4209973144531,461.2314987182617,19.85306355764891,508.4438972987647,0.07243660557662324,648.9500122070312,648.9500122070312,-0.07250418880869292,0.23735897158930586,0.12997764605209783,2,2.397498143604307,0.9294742626854735,25.37,Nifty Consumer Durables,-0.027995535094592627,0.045261669024045874,0,375.68275,4.453901758516565e-08,"['relative strength', 'volume/delivery surge', 'trend structure']",85.03184713375796,52.547770700636946,63.21656050955414,43.152866242038215,60.35031847133758,17.868852459016395,15.92356687898089
KARURVYSYA,2026-10-06,Karur Vysya Bank Ltd.,Financial Services,325.2,0.0015398829688944016,3,True,False,True,[],66.74613657721625,66.74613657721625,0.0,{},[],100.0,45.06200184207346,327.71499786376955,335.4429998779297,303.6790493011475,8.462556861318987,308.27489848439325,0.05204524319594128,358.6499938964844,358.6499938964844,-0.048287970180120654,0.09994932832940684,0.07338093373643445,2,0.9554701463343789,1.10970184571699,58.62,Nifty Financial Services,0.00751656235940712,0.34645669291338277,1,56.2937,3.753699640007824e-08,"['relative strength', 'near breakout/52W high', 'volume/delivery surge']",71.3375796178344,52.547770700636946,59.07643312101911,68.47133757961782,84.23566878980891,67.54098360655738,67.19745222929936
KAYNES,2026-10-06,Kaynes Technology India Ltd.,Capital Goods,3405.0,0.0030045952633439565,1,True,False,True,[],14.721650830113816,29.721650830113816,15.0,{'DOWNTREND_BOUNCE': 15},['LOW_DELIVERY'],100.0,41.92543877690317,3496.3400024414063,3654.3260107421875,3634.033505859375,131.21810655228543,3142.563786895429,0.07707377771059354,4117.89990234375,7705.0,-0.05521642619311873,-0.007028111449042362,0.016427985840710813,1,1.0025509781875919,0.81205331272938,21.02,Nifty India Manufacturing,-0.00698034712501483,0.7361963190184035,1,315.3307,0.0,"['relative strength', 'trend structure', 'volume/delivery surge']",45.859872611464965,35.031847133757964,33.59872611464968,9.235668789808917,22.133757961783438,33.442622950819676,10.19108280254777
KEI,2026-10-06,KEI Industries Ltd.,Capital Goods,4557.4,-0.01742055107584839,3,True,False,True,[],44.80126866450872,44.80126866450872,0.0,{},[],100.0,41.1314009161221,4575.830004882812,5082.463994140625,4848.615509033203,132.40726474910107,4292.585372845548,0.058106493872090326,5899.0,5899.0,-0.0311649867466518,-0.08988519174363452,-0.012974834583351802,1,1.2875772797527048,1.2413937867338372,59.14,Nifty India Manufacturing,-0.00698034712501483,0.0,0,144.3633,-2.1428061991457525e-08,"['volume/delivery surge', 'repeat gainer', 'relative strength']",30.254777070063696,35.031847133757964,82.1656050955414,19.904458598726116,84.23566878980891,33.442622950819676,49.044585987261144
KFINTECH,2026-10-06,Kfin Technologies Ltd.,Financial Services,863.8,-0.004265129682997193,1,True,False,True,[],35.830531481674846,35.830531481674846,0.0,{},[],100.0,42.55093995950665,882.9375,920.5760009765625,933.0222521972656,24.82798912397571,814.1440095450173,0.05748550468821345,992.4000244140625,1215.0,-0.06363144954691735,-0.012687205750768649,0.009390927012948358,0,0.9610412486974194,0.7785665216395695,34.0,Nifty Financial Services,0.00751656235940712,0.18165784832451404,0,49.25629999999999,-1.413177963538459e-08,"['relative strength', 'strong sector', 'smooth (low ATR)']",42.99363057324841,12.579617834394904,29.777070063694268,31.528662420382165,22.133757961783438,67.54098360655738,50.318471337579616
KIRLOSBROS,2026-10-06,Kirloskar Brothers Ltd.,Capital Goods,1745.3,0.0016643709825527875,1,True,False,False,['LOW_TURNOVER'],,,,{},[],100.0,42.57516705633272,1782.12001953125,1854.3320043945312,1716.8605017089844,58.76319165928802,1627.773665509549,0.06733878418068495,1993.0,2189.199951171875,-0.06267451727812834,-0.05857919745174034,-0.013076602703142981,2,0.8964020482213707,0.7320509347060418,40.53,Nifty India Manufacturing,-0.00698034712501483,0.3411371237458199,1,5.216900000000001,2.7976923666628295e-08,,,,,,,,
KIRLOSENG,2026-10-06,Kirloskar Oil Eng Ltd.,Capital Goods,2266.1,0.009983509381824796,2,True,False,True,[],51.05126866450872,51.05126866450872,0.0,{},[],100.0,55.32318567423274,2189.504998779297,2162.4439892578125,1768.415001220703,97.9048622439512,2070.2903731683477,0.08640824149401938,2444.0,2720.0,0.04198089331353527,-0.06544867534482801,0.03581636364614499,5,0.8614810243549004,0.7673378076062639,37.73,Nifty India Manufacturing,-0.00698034712501483,0.8275229357798148,2,96.71965,4.30944133711364e-08,"['relative strength', 'trend structure', 'near breakout/52W high']",55.732484076433124,91.0828025477707,25.159235668789808,66.56050955414013,60.35031847133758,33.442622950819676,3.1847133757961785
KOTAKBANK,2026-10-06,Kotak Mahindra Bank Ltd.,Financial Services,431.9,0.03822115384615388,4,True,False,True,[],84.859193902057,84.859193902057,0.0,{},[],100.0,66.59030908385111,414.05999755859375,407.7019995117187,399.1353495788574,8.603182090085264,414.69362971631386,0.03983876921353802,435.6000061035156,453.20001220703125,0.023217217842364635,0.14516770750638575,0.13174271733616655,5,2.719804602093415,0.9412112259970458,63.72,Nifty Financial Services,0.00751656235940712,0.7571428571428547,1,597.98545,-1.413177963538459e-08,"['relative strength', 'near breakout/52W high', 'trend structure']",85.35031847133757,91.0828025477707,65.44585987261146,94.7452229299363,96.17834394904459,67.54098360655738,94.5859872611465
KPIL,2026-10-06,Kalpataru Projects International Ltd.,Construction,1451.5,0.052727008993327606,1,True,False,True,[],68.8141380390519,68.8141380390519,0.0,{},[],100.0,60.330441786246965,1403.7549926757813,1376.7559936523437,1255.1299993896484,42.304459620097546,1366.891080759805,0.058290678084874314,1468.0,1479.5999755859375,0.03192096203141115,0.08938755133865528,0.10820451134682457,5,5.027578792421131,0.7903209476561709,39.03,Nifty Infrastructure,0.001024111394163918,0.6537769784172663,2,18.018150000000002,0.0,"['relative strength', 'near breakout/52W high', 'trend structure']",81.52866242038216,91.0828025477707,56.210191082802545,97.61146496815286,22.133757961783438,47.377049180327866,47.452229299363054
KPITTECH,2026-10-06,KPIT Technologies Ltd.,Information Technology,492.7,0.006537282941777356,1,True,False,True,[],3.981857575441161,18.98185757544116,15.0,{'DOWNTREND_BOUNCE': 15},[],100.0,28.49047600230338,527.1974990844726,571.5170013427735,747.7282511901856,15.554351766062918,461.5913086749054,0.06313923840345681,662.6500244140625,1284.9000244140625,-0.12369940025427972,-0.10115845979630078,-0.0648786753634989,0,0.7319659071749143,1.2560340747752012,39.81,Nifty IT,-0.042437668640266324,0.4583333333333326,1,66.86965000000001,2.4775788975972546e-08,"['volume/delivery surge', 'smooth (low ATR)', 'relative strength']",9.235668789808917,12.579617834394904,57.48407643312102,1.1146496815286624,22.133757961783438,3.1147540983606556,34.71337579617835
KPRMILL,2026-10-06,K.P.R. Mill Ltd.,Textiles,1100.4,0.025918329293306064,2,True,False,True,[],43.71019108280255,43.71019108280255,0.0,{},['SECTOR_UNMAPPED'],100.0,47.490658564058485,1113.5900085449218,1110.462001953125,994.8757516479492,35.19950309763393,1030.0010182187946,0.06397583118262262,1197.9000244140625,1334.0,-0.06380806401411088,-0.041296412613378686,-0.005001983651953423,3,0.4590489838854756,0.7389182189461102,37.09,,,0.910034602076128,2,18.171300000000002,2.2186534387458323e-08,"['trend structure', 'near breakout/52W high', 'relative strength']",35.6687898089172,66.0828025477707,7.643312101910828,63.21656050955414,60.35031847133758,50.0,32.1656050955414
KSB,2026-10-06,KSB Ltd.,Capital Goods,809.1,0.006405871011878839,2,True,False,True,[],36.34585465176986,36.34585465176986,0.0,{},[],100.0,49.357206380697754,807.7949981689453,809.6449963378906,819.1944976806641,28.711119049256848,751.6777374874238,0.0709705102350664,936.0,1028.300048828125,-0.005469869428802343,-0.1277490331165081,-0.01905919661086386,1,0.9646581271810378,0.9944407801752568,52.77,Nifty India Manufacturing,-0.00698034712501483,0.755294117647062,1,11.49545,-3.017434502261551e-08,"['volume/delivery surge', 'relative strength', 'repeat gainer']",27.070063694267517,35.031847133757964,48.566878980891715,38.53503184713376,60.35031847133758,33.442622950819676,18.78980891719745
LALPATHLAB,2026-10-06,Dr. Lal Path Labs Ltd.,Healthcare,1964.2,-0.003601684167808039,3,True,False,True,[],75.91688420173332,75.91688420173332,0.0,{},[],100.0,57.072849356996464,1933.9400024414062,1918.8080029296875,1603.4229992675782,60.18049607435769,1843.8389590231595,0.061277362356569665,2038.5999755859375,2038.5999755859375,0.046178402754660564,0.18790441558625637,0.16459166383224982,5,0.8025758572989429,0.9377608097309776,52.81,Nifty Healthcare Index,0.01796393698282428,0.2513736263736259,0,59.20635,-2.4859039271518668e-08,"['relative strength', 'near breakout/52W high', 'trend structure']",89.49044585987261,91.0828025477707,34.23566878980892,91.87898089171975,84.23566878980891,86.55737704918033,38.853503184713375
LAURUSLABS,2026-10-06,Laurus Labs Ltd.,Healthcare,2050.0,0.039870143045551254,4,True,False,True,[],91.33089694058683,91.33089694058683,0.0,{},[],100.0,66.50831068737438,1980.2399963378907,1900.0519995117188,1377.8672512817384,46.796396818259794,1956.4072063634803,0.04565502128610721,2055.300048828125,2055.300048828125,0.09234297081955511,0.3599575207628447,0.27370050045299127,5,1.4526239659723676,1.1510748407643312,57.83,Nifty Healthcare Index,0.01796393698282428,0.9494324045407628,1,298.89459999999997,0.0,"['relative strength', 'near breakout/52W high', 'trend structure']",97.13375796178345,91.0828025477707,79.14012738853503,98.88535031847134,96.17834394904459,86.55737704918033,84.07643312101911
LEMONTREE,2026-10-06,Lemon Tree Hotels Ltd.,Consumer Services,110.12,0.020953087335434883,2,True,False,True,[],39.99057638091261,54.99057638091261,15.0,{'DOWNTREND_BOUNCE': 15},[],100.0,62.038348326288045,105.88249969482422,107.63280014038087,117.48850002288819,2.3755642942534285,105.36887415807517,0.04314500971672308,115.68000030517578,174.1999969482422,0.026472818788223496,-0.06232969637816854,0.029621815866818835,2,1.994800588097565,0.7606927566740025,39.75,Nifty India Consumption,-0.003782502113651831,0.8733333333333348,2,22.06365,2.4941718468340923e-08,"['relative strength', 'smooth (low ATR)', 'trend structure']",52.22929936305732,52.547770700636946,49.681528662420384,47.92993630573248,60.35031847133758,43.9344262295082,89.80891719745223
LENSKART,2026-10-06,Lenskart Solutions Ltd.,Consumer Services,684.85,-0.011403825333814455,4,True,False,False,['INELIGIBLE_HISTORY'],,,,{},[],100.0,55.1180128746155,684.6050018310547,647.1530053710937,536.2512525939942,19.77691560958634,645.2961443667648,0.057755468539414934,725.0,725.0,-0.004578523857649008,0.254418830063573,0.17247040776475336,5,0.5664700618694782,0.9491776315789474,57.71,Nifty India Consumption,-0.003782502113651831,0.18800000000000183,0,349.81465,-3.5648773488716756e-08,,,,,,,,
LGEINDIA,2026-10-06,LG Electronics India Ltd.,Consumer Durables,1758.6,-0.006945620870743796,2,True,False,False,['INELIGIBLE_HISTORY'],,,,{},[],100.0,65.15488884950454,1689.1400024414063,1648.7500048828124,1553.5810040283204,42.01103225784115,1674.5779110702551,0.04777781512688095,1825.0,1825.0,0.0672411236039292,0.12456830839965183,0.14345497066358187,5,1.1873248101642075,0.8347093513058129,49.54,Nifty Consumer Durables,-0.027995535094592627,0.21717171717171538,0,98.98634999999999,-1.3882669347431431e-08,,,,,,,,
LINDEINDIA,2026-10-06,Linde India Ltd.,Chemicals,6152.5,0.018457209071345737,2,True,False,True,[],33.29077477289339,33.29077477289339,0.0,{},[],100.0,42.01733913314804,6208.2,6494.52,6742.7725,157.2563555851571,5837.987288829686,0.051119497955353754,7319.5,8049.0,-0.034523342487249864,-0.11949910554561716,-0.029460969354642152,0,0.7045731459670214,1.054381572358538,52.64,Nifty Chemicals,-0.013540224303113302,0.8692579505300353,1,15.4071,0.0,"['smooth (low ATR)', 'volume/delivery surge', 'repeat gainer']",22.29299363057325,12.579617834394904,41.24203821656051,28.18471337579618,60.35031847133758,23.114754098360656,70.70063694267516
LLOYDSME,2026-10-06,Lloyds Metals And Energy Ltd.,Metals & Mining,1858.2,0.030901525658807216,2,True,False,True,[],62.93695833768403,62.93695833768403,0.0,{},[],100.0,52.714161270300316,1825.3900085449218,1881.6200024414063,1603.2145013427735,50.66181065055555,1756.8763298707638,0.05452783552018248,2125.0,2125.0,0.030615613517401608,0.06481002645591283,0.09526307464844858,3,1.531932707502699,0.8669418238993711,44.11,Nifty Metal,0.0014665791143129159,0.7422434367541783,2,67.7489,-2.627710959934859e-08,"['relative strength', 'trend structure', 'near breakout/52W high']",79.93630573248407,66.0828025477707,52.866242038216555,54.77707006369427,60.35031847133758,49.67213114754098,58.9171974522293
LODHA,2026-10-06,Lodha Developers Ltd.,Realty,1135.6,0.0027373068432670067,2,True,False,True,[],45.3236921791793,45.3236921791793,0.0,{},[],100.0,47.499352302720375,1128.4349975585938,1192.587001953125,1021.3985034179688,36.82895838650971,1061.942058812918,0.06486255579128031,1344.949951171875,1344.949951171875,-0.05366668701171873,-0.047435345946429175,-0.0030007618172825934,3,1.028965819599991,1.1619676064787043,58.11,Nifty Realty,-0.04069793468707705,0.721238938053091,2,176.57485,-2.1498822166954312e-08,"['volume/delivery surge', 'trend structure', 'relative strength']",36.30573248407644,66.0828025477707,67.8343949044586,42.8343949044586,60.35031847133758,7.377049180327869,29.61783439490446
LTFOODS,2026-10-06,LT Foods Ltd.,Fast Moving Consumer Goods,408.15,0.00579103006407089,1,True,False,True,[],46.18111099509241,46.18111099509241,0.0,{},[],100.0,41.73023684143569,423.2099975585937,425.03699768066406,400.71299896240237,12.677106306171426,382.7957812841415,0.06211984072397958,490.70001220703125,490.70001220703125,-0.08239657127316069,0.0732316776162425,0.04296780783333226,2,0.7322062985873644,0.7235347569286689,31.85,Nifty FMCG,0.028878418254091653,0.24215246636771123,2,16.664099999999998,-1.495409918117474e-08,"['relative strength', 'strong sector', 'trend structure']",58.9171974522293,52.547770700636946,15.76433121019108,38.37579617834395,22.133757961783438,95.40983606557377,36.94267515923567
LTM,2026-10-06,LTM Ltd.,Information Technology,3971.1,-0.009700748129675807,2,True,False,True,[],9.945233371619508,24.94523337161951,15.0,{'DOWNTREND_BOUNCE': 15},[],100.0,33.8441084592359,4158.389990234375,4409.746005859375,4584.1405029296875,127.49791489402257,3716.1042678682047,0.06421289403874364,4850.0,6429.5,-0.10721670466361288,0.030277137367489493,0.009080471013729663,0,0.4700915017044435,0.7340698869475848,28.57,Nifty IT,-0.042437668640266324,0.2259215219976221,0,158.75705,2.4591737757262422e-08,"['relative strength', 'repeat gainer', 'smooth (low ATR)']",42.35668789808917,12.579617834394904,7.643312101910828,11.942675159235668,60.35031847133758,3.1147540983606556,31.84713375796178
LTTS,2026-10-06,L&T Technology Services Ltd.,Information Technology,3246.0,0.008231091784438593,4,True,False,True,[],39.68249451811632,39.68249451811632,0.0,{},[],100.0,43.46820708980996,3276.1100219726563,3439.58,3537.8405029296873,89.048483892424,3067.903032215152,0.054866595127802786,3708.0,4726.0,-0.04926482150353928,0.008826423881711287,0.02733105585087736,0,0.8048934190915366,0.9298753339269813,41.77,Nifty IT,-0.042437668640266324,0.8321964529331494,1,16.66,0.0,"['relative strength', 'repeat gainer', 'smooth (low ATR)']",50.0,12.579617834394904,33.9171974522293,30.73248407643312,96.17834394904459,3.1147540983606556,56.68789808917197
M&MFIN,2026-10-06,Mahindra & Mahindra Financial Services Ltd.,Financial Services,327.75,0.004751686082158146,1,True,False,True,[],35.941996449827705,35.941996449827705,0.0,{},[],100.0,34.0821868705802,341.42249908447263,368.61100036621093,342.95650009155275,10.429642988774395,306.8907140224512,0.06364389314278807,415.0,415.0,-0.11977979151990814,-0.026726057906458767,-0.025702670051392096,1,0.9923727203044844,1.0824451125079713,59.41,Nifty Financial Services,0.00751656235940712,0.721854304635759,2,61.741499999999995,0.0,"['volume/delivery surge', 'strong sector', 'relative strength']",23.88535031847134,35.031847133757964,59.07643312101911,24.044585987261144,22.133757961783438,67.54098360655738,32.802547770700635
MAHABANK,2026-10-06,Bank of Maharashtra,Financial Services,80.8,-0.0012360939431398377,2,True,False,True,[],56.67448052626084,56.67448052626084,0.0,{},[],100.0,46.62189437793841,81.97349967956544,81.6313996887207,75.71879983901978,2.2154299009495704,76.36914324985867,0.05483737171471248,87.5,94.5,-0.049411728802849275,-0.014754286708378195,0.015467246906177623,3,0.6104222312171853,1.1078829309976501,51.86,Nifty Financial Services,0.00751656235940712,0.6093750000000003,0,112.821,3.776927992582557e-08,"['relative strength', 'near breakout/52W high', 'trend structure']",45.54140127388535,66.0828025477707,43.63057324840764,68.94904458598727,60.35031847133758,67.54098360655738,57.00636942675159
MANAPPURAM,2026-10-06,Manappuram Finance Ltd.,Financial Services,310.2,-0.0016092693916961442,1,True,False,True,[],40.63148689568759,40.63148689568759,0.0,{},[],100.0,38.70507938352596,319.025,339.44300048828126,310.94525047302244,9.597886314398458,291.0042395782343,0.06188192093295419,381.54998779296875,381.54998779296875,-0.04729727766524783,-0.06692735503990277,-0.00956206169078394,1,1.0379627263889464,1.120354188512175,48.08,Nifty Financial Services,0.00751656235940712,0.6071428571428571,0,121.54979999999999,3.935213177541641e-08,"['volume/delivery surge', 'relative strength', 'strong sector']",33.12101910828026,35.031847133757964,64.171974522293,31.847133757961785,22.133757961783438,67.54098360655738,37.261146496815286
MANKIND,2026-10-06,Mankind Pharma Ltd.,Healthcare,2500.0,0.008471157724889045,3,True,False,True,[],72.16688420173332,72.16688420173332,0.0,{},[],100.0,57.30812121864887,2404.084997558594,2408.5379931640623,2303.832497558594,57.33810428875968,2385.3237914224806,0.04587048343100775,2642.0,2642.0,0.07851596203623812,-0.012638230647709303,0.08048912035605577,4,0.6385731456043956,0.9256606990622336,54.29,Nifty Healthcare Index,0.01796393698282428,0.7995495495495479,1,111.08515,0.0,"['relative strength', 'near breakout/52W high', 'trend structure']",73.88535031847134,76.91082802547771,25.15923566878981,86.62420382165605,84.23566878980891,86.55737704918033,83.12101910828025
MAXHEALTH,2026-10-06,Max Healthcare Institute Ltd.,Healthcare,902.5,-0.015812431842966213,2,True,False,True,[],30.0172026730709,30.0172026730709,0.0,{},[],100.0,25.784903225005067,1007.459994506836,1021.47,1030.6689978027343,26.64651645670824,849.2069670865835,0.05905045198162495,1135.9000244140625,1221.9000244140625,-0.09022177419354838,-0.18051397440657957,-0.08781761963827261,0,0.9603274212504658,0.8908195253022838,49.73,Nifty Healthcare Index,0.01796393698282428,0.34923339011925014,0,258.6739,0.0,"['strong sector', 'repeat gainer', 'volume/delivery surge']",3.5031847133757963,12.579617834394904,36.30573248407643,17.515923566878982,60.35031847133758,86.55737704918033,44.904458598726116
MCX,2026-10-06,Multi Commodity Exchange of India Ltd.,Financial Services,3310.0,0.04032435490461084,2,True,False,True,[],71.46747415683407,71.46747415683407,0.0,{},[],100.0,54.952271584853015,3270.2849853515627,3121.277998046875,2782.362996826172,104.08084507806703,3101.8383098438658,0.06288872814384716,3481.39990234375,3481.39990234375,-0.006065687186370572,0.18833923890599324,0.1386870305216027,5,0.8180355211375026,1.0117792932424052,40.8,Nifty Financial Services,0.00751656235940712,0.9057971014492754,1,588.74795,0.0,"['relative strength', 'trend structure', 'near breakout/52W high']",86.62420382165605,91.0828025477707,44.5859872611465,87.5796178343949,60.35031847133758,67.54098360655738,35.35031847133758
MEESHO,2026-10-06,Meesho Ltd.,Consumer Services,238.22,0.051743929359823415,4,True,False,False,['INELIGIBLE_HISTORY'],,,,{},['LOW_DELIVERY'],93.71765407548924,64.02935750167265,221.58399963378906,207.64320068359376,180.9467495727539,9.230979018048064,219.758043184607,0.07749961355676305,244.74000549316406,254.39999389648438,0.1327627092904693,0.2492527042360364,0.2385579614250442,5,2.4170511056146857,0.538578569876114,24.78,Nifty India Consumption,-0.003782502113651831,0.6268560361523565,2,359.12215,5.124268120937359e-09,,,,,,,,
MFSL,2026-10-06,Max Financial Services Ltd.,Financial Services,1361.0,0.009643916913946615,2,True,False,True,[],35.83849326511434,35.83849326511434,0.0,{},[],100.0,36.32072969189756,1464.625,1509.6060009765624,1614.9595001220703,48.167326322335114,1264.6653473553297,0.0707822576375241,1604.9000244140625,1892.5,-0.1210281719576809,-0.12706046994291564,-0.07649406628850691,0,3.357912306085051,1.1990269393639066,66.54,Nifty Financial Services,0.00751656235940712,0.9476923076923063,1,122.715,0.0,"['volume/delivery surge', 'strong sector', 'repeat gainer']",6.687898089171974,12.579617834394904,91.2420382165605,25.955414012738853,60.35031847133758,67.54098360655738,19.10828025477707
MINDACORP,2026-10-06,Minda Corporation Ltd.,Automobile and Auto Components,659.6,0.018136914409199623,1,True,False,True,[],36.40419755664613,36.40419755664613,0.0,{},[],100.0,40.376970295668464,681.5974914550782,702.4039965820313,612.3454992675781,19.529723827446244,620.5405279310451,0.05921687249941909,769.0,769.0,-0.05168573479686667,-0.06499402626367512,-0.010789625868479535,2,0.9354661579348669,0.8992355802640722,45.29,Nifty Auto,-0.0372541807511817,0.8592592592592609,1,10.94,-3.701343620488018e-08,"['relative strength', 'trend structure', 'near breakout/52W high']",31.528662420382165,52.547770700636946,36.62420382165605,48.40764331210191,22.133757961783438,12.131147540983607,44.5859872611465
MOTHERSON,2026-10-06,Samvardhana Motherson International Ltd.,Automobile and Auto Components,160.0,0.022364217252396124,1,True,False,True,[],53.370758066200274,53.370758066200274,0.0,{},[],100.0,48.034307121212365,161.43499908447265,162.52739959716797,137.05449989318848,4.154979655253879,151.69004068949224,0.051937245690673484,173.27000427246094,173.27000427246094,-0.012345679012345734,0.12044815532677577,0.10160149281900638,2,0.5540336069583278,0.9149761067532234,50.74,Nifty Auto,-0.0372541807511817,0.8622754491017967,1,216.4594,0.0,"['relative strength', 'near breakout/52W high', 'trend structure']",80.89171974522293,52.547770700636946,21.81528662420382,78.343949044586,22.133757961783438,12.131147540983607,68.15286624203821
MOTILALOFS,2026-10-06,Motilal Oswal Financial Services Ltd.,Financial Services,1081.15,0.06928098110968262,2,True,False,True,[],76.96906651352198,76.96906651352198,0.0,{},[],96.27277539659065,66.28814814443126,1011.4175018310547,974.937001953125,862.4927508544922,29.420423206419393,1022.3091780012237,0.054424312152911436,1060.199951171875,1097.0999755859375,0.024786752999111483,0.14710877921916454,0.13349802077092937,5,2.83399197405582,0.8133160804611221,34.57,Nifty Financial Services,0.00751656235940712,0.9296081277213366,2,76.27074999999999,2.2581568170920718e-08,"['relative strength', 'near breakout/52W high', 'trend structure']",85.6687898089172,91.0828025477707,55.57324840764331,98.72611464968153,60.35031847133758,67.54098360655738,59.554140127388536
MPHASIS,2026-10-06,MphasiS Ltd.,Information Technology,2298.0,0.00039179835444702604,4,True,False,True,[],51.282812989453895,51.282812989453895,0.0,{},[],100.0,49.84303243687339,2272.4249755859373,2374.2059912109376,2388.8775006103515,64.85792165136958,2168.2841566972606,0.056447277329303436,2556.89990234375,2975.0,-0.03001143671666273,0.01622958049768486,0.04065932655230242,1,0.8745485191427883,1.2131935342944518,55.54,Nifty IT,-0.042437668640266324,0.8024691358024691,2,75.2789,0.0,"['relative strength', 'volume/delivery surge', 'repeat gainer']",57.64331210191083,35.031847133757964,64.171974522293,45.38216560509554,96.17834394904459,3.1147540983606556,52.547770700636946
MRF,2026-10-06,MRF Ltd.,Automobile and Auto Components,124080.0,0.006081245439065963,1,True,False,True,[],34.48540774772893,34.48540774772893,0.0,{},[],100.0,38.70105284939307,125380.25,129835.8,134107.5,1841.7114027783973,120396.5771944432,0.029685870450973484,135800.0,163600.0,-0.04513447997229603,-0.06664660749210172,-0.008340289070407514,0,0.7691763874160481,0.7969388824824405,38.01,Nifty Auto,-0.0372541807511817,0.6335877862595419,1,35.60875,0.0,"['smooth (low ATR)', 'relative strength', 'near breakout/52W high']",34.07643312101911,12.579617834394904,21.496815286624205,49.52229299363057,22.133757961783438,12.131147540983607,100.0
MRPL,2026-10-06,Mangalore Refinery & Petrochemicals Ltd.,Oil Gas & Consumable Fuels,174.72,0.013280751609348718,3,True,False,True,[],62.86579826668059,62.86579826668059,0.0,{},['LOW_DELIVERY'],100.0,56.50823957245534,169.69300079345703,171.24800018310546,168.23510047912598,7.128387823568526,160.46322557356606,0.0815978453956634,191.89999389648438,212.30999755859375,0.00883422113129484,0.16729028440802063,0.1356125074314491,4,0.8951924752725294,0.9866156787762905,23.22,Nifty Oil & Gas,0.0015135561623461635,0.6181506849315069,2,180.5625,6.986625056271123e-09,"['relative strength', 'trend structure', 'near breakout/52W high']",86.30573248407643,76.91082802547771,44.5859872611465,58.9171974522293,84.23566878980891,52.622950819672134,5.414012738853503
MSUMI,2026-10-06,Motherson Sumi Wiring India Ltd.,Automobile and Auto Components,33.31,0.01276983885679539,1,True,False,False,['PRICE_LT_50'],,,,{'DOWNTREND_BOUNCE': 15},[],100.0,30.005880639392473,34.956999969482425,37.46359992980957,40.32525011062622,0.8480908106436935,31.61381975200363,0.0509210913046505,42.220001220703125,53.59000015258789,-0.09728997301179332,-0.1718050630952047,-0.08699726339170766,0,0.42192695187604035,0.8013245033112582,45.98,Nifty Auto,-0.0372541807511817,0.8771929824561399,1,32.7191,4.122758978652996e-08,,,,,,,,
NATCOPHARM,2026-10-06,NATCO Pharma Ltd.,Healthcare,823.65,0.002617163724893512,1,True,False,True,[],37.54904980682886,37.54904980682886,0.0,{},[],100.0,43.81657951003926,821.1373748779297,860.2189489746094,940.8354876708985,20.59256508268721,782.4648942486881,0.05000319182248936,965.0999755859375,1226.800048828125,-0.017475800539465403,-0.14345877149988184,-0.032917031357882265,1,0.424017878921727,1.1271402550091076,61.88,Nifty Healthcare Index,0.01796393698282428,0.712446351931328,2,44.38635,2.964130696447853e-08,"['strong sector', 'smooth (low ATR)', 'volume/delivery surge']",19.426751592356688,35.031847133757964,39.171974522293,21.81528662420382,22.133757961783438,86.55737704918033,74.20382165605096
NAUKRI,2026-10-06,Info Edge (India) Ltd.,Consumer Services,1241.0,0.03270366980111494,1,True,False,True,[],52.474652814033625,52.474652814033625,0.0,{},[],100.0,46.57292875418249,1252.2900024414062,1287.7820068359374,1141.0077536010742,37.305663226430134,1166.3886735471397,0.060121939123980894,1391.0,1419.9000244140625,-0.059706050850727777,0.052586938083121204,0.04399069827798807,2,1.1557405594032082,1.0795617816091954,60.11,Nifty India Consumption,-0.003782502113651831,1.0,2,180.50015,0.0,"['relative strength', 'volume/delivery surge', 'near breakout/52W high']",59.87261146496815,52.547770700636946,65.44585987261146,59.554140127388536,22.133757961783438,43.9344262295082,42.67515923566879
NAVA,2026-10-06,Nava Ltd.,Power,575.0,0.03287228309682044,2,True,False,True,[],61.36642476767255,61.36642476767255,0.0,{},[],100.0,59.64709795634491,553.8024993896485,561.3660034179687,586.4027502441406,15.452518951359778,544.0949620972805,0.053747892004729625,600.4500122070312,739.4000244140625,0.02641911365667582,-0.02855216035983832,0.04648373131021011,2,2.262198859171188,0.8265916285613788,47.0,Nifty Energy,0.01308588080244133,0.85,2,14.60045,0.0,"['relative strength', 'near breakout/52W high', 'volume/delivery surge']",62.738853503184714,52.547770700636946,54.29936305732484,63.69426751592357,60.35031847133758,79.50819672131148,61.146496815286625
NAVINFLUOR,2026-10-06,Navin Fluorine International Ltd.,Chemicals,8536.0,0.03191489361702127,2,True,False,True,[],70.39268560091887,70.39268560091887,0.0,{},[],100.0,55.77824226278087,8409.1,8306.12,7072.12,213.83774905687469,8108.324501886251,0.050102565383522646,8949.5,8949.5,-0.007845644214563796,0.11015736766809736,0.09870611638855814,5,1.0897632447118184,0.9439643155840535,50.79,Nifty Chemicals,-0.013540224303113302,0.8741721854304636,2,85.96845000000002,0.0,"['relative strength', 'trend structure', 'near breakout/52W high']",80.5732484076433,91.0828025477707,49.36305732484077,89.64968152866243,60.35031847133758,23.114754098360656,73.88535031847134
NCC,2026-10-06,NCC Ltd.,Construction,128.47,-0.0024846649584594482,2,True,False,True,[],11.465411924402211,26.46541192440221,15.0,{'DOWNTREND_BOUNCE': 15},[],100.0,31.75452133135053,134.6490005493164,140.83359985351564,148.2781997680664,3.820941441097337,120.82811833850845,0.05948379239964685,153.86000061035156,217.25,-0.14734185450343917,-0.10211071025566998,-0.07717602771776322,0,0.5165177467191967,1.0988184747583245,51.15,Nifty Infrastructure,0.001024111394163918,0.18000000000000682,0,29.27645,9.501853526217019e-09,"['repeat gainer', 'volume/delivery surge', 'strong sector']",6.050955414012739,12.579617834394904,39.3312101910828,13.535031847133759,60.35031847133758,47.377049180327866,43.63057324840764
NESTLEIND,2026-10-06,Nestle India Ltd.,Fast Moving Consumer Goods,1341.4,0.034153110785598795,1,True,False,True,[],47.56646131356375,47.56646131356375,0.0,{},[],100.0,42.16416753454378,1361.6699951171875,1433.23599609375,1366.0044995117187,29.00710848231575,1283.385807449431,0.04324900544859667,1553.0,1553.0,-0.04898970264866187,-0.07521542611922616,-0.014552309722152657,1,1.3327337795541936,0.8039032006245121,51.49,Nifty FMCG,0.028878418254091653,1.0,1,170.19934999999998,1.820043427080975e-08,"['strong sector', 'smooth (low ATR)', 'near breakout/52W high']",28.980891719745223,35.031847133757964,45.38216560509554,50.79617834394905,22.133757961783438,95.40983606557377,88.85350318471338
NETWEB,2026-10-06,Netweb Technologies India Ltd.,Information Technology,4746.2,-0.003966338586808393,3,True,False,True,[],48.01848177926282,48.01848177926282,0.0,{},['LOW_DELIVERY'],100.0,49.279694741001045,4707.094995117188,4908.022001953125,4057.772501220703,181.74754733064066,4382.705100651218,0.07658654917680907,5813.0,5813.0,-0.07965867843465191,0.10724371755803097,0.06134277422348089,3,0.8833481366748669,0.9602224123182207,22.45,Nifty IT,-0.042437668640266324,0.1985815602836871,0,426.08705000000003,4.115134211168936e-08,"['relative strength', 'trend structure', 'repeat gainer']",68.47133757961784,66.0828025477707,41.87898089171975,32.802547770700635,84.23566878980891,3.1147540983606556,10.509554140127388
NEULANDLAB,2026-10-06,Neuland Laboratories Ltd.,Healthcare,21905.0,0.001371428571428579,3,True,False,True,[],70.33567401065052,70.33567401065052,0.0,{},[],100.0,45.28462308152074,22484.0,22294.14,17064.835,699.3679453739229,20506.264109252155,0.06385464007066166,24225.0,24225.0,-0.03331862312444833,0.1596696490020646,0.11072576760059949,3,1.1357151387651236,1.064981195152528,50.97,Nifty Healthcare Index,0.01796393698282428,0.8761061946902655,3,124.04584999999999,0.0,"['relative strength', 'near breakout/52W high', 'trend structure']",81.84713375796179,66.0828025477707,63.53503184713376,67.35668789808918,84.23566878980891,86.55737704918033,32.48407643312102
NLCINDIA,2026-10-06,NLC India Ltd.,Power,254.9,0.009704892057833314,1,True,False,True,[],28.930119035188472,28.930119035188472,0.0,{},[],100.0,38.56911213015273,261.6349967956543,273.0769955444336,285.2507492828369,6.832601180433125,241.23479153561811,0.05361005369978844,307.70001220703125,387.79998779296875,-0.05347194411146705,-0.15943942655734744,-0.05890543067261589,0,1.047474798599688,0.8631109308456703,42.56,Nifty Energy,0.01308588080244133,0.17741935483870908,1,31.550549999999998,-2.3944745519699495e-08,"['strong sector', 'smooth (low ATR)', 'volume/delivery surge']",9.554140127388536,12.579617834394904,39.64968152866242,15.764331210191083,22.133757961783438,79.50819672131148,61.78343949044586
NTPC,2026-10-06,NTPC Ltd.,Power,321.45,-0.0010876320696084907,2,True,False,True,[],50.18808081862797,50.18808081862797,0.0,{},[],100.0,41.658711807162916,326.0125,333.2909997558594,358.4652491760254,5.294076867608489,310.8618584718143,0.032938725565820226,353.0,414.3999938964844,-0.031777071665568535,-0.06473668667371901,-0.0007066245078524158,0,1.0262762253663236,0.9648582484403381,61.09,Nifty Energy,0.01308588080244133,0.329411764705877,0,237.26565000000002,3.797489900314588e-08,"['smooth (low ATR)', 'relative strength', 'strong sector']",37.89808917197452,12.579617834394904,48.56687898089172,50.79617834394904,60.35031847133758,79.50819672131148,99.36305732484077
NTPCGREEN,2026-10-06,NTPC Green Energy Ltd.,Power,90.13,0.00044400044400028094,1,True,False,True,[],44.829800563850895,44.829800563850895,0.0,{},[],100.0,47.588929197924344,90.30349960327149,90.6352000427246,95.36660015106202,1.948198747177273,86.23359975906342,0.043230862233348044,99.5999984741211,119.94999694824219,0.022345661405130945,-0.03075600253848232,0.04334508409511567,0,0.37942535158663576,0.8961714523512276,43.07,Nifty Energy,0.01308588080244133,0.18055555555554953,1,19.0854,-3.0473560674870726e-08,"['relative strength', 'smooth (low ATR)', 'strong sector']",59.23566878980892,12.579617834394904,15.286624203821656,45.06369426751592,22.133757961783438,79.50819672131148,89.171974522293
NUVAMA,2026-10-06,Nuvama Wealth Management Ltd.,Financial Services,1838.8,0.009885764499121263,4,True,False,True,[],62.39900281925447,62.39900281925447,0.0,{},[],70.65562407226972,64.11137247627371,1717.8199951171875,1737.263994140625,1533.355496826172,64.66319876200603,1709.473651304113,0.07033195240908996,2066.0,2066.0,0.012778185478164117,-0.0050321556629338016,0.051423269569406516,4,2.5361913858944467,0.5453023255813954,29.31,Nifty Financial Services,0.00751656235940712,0.4758241758241753,5,44.45815,2.655434250264932e-08,"['relative strength', 'trend structure', 'repeat gainer']",65.28662420382166,76.91082802547771,47.133757961783445,60.82802547770701,96.17834394904459,67.54098360655738,19.745222929936304
NUVOCO,2026-10-06,Nuvoco Vistas Corporation Ltd.,Construction Materials,326.5,0.0012266176019624098,2,True,False,False,['LOW_TURNOVER'],,,,{},[],100.0,47.3961707428627,329.8450012207031,332.9830010986328,326.96825088500975,10.87248096299849,304.75503807400304,0.06660018966614689,368.5,439.8500061035156,-0.07283826307270724,0.05407586763518957,0.03816905694303252,1,0.5771569955223852,1.3025675077467906,58.85,Nifty Cement,-0.021410454945703594,0.473684210526314,2,8.6442,0.0,,,,,,,,
NYKAA,2026-10-06,FSN E-Commerce Ventures Ltd.,Consumer Services,338.2,-0.003975850390222413,3,True,False,True,[],70.14981204970242,70.14981204970242,0.0,{},[],100.0,54.62367489703298,333.57750244140624,333.4990008544922,286.35059967041013,8.5314200191986,321.13717216863404,0.05045192023219702,349.54998779296875,349.54998779296875,0.016531409071838254,0.0436661778956855,0.07764904814555323,5,0.8896695968452535,0.8088761632068718,45.2,Nifty India Consumption,-0.003782502113651831,0.12258064516128886,0,136.0593,3.60941196930753e-08,"['relative strength', 'near breakout/52W high', 'trend structure']",72.61146496815287,91.0828025477707,28.662420382165607,93.47133757961782,84.23566878980891,43.9344262295082,71.97452229299363
OFSS,2026-10-06,Oracle Financial Services Software Ltd.,Information Technology,10482.0,0.0011461318051575464,2,True,False,True,[],36.94364101493161,36.94364101493161,0.0,{},[],100.0,35.14139471912236,11089.1,11500.44,9323.2175,345.0101054781241,9791.979789043751,0.06582906038506475,12540.0,12540.0,-0.11521904279564443,-0.05855936770253278,-0.03933895058729725,2,0.8512228050829116,1.258002805764571,49.32,Nifty IT,-0.042437668640266324,0.5952380952380952,2,203.3089,0.0,"['volume/delivery surge', 'trend structure', 'repeat gainer']",16.56050955414013,52.547770700636946,64.96815286624204,39.968152866242036,60.35031847133758,3.1147540983606556,28.343949044585987
OLAELEC,2026-10-06,Ola Electric Mobility Ltd.,Automobile and Auto Components,35.96,-0.019629225736095934,2,True,False,False,['PRICE_LT_50'],,,,{'DOWNTREND_BOUNCE': 15},[],100.0,41.04492196115993,37.932000160217285,38.452999954223635,36.08695016860962,1.7009597514000465,32.558079581672565,0.09460288068441647,44.54999923706055,57.95000076293945,-0.05268704025912607,-0.10968062322652938,-0.03363357708103637,1,1.0395030198044686,1.6078790655061843,35.1,Nifty Auto,-0.0372541807511817,0.18110236220472709,0,202.1375,-2.5459603536504005e-08,,,,,,,,
ONESOURCE,2026-10-06,Onesource Specialty Pharma Ltd.,Healthcare,1535.8,0.03191560841228247,2,True,False,True,[],45.9248459851728,45.9248459851728,0.0,{},[],100.0,45.5705012511919,1569.5399963378907,1566.6119970703126,1579.1799963378905,57.137044659290915,1421.525959509543,0.07440687959723502,1755.199951171875,1925.0,-0.0013005591991781529,-0.04727044117361978,0.02326475447539239,1,0.5078893938925476,1.101474084640989,57.91,Nifty Healthcare Index,0.01796393698282428,0.8759018759018743,1,46.54815000000001,3.1793283561398766e-08,"['relative strength', 'strong sector', 'near breakout/52W high']",48.40764331210191,35.031847133757964,39.17197452229299,43.78980891719745,60.35031847133758,86.55737704918033,14.331210191082803
PAGEIND,2026-10-06,Page Industries Ltd.,Textiles,37970.0,0.013479247297477626,3,True,False,True,[],65.88375796178345,65.88375796178345,0.0,{},['SECTOR_UNMAPPED'],100.0,60.7828088707978,36350.25,36944.9,36415.4,847.867253508708,36274.26549298258,0.044659850066300244,41590.0,43855.0,0.059874389392882144,-0.0651237227625262,0.04492558797696933,4,1.860355586953962,0.7433389544688027,33.06,,,0.5373831775700935,2,63.503600000000006,0.0,"['relative strength', 'trend structure', 'near breakout/52W high']",60.50955414012739,76.91082802547771,48.2484076433121,66.40127388535032,84.23566878980891,50.0,85.98726114649682
PARADEEP,2026-10-06,Paradeep Phosphates Ltd.,Chemicals,156.76,0.020572916666666607,1,True,False,True,[],55.169755664613135,55.169755664613135,0.0,{},[],100.0,55.77601122016428,154.1784996032715,153.25419982910157,135.98354999542235,4.478719706200371,147.8025550944352,0.057141105679294424,168.0,201.58999633789062,-0.007722504454343748,0.09423426300184468,0.09080613393554182,5,0.8554838314732685,0.7920096852300242,32.71,Nifty Chemicals,-0.013540224303113302,0.8429561200923766,2,29.150550000000003,-3.5041873291952186e-08,"['relative strength', 'trend structure', 'near breakout/52W high']",76.7515923566879,91.0828025477707,25.955414012738853,58.28025477707006,22.133757961783438,23.114754098360656,51.59235668789809
PAYTM,2026-10-06,One 97 Communications Ltd.,Financial Services,1694.0,0.005938242280284944,2,True,False,True,[],66.63467160906337,66.63467160906337,0.0,{},[],100.0,50.82757314766278,1736.7050048828125,1636.7119995117187,1281.0260015869142,53.66954841938898,1586.660903161222,0.06336428384815707,1855.5,1855.5,0.018028846153846256,0.3413571678296161,0.22724326165352254,4,0.5522715598631204,0.9665914221218962,42.82,Nifty Financial Services,0.00751656235940712,0.6556886227544919,2,638.57215,0.0,"['relative strength', 'trend structure', 'near breakout/52W high']",94.90445859872611,76.91082802547771,28.343949044585987,72.61146496815286,60.35031847133758,67.54098360655738,34.394904458598724
PERSISTENT,2026-10-06,Persistent Systems Ltd.,Information Technology,5521.0,-0.0016274864376130127,4,True,False,True,[],65.70956458181058,65.70956458181058,0.0,{},[],100.0,54.79694404887911,5401.275,5510.1,5340.225993652344,146.72014689972397,5227.559706200552,0.05314984491929875,5910.0,6599.0,-0.0034296028880866913,0.14308787172191462,0.11737938907870532,4,0.6662169640325335,1.1168224299065423,43.02,Nifty IT,-0.042437668640266324,0.6388888888888888,0,211.6189,0.0,"['relative strength', 'trend structure', 'near breakout/52W high']",83.12101910828025,76.91082802547771,45.54140127388535,68.63057324840764,96.17834394904459,3.1147540983606556,63.37579617834395
PETRONET,2026-10-06,Petronet LNG Ltd.,Oil Gas & Consumable Fuels,297.5,0.02586206896551735,4,True,False,True,[],83.28777278897358,83.28777278897358,0.0,{},[],87.5,61.43246791191069,286.77000427246094,286.17100219726564,281.78735038757327,6.081501123730662,285.33699775253865,0.04088404116793731,300.6000061035156,326.3999938964844,0.03262753799840912,0.09536080012683446,0.11154442372441314,5,3.5853470477690603,1.0298873101420871,63.06,Nifty Oil & Gas,0.0015135561623461635,0.9489051094890479,4,40.7234,0.0,"['relative strength', 'trend structure', 'near breakout/52W high']",82.1656050955414,91.0828025477707,77.54777070063695,88.05732484076432,96.17834394904459,52.622950819672134,93.63057324840764
PFOCUS,2026-10-06,Prime Focus Ltd.,Media Entertainment & Publication,292.7,0.024680553124452942,1,True,False,True,[],51.495405659392304,51.495405659392304,0.0,{},['LOW_DELIVERY'],100.0,40.95645557266311,319.0950012207031,302.34979919433596,274.0179496765137,14.738776498083377,263.2224592108645,0.10070909383945237,362.79998779296875,367.0,-0.06110661681786289,0.19728396427170192,0.11563892838871087,3,1.0516916493026258,0.627108784176847,10.78,Nifty Media,0.04965801614726206,0.7142857142857127,1,120.5244,4.170492395871861e-08,"['relative strength', 'strong sector', 'trend structure']",82.48407643312102,66.0828025477707,30.573248407643312,27.86624203821656,22.133757961783438,99.50819672131148,0.3184713375796178
PGEL,2026-10-06,PG Electroplast Ltd.,Consumer Durables,527.65,0.08191511174902599,1,True,False,True,[],33.872872507048136,33.872872507048136,0.0,{},['LOW_DELIVERY'],100.0,50.04910101777265,517.8425033569335,565.1940020751953,552.0570016479492,16.55996626657515,494.5300918809122,0.06276875011979555,643.9500122070312,644.4000244140625,-0.05701003319601372,-0.09602533256944412,-0.028967428220937563,2,7.016953767027009,0.41331041257367385,16.83,Nifty Consumer Durables,-0.027995535094592627,0.910309278350515,2,44.5643,4.6269425846290346e-08,"['trend structure', 'volume/delivery surge', 'relative strength']",22.929936305732483,52.547770700636946,50.0,34.394904458598724,22.133757961783438,17.868852459016395,35.98726114649681
PINELABS,2026-10-06,Pine Labs Ltd.,Financial Services,172.73,0.03332136874850433,1,True,False,False,['INELIGIBLE_HISTORY'],,,,{'DOWNTREND_BOUNCE': 15},[],100.0,48.38182543553959,181.7754997253418,168.30100036621093,178.8627000427246,8.325077478985351,156.07984076956836,0.09639411433920442,206.3800048828125,284.0,0.05009416961030766,0.20545749054937934,0.17532608474163486,2,0.3126708552774736,1.070593885064831,33.44,Nifty Financial Services,0.00751656235940712,0.9040590405904038,1,624.5354,-2.4734909565005125e-08,,,,,,,,
PIRAMALFIN,2026-10-06,Piramal Finance Ltd.,Financial Services,2018.5,0.00793967841805654,1,True,False,False,['INELIGIBLE_HISTORY'],,,,{},[],100.0,35.12802597075846,2183.035009765625,2153.69400390625,1948.7710034179688,86.02206316253576,1846.4558736749284,0.08523365188262155,2326.39990234375,2326.39990234375,-0.09280898876404498,-0.04989409272770062,-0.02380128608408144,3,0.5615320936715736,0.8598240469208212,51.31,Nifty Financial Services,0.00751656235940712,0.6050069541029199,1,65.683,0.0,,,,,,,,
PNB,2026-10-06,Punjab National Bank,Financial Services,111.92,-0.0038273253226523973,1,True,False,True,[],58.90377988931816,58.90377988931816,0.0,{},[],100.0,42.75803295374401,114.95199966430664,115.25460006713867,114.15060001373291,2.3257317542086335,107.26853466052805,0.04156061101248232,119.5,135.14999389648438,-0.03183391309472727,0.08197984848601081,0.07262322235743313,1,0.7016875150184454,1.1562935190144616,53.97,Nifty Financial Services,0.00751656235940712,0.4098360655737709,0,138.56825,-1.636038859942346e-08,"['relative strength', 'near breakout/52W high', 'smooth (low ATR)']",71.01910828025478,35.031847133757964,50.318471337579616,67.8343949044586,22.133757961783438,67.54098360655738,92.03821656050955
PNBHOUSING,2026-10-06,PNB Housing Finance Ltd.,Financial Services,1102.1,-0.003345993850605966,2,True,False,True,[],52.44677351989141,52.44677351989141,0.0,{},[],100.0,44.726226286784836,1124.2049987792968,1135.4840014648437,997.0102532958985,30.797143180176754,1040.505689225584,0.05588811153689255,1211.5,1211.5,-0.06767617092652933,0.016697394451971936,0.02206086642451266,2,0.5204480715619261,0.9879050872495614,53.5,Nifty Financial Services,0.00751656235940712,0.5860655737704877,0,109.9858,-2.2152311429657345e-08,"['relative strength', 'near breakout/52W high', 'trend structure']",46.81528662420382,52.547770700636946,28.343949044585987,69.5859872611465,60.35031847133758,67.54098360655738,53.82165605095541
POLICYBZR,2026-10-06,PB Fintech Ltd.,Financial Services,1034.9,0.06013112067199344,1,True,False,True,[],6.722251226897775,21.722251226897775,15.0,{'DOWNTREND_BOUNCE': 15},[],100.0,24.900033773228856,1469.5250091552734,1632.780001220703,1613.307502746582,83.75362771887715,867.3927689763082,0.1618583935511967,1904.9000244140625,1964.199951171875,-0.42248882566179546,-0.34187597811506354,-0.33463214722663814,1,3.5532618660700397,0.516276300119095,26.01,Nifty Financial Services,0.00751656235940712,0.8960113960113967,1,416.1539,2.359074535718264e-08,"['volume/delivery surge', 'strong sector', 'trend structure']",0.0,35.031847133757964,48.40764331210191,1.5923566878980893,22.133757961783438,67.54098360655738,0.0
POLYMED,2026-10-06,Poly Medicure Ltd.,Healthcare,1633.8,0.008767596937515387,1,True,False,True,[],51.88822178135116,51.88822178135116,0.0,{},[],100.0,39.57789806453474,1697.2799865722657,1723.7019921875,1565.8334997558593,51.925899765588994,1529.948249296947,0.06356457120053804,1913.699951171875,2094.300048828125,-0.04035239422723935,0.012079538753750008,0.033413826925046686,2,1.0168993228381351,1.3407639865815388,61.95,Nifty Healthcare Index,0.01796393698282428,0.7874564459930269,1,15.558049999999998,2.988623148958425e-08,"['relative strength', 'volume/delivery surge', 'strong sector']",54.140127388535035,52.547770700636946,73.72611464968153,34.87261146496815,22.133757961783438,86.55737704918033,33.12101910828026
POONAWALLA,2026-10-06,Poonawalla Fincorp Ltd.,Financial Services,460.45,0.018807390198030793,1,True,False,True,[],49.1187480421844,49.1187480421844,0.0,{},[],100.0,52.1991443099509,451.45249938964844,467.66199951171876,441.61600006103515,14.142016997294707,432.1659782124418,0.06142693722390902,511.8999938964844,570.4000244140625,0.002831358658016203,-0.007329942549845758,0.04530096271587658,3,0.7394741995990172,0.8483390395114279,45.84,Nifty Financial Services,0.00751656235940712,0.8992805755395661,2,44.122600000000006,2.6511089767922158e-08,"['relative strength', 'trend structure', 'near breakout/52W high']",60.82802547770701,66.0828025477707,22.770700636942678,51.751592356687894,22.133757961783438,67.54098360655738,38.53503184713376
POWERINDIA,2026-10-06,Hitachi Energy India Ltd.,Capital Goods,31640.0,0.004444444444444473,3,True,False,True,[],57.34903936514566,57.34903936514566,0.0,{},[],100.0,50.13041365827894,31197.0,32454.2,28808.58,949.7277340811394,29740.54453183772,0.060033358665053105,36590.0,38785.0,-0.00031595576619269927,-0.0036214769327664875,0.045581538312311765,3,0.8063112614313626,1.2643356643356645,54.24,Nifty India Manufacturing,-0.00698034712501483,0.36538461538461536,3,282.7464,0.0,"['relative strength', 'trend structure', 'volume/delivery surge']",61.46496815286624,66.0828025477707,62.89808917197452,43.78980891719745,84.23566878980891,33.442622950819676,42.99363057324841
PPLPHARMA,2026-10-06,Piramal Pharma Ltd.,Healthcare,200.52,0.028888090717841042,2,True,False,True,[],54.17325362848491,54.17325362848491,0.0,{},[],100.0,43.72581822469428,206.96900177001953,208.92940032958984,174.95409965515137,6.7879325362466005,186.94413919996774,0.06770329534826214,231.92999267578125,231.92999267578125,-0.08713465842917134,0.1658817249147122,0.08692378790456179,2,0.531792415303021,0.8746748640340507,36.99,Nifty Healthcare Index,0.01796393698282428,0.9087248322147679,1,67.23655,2.1306906683449256e-08,"['relative strength', 'strong sector', 'trend structure']",75.1592356687898,52.547770700636946,17.993630573248407,51.273885350318466,60.35031847133758,86.55737704918033,24.203821656050955
PREMIERENE,2026-10-06,Premier Energies Ltd.,Capital Goods,907.0,0.016873143113403266,3,True,False,True,[],32.54012216769343,32.54012216769343,0.0,{},[],100.0,43.583348999108345,912.7925048828125,978.1650024414063,933.890251159668,26.982943955002078,853.0341120899958,0.05949932514884693,1087.0,1134.0,-0.08383838383838382,-0.1672786993571247,-0.0780082869359629,1,0.7941272424697355,0.9347368421052632,39.96,Nifty India Manufacturing,-0.00698034712501483,0.8193668528864053,2,98.1242,0.0,"['repeat gainer', 'trend structure', 'volume/delivery surge']",5.095541401273885,35.031847133757964,33.28025477707006,32.80254777070064,84.23566878980891,33.442622950819676,43.31210191082803
PRESTIGE,2026-10-06,Prestige Estates Projects Ltd.,Realty,1467.7,0.015709342560553674,3,True,False,True,[],40.490889631408585,40.490889631408585,0.0,{},[],100.0,44.85903533034321,1472.3849975585938,1549.8680004882813,1480.7934997558593,44.67368389779364,1378.3525833762878,0.06087577213874562,1712.199951171875,1805.199951171875,-0.05309680569556452,-0.12318541742919586,-0.040590856900588834,1,1.1363912848567597,1.5552354570637121,70.18,Nifty Realty,-0.04069793468707705,1.0,1,80.13915,-3.326846431672692e-08,"['volume/delivery surge', 'repeat gainer', 'near breakout/52W high']",15.286624203821656,35.031847133757964,80.73248407643312,41.0828025477707,84.23566878980891,7.377049180327869,39.80891719745223
PRIVISCL,2026-10-06,Privi Speciality Chemicals Ltd.,Chemicals,3504.9,0.018215094997385384,1,True,False,True,[],53.76848177926281,53.76848177926281,0.0,{},[],100.0,49.159266353106496,3514.2250122070313,3517.946015625,3228.3625073242188,102.27022617087057,3300.359450002009,0.05835842906810651,3785.300048828125,3785.300048828125,0.038950615782940456,-0.03693021863576562,0.048560453235378775,2,2.1117076232317866,0.8995823181343543,51.69,Nifty Chemicals,-0.013540224303113302,0.5875816993464058,1,36.5901,-2.78627778627083e-08,"['relative strength', 'near breakout/52W high', 'volume/delivery surge']",63.69426751592356,52.547770700636946,59.23566878980892,79.14012738853503,22.133757961783438,23.114754098360656,46.81528662420382
PTCIL,2026-10-06,PTC Industries Ltd.,Capital Goods,23125.0,0.026409232134931182,3,True,False,True,[],76.41751070272527,76.41751070272527,0.0,{},[],100.0,59.843489122357695,22559.75,21099.18,18291.685,789.797111250696,21545.405777498607,0.06830677718924949,24125.0,24125.0,-0.02958455728073861,0.3604541710789504,0.21298506156089725,5,1.1838815321087854,1.2371813234030364,43.19,Nifty India Manufacturing,-0.00698034712501483,0.8736263736263736,2,39.193400000000004,0.0,"['relative strength', 'trend structure', 'near breakout/52W high']",93.63057324840764,91.0828025477707,77.86624203821657,90.92356687898089,84.23566878980891,33.442622950819676,22.611464968152866
PVRINOX,2026-10-06,PVR INOX Ltd.,Media Entertainment & Publication,1249.4,0.014617508526880041,1,True,False,True,[],68.26292158295918,68.26292158295918,0.0,{},[],100.0,52.27414874260974,1250.9899963378907,1215.4889990234376,1053.4457522583007,43.300161886891566,1162.7997006402793,0.0693135281587629,1357.800048828125,1357.800048828125,0.08032859871514275,0.26265793270749116,0.2190435203731083,4,0.7136146944098416,1.137024497112129,57.09,Nifty Media,0.04965801614726206,0.6638176638176664,2,62.58825000000001,1.9540629336844972e-08,"['relative strength', 'trend structure', 'near breakout/52W high']",94.26751592356688,76.91082802547771,49.52229299363057,76.43312101910828,22.133757961783438,99.50819672131148,21.019108280254777
PWL,2026-10-06,Physicswallah Ltd.,Consumer Services,131.86,0.005797101449275477,1,True,False,False,['INELIGIBLE_HISTORY'],,,,{},['LOW_DELIVERY'],100.0,54.78525919589809,130.05850219726562,125.92800048828126,115.85839984893799,5.794126090877514,120.27174842859654,0.08788299808975808,140.0,161.99000549316406,0.016889045055379137,-0.12894704480668973,-0.008478745213863936,5,3.2822764020838435,0.5025566106647188,17.2,Nifty India Consumption,-0.003782502113651831,0.5972696245733801,2,85.48655000000001,4.628784688875953e-09,,,,,,,,
RADICO,2026-10-06,Radico Khaitan Ltd,Fast Moving Consumer Goods,4460.1,0.039868503881933304,1,True,False,True,[],73.21932755560196,73.21932755560196,0.0,{},[],100.0,51.94518645775623,4417.6099853515625,4494.905986328125,3557.7404907226564,109.5654600281805,4240.969177599889,0.04913139060971139,4747.0,4747.0,0.003622884261082371,0.0907557098694669,0.094739551727066,3,2.6281732536191513,1.04437564499484,55.66,Nifty FMCG,0.028878418254091653,0.7725581395348854,2,105.5793,2.189552916753712e-08,"['relative strength', 'near breakout/52W high', 'volume/delivery surge']",79.61783439490446,66.0828025477707,77.07006369426752,83.59872611464968,22.133757961783438,95.40983606557377,75.47770700636943
RAILTEL,2026-10-06,Railtel Corporation Of India Ltd.,Telecommunication,257.65,0.021204914783987228,2,True,False,True,[],14.084394904458602,29.084394904458602,15.0,{'DOWNTREND_BOUNCE': 15},['SECTOR_UNMAPPED'],100.0,43.68842501895568,259.764998626709,273.354997253418,306.47479858398435,7.834504657918662,241.98098458064706,0.06081509678642816,298.3500061035156,400.79998779296875,-0.0459174021736698,-0.14938924038230295,-0.05010306661619501,0,1.0675613446483785,0.7782530702359597,28.2,,,0.8499999999999943,1,12.32755,-2.368917373374302e-08,"['repeat gainer', 'volume/delivery surge', 'strong sector']",12.738853503184714,12.579617834394904,35.6687898089172,23.885350318471335,60.35031847133758,50.0,40.445859872611464
RBLBANK,2026-10-06,RBL Bank Ltd.,Financial Services,414.5,-0.0049213779858360285,2,True,False,True,[],77.66174167275766,77.66174167275766,0.0,{},[],100.0,55.57996508892407,411.3574966430664,397.71199768066407,345.9599996948242,9.408059475088162,395.6838810498237,0.04539473811864003,429.6000061035156,429.6000061035156,-0.001204819277108471,0.14250279478105665,0.11819924241376545,5,0.7240522268181518,1.1740685200138425,50.89,Nifty Financial Services,0.00751656235940712,0.3859649122807005,0,148.52025,0.0,"['relative strength', 'near breakout/52W high', 'trend structure']",83.43949044585987,91.0828025477707,53.34394904458599,92.51592356687897,60.35031847133758,67.54098360655738,84.71337579617834
RECLTD,2026-10-06,REC Ltd.,Financial Services,300.0,0.014713343480466934,2,True,False,True,[],38.37830218231179,38.37830218231179,0.0,{},[],100.0,42.52644078822566,305.66000213623045,325.7250012207031,346.5682504272461,6.728837577341297,286.5423248453174,0.044858917182275304,378.70001220703125,388.29998779296875,-0.05183310433896504,-0.1477272727272727,-0.052229933871327516,0,1.1781297698535915,1.0241452238279873,58.11,Nifty Financial Services,0.00751656235940712,0.8442622950819683,2,145.8273,0.0,"['volume/delivery surge', 'smooth (low ATR)', 'strong sector']",11.464968152866241,12.579617834394904,60.35031847133758,21.65605095541401,60.35031847133758,67.54098360655738,85.35031847133757
REDINGTON,2026-10-06,Redington Ltd.,Services,405.7,-0.017080557238037586,1,True,False,True,[],69.51485329435106,69.51485329435106,0.0,{},[],100.0,59.72461373909636,398.6475036621094,368.52600158691405,278.49109954833983,13.773166067709923,378.1536800716114,0.06789827780769886,419.5,419.5,0.072712847996806,0.4766151490701773,0.322214253195283,5,0.45287661144751334,1.269558947241918,52.82,Nifty Services Sector,0.0015632359016684028,0.1268656716417904,0,181.1739,3.008881255261997e-08,"['relative strength', 'near breakout/52W high', 'trend structure']",97.45222929936305,91.0828025477707,49.36305732484076,93.15286624203821,22.133757961783438,55.73770491803279,23.248407643312103
RELIANCE,2026-10-06,Reliance Industries Ltd.,Oil Gas & Consumable Fuels,1218.0,0.026635198921105774,1,True,False,True,[],42.07758170617103,42.07758170617103,0.0,{},[],100.0,45.59456872098056,1225.05,1274.69400390625,1354.552501220703,20.22126138111304,1177.5574772377738,0.03320404167670454,1337.0,1611.800048828125,-0.06987399770904923,-0.04828883143481166,-0.011531159910139088,0,1.4236473567420966,0.893096131875306,54.72,Nifty Oil & Gas,0.0015135561623461635,0.964516129032261,2,1583.1520500000001,0.0,"['smooth (low ATR)', 'volume/delivery surge', 'relative strength']",30.89171974522293,12.579617834394904,52.866242038216555,47.92993630573248,22.133757961783438,52.622950819672134,98.72611464968153
RHIM,2026-10-06,RHI MAGNESITA INDIA LTD.,Capital Goods,373.4,0.001743796109993312,2,True,False,True,[],35.748720893808084,35.748720893808084,0.0,{},[],100.0,45.25934269531028,377.0350036621094,382.3310009765625,401.76925033569336,11.855920860780405,349.6881521749236,0.0635025230561046,433.0,508.29998779296875,0.005520365583075559,-0.04342260008197962,0.028599137412339326,0,0.6362495178652828,0.9171658748192523,44.4,Nifty India Manufacturing,-0.00698034712501483,0.4687499999999975,1,10.866599999999998,-1.6345783615534515e-08,"['relative strength', 'repeat gainer', 'near breakout/52W high']",51.59235668789809,12.579617834394904,24.203821656050955,30.73248407643312,60.35031847133758,33.442622950819676,33.439490445859875
RITES,2026-10-06,RITES Ltd.,Construction,203.51,-0.01083892291241384,3,True,False,False,['LOW_TURNOVER'],,,,{},[],100.0,44.29140031887846,205.22249908447264,214.03600067138672,215.10320014953612,5.945766032030541,191.61846244277484,0.05843217721506866,234.89999389648438,259.70001220703125,-0.05695091923596596,-0.0863748843688622,-0.024112647140622723,0,1.6887005224202505,0.7305133079847909,30.74,Nifty Infrastructure,0.001024111394163918,0.24719101123595283,0,7.232049999999999,-2.6992108770329537e-08,,,,,,,,
RKFORGE,2026-10-06,Ramkrishna Forgings Ltd.,Automobile and Auto Components,732.65,0.04597044756941959,2,True,False,True,[],68.07617207893912,68.07617207893912,0.0,{},[],100.0,58.459249601092196,709.1800018310547,713.6379992675782,590.9905018615723,24.120502288702273,684.409019836658,0.06584454100849213,772.7999877929688,772.7999877929688,0.04537354631644086,0.2967257069275442,0.21859988128378388,4,1.8024596708630103,0.9846782431052093,48.2,Nifty Auto,-0.0372541807511817,0.9058240396530343,2,38.98865,3.332295439584243e-08,"['relative strength', 'near breakout/52W high', 'trend structure']",93.94904458598727,76.91082802547771,66.40127388535032,86.94267515923568,60.35031847133758,12.131147540983607,28.02547770700637
RPOWER,2026-10-06,Reliance Power Ltd.,Power,20.49,0.019910403185664505,1,True,False,False,['PRICE_LT_50'],,,,{'DOWNTREND_BOUNCE': 15},['LOW_DELIVERY'],100.0,43.064209703642874,20.698999977111818,22.04819999694824,25.922049989700316,0.6663315525286705,19.15733666606082,0.06503968374542435,25.299999237060547,50.72999954223633,-0.06608936771394358,-0.1734570788868286,-0.07222296863859473,0,2.6936619702717626,0.704179589425491,23.84,Nifty Energy,0.01308588080244133,0.46666666666666484,2,37.8759,-1.1170416480688061e-08,,,,,,,,
RRKABEL,2026-10-06,R R Kabel Ltd.,Capital Goods,2789.7,0.05351208459214485,3,True,False,True,[],69.74553618043228,69.74553618043228,0.0,{},[],75.0,68.311392881202,2486.014990234375,2636.2399951171874,1971.0779968261718,92.3009339897549,2605.0980831923653,0.06617266057661997,2983.800048828125,2983.800048828125,0.16865646057780048,0.26419541074915776,0.2639761903252705,4,2.7668916473653735,0.6976456009913259,33.78,Nifty India Manufacturing,-0.00698034712501483,0.8943139678615554,2,79.9341,-1.7503002047725147e-08,"['relative strength', 'near breakout/52W high', 'trend structure']",95.85987261146497,76.91082802547771,50.15923566878981,81.84713375796179,84.23566878980891,33.442622950819676,26.751592356687897
RUBICON,2026-10-06,Rubicon Research Ltd.,Healthcare,1596.8,-0.007273857631333591,3,True,False,False,['INELIGIBLE_HISTORY'],,,,{},[],100.0,36.59613647600124,1705.115008544922,1698.0780004882813,1145.9180001831055,64.44134611676634,1467.9173565945923,0.0807131063955806,1899.0,1899.0,-0.08670783200014132,0.13473571932571238,0.07156419832457689,3,0.32520952129710423,0.8518416963714469,46.6,Nifty Healthcare Index,0.01796393698282428,0.46666666666666506,0,36.7822,3.057873554368484e-08,,,,,,,,
RVNL,2026-10-06,Rail Vikas Nigam Ltd.,Construction,198.78,0.009291698400609283,1,True,False,True,[],12.062545682363996,27.062545682363996,15.0,{'DOWNTREND_BOUNCE': 15},[],100.0,39.9929202663422,203.63299865722655,214.78679931640625,266.4183499145508,5.440027780886282,187.8999432175243,0.05473415649756874,236.75999450683594,400.70001220703125,-0.05365391149117926,-0.12133668154819621,-0.03994504185789638,0,0.8082933771637162,1.0148316175187575,29.08,Nifty Infrastructure,0.001024111394163918,0.4692982456140381,1,78.9015,-6.140975616908406e-09,"['volume/delivery surge', 'smooth (low ATR)', 'strong sector']",15.92356687898089,12.579617834394904,43.94904458598727,12.579617834394904,22.133757961783438,47.377049180327866,57.64331210191083
SAGILITY,2026-10-06,Sagility Ltd.,Information Technology,43.88,0.030772844726333126,3,True,False,False,['PRICE_LT_50'],,,,{},[],100.0,47.874284653415764,44.472500228881835,44.344000015258786,43.83569999694824,1.1625700481819774,41.55486097175128,0.05298860619339141,47.4900016784668,57.88999938964844,-0.04504895887822835,0.07654570350984913,0.06329862697760175,3,0.7124989023474222,1.1519442571364351,51.25,Nifty IT,-0.042437668640266324,1.0,1,49.6135,2.4341732629551416e-08,,,,,,,,
SAILIFE,2026-10-06,Sai Life Sciences Ltd.,Healthcare,1558.1,0.030966717395619625,3,True,False,True,[],71.22739375587345,71.22739375587345,0.0,{},[],100.0,52.382125303436766,1574.3749938964843,1500.513994140625,1160.0527474975586,48.60423642737946,1460.8915027311787,0.06238911133940728,1697.0,1697.0,-0.013611040980185396,0.26223261889963667,0.171861043621517,4,0.5261653701011841,1.0261136712749617,53.44,Nifty Healthcare Index,0.01796393698282428,0.8527027027027014,1,83.27420000000001,-1.566912422035216e-08,"['relative strength', 'trend structure', 'near breakout/52W high']",90.44585987261146,76.91082802547771,33.12101910828026,75.79617834394904,84.23566878980891,86.55737704918033,36.62420382165605
SANSERA,2026-10-06,Sansera Engineering Ltd.,Automobile and Auto Components,4232.9,-0.013608929694964411,1,True,False,True,[],54.24655424454423,54.24655424454423,0.0,{},[],100.0,51.21842184932315,4291.55498046875,3983.4300048828127,2818.9905017089845,179.72038238056908,3873.4591375826117,0.08491596141031277,4743.5,4743.5,0.08638961304247172,0.3471992050743953,0.26434466372022486,4,0.9267059605583868,0.9040435784621832,43.15,Nifty Auto,-0.0372541807511817,0.7837407013815055,0,124.13785,-2.3070766963506628e-08,"['relative strength', 'trend structure', 'near breakout/52W high']",96.17834394904459,76.91082802547771,36.94267515923567,62.10191082802548,22.133757961783438,12.131147540983607,3.821656050955414
SARDAEN,2026-10-06,Sarda Energy and Minerals Ltd.,Metals & Mining,500.7,-0.0005988023952095967,1,True,False,True,[],47.61848700010442,47.61848700010442,0.0,{},[],100.0,47.53083561869909,506.7000015258789,507.8380010986328,521.2224998474121,13.134363020691978,474.4312861656473,0.052464001200228205,555.0,624.0,-0.015435996016842313,0.01820032985669795,0.04893242158171918,0,0.6996205749179271,1.221938775510204,62.27,Nifty Metal,0.0014665791143129159,0.5637583892617443,0,13.4331,2.437993051884746e-08,"['relative strength', 'volume/delivery surge', 'near breakout/52W high']",64.3312101910828,12.579617834394904,54.61783439490446,51.43312101910828,22.133757961783438,49.67213114754098,65.60509554140127
SBILIFE,2026-10-06,SBI Life Insurance Company Ltd.,Financial Services,1750.0,0.023691137759578762,2,True,False,True,[],57.3671556854965,57.3671556854965,0.0,{},[],100.0,52.47956135756751,1721.7699951171876,1769.8319995117188,1874.5079986572266,37.317449997543186,1675.3651000049135,0.0426485142829065,1915.0,2132.0,0.010392609699769073,-0.03935881489470938,0.033067152064321204,1,0.9241049660391871,1.0367167230128156,65.93,Nifty Financial Services,0.00751656235940712,0.9052863436123355,1,174.9228,0.0,"['relative strength', 'near breakout/52W high', 'smooth (low ATR)']",53.82165605095541,35.031847133757964,51.433121019108285,60.50955414012739,60.35031847133758,67.54098360655738,90.76433121019109
SCHNEIDER,2026-10-06,Schneider Electric Infrastructure Ltd.,Capital Goods,1274.0,0.00465262991877613,2,True,False,True,[],42.93821133966796,42.93821133966796,0.0,{},[],100.0,57.36134766707378,1222.4049987792969,1252.51400390625,1092.066752319336,46.09263253610049,1181.814734927799,0.07235892077880768,1449.0,1548.0,0.0673592711616755,-0.142203042092232,0.01012836919651311,4,0.5002141176884676,0.8362170664569406,42.53,Nifty India Manufacturing,-0.00698034712501483,0.5597189695550366,1,30.9739,0.0,"['trend structure', 'relative strength', 'near breakout/52W high']",43.63057324840764,76.91082802547771,13.21656050955414,49.840764331210195,60.35031847133758,33.442622950819676,16.56050955414013
SCI,2026-10-06,Shipping Corporation of India Ltd.,Services,289.0,-0.005505849965588561,1,True,False,True,[],55.25529915422366,55.25529915422366,0.0,{},['LOW_DELIVERY'],100.0,58.08678787432363,276.87999725341797,286.4410003662109,273.01449935913087,8.772510057669908,271.4549798846602,0.06070941216380554,320.0,368.75,-0.016170212765957426,0.04087882713135316,0.059904561844489224,4,3.7111054570084456,0.5537519957424162,20.81,Nifty Services Sector,0.0015632359016684028,0.5450236966824639,0,38.7153,0.0,"['relative strength', 'trend structure', 'volume/delivery surge']",68.15286624203821,76.91082802547771,49.36305732484076,49.203821656050955,22.133757961783438,55.73770491803279,41.0828025477707
SHREECEM,2026-10-06,Shree Cement Ltd.,Construction Materials,22210.0,0.010004547521600626,1,True,False,True,[],30.902213636838255,30.902213636838255,0.0,{},[],100.0,41.84694107512593,22346.5,23978.0,25174.325,525.4740726874213,21159.05185462516,0.04731869182237014,27550.0,30285.0,-0.06895828966673656,-0.14280200694712464,-0.05832989364513924,0,1.3526663250233624,1.139599555061179,61.47,Nifty Cement,-0.021410454945703594,1.0,2,37.06745,0.0,"['volume/delivery surge', 'smooth (low ATR)', 'near breakout/52W high']",9.872611464968152,12.579617834394904,76.91082802547771,18.471337579617835,22.133757961783438,20.327868852459016,79.93630573248407
SHRIPISTON,2026-10-06,SPR Auto Technologies Ltd.,Automobile and Auto Components,4405.0,0.001409475311448638,1,True,False,True,[],48.13190456301557,48.13190456301557,0.0,{},[],100.0,44.733786936630885,4492.774975585938,4493.532001953125,3661.7214929199217,158.51776547859237,4087.9644690428154,0.07197174369062076,4843.0,4843.0,-0.01925859957697873,0.03737376130091197,0.05660783552375798,2,0.9896312754589218,1.029228371005456,52.82,Nifty Auto,-0.0372541807511817,0.6298533218291651,1,33.1914,0.0,"['relative strength', 'near breakout/52W high', 'volume/delivery surge']",66.56050955414013,52.547770700636946,53.98089171974522,69.10828025477707,22.133757961783438,12.131147540983607,17.197452229299362
SHRIRAMFIN,2026-10-06,Shriram Finance Ltd.,Financial Services,965.05,-0.00653695696932266,1,True,False,True,[],44.46110473008249,44.46110473008249,0.0,{},[],100.0,38.18510850923023,992.8824951171875,1053.92099609375,1009.8647494506836,24.24472278213894,916.5605422286909,0.050245527358817266,1153.699951171875,1153.699951171875,-0.06938284687273988,-0.06460208057895189,-0.019442209064054528,1,1.0579114484692127,1.1456249507757739,72.73,Nifty Financial Services,0.00751656235940712,0.3742138364779837,0,416.8246,-1.2649117864249604e-08,"['volume/delivery surge', 'smooth (low ATR)', 'strong sector']",26.751592356687897,35.031847133757964,67.67515923566879,40.28662420382166,22.133757961783438,67.54098360655738,73.56687898089172
SHYAMMETL,2026-10-06,Shyam Metalics and Energy Ltd.,Capital Goods,1054.0,0.033130758674769556,1,True,False,True,[],62.24553618043228,62.24553618043228,0.0,{},[],100.0,47.96162288798392,1072.165005493164,1045.384005126953,924.9222506713867,30.25389624210128,993.4922075157974,0.057407772755410424,1148.0,1148.0,-0.026148062045056042,0.11134539526312115,0.09014892127082391,4,1.0295034266624483,1.1364489489489489,60.55,Nifty India Manufacturing,-0.00698034712501483,0.8671679197994998,1,43.8399,0.0,"['relative strength', 'trend structure', 'near breakout/52W high']",75.79617834394904,76.91082802547771,65.44585987261146,75.47770700636943,22.133757961783438,33.442622950819676,50.63694267515923
SIEMENS,2026-10-06,Siemens Ltd.,Capital Goods,3854.0,0.04131204236578312,3,True,False,True,[],65.87610942883992,65.87610942883992,0.0,{},[],100.0,50.45626684943376,3837.0450073242187,3908.9800048828124,3527.7730041503905,94.67925686356224,3664.6414862728757,0.049132982285190585,4149.39990234375,4149.39990234375,-0.018589253883371515,0.10861814183163343,0.09256469863592232,3,1.0294187231351237,0.8169755204758636,35.71,Nifty India Manufacturing,-0.00698034712501483,0.9661016949152548,1,83.1305,0.0,"['relative strength', 'near breakout/52W high', 'trend structure']",77.07006369426752,66.0828025477707,35.6687898089172,80.4140127388535,84.23566878980891,33.442622950819676,75.1592356687898
SIGNATURE,2026-10-06,Signatureglobal (India) Ltd.,Realty,719.35,-0.025535085342725528,2,True,False,True,[],15.873055236504129,30.87305523650413,15.0,{'DOWNTREND_BOUNCE': 15},['LOW_DELIVERY'],100.0,33.0340968092943,759.1349975585938,783.8000012207032,852.3685009765625,26.0335011336271,667.2829733186833,0.07238062700265435,838.0,1153.9000244140625,-0.09691797550701398,-0.06523294523206014,-0.0335252057077457,0,1.2321630704702404,2.228110599078341,19.34,Nifty Realty,-0.04069793468707705,0.07947019867549938,0,16.509900000000002,-3.393905956272647e-08,"['volume/delivery surge', 'repeat gainer', 'relative strength']",19.10828025477707,12.579617834394904,84.71337579617835,20.70063694267516,60.35031847133758,7.377049180327869,16.24203821656051
SOLARINDS,2026-10-06,Solar Industries India Ltd.,Chemicals,20071.0,0.02717502558853635,2,True,False,True,[],57.69364101493161,57.69364101493161,0.0,{},[],100.0,52.41222619206845,19942.3,19829.38,16452.285,663.0829397373914,18744.834120525218,0.06607373222434265,22700.0,22700.0,-0.08560364464692483,0.15483314154200234,0.08216500310933011,5,0.8651874133249995,0.9336767546683837,36.25,Nifty Chemicals,-0.013540224303113302,0.7634032634032634,2,393.3617,0.0,"['relative strength', 'trend structure', 'near breakout/52W high']",74.20382165605096,91.0828025477707,37.42038216560509,58.7579617834395,60.35031847133758,23.114754098360656,27.070063694267517
SONACOMS,2026-10-06,Sona BLW Precision Forgings Ltd.,Automobile and Auto Components,820.0,0.028858218318695172,3,True,False,True,[],70.48063067766523,70.48063067766523,0.0,{},[],100.0,55.02508252610689,804.0750030517578,801.4060009765625,620.5859982299804,22.127017093545327,775.7459658129094,0.05396833437450077,844.0,844.0,0.04060913705583746,0.22251211330600085,0.1791108798427105,5,0.6507752480830671,0.9371440405923165,45.25,Nifty Auto,-0.0372541807511817,0.941901408450705,1,206.5031,0.0,"['relative strength', 'near breakout/52W high', 'trend structure']",91.40127388535032,91.0828025477707,27.070063694267517,94.5859872611465,84.23566878980891,12.131147540983607,60.82802547770701
SRF,2026-10-06,SRF Ltd.,Chemicals,2470.0,0.004065040650406582,3,True,False,True,[],36.157016811109955,36.157016811109955,0.0,{},[],100.0,42.235002909838414,2500.575,2560.5619921875,2682.546496582031,51.003011383950295,2367.9939772320995,0.041297984926275455,2970.0,3210.0,-0.030231645072634428,-0.08839269237866765,-0.01176191406385968,0,0.7773987448907972,0.6655993973067145,35.34,Nifty Chemicals,-0.013540224303113302,0.5299145299145317,1,48.01735000000001,0.0,"['smooth (low ATR)', 'repeat gainer', 'relative strength']",30.573248407643312,12.579617834394904,17.038216560509554,26.910828025477706,84.23566878980891,23.114754098360656,92.99363057324841
STARHEALTH,2026-10-06,Star Health and Allied Insurance Company Ltd.,Financial Services,550.55,0.02858477347034083,3,True,False,True,[],61.15696460269396,61.15696460269396,0.0,{},[],100.0,48.45994117649489,549.970004272461,567.6840002441406,517.5047511291503,15.948470004611309,518.6530477837462,0.05793650116511717,624.9000244140625,624.9000244140625,-0.027210926905023136,-0.08736015285044552,-0.009735285215942968,3,4.628428581348517,1.2824728707661954,78.0,Nifty Financial Services,0.00751656235940712,0.807692307692307,1,26.2286,-2.2172429781086578e-08,"['volume/delivery surge', 'trend structure', 'near breakout/52W high']",32.802547770700635,66.0828025477707,95.70063694267516,57.16560509554141,84.23566878980891,67.54098360655738,49.36305732484077
SUNDARMFIN,2026-10-06,Sundaram Finance Ltd.,Financial Services,4347.8,0.018601818011432902,2,True,False,True,[],39.64422574919077,39.64422574919077,0.0,{},[],100.0,37.69170578305582,4567.5349609375,4576.287998046875,4769.9544995117185,116.22501738742275,4115.349769912655,0.053463831182897104,4965.2998046875,5642.0,-0.07656691692425632,-0.05916220442090403,-0.02031430601078882,0,0.7888784405418456,1.0212463330073782,57.44,Nifty Financial Services,0.00751656235940712,0.8317829457364355,1,17.0398,-4.492214455975585e-08,"['strong sector', 'relative strength', 'volume/delivery surge']",26.11464968152866,12.579617834394904,42.35668789808917,39.17197452229299,60.35031847133758,67.54098360655738,62.10191082802548
SUNPHARMA,2026-10-06,Sun Pharmaceutical Industries Ltd.,Healthcare,1804.1,0.013710175872337915,1,True,False,True,[],49.173253628484915,49.173253628484915,0.0,{},[],100.0,39.95674311274731,1839.3400024414063,1893.8780029296875,1809.5350018310546,30.047119748996362,1744.0057360879448,0.033309816701524664,2046.9000244140625,2046.9000244140625,-0.04796835061428095,-0.06942795635011834,-0.011147898820408286,1,1.0338634677237184,0.9344351758010446,59.93,Nifty Healthcare Index,0.01796393698282428,1.0,1,265.56185,-1.3532543863270519e-08,"['smooth (low ATR)', 'strong sector', 'near breakout/52W high']",31.21019108280255,35.031847133757964,45.22292993630573,57.48407643312102,22.133757961783438,86.55737704918033,98.40764331210191
SUNTV,2026-10-06,Sun TV Network Ltd.,Media Entertainment & Publication,632.1,0.008375209380234505,4,True,False,True,[],64.12279419442415,74.12279419442415,10.0,{'EXTENDED': 10},['LOW_DELIVERY'],50.0,83.76340487862421,507.89500122070314,492.00499938964845,540.196999206543,23.708958455204055,584.6820586755293,0.07501648274302364,663.9000244140625,663.9000244140625,0.3423231764256274,0.2728553520278796,0.35513951888854484,4,0.9463773841129033,0.6725962275724581,21.93,Nifty Media,0.04965801614726206,0.5651105651105645,2,76.87255,-3.862373443297429e-08,"['relative strength', 'near breakout/52W high', 'trend structure']",98.40764331210191,76.91082802547771,25.318471337579616,88.53503184713375,96.17834394904459,99.50819672131148,13.375796178343949
SUPREMEIND,2026-10-06,Supreme Industries Ltd.,Capital Goods,3497.9,0.029127070522816156,1,True,False,True,[],58.84585465176986,58.84585465176986,0.0,{},[],100.0,52.441497956897265,3438.769982910156,3498.339990234375,3575.7534838867186,90.84476153884728,3316.2103792660555,0.05194245923273977,3710.0,4293.89990234375,-0.02782103881496667,0.08347788630657216,0.0753786784075941,1,1.699644472429336,1.2998762236975356,57.76,Nifty India Manufacturing,-0.00698034712501483,0.7879767291532013,2,44.5784,-2.7918536815718653e-08,"['relative strength', 'volume/delivery surge', 'near breakout/52W high']",71.65605095541402,35.031847133757964,89.3312101910828,66.2420382165605,22.133757961783438,33.442622950819676,67.8343949044586
SYRMA,2026-10-06,Syrma SGS Technology Ltd.,Capital Goods,1685.1,-0.00899788285109393,2,True,False,True,[],64.41910305941317,64.41910305941317,0.0,{},[],100.0,55.07132880900361,1670.710009765625,1543.7460083007813,1124.4415045166015,66.66940435879376,1551.76116686835,0.07912812927982105,1822.5999755859375,1822.5999755859375,0.030768243978136045,0.16939623565991502,0.1476324944808169,5,0.5305486464294786,1.1541913480524144,32.15,Nifty India Manufacturing,-0.00698034712501483,0.21828908554572218,0,244.68085,-1.448819797467138e-08,"['relative strength', 'trend structure', 'near breakout/52W high']",87.89808917197452,91.0828025477707,45.22292993630573,78.82165605095541,60.35031847133758,33.442622950819676,7.961783439490445
TARIL,2026-10-06,Transformers And Rectifiers (India) Ltd.,Capital Goods,283.65,-0.006305832895428298,3,True,False,True,[],17.134071212279416,32.134071212279416,15.0,{'DOWNTREND_BOUNCE': 15},[],100.0,48.3402065427665,281.2450012207031,291.66900024414065,298.5570993804932,9.803940033002863,264.0421138304786,0.06912702445945218,326.95001220703125,501.20001220703125,-0.0533956293205442,-0.1527777651178236,-0.05553644255739254,1,2.5159142400981613,0.5972754363558961,28.06,Nifty India Manufacturing,-0.00698034712501483,0.5645933014354051,0,25.235,-2.1517770454337892e-08,"['repeat gainer', 'volume/delivery surge', 'trend structure']",10.828025477707007,35.031847133757964,47.29299363057325,21.178343949044585,84.23566878980891,33.442622950819676,21.337579617834393
TATACAP,2026-10-06,Tata Capital Ltd.,Financial Services,322.1,0.01416876574307313,1,True,False,False,['INELIGIBLE_HISTORY'],,,,{},[],100.0,33.72882806380004,340.9875,356.86499938964846,340.67599990844724,8.437337871563855,305.22533036038794,0.0523895542482683,390.20001220703125,390.20001220703125,-0.12934181517674292,-0.09484333123822464,-0.06454231854569242,1,0.7458623972649804,0.9952663740425166,57.82,Nifty Financial Services,0.00751656235940712,0.8527131782945752,1,47.095699999999994,1.8949132485346354e-08,,,,,,,,
TATACOMM,2026-10-06,Tata Communications Ltd.,Telecommunication,1681.8,0.0027426663486762592,2,True,False,True,[],45.15127388535032,45.15127388535032,0.0,{},['SECTOR_UNMAPPED'],100.0,43.57853926249148,1720.1399963378906,1722.9599975585938,1705.2814971923829,46.573660302828515,1588.6527282224679,0.055385490487149136,1862.5999755859375,2110.0,-0.042309622339708586,-0.1083659779636611,-0.027787545489893484,1,0.8142874285028598,1.393220338983051,69.87,,,0.5770491803278659,1,28.1917,2.9033253134969073e-08,"['volume/delivery surge', 'near breakout/52W high', 'repeat gainer']",23.248407643312103,35.031847133757964,65.76433121019109,50.955414012738856,60.35031847133758,50.0,55.4140127388535
TATACONSUM,2026-10-06,Tata Consumer Products Ltd.,Fast Moving Consumer Goods,976.0,0.023328964613368308,3,True,False,True,[],45.432703351780305,45.432703351780305,0.0,{},[],100.0,43.46823845278327,982.397494506836,1030.1829956054687,1109.777745361328,17.966788588117296,940.0664228237654,0.03681718972974857,1123.4000244140625,1282.699951171875,-0.03842364532019704,-0.11809881353430796,-0.03071097476546114,0,0.7827211729245869,0.9598592675515752,60.02,Nifty FMCG,0.028878418254091653,1.0,1,112.96,0.0,"['smooth (low ATR)', 'strong sector', 'repeat gainer']",20.38216560509554,12.579617834394904,36.146496815286625,35.6687898089172,84.23566878980891,95.40983606557377,97.13375796178345
TATAELXSI,2026-10-06,Tata Elxsi Ltd.,Information Technology,3093.0,-0.0038647342995169476,3,True,False,True,[],14.626762034039885,29.626762034039885,15.0,{'DOWNTREND_BOUNCE': 15},[],100.0,25.345087652942297,3249.2199951171874,3506.1839892578123,4233.893509521485,79.32201743571005,2934.35596512858,0.05129131421643063,3857.0,5950.0,-0.11552759508149846,-0.14591039835224284,-0.08316874205507929,0,0.8586061593989425,1.3379368658399096,47.47,Nifty IT,-0.042437668640266324,0.3564593301435413,0,72.51859999999999,0.0,"['volume/delivery surge', 'repeat gainer', 'smooth (low ATR)']",4.45859872611465,12.579617834394904,66.71974522292993,6.050955414012739,84.23566878980891,3.1147540983606556,69.7452229299363
TATASTEEL,2026-10-06,Tata Steel Ltd.,Metals & Mining,178.69,0.003087459301672979,1,True,False,True,[],38.70128954787512,38.70128954787512,0.0,{},[],100.0,39.40015987710427,184.38099975585936,185.75800048828125,194.67965057373047,4.289027231746952,170.11194797791234,0.04800522886727654,193.64999389648438,224.39999389648438,-0.03728246401697055,-0.049066047794251944,0.004375998756180111,0,0.5904373020659637,0.8736591179976161,43.98,Nifty Metal,0.0014665791143129159,0.5,2,540.35725,1.3662802889058412e-08,"['relative strength', 'near breakout/52W high', 'smooth (low ATR)']",40.445859872611464,12.579617834394904,19.5859872611465,58.12101910828025,22.133757961783438,49.67213114754098,78.6624203821656
TATATECH,2026-10-06,Tata Technologies Ltd.,Information Technology,703.1,0.007956418894702999,2,True,False,True,[],33.94204865824371,33.94204865824371,0.0,{},[],100.0,36.73313464503169,727.8575012207032,777.6369995117187,678.8147488403321,23.200217543899296,656.699540498139,0.06599407865023765,891.0,891.0,-0.10444529684108272,-0.011944913282214475,-0.010644850399857242,2,0.3812408900890995,1.0837974683544305,42.81,Nifty IT,-0.042437668640266324,0.6266094420600868,1,60.096149999999994,-3.472345688759759e-08,"['relative strength', 'trend structure', 'repeat gainer']",32.1656050955414,52.547770700636946,35.82802547770701,23.726114649681527,60.35031847133758,3.1147540983606556,27.388535031847134
TBOTEK,2026-10-06,TBO Tek Ltd.,Consumer Services,1693.2,0.02184671092335555,1,True,False,True,[],71.08930249556228,71.08930249556228,0.0,{},[],100.0,53.351331363409145,1681.3799865722656,1663.2839892578124,1430.2174993896485,54.43213889448706,1584.335673382901,0.0642949922799303,1750.0,1764.800048828125,0.002545992477739567,0.14297281171004816,0.12030965675568522,5,1.4756017732112525,1.231552162849873,58.08,Nifty India Consumption,-0.003782502113651831,0.8857509627727872,1,20.18525,-2.8837777610313253e-08,"['relative strength', 'near breakout/52W high', 'trend structure']",84.07643312101911,91.0828025477707,85.03184713375796,92.8343949044586,22.133757961783438,43.9344262295082,31.21019108280255
TCS,2026-10-06,Tata Consultancy Services Ltd.,Information Technology,2100.0,-0.006810442678774176,3,True,False,True,[],22.142685600918874,37.142685600918874,15.0,{'DOWNTREND_BOUNCE': 15},[],100.0,41.35248876731223,2127.9450134277345,2262.4240063476564,2481.711998291016,55.14117711449544,1989.717645771009,0.05251540677570998,2495.0,3350.0,-0.07488986784140972,0.024640156135642854,0.022425398808907926,0,0.7178275991727768,1.0030556924593397,50.88,Nifty IT,-0.042437668640266324,0.5356037151702813,0,701.34485,0.0,"['relative strength', 'repeat gainer', 'smooth (low ATR)']",47.77070063694268,12.579617834394904,36.78343949044586,16.878980891719745,84.23566878980891,3.1147540983606556,65.28662420382166
TDPOWERSYS,2026-10-06,TD Power Systems Ltd.,Capital Goods,816.0,0.003813507196457122,4,True,False,True,[],70.60540879189725,70.60540879189725,0.0,{},[],97.11617039009901,61.56165340010253,764.8175018310546,723.6149987792969,551.4144985961914,37.18598311896213,741.6280337620758,0.09114211548765216,856.0999755859375,856.0999755859375,0.11148944066475153,0.49724770642201843,0.35191882820517634,5,1.0854164565662194,0.8276521947135509,34.6,Nifty India Manufacturing,-0.00698034712501483,0.5137880986937597,2,190.6668,0.0,"['relative strength', 'trend structure', 'near breakout/52W high']",98.08917197452229,91.0828025477707,39.3312101910828,89.3312101910828,96.17834394904459,33.442622950819676,1.5923566878980893
TECHM,2026-10-06,Tech Mahindra Ltd.,Information Technology,1504.5,-0.020444039325477004,2,True,False,True,[],52.97867286206536,52.97867286206536,0.0,{},[],100.0,38.05529090801035,1539.45,1586.072001953125,1516.0245025634765,37.35559426055664,1429.7888114788866,0.049658483563385425,1686.5999755859375,1854.0,-0.03804347826086951,0.05482713909750303,0.05594208508010812,1,1.2863788362853765,1.0284090909090908,56.11,Nifty IT,-0.042437668640266324,0.2074235807860264,0,287.82035,0.0,"['relative strength', 'volume/delivery surge', 'near breakout/52W high']",66.24203821656052,35.031847133757964,65.60509554140128,50.159235668789805,60.35031847133758,3.1147540983606556,74.52229299363057
TECHNOE,2026-10-06,Techno Electric & Engineering Company Ltd.,Construction,996.2,0.017984876353975165,1,True,False,True,[],48.32846924924297,48.32846924924297,0.0,{},[],100.0,50.49460726406301,990.5449981689453,992.7530029296875,1070.507000427246,32.457837798513516,931.2843366100042,0.06516329532380716,1079.0,1389.5999755859375,0.017049527521216135,-0.047063335620837976,0.03254335061198044,2,0.8573926263778031,1.3057748234316577,62.86,Nifty Infrastructure,0.001024111394163918,0.6875000000000012,1,13.0047,1.2253594805500256e-08,"['relative strength', 'volume/delivery surge', 'trend structure']",53.503184713375795,52.547770700636946,66.2420382165605,48.566878980891715,22.133757961783438,47.377049180327866,28.980891719745223
TEGA,2026-10-06,Tega Industries Ltd.,Capital Goods,2092.5,0.01375902330313461,2,True,False,True,[],68.02579095750234,68.02579095750234,0.0,{},[],89.92849647303345,66.37601395425114,1930.0450073242187,1744.8900024414063,1734.562999267578,85.29445658830605,1921.911086823388,0.08152397284425905,2198.0,2198.0,0.3517441860465116,0.2747487054523301,0.3607967004112122,5,0.6120340991440939,1.1017591339648172,40.71,Nifty India Manufacturing,-0.00698034712501483,0.46480938416422146,1,85.1057,0.0,"['relative strength', 'trend structure', 'near breakout/52W high']",98.72611464968153,91.0828025477707,43.31210191082803,88.21656050955414,60.35031847133758,33.442622950819676,5.732484076433121
TEJASNET,2026-10-06,Tejas Networks Ltd.,Telecommunication,475.85,0.02731001727115734,1,True,False,True,[],23.35191082802548,23.35191082802548,0.0,{},"['SECTOR_UNMAPPED', 'LOW_DELIVERY']",100.0,35.90797916526927,510.7899993896484,524.0189984130859,473.3804989624023,19.920924156117433,436.0081577912808,0.08372774572071295,622.7999877929688,644.75,-0.1983658597124972,-0.12261449705160854,-0.11293992372026151,2,1.1807625751226194,0.6262662807525325,17.31,,,0.5326370757180171,1,81.70765,1.2826553819067499e-08,"['trend structure', 'volume/delivery surge', 'strong sector']",1.5923566878980893,52.547770700636946,34.39490445859873,14.80891719745223,22.133757961783438,50.0,4.777070063694268
TENNIND,2026-10-06,Tenneco Clean Air India Ltd.,Automobile and Auto Components,494.15,0.014681724845995836,1,True,False,False,['INELIGIBLE_HISTORY'],,,,{},[],100.0,38.71574073163222,509.5074996948242,529.9890008544921,553.6895013427734,14.564179667141218,465.02163456220194,0.05894639217659148,584.9000244140625,657.0,-0.041323150268918196,-0.15428717401997727,-0.050254907482656375,0,1.0692791384916196,1.1698246856738093,66.06,Nifty Auto,-0.0372541807511817,0.7667844522968186,1,27.8029,-1.235154423184781e-08,,,,,,,,
THANGAMAYL,2026-10-06,Thangamayil Jewellery Ltd.,Consumer Durables,4758.5,0.002422582683800245,1,True,False,True,[],17.184974417876163,17.184974417876163,0.0,{},[],100.0,38.983480910628984,5037.775,5274.69,4539.599512939453,210.67031240240522,4337.15937519519,0.08854484077016089,7430.0,7430.0,-0.10755813953488369,-0.3008374963267705,-0.15664756326903573,2,0.5462770995754151,0.9491206620897207,50.46,Nifty Consumer Durables,-0.027995535094592627,0.26859504132231404,1,36.50695,0.0,"['trend structure', 'volume/delivery surge', 'repeat gainer']",0.9554140127388535,52.547770700636946,25.796178343949045,6.050955414012739,22.133757961783438,17.868852459016395,2.8662420382165603
THERMAX,2026-10-06,Thermax Ltd.,Capital Goods,3225.1,-0.0009602874666996275,1,True,False,True,[],8.423880129476874,23.423880129476874,15.0,{'DOWNTREND_BOUNCE': 15},[],100.0,25.502325934736334,3473.8949951171876,3783.4499951171874,3807.9004907226563,108.67514657614592,3007.7498045039583,0.06739334798018981,4880.0,5277.7998046875,-0.10958031539032298,-0.3259978897270115,-0.17023884789687588,0,1.489780426421905,1.2192561759116824,67.37,Nifty India Manufacturing,-0.00698034712501483,0.5631578947368405,0,53.88309999999999,3.0280068896715306e-08,"['volume/delivery surge', 'strong sector', 'smooth (low ATR)']",0.3184713375796178,12.579617834394904,85.03184713375796,3.980891719745223,22.133757961783438,33.442622950819676,25.477707006369428
TIINDIA,2026-10-06,Tube Investments of India Ltd.,Automobile and Auto Components,2472.7,0.0658189655172412,1,True,False,True,[],24.5968727158818,24.5968727158818,0.0,{},[],100.0,42.25909645232188,2517.240026855469,2683.566005859375,2742.1780017089845,71.99133635386758,2328.71727846414,0.05822893013747921,2989.0,3335.199951171875,-0.07838242595159339,-0.1520814784397001,-0.06768169753385539,0,3.948895632388709,0.8614140654381346,45.81,Nifty Auto,-0.0372541807511817,1.0,1,50.970299999999995,-1.974688590422602e-08,"['volume/delivery surge', 'smooth (low ATR)', 'near breakout/52W high']",8.280254777070065,12.579617834394904,59.87261146496815,22.611464968152866,22.133757961783438,12.131147540983607,48.40764331210191
TIMKEN,2026-10-06,Timken India Ltd.,Capital Goods,3156.9,0.007853653864572374,1,True,False,True,[],42.014644460687066,42.014644460687066,0.0,{},[],100.0,48.43427629715765,3186.5149780273437,3189.6500048828125,3291.800500488281,90.52379673715838,2975.8523088694333,0.05734980489558861,3390.39990234375,3925.0,0.010110982312713901,-0.014300449472753995,0.04545552108177131,0,0.4201504773644366,1.0534995977473853,52.38,Nifty India Manufacturing,-0.00698034712501483,0.779286926994907,2,13.728,-3.0934223516077e-08,"['relative strength', 'near breakout/52W high', 'smooth (low ATR)']",61.146496815286625,12.579617834394904,32.64331210191083,61.94267515923567,22.133757961783438,33.442622950819676,50.955414012738856
TMCV,2026-10-06,Tata Motors Ltd.,Capital Goods,433.8,0.01640112464854737,1,True,False,False,['INELIGIBLE_HISTORY'],,,,{},[],100.0,47.715509220380056,433.6749984741211,449.3199981689453,431.38174880981444,13.02012678049889,407.759734231971,0.06002824871776047,487.79998779296875,509.0,-0.05623845631843338,0.033226108102077045,0.03604408055361319,3,1.4154577149721652,1.0526013222190285,54.93,Nifty India Manufacturing,-0.00698034712501483,0.7292418772563182,2,235.12879999999998,-2.8139767738188937e-08,,,,,,,,
TMPV,2026-10-06,Tata Motors Passenger Vehicles Ltd.,Automobile and Auto Components,285.8,-0.009873549281136151,1,True,False,True,[],6.595280359193904,21.595280359193904,15.0,{'DOWNTREND_BOUNCE': 15},[],100.0,37.514263916569746,294.78499908447264,314.38799926757815,343.7760000610352,7.589134246911341,270.6217192991461,0.05310800959451989,353.20001220703125,718.5,-0.06905541435515061,-0.13785825703478505,-0.05590658103317647,0,0.6465541345254272,1.0783253842077372,50.87,Nifty Auto,-0.0372541807511817,0.1320754716981122,0,348.4539,-4.27117958778922e-08,"['smooth (low ATR)', 'volume/delivery surge', 'relative strength']",10.509554140127388,12.579617834394904,41.87898089171975,6.687898089171975,22.133757961783438,12.131147540983607,63.69426751592356
TORNTPOWER,2026-10-06,Torrent Power Ltd.,Power,1234.9,0.0005671690163668863,1,True,False,True,[],39.1610107549337,39.1610107549337,0.0,{},[],100.0,40.94899004790679,1262.6650024414062,1284.0759985351563,1409.9745007324218,29.791129613804593,1175.3177651864532,0.048248650133341675,1448.0,1824.0999755859375,-0.03198238482358895,-0.1272174690042439,-0.03204967225212507,0,1.1982671396173752,1.1529215976331362,62.35,Nifty Energy,0.01308588080244133,0.7346938775510284,1,21.5915,1.9770072468006106e-08,"['volume/delivery surge', 'strong sector', 'smooth (low ATR)']",20.063694267515924,12.579617834394904,73.56687898089172,22.133757961783438,22.133757961783438,79.50819672131148,77.38853503184713
TRENT,2026-10-06,Trent Ltd.,Consumer Services,2906.0,0.12635658914728687,1,True,False,True,[],40.16573561658139,55.16573561658139,15.0,{'SPIKE': 15},['LOW_DELIVERY'],98.35313248641516,62.73226183723652,2731.324987792969,2862.52599609375,2827.8625,69.8686272198404,2766.262745560319,0.048085772346758704,3244.5,4908.0,0.032510214958251904,0.0006542137942433524,0.06413246903803899,4,9.876665811080724,0.25069687977699845,13.94,Nifty India Consumption,-0.003782502113651831,0.9392558845861806,1,189.44549999999998,0.0,"['relative strength', 'trend structure', 'smooth (low ATR)']",68.78980891719745,76.91082802547771,49.84076433121019,30.095541401273884,22.133757961783438,43.9344262295082,78.34394904458598
TRIDENT,2026-10-06,Trident Ltd.,Textiles,22.56,0.03296703296703285,1,True,False,False,"['PRICE_LT_50', 'LOW_TURNOVER']",,,,{},[],100.0,39.47143028182701,22.948500061035155,23.887199897766113,25.050800018310547,0.45844843270982893,21.643102600522724,0.04064259251441249,26.799999237060547,30.940000534057617,-0.059216017656417264,-0.11041013710647396,-0.037262822719654254,0,2.641728530538079,0.5162698412698413,26.02,,,0.6315789473684197,1,5.39355,-2.3672766635840503e-08,,,,,,,,
TTML,2026-10-06,Tata Teleservices (Maharashtra) Ltd.,Telecommunication,34.18,-0.004369356248179357,3,True,False,False,"['PRICE_LT_50', 'LOW_TURNOVER']",,,,{'DOWNTREND_BOUNCE': 15},[],100.0,38.27822569089853,35.343499946594235,37.199399871826174,41.367300033569336,1.1893106866986933,31.801378931778395,0.06959102844236076,42.81999969482422,60.08000183105469,-0.08487277907499047,-0.15584097583890122,-0.07280662279515449,0,0.7515603707425323,0.9869174161896975,36.21,,,0.5098039215686255,0,5.939100000000001,8.928489725334998e-09,,,,,,,,
UBL,2026-10-06,United Breweries Ltd.,Fast Moving Consumer Goods,1178.3,-0.004225471140032133,2,True,False,True,[],19.23047405241725,34.23047405241725,15.0,{'DOWNTREND_BOUNCE': 15},[],100.0,35.33161384684206,1228.4200073242187,1311.7240014648437,1432.5664978027344,34.66217038147672,1108.9757080651716,0.05883420002562145,1464.0,1844.0,-0.07902139569853384,-0.11085112266556174,-0.04738600452025643,0,0.6761675625686376,1.1345651362448674,60.79,Nifty FMCG,0.028878418254091653,0.24609374999999908,0,16.7238,4.1439467857173895e-08,"['strong sector', 'volume/delivery surge', 'repeat gainer']",13.694267515923567,12.579617834394904,47.77070063694268,10.828025477707007,60.35031847133758,95.40983606557377,45.54140127388535
UNIONBANK,2026-10-06,Union Bank of India,Financial Services,168.44,0.0027981187116747908,1,True,False,True,[],54.15059517594236,54.15059517594236,0.0,{},[],100.0,37.286469195346584,175.1609992980957,179.88519958496093,174.7725,4.429486572018672,159.5810292973689,0.0525942354288379,192.3300018310547,205.49000549316406,-0.09460326531864283,0.07109251128763283,0.03579487764628636,1,1.4311943343202793,1.1802392095683827,56.74,Nifty Financial Services,0.00751656235940712,0.3522727272727294,2,130.66915,1.4494218936178527e-08,"['relative strength', 'volume/delivery surge', 'near breakout/52W high']",55.4140127388535,35.031847133757964,82.1656050955414,48.566878980891715,22.133757961783438,67.54098360655738,64.64968152866243
UNITDSPR,2026-10-06,United Spirits Ltd.,Fast Moving Consumer Goods,1358.0,-0.008035062089116196,1,True,False,True,[],56.90563328808604,56.90563328808604,0.0,{},[],100.0,38.91684148508684,1386.45,1463.7160009765626,1371.745503540039,29.393479367981882,1299.2130412640363,0.04328936578495124,1563.4000244140625,1563.4000244140625,-0.056944444444444464,-0.01679695336811382,0.010679555755512216,1,1.748616324584142,1.1271740052600323,66.43,Nifty FMCG,0.028878418254091653,0.375,0,74.92345,0.0,"['volume/delivery surge', 'relative strength', 'strong sector']",44.5859872611465,35.031847133757964,79.77707006369427,52.866242038216555,22.133757961783438,95.40983606557377,88.53503184713375
URBANCO,2026-10-06,Urban Company Ltd.,Consumer Services,173.54,0.08741149194811704,3,True,False,True,[],70.18165918346037,70.18165918346037,0.0,{},['LOW_DELIVERY'],100.0,59.68352590788073,165.6714988708496,158.42620025634767,134.69675010681152,6.916528942420433,159.70693540129196,0.07971106615195556,183.97000122070312,183.97000122070312,-0.014313326748867317,0.26699271183113704,0.17388994720292622,5,5.556459716922712,0.4451203385347791,16.83,Nifty India Consumption,-0.003782502113651831,0.9363762102351303,2,71.43175000000001,-3.8687721470864744e-08,"['relative strength', 'trend structure', 'near breakout/52W high']",90.76433121019109,91.0828025477707,49.840764331210195,85.35031847133757,84.23566878980891,43.9344262295082,7.32484076433121
USHAMART,2026-10-06,Usha Martin Ltd.,Capital Goods,516.7,0.012144955925563305,1,True,False,True,[],59.69776547979535,59.69776547979535,0.0,{},[],100.0,56.0181703624442,505.18750152587893,502.96000122070313,464.71824951171874,15.307273252480007,486.08546570207125,0.05925013698798476,542.5999755859375,542.5999755859375,0.0327803813995875,0.02887295827866776,0.07837692450091899,5,1.0304950719098864,0.6920873612602936,38.66,Nifty India Manufacturing,-0.00698034712501483,0.8358974358974394,2,39.5261,2.362498774388655e-08,"['relative strength', 'trend structure', 'near breakout/52W high']",72.92993630573248,91.0828025477707,29.936305732484076,88.85350318471338,22.133757961783438,33.442622950819676,44.267515923566876
UTIAMC,2026-10-06,UTI Asset Management Company Ltd.,Financial Services,888.2,-0.002358755475682206,2,True,False,False,['LOW_TURNOVER'],,,,{'DOWNTREND_BOUNCE': 15},[],100.0,45.26644240809694,900.307504272461,898.3730004882813,968.7064981079102,17.51704626814379,853.1659196707436,0.039443922601660075,946.25,1409.0,-0.0019664025799157603,-0.09744941139929097,-0.0021576523278120097,1,0.860034170061769,1.1375111906893465,63.53,Nifty Financial Services,0.00751656235940712,0.4340425531914913,0,7.784200000000001,1.3743561400048065e-08,,,,,,,,
VAML,2026-10-06,Vedanta Aluminium Metal Ltd.,Metals & Mining,401.05,0.011220373171961562,1,True,False,False,['INELIGIBLE_HISTORY'],,,,{},[],100.0,39.18623552345675,418.16749572753906,437.56999938964844,,15.219919633775728,370.6101485254173,0.07590036203483241,487.70001220703125,537.0,-0.08623833818608495,-0.09632717705243099,-0.04373250295746661,0,0.5651758261868121,1.0127388535031847,60.42,Nifty Metal,0.0014665791143129159,0.5426356589147296,1,323.01625,-3.043767926591556e-08,,,,,,,,
VBL,2026-10-06,Varun Beverages Ltd.,Fast Moving Consumer Goods,439.3,-0.0006824385805277444,1,True,False,True,[],59.684295708468206,59.684295708468206,0.0,{},[],100.0,59.92923916404019,424.3299987792969,427.48100036621094,464.8790000915527,9.612089668252304,420.07580845646413,0.04376093756133792,472.6000061035156,555.7999877929688,0.08215291189332263,-0.08745327510861667,0.04490007305414434,2,0.8124134807149281,1.064563399706922,61.75,Nifty FMCG,0.028878418254091653,0.5,0,226.78975,-2.7787460221695426e-08,"['relative strength', 'strong sector', 'near breakout/52W high']",60.19108280254777,52.547770700636946,49.044585987261144,59.23566878980892,22.133757961783438,95.40983606557377,87.57961783439491
VEDL,2026-10-06,Vedanta Ltd.,Metals & Mining,265.6,0.04136443834542258,1,True,False,True,[],29.69651247781143,44.69651247781143,15.0,{'DOWNTREND_BOUNCE': 15},[],100.0,51.57076638512259,261.90500259399414,268.6150021362305,457.244250793457,7.167683825378677,251.26463845275828,0.05397352154114876,291.0,795.0,-0.008955201106285005,-0.021190344096791658,0.03247748206025303,1,1.871690566620795,0.8446808510638297,43.67,Nifty Metal,0.0014665791143129159,0.8108108108108133,2,208.46220000000002,2.2980103819847386e-08,"['relative strength', 'volume/delivery surge', 'smooth (low ATR)']",52.86624203821656,35.031847133757964,53.503184713375795,33.12101910828026,22.133757961783438,49.67213114754098,60.50955414012739
VEDPOWER,2026-10-06,Vedanta Power Ltd.,Power,32.53,0.020709130844053902,1,True,False,False,"['PRICE_LT_50', 'INELIGIBLE_HISTORY']",,,,{},[],100.0,45.953399482233706,32.46999988555908,34.426600036621096,,1.2178035199588888,30.0943917393791,0.07487264467614663,38.470001220703125,49.880001068115234,-0.04660024039748878,-0.2100534594894531,-0.08077659528167958,1,0.5776544330871084,0.9619019779791484,49.36,Nifty Energy,0.01308588080244133,0.8433734939759088,1,40.22445,-3.7525457297071796e-08,,,,,,,,
VIJAYA,2026-10-06,Vijaya Diagnostic Centre Ltd.,Healthcare,1466.7,0.03128955139924061,1,True,False,True,[],59.1732536284849,59.1732536284849,0.0,{},[],100.0,48.37272169487388,1489.5299926757812,1467.3339965820312,1208.3330004882812,50.577788800468554,1365.544373570938,0.06896814683883701,1593.5999755859375,1593.5999755859375,-0.020567645294240378,0.06452307968733417,0.06952797185833826,3,1.2090037627665293,0.8853211009174312,44.39,Nifty Healthcare Index,0.01796393698282428,0.6283856988082344,1,16.83175,-3.329114683925383e-08,"['relative strength', 'near breakout/52W high', 'trend structure']",70.38216560509554,66.0828025477707,47.452229299363054,76.7515923566879,22.133757961783438,86.55737704918033,21.656050955414013
VISL,2026-10-06,Vedanta Iron and Steel Ltd.,Metals & Mining,30.75,0.00032530904359151513,1,True,False,False,"['PRICE_LT_50', 'INELIGIBLE_HISTORY']",,,,{},[],100.0,40.52379180306714,32.05099983215332,34.532199974060056,,1.5364021104404195,27.67719577911916,0.09992859254897046,40.70000076293945,44.779998779296875,-0.11229790583688337,-0.06902812181531093,-0.04311275916430579,0,0.7514862626528918,1.002098836099981,52.52,Nifty Metal,0.0014665791143129159,0.39622641509434037,1,58.6,0.0,,,,,,,,
VMM,2026-10-06,Vishal Mega Mart Ltd.,Consumer Services,100.95,0.027480916030534486,2,True,False,True,[],38.28675472486165,38.28675472486165,0.0,{},[],100.0,45.11287867267107,101.99549980163575,105.41579986572266,116.02924991607667,2.9391600471817565,95.07167685387867,0.058230017553912106,115.4000015258789,152.17999267578125,-0.02932695242074823,-0.13488735250534956,-0.034556897801257536,0,1.6341547999618804,1.1601179716487489,60.97,Nifty India Consumption,-0.003782502113651831,0.7906336088154292,1,94.45465,-3.02303894139655e-08,"['volume/delivery surge', 'repeat gainer', 'smooth (low ATR)']",18.15286624203822,12.579617834394904,82.64331210191082,28.18471337579618,60.35031847133758,43.9344262295082,48.089171974522294
VOGL,2026-10-06,Vedanta Oil and Gas Ltd.,Oil Gas & Consumable Fuels,31.41,0.017492711370262315,1,True,False,False,"['PRICE_LT_50', 'INELIGIBLE_HISTORY']",,,,{},[],100.0,34.30781735912905,34.26049966812134,36.310399742126464,,1.47217658781544,28.46564667178123,0.09373935657224997,43.29999923706055,47.599998474121094,-0.14970219233572146,-0.17189560783826252,-0.11324864542520063,0,0.48239378131917926,0.9470066518847007,42.71,Nifty Oil & Gas,0.0015135561623461635,0.741935483870968,1,79.1735,-4.857939828184499e-09,,,,,,,,
VOLTAS,2026-10-06,Voltas Ltd.,Consumer Durables,1067.9,0.00621878827852651,1,True,False,True,[],29.95567505481884,29.95567505481884,0.0,{},[],100.0,35.344527041826524,1114.0900024414063,1194.9300024414063,1326.334501953125,28.63945118019901,1010.6211220536645,0.053636952009459726,1368.699951171875,1582.5,-0.08507533491422348,-0.15873640784984988,-0.07435561672024532,0,4.234049978403621,1.5553841066901797,70.56,Nifty Consumer Durables,-0.027995535094592627,0.7782258064516145,2,67.3935,2.2861749604530246e-08,"['volume/delivery surge', 'smooth (low ATR)', 'repeat gainer']",7.006369426751593,12.579617834394904,97.9299363057325,9.872611464968154,22.133757961783438,17.868852459016395,61.46496815286624
VTL,2026-10-06,Vardhman Textiles Ltd.,Textiles,549.4,0.03679939611247396,1,True,False,True,[],33.21656050955414,33.21656050955414,0.0,{},['SECTOR_UNMAPPED'],100.0,45.6675222220304,553.8,579.6509997558594,559.4594999694824,17.79668761905448,513.8066491759536,0.06478590035752074,650.0,688.0,-0.06912908666402551,-0.13261761408630457,-0.05332309571337368,1,1.456536942051549,0.9900402627675355,46.72,,,0.7059961315280459,2,12.280650000000001,4.443768197859299e-08,"['volume/delivery surge', 'near breakout/52W high', 'trend structure']",11.146496815286625,35.031847133757964,64.01273885350318,35.35031847133758,22.133757961783438,50.0,30.573248407643312
WELCORP,2026-10-06,Welspun Corp Ltd.,Capital Goods,2660.9,0.0654254254254254,2,True,False,True,[],63.455727263234834,63.455727263234834,0.0,{},[],100.0,54.282540846818115,2659.0550048828127,2324.442004394531,1404.7250030517578,129.16695531502532,2402.5659917136995,0.09708516671465439,2900.0,2900.0,0.02425035696839717,0.6610898693987128,0.39022036784534636,5,0.9154599966412786,0.7767193005350386,29.76,Nifty India Manufacturing,-0.00698034712501483,0.9040660736975864,1,539.61745,-3.670045856107862e-08,"['relative strength', 'trend structure', 'near breakout/52W high']",99.68152866242038,91.0828025477707,27.70700636942675,75.1592356687898,60.35031847133758,33.442622950819676,0.6369426751592356
WELSPUNLIV,2026-10-06,Welspun Living Ltd.,Textiles,237.86,0.03296130629261307,4,True,False,True,[],76.99044585987262,76.99044585987262,0.0,{},['SECTOR_UNMAPPED'],88.27224143476901,71.01410092591956,220.13050003051757,195.5261996459961,151.45410007476806,8.024921812965893,221.8101569844198,0.06747600935318121,244.88999938964844,244.88999938964844,0.12224583173000259,0.4283312457450308,0.32283879339930804,5,1.2012996794846735,0.9280643000669792,34.64,,,0.7053388090349094,1,84.74375,2.566011625404485e-09,"['relative strength', 'near breakout/52W high', 'trend structure']",97.77070063694268,91.0828025477707,50.955414012738856,94.26751592356688,96.17834394904459,50.0,24.840764331210192
WIPRO,2026-10-06,Wipro Ltd.,Information Technology,161.84,-0.0018502528678918662,3,True,False,True,[],27.72389579200167,42.72389579200167,15.0,{'DOWNTREND_BOUNCE': 15},[],100.0,39.14921216103505,164.04299926757812,174.5659994506836,198.84269981384278,3.4394408989423426,154.96111454000595,0.04250421375148139,191.33999633789062,273.1000061035156,-0.06342596365918118,-0.06320906758603317,-0.01576726096081582,0,1.4973843537298415,1.409819332448709,69.06,Nifty IT,-0.042437668640266324,0.5555555555555596,0,181.9236,-2.2627962059651452e-08,"['volume/delivery surge', 'smooth (low ATR)', 'repeat gainer']",28.343949044585987,12.579617834394904,89.3312101910828,16.719745222929937,84.23566878980891,3.1147540983606556,91.0828025477707
WOCKPHARMA,2026-10-06,Wockhardt Ltd.,Healthcare,2176.4,0.05471286648897511,1,True,False,True,[],66.60955936096899,66.60955936096899,0.0,{},[],100.0,55.092103655434364,2161.6849975585938,2032.6779956054688,1672.772992553711,84.81926325490402,2006.7613758339419,0.0779445571225792,2360.0,2422.300048828125,-0.0143116384312727,0.18844528166559016,0.1346170762789501,5,1.0726838208762233,1.02597586941093,36.14,Nifty Healthcare Index,0.01796393698282428,0.9377049180327877,1,184.51605,-4.487054316992811e-08,"['relative strength', 'trend structure', 'near breakout/52W high']",85.98726114649682,91.0828025477707,57.961783439490446,73.08917197452229,22.133757961783438,86.55737704918033,9.235668789808917
ZEEL,2026-10-06,Zee Entertainment Enterprises Ltd.,Media Entertainment & Publication,72.42,-0.015631371482941248,1,True,False,True,[],11.535214576589745,26.535214576589745,15.0,{'DOWNTREND_BOUNCE': 15},[],100.0,28.185822927258542,77.12349967956543,90.38639999389649,91.30364994049073,3.3609172722085616,65.69816362452819,0.09281738075629409,117.31999969482422,118.3499984741211,-0.15780904793511707,-0.27427600456433354,-0.16849227158793395,0,1.1170982119580155,1.283113622096673,40.88,Nifty Media,0.04965801614726206,0.0856031128404667,0,109.68005000000001,-2.5283826143862598e-08,"['volume/delivery surge', 'strong sector', 'repeat gainer']",0.6369426751592356,12.579617834394904,77.70700636942675,3.821656050955414,22.133757961783438,99.50819672131148,0.9554140127388535
ZENSARTECH,2026-10-06,Zensar Technolgies Ltd.,Information Technology,445.45,-0.013399778516057559,4,True,False,True,[],22.341730186906126,37.341730186906126,15.0,{'DOWNTREND_BOUNCE': 15},[],100.0,50.33913017892117,434.707502746582,465.47100219726565,536.4547508239746,15.35959641872476,414.73081936958175,0.06896215511421333,553.0999755859375,822.0,-0.018508304028905243,-0.0043584750023584196,0.03611686514615953,1,0.5877005996746705,1.0000000000000002,35.27,Nifty IT,-0.042437668640266324,0.08270676691729095,0,44.168899999999994,2.7403819213844827e-08,"['relative strength', 'repeat gainer', 'trend structure']",56.05095541401274,35.031847133757964,32.48407643312102,7.165605095541402,96.17834394904459,3.1147540983606556,21.97452229299363
ZFCVINDIA,2026-10-06,ZF Commercial Vehicle Control Systems India Ltd.,Automobile and Auto Components,2187.4,-0.006314450551946571,1,True,False,True,[],27.574579722251226,27.574579722251226,0.0,{},[],100.0,24.669765914994173,2376.1949829101563,2490.633984375,2447.9316613769533,60.972530156430594,2065.454842030889,0.05574886429417858,2691.0,3044.0,-0.12212547850515032,-0.05372910108388884,-0.04037703513272822,1,0.777346729002951,1.051380695904933,61.49,Nifty Auto,-0.0372541807511817,0.46473029045643516,0,21.695,-4.464489811173422e-08,"['volume/delivery surge', 'smooth (low ATR)', 'trend structure']",15.605095541401274,35.031847133757964,44.904458598726116,18.949044585987263,22.133757961783438,12.131147540983607,54.140127388535035
ZYDUSLIFE,2026-10-06,Zydus Lifesciences Ltd.,Healthcare,1159.5,0.017998244073748948,1,True,False,True,[],70.62229821447217,70.62229821447217,0.0,{},[],100.0,51.262100895693955,1151.4900024414062,1142.927998046875,1016.0452505493164,29.467274762795416,1100.565450474409,0.05082755457144539,1232.0999755859375,1232.0999755859375,0.03526785714285707,0.010017421602787513,0.07019289403461365,5,1.110752787864922,1.0130904951622084,53.4,Nifty Healthcare Index,0.01796393698282428,0.732323232323234,1,163.40300000000002,0.0,"['relative strength', 'trend structure', 'near breakout/52W high']",70.70063694267516,91.0828025477707,57.48407643312102,84.39490445859872,22.133757961783438,86.55737704918033,71.3375796178344
ZYDUSWELL,2026-10-06,Zydus Wellness Ltd.,Fast Moving Consumer Goods,502.4,0.0384456386936749,2,True,False,False,['LOW_TURNOVER'],,,,{},[],100.0,42.37440877409205,526.6700012207032,528.08,489.3104998779297,17.320495586501117,467.7590027234821,0.0689510182998524,609.5,611.8499755859375,-0.09534524897311247,-0.12090989694403431,-0.060577318296782035,2,0.7631640638081736,0.8777815050877781,39.25,Nifty FMCG,0.028878418254091653,0.8578088578088572,1,9.56655,-1.2148717365434436e-08,,,,,,,,
360ONE,2026-10-07,360 ONE WAM Ltd.,Financial Services,1063.0,-0.006077606358111276,2,True,False,True,[],47.814057012170224,47.814057012170224,0.0,{},[],100.0,44.32465297974401,1064.1849975585938,1126.9340014648437,1104.3557537841798,27.396330830327503,1008.207338339345,0.051545307300710275,1222.9000244140625,1236.199951171875,-0.042342342342342354,-0.05845881310894596,-0.006210314009123363,1,0.2946851748762428,0.9914252188825706,54.92,Nifty Financial Services,0.00780339395834162,0.5438596491228073,0,90.7611,0.0,"['relative strength', 'near breakout/52W high', 'smooth (low ATR)']",42.138364779874216,36.9496855345912,30.660377358490564,52.67295597484277,57.38993710691824,67.37012987012987,67.61006289308176
AADHARHFC,2026-10-07,Aadhar Housing Finance Ltd.,Financial Services,455.05,0.002754517408549928,2,True,False,True,[],43.41940292411991,43.41940292411991,0.0,{},[],100.0,47.66678767892588,452.43999938964845,472.2920001220703,480.94949935913087,12.159035263034983,430.7319172668988,0.05344043770666751,517.7999877929688,563.0,-0.05128741043792173,-0.1487232285389002,-0.055815055771890165,1,0.8991300847736085,0.9565056106834832,51.57,Nifty Financial Services,0.00780339395834162,0.695906432748539,3,11.238150000000001,-2.6825692223120257e-08,"['volume/delivery surge', 'near breakout/52W high', 'strong sector']",18.867924528301888,36.9496855345912,47.95597484276729,47.79874213836478,57.38993710691824,67.37012987012987,63.20754716981132
AARTIIND,2026-10-07,Aarti Industries Ltd.,Chemicals,491.25,0.02099137483113389,1,True,False,True,[],54.45581148411336,54.45581148411336,0.0,{},[],100.0,51.85969193523314,483.0125030517578,501.4150030517578,456.9282518005371,14.794251907314983,461.66149618537,0.06023105102214754,551.75,551.75,-0.024717117143753464,0.014769662892661684,0.039216536590974904,3,1.1328114144610169,0.9419604471195185,43.82,Nifty Chemicals,-0.008316086726218641,0.8862068965517257,3,24.12545,0.0,"['relative strength', 'trend structure', 'near breakout/52W high']",64.77987421383648,68.08176100628931,54.088050314465406,63.83647798742139,20.440251572327043,39.44805194805195,43.710691823899374
AAVAS,2026-10-07,Aavas Financiers Ltd.,Financial Services,1231.7,0.01366142704304174,2,True,False,True,[],25.392673364371475,25.392673364371475,0.0,{},[],100.0,41.19495793414979,1264.9950012207032,1314.6440063476562,1350.9270037841798,40.65732717078611,1150.3852968303029,0.0660182329829655,1544.9000244140625,1771.9000244140625,-0.057035678138834145,-0.18175784812419793,-0.07520649941499524,0,0.549552005750189,0.8057147896639916,45.68,Nifty Financial Services,0.00780339395834162,0.8849765258215992,1,10.297150000000002,-3.964287165203473e-08,"['strong sector', 'repeat gainer', 'relative strength']",12.264150943396226,13.364779874213836,16.82389937106918,16.19496855345912,57.38993710691824,67.37012987012987,28.930817610062892
ABB,2026-10-07,ABB India Ltd.,Capital Goods,7005.0,-0.016497016497016515,4,True,False,True,[],56.64900351221105,56.64900351221105,0.0,{},[],100.0,45.34224972300198,7059.375,7344.89,6624.4625,170.41866978596747,6664.1626604280655,0.04865629401455174,7894.5,7924.5,-0.051712467848923804,0.024722059684025854,0.03069505963407182,2,0.6821312069590432,0.892806922660898,41.27,Nifty India Manufacturing,-0.008940467208090608,0.1198501872659176,0,141.40135,0.0,"['relative strength', 'repeat gainer', 'near breakout/52W high']",59.119496855345915,54.874213836477985,29.245283018867923,60.84905660377359,95.75471698113208,29.383116883116884,76.1006289308176
ABBOTINDIA,2026-10-07,Abbott India Ltd.,Healthcare,26095.0,-0.0007658433850277202,1,True,False,True,[],60.06656865147431,60.06656865147431,0.0,{},[],100.0,42.898347085718285,26483.25,26720.5,26838.3,546.6922576188457,25001.615484762307,0.04190015387000168,28940.0,30655.0,0.00597532767925979,-0.025214792678371345,0.03457053121696502,0,1.384472626043922,1.3899606667915338,74.21,Nifty Healthcare Index,0.03009247179727903,0.58,0,16.81995,0.0,"['relative strength', 'volume/delivery surge', 'strong sector']",61.0062893081761,13.364779874213836,86.63522012578616,62.106918238993714,20.440251572327043,93.66883116883118,90.88050314465409
ABDL,2026-10-07,Allied Blenders and Distillers Ltd.,Fast Moving Consumer Goods,694.25,-0.028545441824669338,2,True,True,True,[],73.73397043208364,73.73397043208364,0.0,{},[],100.0,57.973314062603215,673.3750030517579,636.5360046386719,565.0257501220703,24.48210299872132,645.2857940025574,0.07052820453358677,753.7999877929688,753.7999877929688,0.16778805719091672,0.07013487475915214,0.16315172969155523,5,0.7069015985992078,1.3744109330819982,58.33,Nifty FMCG,0.0275639954647936,0.13481228668942102,0,36.48135,0.0,"['relative strength', 'trend structure', 'near breakout/52W high']",90.25157232704403,91.98113207547169,62.57861635220126,78.93081761006289,57.38993710691824,84.90259740259741,19.18238993710692
ABSLAMC,2026-10-07,Aditya Birla Sun Life AMC Ltd.,Financial Services,1015.5,0.005794087059872277,2,True,False,True,[],51.642673364371475,51.642673364371475,0.0,{},[],100.0,48.04815846712578,1032.885009765625,1027.8080065917968,988.475001525879,37.91461483416548,939.670770331669,0.07467181651238897,1116.9000244140625,1224.9000244140625,-0.02148780861333166,-0.11433802405145055,-0.02372265261587031,3,0.9593665207955653,1.0847457627118644,52.8,Nifty Financial Services,0.00780339395834162,0.19024390243902442,1,21.3008,0.0,"['trend structure', 'volume/delivery surge', 'near breakout/52W high']",35.534591194968556,68.08176100628931,65.09433962264151,60.534591194968556,57.38993710691824,67.37012987012987,12.264150943396226
ACE,2026-10-07,Action Construction Equipment Ltd.,Capital Goods,1249.9,-0.0018367672895702736,1,True,False,True,[],70.3832802417708,70.3832802417708,0.0,{},[],100.0,64.64698964209789,1204.725,1154.6019995117188,968.5002517700195,37.3259624965972,1175.2480994208681,0.059726316933380486,1268.0,1268.0,0.11478779775870529,0.26380184470582657,0.23348508494878673,5,0.8215497888716661,1.0778290993071595,46.67,Nifty India Manufacturing,-0.008940467208090608,0.5166051660516623,0,34.4762,1.953281247857319e-08,"['relative strength', 'near breakout/52W high', 'trend structure']",95.28301886792453,91.98113207547169,58.333333333333336,97.32704402515722,20.440251572327043,29.383116883116884,44.339622641509436
ACMESOLAR,2026-10-07,ACME Solar Holdings Ltd.,Power,436.15,-0.026885319053993828,1,True,False,True,[],65.06197418933267,65.06197418933267,0.0,{},[],100.0,55.556293286726024,431.86749572753905,404.93499938964845,314.5838997650146,17.022732733206304,402.10452843007175,0.07805907587492245,476.8999938964844,476.8999938964844,0.05707704179495421,0.15689653553444138,0.1511770523812186,5,0.6582994378407255,1.0624310611074343,48.16,Nifty Energy,0.014989779207088882,0.16566265060240942,0,49.5531,-1.399407456581514e-08,"['relative strength', 'trend structure', 'near breakout/52W high']",88.67924528301887,91.98113207547169,47.327044025157235,74.21383647798743,20.440251572327043,79.70779220779221,8.49056603773585
ACUTAAS,2026-10-07,Acutaas Chemicals Ltd.,Healthcare,3174.2,0.005543764057401646,1,True,False,True,[],49.390468022543494,49.390468022543494,0.0,{},[],100.0,44.98190222440121,3284.494970703125,3244.719990234375,2721.544997558594,114.71840746126023,2944.7631362493544,0.07228177759810483,3693.0,3740.0,-0.002482683209806602,-0.06663140861055139,0.009633217806341798,3,0.6442249156013061,0.9959387691346454,47.82,Nifty Healthcare Index,0.03009247179727903,0.6568965517241364,2,111.10879999999999,-1.538281291235677e-08,"['relative strength', 'trend structure', 'strong sector']",50.943396226415096,68.08176100628931,40.09433962264151,49.21383647798742,20.440251572327043,93.66883116883118,16.352201257861637
ADANIENSOL,2026-10-07,Adani Energy Solutions Ltd.,Power,1318.8,-0.02318346789126724,4,True,False,True,[],37.679898717634565,37.679898717634565,0.0,{},[],100.0,38.43216289547192,1353.9600036621093,1471.5019995117189,1299.063501586914,45.15646173203696,1228.487125364051,0.06848113445576931,1758.0,1789.0,-0.06315259318560251,-0.2026601881329353,-0.08871612694274811,2,0.947185463724611,0.7823648193852366,34.87,Nifty Energy,0.014989779207088882,0.2094801223241594,0,208.1035,3.7024662669082886e-08,"['repeat gainer', 'trend structure', 'strong sector']",9.433962264150944,54.874213836477985,32.861635220125784,15.251572327044025,95.75471698113208,79.70779220779221,23.270440251572328
ADANIENT,2026-10-07,Adani Enterprises Ltd.,Metals & Mining,2743.0,-0.037510088073265724,2,True,False,True,[],43.531303602058316,43.531303602058316,0.0,{},[],100.0,36.881283518959364,2928.4299926757812,2976.882001953125,2591.682500610352,79.88348839379236,2583.2330232124154,0.05824534334217446,3201.89990234375,3245.0,-0.07114560655190705,-0.13121972648177616,-0.05699240280032081,2,1.0561864735344628,1.1355831853167557,47.95,Nifty Metal,-0.024540237346309834,0.09458297506448825,0,485.37665,0.0,"['volume/delivery surge', 'trend structure', 'near breakout/52W high']",18.238993710691823,54.874213836477985,72.79874213836479,47.95597484276729,57.38993710691824,20.454545454545453,48.42767295597484
ADANIGREEN,2026-10-07,Adani Green Energy Ltd.,Power,1341.4,0.0216298552932217,2,True,False,True,[],62.601282365433306,62.601282365433306,0.0,{},[],100.0,58.37751890076649,1287.2199951171874,1310.2,1209.6207498168944,38.00422837985932,1265.3915676543438,0.05666352719273282,1548.0,1631.5,0.03823531301398031,-0.12703368103168244,-0.00020892029233027243,4,5.896660937240976,1.0803212851405621,40.35,Nifty Energy,0.014989779207088882,0.45752608047690146,3,140.9508,1.820043427080975e-08,"['volume/delivery surge', 'trend structure', 'relative strength']",46.540880503144656,78.61635220125787,88.52201257861635,46.22641509433962,57.38993710691824,79.70779220779221,52.515723270440255
ADANIPORTS,2026-10-07,Adani Ports and Special Economic Zone Ltd.,Services,1750.1,-0.018672199170124637,2,True,False,True,[],63.46759372702769,63.46759372702769,0.0,{},[],100.0,49.16899509850951,1770.3450134277343,1721.6280029296875,1638.2390032958983,40.215910111847634,1669.6681553622423,0.04595841457386829,1847.199951171875,1891.0999755859375,0.023450278120431323,-0.042667250720245575,0.03458177741661367,4,0.7072599782612384,0.8616918904732744,49.25,Nifty Services Sector,0.0017563355922071144,0.22961373390557593,0,297.1673,-1.3950095634207571e-08,"['relative strength', 'near breakout/52W high', 'trend structure']",61.320754716981135,78.61635220125787,28.30188679245283,83.80503144654088,57.38993710691824,55.1948051948052,82.70440251572327
ADANIPOWER,2026-10-07,Adani Power Ltd.,Power,196.94,-0.026976284584980248,2,True,False,True,[],50.069835824552804,50.069835824552804,0.0,{},[],100.0,43.00849800860268,203.00200119018555,205.77760009765626,189.9881505584717,5.761118531715182,185.41776537797588,0.05850633147452344,221.6999969482422,254.1999969482422,-0.05499036367904353,-0.0984664445288701,-0.03253814038743602,2,0.9796626194408501,1.0239646347138203,44.01,Nifty Energy,0.014989779207088882,0.1261744966442952,0,397.23664999999994,1.23967007770176e-08,"['volume/delivery surge', 'trend structure', 'strong sector']",29.559748427672957,54.874213836477985,60.062893081761004,46.54088050314465,57.38993710691824,79.70779220779221,47.484276729559745
AEGISLOG,2026-10-07,Aegis Logistics Ltd.,Oil Gas & Consumable Fuels,1460.2,0.046063471595386485,4,True,False,True,[],73.6455525606469,73.6455525606469,0.0,{},[],99.89829859653842,60.09993458690219,1377.2299926757812,1337.9879956054688,942.8524990844727,65.16794430306052,1329.864062565754,0.08925893231370174,1528.699951171875,1528.699951171875,0.15148645949399686,0.1718160499002208,0.20584151841362963,5,1.6131142446856093,0.856765094755399,29.16,Nifty Oil & Gas,0.0008677160208944157,0.7868852459016397,2,147.457,-3.343934051880382e-08,"['relative strength', 'trend structure', 'near breakout/52W high']",93.08176100628931,91.98113207547169,55.660377358490564,88.36477987421384,95.75471698113208,51.785714285714285,2.20125786163522
AEGISVOPAK,2026-10-07,Aegis Vopak Terminals Ltd.,Oil Gas & Consumable Fuels,294.25,0.0030680074995736994,1,True,False,True,[],55.713162623539986,55.713162623539986,0.0,{},[],100.0,51.15788431052592,298.1,286.6911981201172,236.27184982299804,12.373242144568119,269.5035157108638,0.08410020149239161,320.95001220703125,320.95001220703125,0.012386052568773787,0.03909177064247271,0.06992917532214404,4,0.7717662118634622,0.9512958557656191,37.99,Nifty Oil & Gas,0.0008677160208944157,0.3318584070796457,1,52.172799999999995,0.0,"['relative strength', 'trend structure', 'near breakout/52W high']",75.47169811320755,78.61635220125787,40.880503144654085,75.47169811320754,20.440251572327043,51.785714285714285,3.7735849056603774
AETHER,2026-10-07,Aether Industries Ltd.,Chemicals,1787.6,-0.006778530947883166,1,True,False,True,[],64.84889324511965,64.84889324511965,0.0,{},[],97.65937862576547,63.91545056295271,1677.5249938964844,1642.597998046875,1254.0927526855469,59.98043753869986,1667.6391005085377,0.06710722573045413,1814.0999755859375,1814.0999755859375,0.0880759322062108,0.19109802600403403,0.1837772428216432,5,0.8963655325635119,0.8229759299781181,37.61,Nifty Chemicals,-0.008316086726218641,0.45721925133689484,0,52.666900000000005,-1.3657452724302743e-08,"['relative strength', 'near breakout/52W high', 'trend structure']",91.50943396226415,91.98113207547169,34.119496855345915,97.0125786163522,20.440251572327043,39.44805194805195,25.157232704402517
AFCONS,2026-10-07,Afcons Infrastructure Ltd.,Construction,244.38,0.009209167871154111,1,True,False,True,[],0.0,12.20503553050723,15.0,{'DOWNTREND_BOUNCE': 15},[],100.0,35.03464771168787,252.94049911499025,268.6142001342773,307.87605003356936,9.743814776756242,224.89237532930002,0.07974314249996584,304.54998779296875,479.3999938964844,-0.12799284609165928,-0.1878364578269679,-0.1137243882427928,0,0.27020184573444705,0.7065368567454798,30.48,Nifty Infrastructure,0.0003333538178706963,0.7613019891500917,2,22.062250000000002,1.998040954909186e-08,"['strong sector', 'repeat gainer', 'trend structure']",3.459119496855346,13.364779874213836,4.245283018867925,7.70440251572327,20.440251572327043,48.701298701298704,6.289308176100629
AIIL,2026-10-07,Authum Investment & Infrastructure Ltd.,Financial Services,549.65,-0.0009088430428064731,1,True,False,False,['LOW_TURNOVER'],,,,{},[],100.0,52.18540457623595,544.5799957275391,548.6070007324219,520.1772007751465,18.17441771528153,513.3011889834994,0.06613087203864254,607.7000122070312,683.0,0.04456482642156412,0.06935802415187253,0.10115168900323912,4,0.5190793516363509,1.0047932226061753,45.07,Nifty Financial Services,0.00780339395834162,0.40579710144927233,0,8.718800000000002,4.4417470146385085e-08,,,,,,,,
AJANTPHARM,2026-10-07,Ajanta Pharmaceuticals Ltd.,Healthcare,3569.8,-0.0010074438909721817,3,True,True,True,[],78.59644286531079,78.59644286531079,0.0,{},[],100.0,52.64194327643022,3541.754992675781,3545.723994140625,3125.0059924316406,93.05540175984825,3383.6892453084283,0.052134797740504335,3796.0,3796.0,0.0159949765510774,0.07927196258026137,0.09182373328219018,4,1.1428273676338068,1.0134744947064485,52.65,Nifty Healthcare Index,0.03009247179727903,0.49571603427172695,0,28.81165,1.3678112198434178e-08,"['relative strength', 'near breakout/52W high', 'trend structure']",81.44654088050315,78.61635220125787,64.62264150943396,83.49056603773585,82.54716981132076,93.66883116883118,66.0377358490566
ALKEM,2026-10-07,Alkem Laboratories Ltd.,Healthcare,5350.5,0.011054421768707412,4,True,False,True,[],67.7473862615372,67.7473862615372,0.0,{},[],100.0,53.956464699475724,5247.975,5364.53,5476.11,119.899857138339,5110.700285723322,0.04481818788462355,5882.5,5933.5,0.02060085836909864,-0.0527573692130654,0.028112008294537416,1,1.3148619937125663,0.9854376965083568,59.55,Nifty Healthcare Index,0.03009247179727903,0.52,2,82.17295,0.0,"['relative strength', 'near breakout/52W high', 'volume/delivery surge']",58.17610062893082,36.9496855345912,64.77987421383648,70.28301886792453,95.75471698113208,93.66883116883118,84.59119496855345
AMBER,2026-10-07,Amber Enterprises India Ltd.,Consumer Durables,6925.0,0.00815256951521337,2,True,False,True,[],36.97868169566282,36.97868169566282,0.0,{},[],100.0,46.91187692701476,6963.125,7211.24,7253.09,191.84284242351745,6541.314315152965,0.05540587506816397,7873.0,8974.0,-0.0690953085092082,-0.08887573185974607,-0.03479525646795634,0,0.8050709939148073,1.0690153046491482,37.02,Nifty Consumer Durables,-0.028473784292969873,1.0,3,80.6966,0.0,"['volume/delivery surge', 'relative strength', 'near breakout/52W high']",28.30188679245283,13.364779874213836,56.76100628930817,42.924528301886795,57.38993710691824,16.72077922077922,55.34591194968554
AMBUJACEM,2026-10-07,Ambuja Cements Ltd.,Construction Materials,356.9,-0.01286129166090455,1,True,False,True,[],15.916135751041413,30.916135751041413,15.0,{'DOWNTREND_BOUNCE': 15},[],100.0,29.4679246736804,378.7749984741211,401.6989996337891,451.0200006103516,8.38224978611284,340.1354943242587,0.04697254093281966,450.5,588.75,-0.10394174030957681,-0.18226604670780056,-0.09891362979216789,0,2.5883202402526178,1.2551435801518318,57.04,Nifty Cement,-0.027460905978277328,0.43203883495145473,0,51.9458,-1.7101472682412577e-08,"['volume/delivery surge', 'smooth (low ATR)', 'repeat gainer']",5.9748427672955975,13.364779874213836,94.0251572327044,8.49056603773585,20.440251572327043,18.83116883116883,81.13207547169812
ANANTRAJ,2026-10-07,Anant Raj Ltd.,Realty,612.15,0.005337493841353291,1,True,False,True,[],53.05756350567671,53.05756350567671,0.0,{},[],100.0,53.40387814213766,601.4950012207031,611.3340002441406,547.2272503662109,18.233667335620435,575.6826897428216,0.059572544665250526,649.0,743.6500244140625,-0.02189015212319656,0.04489212242745433,0.05569124886864968,4,1.3263146707283755,0.739820396112683,30.07,Nifty Realty,-0.04259665398070134,0.5047619047619059,3,89.2578,3.988248398201222e-08,"['relative strength', 'trend structure', 'near breakout/52W high']",70.44025157232704,78.61635220125787,41.509433962264154,67.9245283018868,20.440251572327043,7.305194805194805,44.65408805031446
ANGELONE,2026-10-07,Angel One Ltd.,Financial Services,302.0,0.023728813559322104,4,True,False,True,[],64.10336518827086,64.10336518827086,0.0,{},[],100.0,58.81343873511993,291.2425003051758,292.4729986572266,288.9131999206543,8.847858039347834,284.3042839213043,0.05859508635329691,323.0,360.45001220703125,0.01342281879194629,-0.12729371289364855,-0.012745183334330334,4,3.4189730307432153,0.9536332179930797,34.45,Nifty Financial Services,0.00780339395834162,0.7166666666666667,3,113.71955000000001,0.0,"['trend structure', 'volume/delivery surge', 'near breakout/52W high']",39.937106918238996,78.61635220125787,72.95597484276729,69.0251572327044,95.75471698113208,67.37012987012987,47.16981132075472
ANTHEM,2026-10-07,Anthem Biosciences Ltd.,Healthcare,887.05,-0.0037064075925198336,2,True,False,True,[],63.0225434942416,63.0225434942416,0.0,{},[],100.0,50.16399085726803,895.0899993896485,888.3720007324218,755.947251586914,26.296537935632283,834.4569119217042,0.059289867081920744,977.5499877929688,977.5499877929688,-0.07386719659814067,0.17536766058727826,0.09494049571108959,3,0.26195726024587535,0.8648506151142356,49.21,Nifty Healthcare Index,0.03009247179727903,0.4956896551724128,0,54.734899999999996,-1.3761378925281065e-08,"['relative strength', 'near breakout/52W high', 'trend structure']",81.76100628930817,68.08176100628931,14.779874213836477,70.12578616352201,57.38993710691824,93.66883116883118,45.283018867924525
APARINDS,2026-10-07,Apar Industries Ltd.,Capital Goods,18160.0,0.00799289520426294,4,True,False,True,[],72.41944376378339,72.41944376378339,0.0,{},[],100.0,56.592411599126926,17764.2,17148.14,12857.9025,692.765394540382,16774.469210919237,0.07629574829739882,19265.0,19265.0,0.02977034306776294,0.29179115094608044,0.20497101072344248,5,0.8497788112748513,1.1026605751142167,41.03,Nifty India Manufacturing,-0.008940467208090608,0.5747126436781609,1,227.1239,0.0,"['relative strength', 'trend structure', 'near breakout/52W high']",92.76729559748428,91.98113207547169,61.79245283018868,84.27672955974843,95.75471698113208,29.383116883116884,10.062893081761006
APOLLOTYRE,2026-10-07,Apollo Tyres Ltd.,Automobile and Auto Components,407.6,0.015066616859668702,2,True,False,True,[],46.01159846442866,46.01159846442866,0.0,{},[],100.0,46.63959212887156,406.56750030517577,424.7670007324219,437.9632502746582,10.659281682220525,386.2814427390746,0.05230265712760296,467.3999938964844,540.5,-0.009477506431310734,-0.07384685196381413,0.0025280845189583623,1,1.0981019053335466,1.0247546833184655,45.95,Nifty Auto,-0.04145903795535644,0.9504504504504544,1,20.4921,1.497427781771421e-08,"['relative strength', 'volume/delivery surge', 'smooth (low ATR)']",47.16981132075472,36.9496855345912,64.30817610062893,37.42138364779874,57.38993710691824,11.688311688311689,65.09433962264151
ASAHIINDIA,2026-10-07,Asahi India Glass Ltd.,Automobile and Auto Components,976.25,0.020168242854903484,2,True,False,True,[],68.37008903046639,68.37008903046639,0.0,{},[],100.0,58.11111901558161,961.225,942.8790026855469,905.6690011596679,24.583969812420438,927.0820603751591,0.05036408668357584,995.0,1074.0,0.02262606718016369,0.09500309950842589,0.10300484706081559,5,0.9641481341431711,0.9025871766029245,40.12,Nifty Auto,-0.04145903795535644,0.8333333333333334,3,13.9621,0.0,"['relative strength', 'trend structure', 'near breakout/52W high']",83.9622641509434,91.98113207547169,43.71069182389937,86.32075471698113,57.38993710691824,11.688311688311689,71.69811320754717
ASIANPAINT,2026-10-07,Asian Paints Ltd.,Consumer Durables,2372.1,-0.021491626103456785,2,True,False,True,[],40.4456628277383,40.4456628277383,0.0,{},[],100.0,36.71570937882282,2428.1100219726563,2564.474013671875,2552.7985009765625,46.30758224414858,2279.484933167953,0.03904353133318672,2864.0,2985.699951171875,-0.044124756484099636,-0.11416085801688491,-0.03495254353397148,1,0.9478698164233513,0.8669010547463586,51.78,Nifty Consumer Durables,-0.028473784292969873,0.27674418604651374,0,134.8608,4.116869023462755e-08,"['smooth (low ATR)', 'relative strength', 'volume/delivery surge']",27.67295597484277,36.9496855345912,39.937106918238996,34.119496855345915,57.38993710691824,16.72077922077922,94.65408805031447
ASTERDM,2026-10-07,Aster DM Quality Care Ltd.,Healthcare,680.3,-0.006426172046151701,2,True,False,True,[],38.96593972065669,38.96593972065669,0.0,{},[],100.0,27.746324892237865,740.5250030517578,776.9360034179688,711.5527499389649,22.612885799210073,635.0742161945486,0.06647915979705032,891.2999877929688,891.2999877929688,-0.14497584752296155,-0.1571579418747816,-0.10687663098235078,1,1.0680448675913357,1.1968465139196847,72.87,Nifty Healthcare Index,0.03009247179727903,0.2909090909090909,0,80.52595000000001,-1.7943600161274276e-08,"['volume/delivery surge', 'strong sector', 'repeat gainer']",4.716981132075472,36.9496855345912,75.47169811320754,20.754716981132077,57.38993710691824,93.66883116883118,27.044025157232703
ASTRAL,2026-10-07,Astral Ltd.,Capital Goods,1427.7,0.01811309990729515,2,True,False,True,[],54.785795965041245,54.785795965041245,0.0,{},[],100.0,52.438339723775236,1398.2800048828126,1457.3660034179688,1503.8974993896484,34.39110425325677,1358.9177426653614,0.048176935531906606,1600.0,1768.699951171875,-0.047056469294940007,0.0839723465462332,0.06264820234216739,1,1.7018706995412844,0.6798479087452471,40.23,Nifty India Manufacturing,-0.008940467208090608,0.6487889273356406,3,62.0671,-3.420054983660492e-08,"['relative strength', 'near breakout/52W high', 'smooth (low ATR)']",72.32704402515724,36.9496855345912,45.911949685534594,52.20125786163522,57.38993710691824,29.383116883116884,77.67295597484276
ATHERENERG,2026-10-07,Ather Energy Ltd.,Automobile and Auto Components,1455.0,0.006224066390041472,1,True,False,True,[],52.756881483296574,52.756881483296574,0.0,{},[],100.0,44.90179678713867,1516.9250061035157,1509.5280029296875,1029.239249267578,59.95455749533927,1335.0908850093215,0.08241176288019147,1744.0,1744.0,-0.07794676806083645,0.18697988419154665,0.0987068217818759,3,1.1127287418323264,1.261797752808989,44.92,Nifty Auto,-0.04145903795535644,0.7689075630252097,3,570.6075999999999,0.0,"['relative strength', 'volume/delivery surge', 'trend structure']",83.64779874213836,68.08176100628931,78.45911949685535,41.19496855345912,20.440251572327043,11.688311688311689,4.716981132075472
AUBANK,2026-10-07,AU Small Finance Bank Ltd.,Financial Services,993.4,-0.033657587548638124,2,True,False,True,[],48.53732745242179,48.53732745242179,0.0,{},[],100.0,41.13745423478978,1025.6249969482421,1056.7279943847657,1006.6849987792968,24.91334186396691,943.5733406861286,0.050157723478337135,1144.0999755859375,1144.0999755859375,-0.07478805104738084,-0.07340728753292147,-0.029907405573630363,1,1.3805785451777821,0.8602437505560004,48.35,Nifty Financial Services,0.00780339395834162,0.13178294573643454,0,132.6787,2.457626591123585e-08,"['near breakout/52W high', 'volume/delivery surge', 'relative strength']",30.50314465408805,36.9496855345912,51.257861635220124,53.144654088050316,57.38993710691824,67.37012987012987,72.32704402515724
AUROPHARMA,2026-10-07,Aurobindo Pharma Ltd.,Healthcare,1682.0,-0.006379962192816557,2,True,True,True,[],74.79927305399005,74.79927305399005,0.0,{},[],100.0,51.07880633589903,1689.4200134277344,1657.0240087890625,1431.0979992675782,34.27581654493782,1613.4483669101244,0.04075602442917692,1740.0,1740.0,-0.005910165484633523,0.07496648078775348,0.07871842136808077,4,0.518649561075389,0.9789724261059315,49.35,Nifty Healthcare Index,0.03009247179727903,0.4049295774647874,0,144.63805,0.0,"['relative strength', 'near breakout/52W high', 'trend structure']",77.9874213836478,78.61635220125787,33.80503144654088,93.71069182389937,57.38993710691824,93.66883116883118,92.76729559748428
AVANTIFEED,2026-10-07,Avanti Feeds Ltd.,Fast Moving Consumer Goods,722.3,0.011482985576249716,2,True,False,True,[],10.45566854529119,25.45566854529119,15.0,{'DOWNTREND_BOUNCE': 15},[],100.0,32.88148220121957,753.3874938964843,814.9309985351563,1043.4689987182617,24.161501332410104,673.9769851281485,0.06690156926691093,1006.0999755859375,1593.800048828125,-0.13719170193117958,-0.21892404672293186,-0.13386761061053493,0,1.0657241663530972,0.818420751914067,35.81,Nifty FMCG,0.0275639954647936,0.6652173913043459,2,17.2907,-1.690022322087259e-08,"['strong sector', 'volume/delivery surge', 'repeat gainer']",1.8867924528301887,13.364779874213836,40.094339622641506,1.2578616352201257,57.38993710691824,84.90259740259741,25.471698113207548
AWL,2026-10-07,AWL Agri Business Ltd.,Fast Moving Consumer Goods,187.11,0.006346474479642872,1,True,False,True,[],56.74497672139181,56.74497672139181,0.0,{},[],100.0,55.30463159322778,182.54249801635743,188.51079956054687,194.8042498779297,4.793519495310817,177.52296161972993,0.051237448342412395,204.82000732421875,282.8999938964844,-0.0021864529264497,-0.015210523103412865,0.03549177570158951,1,1.7713436733621764,1.0586231085279088,52.82,Nifty FMCG,0.0275639954647936,0.6729323308270709,3,29.39525,3.2619931200628116e-09,"['relative strength', 'volume/delivery surge', 'strong sector']",62.893081761006286,36.9496855345912,79.71698113207546,40.880503144654085,20.440251572327043,84.90259740259741,68.55345911949685
AZAD,2026-10-07,Azad Engineering Ltd.,Capital Goods,3048.2,-0.004701887285313178,4,True,False,True,[],70.8392550845381,70.8392550845381,0.0,{},[],89.47776353871485,64.57858383211561,2808.744982910156,2729.717998046875,2083.708504638672,117.59882351625588,2813.0023041393633,0.07715952063515075,3127.89990234375,3127.89990234375,0.08011758821148862,0.2293607385246521,0.19892942708459116,5,1.3118293293209244,0.7409043659043658,28.51,Nifty India Manufacturing,-0.008940467208090608,0.7558479532163705,0,123.05425,-1.6018674942053224e-08,"['relative strength', 'near breakout/52W high', 'trend structure']",92.45283018867924,91.98113207547169,41.19496855345912,95.28301886792454,95.75471698113208,29.383116883116884,9.433962264150944
BAJAJHFL,2026-10-07,Bajaj Housing Finance Ltd.,Financial Services,84.08,0.020883924235065576,3,True,False,True,[],62.37380543984318,62.37380543984318,0.0,{},[],100.0,53.782248760561984,83.26150054931641,84.1500001525879,86.44784976959228,1.5313563576210463,81.01728911581259,0.03642617327002595,88.4000015258789,112.4000015258789,0.0008332304849927308,-0.045304847026177764,0.021954455445928278,1,1.3515393057341958,0.968479262672811,52.54,Nifty Financial Services,0.00780339395834162,0.8782287822878232,1,28.15825,2.1777529557454045e-08,"['relative strength', 'smooth (low ATR)', 'volume/delivery surge']",55.9748427672956,36.9496855345912,62.893081761006286,57.54716981132075,82.54716981132076,67.37012987012987,97.79874213836477
BAJAJHLDNG,2026-10-07,Bajaj Holdings & Investment Ltd.,Financial Services,10662.0,0.005849056603773661,1,True,False,True,[],55.87223311279916,55.87223311279916,0.0,{},[],100.0,41.94651864674143,10970.4,11184.76,10667.61,249.94317326700548,10162.113653465989,0.046884857112550304,11644.0,13250.0,-0.02683461117196062,0.00765523107456767,0.03460057366782432,1,0.9551604032997251,1.0437545388525782,57.49,Nifty Financial Services,0.00780339395834162,0.44549763033175355,1,44.179449999999996,0.0,"['relative strength', 'volume/delivery surge', 'near breakout/52W high']",61.63522012578616,36.9496855345912,61.00628930817609,58.9622641509434,20.440251572327043,67.37012987012987,81.44654088050315
BAJFINANCE,2026-10-07,Bajaj Finance Ltd.,Financial Services,963.85,0.0007787353338177816,1,True,False,True,[],44.37852242097525,44.37852242097525,0.0,{},[],100.0,38.11540043552212,997.3574981689453,1051.7750036621094,975.4837512207031,23.86054276733931,916.1288900512588,0.04951090599516628,1176.4000244140625,1176.4000244140625,-0.08561806478539491,-0.05551202784327536,-0.02637478259781434,1,2.0030913693817034,0.863678516228748,55.88,Nifty Financial Services,0.00780339395834162,0.3598130841121514,1,556.236,-2.5329732311618613e-08,"['volume/delivery surge', 'relative strength', 'smooth (low ATR)']",33.64779874213836,36.9496855345912,59.119496855345915,35.69182389937107,20.440251572327043,67.37012987012987,74.21383647798743
BALRAMCHIN,2026-10-07,Balrampur Chini Mills Ltd.,Fast Moving Consumer Goods,706.6,0.02213221466801696,3,True,False,True,[],77.60975659560565,77.60975659560565,0.0,{},[],100.0,59.39530964230384,676.3100006103516,667.8769958496093,543.5837495422363,27.630070154026328,651.3398352778848,0.0782056923540494,780.9500122070312,780.9500122070312,-0.006817115099974735,0.24642784469142742,0.16399562851224714,5,1.5183613435691725,1.3184149184149185,28.28,Nifty FMCG,0.0275639954647936,0.8482142857142866,3,73.3474,-3.4551461247644966e-08,"['relative strength', 'trend structure', 'volume/delivery surge']",90.56603773584905,91.98113207547169,88.67924528301887,69.33962264150944,82.54716981132076,84.90259740259741,7.232704402515723
BANDHANBNK,2026-10-07,Bandhan Bank Ltd.,Financial Services,162.99,-0.007066707279926865,1,True,False,True,[],26.82349097443437,26.82349097443437,0.0,{},[],100.0,37.316413501574495,176.80599975585938,173.4113998413086,177.12844985961914,5.910053447499253,151.16989859816556,0.07252043988362367,193.0,220.75999450683594,-0.050064088158413234,-0.2238571166992187,-0.09277033871229518,1,0.8344032137983466,0.794486215538847,34.87,Nifty Financial Services,0.00780339395834162,0.2651757188498401,0,202.39345,3.370246060008242e-08,"['strong sector', 'trend structure', 'near breakout/52W high']",8.49056603773585,36.9496855345912,28.930817610062896,29.559748427672957,20.440251572327043,67.37012987012987,16.037735849056602
BANKBARODA,2026-10-07,Bank of Baroda,Financial Services,234.55,0.007820220856787019,1,True,False,True,[],49.24487462223311,49.24487462223311,0.0,{},[],100.0,48.91211634515341,233.53350067138672,239.50580047607423,268.54954986572267,4.393143218136627,225.76371661548455,0.03746018470242529,251.39999389648438,325.5,-0.008664425185436864,-0.06535164015111283,0.007182231048245946,1,0.8996838942362443,0.8197449768160741,42.43,Nifty Financial Services,0.00780339395834162,0.7048387096774213,1,164.7356,1.301111840490421e-08,"['relative strength', 'smooth (low ATR)', 'near breakout/52W high']",49.37106918238994,36.9496855345912,34.27672955974843,51.88679245283019,20.440251572327043,67.37012987012987,96.54088050314465
BANKINDIA,2026-10-07,Bank of India,Financial Services,133.55,0.010517554479418934,2,True,False,True,[],47.33449726374255,47.33449726374255,0.0,{},[],100.0,43.096492191232684,135.70449981689453,139.83780029296875,146.9039500427246,3.1613051252024276,127.22739280135296,0.04734264399795263,147.89999389648438,178.36000061035156,-0.05189548152008561,-0.07832982279374645,-0.020922388440395234,0,2.2469329658061032,0.8290098244839386,37.55,Nifty Financial Services,0.00780339395834162,0.6673427991886443,1,61.0384,2.2851050607286538e-08,"['relative strength', 'volume/delivery surge', 'smooth (low ATR)']",37.106918238993714,13.364779874213836,57.704402515723274,46.22641509433962,57.38993710691824,67.37012987012987,79.87421383647799
BBOX,2026-10-07,Black Box Ltd.,Information Technology,884.85,0.05345556283112085,4,True,False,True,[],64.62447929429061,64.62447929429061,0.0,{},[],80.78425709721742,67.6016912536883,799.959994506836,772.9719982910157,710.7607513427735,38.186366821396966,808.4772419431436,0.0863115056224314,854.5999755859375,1103.0,0.1478141750721631,-0.04070907180643013,0.09774281534938728,5,3.230489152628528,0.812760454088231,28.28,Nifty IT,-0.04433637332109952,0.8932038834951457,3,56.693599999999996,-2.759118777895253e-08,"['relative strength', 'trend structure', 'near breakout/52W high']",83.33333333333333,91.98113207547169,58.333333333333336,73.42767295597484,95.75471698113208,3.0844155844155843,3.459119496855346
BDL,2026-10-07,Bharat Dynamics Ltd.,Capital Goods,1085.0,-0.015247776365946542,1,True,False,True,[],18.94460099648779,18.94460099648779,0.0,{},[],100.0,31.48173551815904,1138.125,1237.85599609375,1311.539498901367,32.034536423076176,1020.9309271538476,0.05904983672456443,1427.699951171875,1633.4000244140625,-0.12676056338028174,-0.19300855336556344,-0.1156942946564018,0,0.8267381822234104,0.8652020612964468,31.9,Nifty India Manufacturing,-0.008940467208090608,0.2433460076045645,0,111.2221,0.0,"['volume/delivery surge', 'smooth (low ATR)', 'strong sector']",3.1446540880503147,13.364779874213836,34.27672955974843,9.59119496855346,20.440251572327043,29.383116883116884,45.911949685534594
BELRISE,2026-10-07,Belrise Industries Ltd.,Automobile and Auto Components,246.31,0.04011654913221574,1,True,False,True,[],60.11537204933432,60.11537204933432,0.0,{},[],100.0,58.32965316043766,237.832999420166,237.92959930419923,212.1692504119873,7.535189452318397,231.23961865395697,0.06118460092571654,268.20001220703125,268.20001220703125,0.08425408083779673,0.06369839417651435,0.11816650122367633,4,1.371186092659895,0.8833891710796498,40.87,Nifty Auto,-0.04145903795535644,0.9308314937454012,2,63.563649999999996,-9.911925058503357e-09,"['relative strength', 'trend structure', 'near breakout/52W high']",86.16352201257861,78.61635220125787,53.773584905660385,76.72955974842768,20.440251572327043,11.688311688311689,39.937106918238996
BEML,2026-10-07,BEML Ltd.,Capital Goods,2006.2,-0.017628048183331746,1,True,False,True,[],56.95560728579596,56.95560728579596,0.0,{},[],100.0,50.26465003528284,2027.9650024414063,1952.752001953125,1795.5679992675782,65.39428521104767,1875.4113807497797,0.0651921910105212,2205.0,2275.75,-0.04339118926125807,0.10467484067037924,0.07483208942108138,4,0.650090271877655,1.1334184035162342,39.97,Nifty India Manufacturing,-0.008940467208090608,0.2792079207920819,0,46.1409,-2.4338612791829917e-08,"['relative strength', 'trend structure', 'near breakout/52W high']",76.72955974842768,78.61635220125787,53.14465408805031,67.13836477987422,20.440251572327043,29.383116883116884,29.559748427672957
BERGEPAINT,2026-10-07,Berger Paints India Ltd.,Consumer Durables,463.9,-0.01830494127605553,2,True,False,True,[],40.201952135914404,40.201952135914404,0.0,{},[],100.0,47.439577199217496,456.3824981689453,494.2519970703125,488.23500061035156,12.17274413566232,439.5545056251597,0.05248003576554727,565.9000244140625,594.5499877929688,-0.042518072453076594,-0.06659960986622859,-0.010368577443131799,2,0.4929644014289275,0.8781917911859277,46.43,Nifty Consumer Durables,-0.028473784292969873,0.20792079207920525,0,17.486,-1.3156963962757118e-08,"['relative strength', 'trend structure', 'smooth (low ATR)']",41.19496855345912,54.874213836477985,20.91194968553459,30.9748427672956,57.38993710691824,16.72077922077922,64.77987421383648
BHARATCOAL,2026-10-07,Bharat Coking Coal Ltd.,Oil Gas & Consumable Fuels,32.09,0.0012480499219971186,1,True,False,False,"['PRICE_LT_50', 'INELIGIBLE_HISTORY']",,,,{},[],100.0,42.68384791431346,32.425999546051024,33.31539981842041,,0.7950175395320568,30.49996507352378,0.04954923875049855,36.41999816894531,45.09000015258789,-0.04237535780575774,-0.14563367999748933,-0.04981425518510274,0,0.7379880247856352,0.8957651283134438,42.41,Nifty Oil & Gas,0.0008677160208944157,0.5106382978723459,3,13.190850000000001,4.75499795093981e-09,,,,,,,,
BHARATFORG,2026-10-07,Bharat Forge Ltd.,Automobile and Auto Components,1841.8,-0.02031914893617026,1,True,False,True,[],25.571346892101605,25.571346892101605,0.0,{},[],100.0,35.34981191381122,1930.3150024414062,2021.2799975585938,1870.6010021972656,50.24551884338674,1741.3090111413514,0.05456131774494877,2295.0,2295.0,-0.08080047227084175,-0.12999525326966221,-0.06120759905373119,1,0.5682482900823044,0.7910691595570883,43.58,Nifty Auto,-0.04145903795535644,0.3378684807256212,0,143.30295,2.6511089767922158e-08,"['smooth (low ATR)', 'trend structure', 'near breakout/52W high']",15.723270440251572,36.9496855345912,16.037735849056602,30.660377358490567,20.440251572327043,11.688311688311689,58.80503144654088
BHARTIARTL,2026-10-07,Bharti Airtel Ltd.,Telecommunication,1833.9,0.012924606462303201,2,True,False,True,[],59.43396226415094,59.43396226415094,0.0,{},['SECTOR_UNMAPPED'],100.0,52.6167636675556,1808.1899963378905,1873.7019970703125,1900.3505010986328,31.356833490754855,1771.1863574325528,0.0341968843157342,2031.0,2174.5,-0.005477210187601722,-0.045042698864988906,0.01893030919022548,1,2.946290039606393,0.944620811287478,66.95,,,0.5294117647058839,3,846.97005,1.3312646540697415e-08,"['relative strength', 'volume/delivery surge', 'smooth (low ATR)']",54.40251572327044,36.9496855345912,70.75471698113208,60.84905660377358,57.38993710691824,50.0,98.11320754716981
BHARTIHEXA,2026-10-07,Bharti Hexacom Ltd.,Telecommunication,1477.9,0.06569079896163843,1,True,False,True,[],43.191823899371066,43.191823899371066,0.0,{},['SECTOR_UNMAPPED'],100.0,50.17452075020832,1473.6149963378907,1528.6660009765626,1567.8414965820311,41.47041619047795,1394.9591920331065,0.05612073280385743,1678.0999755859375,1955.5999755859375,-0.046085343163881465,-0.07901784172499882,-0.018361328727919346,1,16.03194539393843,0.860251328329257,51.0,,,0.9345622119815676,3,14.064200000000001,1.6519427825656408e-08,"['volume/delivery surge', 'relative strength', 'near breakout/52W high']",38.36477987421384,36.9496855345912,63.9937106918239,40.25157232704402,20.440251572327043,50.0,53.77358490566038
BHEL,2026-10-07,Bharat Heavy Electricals Ltd.,Capital Goods,448.5,-0.007743362831858391,4,True,True,True,[],80.76063873233684,80.76063873233684,0.0,{},[],100.0,62.94545273975188,425.64500122070314,421.9660009765625,351.8732007598877,12.13991082971235,424.2201783405753,0.0541356112807686,453.8999938964844,453.8999938964844,0.06241858695839975,0.13472485768500952,0.14276198603822543,5,2.003068155820732,1.0167277726856094,44.37,Nifty India Manufacturing,-0.008940467208090608,0.20320855614973093,0,300.2511,0.0,"['relative strength', 'near breakout/52W high', 'trend structure']",88.36477987421384,91.98113207547169,77.67295597484276,97.79874213836479,95.75471698113208,29.383116883116884,60.37735849056604
BLS,2026-10-07,BLS International Services Ltd.,Consumer Services,220.84,-0.013975085949010979,1,True,False,True,[],13.68598382749326,28.68598382749326,15.0,{'DOWNTREND_BOUNCE': 15},[],100.0,39.82401934526935,225.01849975585938,240.74399932861328,263.06204986572266,6.695916490114445,207.44816335766174,0.060640432903010244,282.70001220703125,359.0,-0.07092974685238529,-0.06877502837176142,-0.025662123895552558,0,0.6680225348952344,1.0035487686848048,46.66,Nifty India Consumption,-0.0021929861068333834,0.11509433962264384,0,17.1873,-1.658263615311739e-08,"['relative strength', 'volume/delivery surge', 'strong sector']",34.276729559748425,13.364779874213836,42.138364779874216,7.547169811320755,20.440251572327043,44.642857142857146,41.509433962264154
BLUESTARCO,2026-10-07,Blue Star Ltd.,Consumer Durables,1530.1,-0.02634425707922372,2,True,False,True,[],44.97396471453075,44.97396471453075,0.0,{},[],100.0,50.795511753001385,1528.4049987792969,1528.07,1690.967999267578,46.26393278489361,1437.5721100161502,0.060471777691751605,1737.5999755859375,2032.9000244140625,0.04736802656953176,-0.07936222888932765,0.028193162556622853,3,0.6004008302716265,0.7918804880830197,34.72,Nifty Consumer Durables,-0.028473784292969873,0.0,0,109.13915000000001,-1.595586063274368e-08,"['relative strength', 'trend structure', 'near breakout/52W high']",58.490566037735846,68.08176100628931,16.82389937106918,39.30817610062893,57.38993710691824,16.72077922077922,43.081761006289305
BOSCHLTD,2026-10-07,Bosch Ltd.,Automobile and Auto Components,44410.0,-0.013111111111111073,1,True,False,True,[],52.39524626317079,52.39524626317079,0.0,{},[],100.0,37.37400703616746,47029.0,46486.1,39221.65,1110.4597954363428,42189.08040912732,0.05000944811692598,50000.0,50000.0,-0.07527329515877146,0.05174659561870931,0.03242691394648972,3,1.0203413495101226,0.9361702127659575,45.32,Nifty Auto,-0.04145903795535644,0.1510791366906475,0,97.03139999999999,0.0,"['relative strength', 'trend structure', 'near breakout/52W high']",59.74842767295598,68.08176100628931,49.52830188679245,62.26415094339623,20.440251572327043,11.688311688311689,72.64150943396227
BRIGADE,2026-10-07,Brigade Enterprises Ltd.,Realty,554.2,-0.0261816903883324,1,True,False,True,[],24.912909417626395,24.912909417626395,0.0,{},[],100.0,32.773609389250765,605.2775054931641,614.1990014648437,568.0388743591309,22.81978742493079,508.5604373571697,0.08235217222047275,735.0,802.0125122070312,-0.1838597714900515,0.03782773821541441,-0.028825752920797754,1,0.5920929845795645,1.0398734892126962,46.03,Nifty Realty,-0.04259665398070134,0.08196721311475445,0,16.6343,2.2026400481323094e-08,"['relative strength', 'volume/delivery surge', 'trend structure']",31.446540880503143,36.9496855345912,43.081761006289305,11.79245283018868,20.440251572327043,7.305194805194805,5.031446540880503
BSE,2026-10-07,BSE Ltd.,Financial Services,3356.0,0.015431164901664074,4,True,False,True,[],57.50745323858531,57.50745323858531,0.0,{},[],100.0,55.92040585251819,3225.675,3334.4780126953124,3336.9695068359374,105.17661960371893,3145.646760792562,0.06267974946586352,3683.10009765625,4446.7998046875,-0.011196228638774341,-0.1195298787867064,-0.021172789996219576,3,1.520472137936985,1.0013786188745457,39.95,Nifty Financial Services,0.00780339395834162,0.8683584456780339,3,1420.0473499999998,0.0,"['volume/delivery surge', 'trend structure', 'repeat gainer']",36.79245283018868,68.08176100628931,71.54088050314465,49.37106918238993,95.75471698113208,67.37012987012987,36.477987421383645
BSOFT,2026-10-07,Birlasoft Ltd.,Information Technology,278.05,-0.005009840758632977,1,True,False,True,[],22.65120885403904,37.65120885403904,15.0,{'DOWNTREND_BOUNCE': 15},[],100.0,45.85357740971782,278.0799987792969,293.97099731445314,344.7752488708496,8.410529085190223,261.2289296225883,0.060496525476940954,331.0,474.0,-0.015578064166757222,0.011642647329059619,0.04222255529767199,0,0.8373611670310073,1.1845918247143363,50.28,Nifty IT,-0.04433637332109952,0.43181818181818377,0,32.48665,-4.390228824924236e-08,"['relative strength', 'volume/delivery surge', 'smooth (low ATR)']",66.35220125786164,13.364779874213836,65.56603773584905,17.29559748427673,20.440251572327043,3.0844155844155843,42.76729559748428
CAMS,2026-10-07,Computer Age Management Services Ltd.,Financial Services,694.6,0.001008790892059519,2,True,False,True,[],41.74487462223311,41.74487462223311,0.0,{},[],100.0,43.401110924154345,699.2574951171875,739.2490002441406,738.8430004882813,16.690175969452394,661.2196236470327,0.04805694372613023,830.5,844.9000244140625,-0.047841020444225446,-0.12131565390773247,-0.04038807345945816,1,0.7496565039140256,0.7978723404255319,42.0,Nifty Financial Services,0.00780339395834162,0.24752475247524788,3,97.08035,-3.514837676465987e-08,"['smooth (low ATR)', 'strong sector', 'relative strength']",24.842767295597483,36.9496855345912,25.157232704402517,39.62264150943396,57.38993710691824,67.37012987012987,77.9874213836478
CANBK,2026-10-07,Canara Bank,Financial Services,119.15,0.01128840604311665,1,True,False,True,[],42.96342808135261,42.96342808135261,0.0,{},[],100.0,36.302150782512214,122.05650024414062,125.72300094604492,135.50984985351562,2.3691059073564626,114.41178971116598,0.03976677930368133,133.11000061035156,162.88999938964844,-0.044353535176140935,-0.0747786717246508,-0.015375839733875074,0,1.4754244235505818,0.7253411103010103,34.82,Nifty Financial Services,0.00780339395834162,0.7058823529411776,1,146.81525,1.2806369298345999e-08,"['relative strength', 'smooth (low ATR)', 'strong sector']",39.62264150943396,13.364779874213836,44.18238993710692,41.82389937106918,20.440251572327043,67.37012987012987,93.71069182389937
CANFINHOME,2026-10-07,Can Fin Homes Ltd.,Financial Services,727.0,-0.010547805375978214,1,True,False,True,[],35.25116393040921,35.25116393040921,0.0,{},[],100.0,34.41440379259845,755.4000061035156,790.0430029296875,852.74875,18.410017328657617,690.1799653426848,0.05064654010634828,868.8499755859375,971.5,-0.09739898319955154,-0.20641849211379926,-0.1077184739401546,0,1.7080047780620653,1.0638801929097217,62.87,Nifty Financial Services,0.00780339395834162,0.48424068767908446,0,20.1817,0.0,"['volume/delivery surge', 'smooth (low ATR)', 'strong sector']",4.40251572327044,13.364779874213836,80.50314465408805,28.30188679245283,20.440251572327043,67.37012987012987,70.44025157232704
CANHLIFE,2026-10-07,Canara HSBC Life Insurance Company Ltd.,Financial Services,146.06,0.020470900579892426,2,True,False,False,"['LOW_TURNOVER', 'INELIGIBLE_HISTORY']",,,,{},[],100.0,42.238464032974285,150.09299926757814,151.02880004882812,145.68109992980956,5.925323333719362,134.20935089115503,0.08113547080325467,166.69000244140625,166.69000244140625,-0.051373667593670014,0.03339466069759456,0.03520076026848307,2,4.9951245483677615,0.9810410203378145,42.69,Nifty Financial Services,0.00780339395834162,0.885972108285481,2,8.8532,-1.67150914220926e-08,,,,,,,,
CAPLIPOINT,2026-10-07,Caplin Point Laboratories Ltd.,Healthcare,2649.1,-0.011419188715154682,1,True,False,True,[],54.27254349424161,54.27254349424161,0.0,{},[],100.0,46.658200396550015,2717.2599975585936,2642.2280078125,2137.916000366211,101.07327564939575,2446.9535463574584,0.07630763045822153,2990.0,2990.0,-0.04368073200761835,0.025352220747870025,0.03502600808664663,4,0.7871744885497342,0.9029419160170982,35.91,Nifty Healthcare Index,0.03009247179727903,0.49493670886075836,0,35.6124,3.686393501567409e-08,"['relative strength', 'trend structure', 'strong sector']",62.264150943396224,78.61635220125787,36.0062893081761,60.84905660377358,20.440251572327043,93.66883116883118,9.748427672955975
CARBORUNIV,2026-10-07,Carborundum Universal Ltd.,Capital Goods,1256.7,-0.010160680529300414,2,True,False,True,[],61.61755697133055,61.61755697133055,0.0,{},[],97.73233508123533,60.662581072950964,1179.509991455078,1137.059990234375,985.3027487182617,49.303883675282655,1158.0921838213096,0.0784656411091712,1368.9000244140625,1368.9000244140625,0.13831517316293018,0.15314727001821993,0.18992148530709585,5,0.3905346281247691,0.9597719353816915,45.45,Nifty India Manufacturing,-0.008940467208090608,0.33546325878594296,0,39.72045,-3.8854241268815315e-08,"['relative strength', 'trend structure', 'near breakout/52W high']",91.82389937106919,91.98113207547169,26.88679245283019,76.41509433962264,57.38993710691824,29.383116883116884,6.918238993710692
CARTRADE,2026-10-07,Cartrade Tech Ltd.,Consumer Services,2914.7,0.0010303259264348164,2,True,False,True,[],48.80390835579515,48.80390835579515,0.0,{},[],100.0,48.553173250530264,2946.8650024414064,2928.3480029296875,2384.0514953613283,113.81283325476315,2687.074284662349,0.07809574581356404,3254.0,3290.5,-0.08247552618350029,0.037296719623610475,0.021600860436575886,3,0.4310706684443031,0.9466499512466917,33.98,Nifty India Consumption,-0.0021929861068333834,0.5496183206106842,1,82.15150000000001,-1.675236727116669e-08,"['relative strength', 'trend structure', 'near breakout/52W high']",55.660377358490564,68.08176100628931,26.572327044025158,64.46540880503144,57.38993710691824,44.642857142857146,8.176100628930818
CCL,2026-10-07,CCL Products (I) Ltd.,Fast Moving Consumer Goods,1052.3,-0.002464688596075626,2,True,False,True,[],40.18051131258678,40.18051131258678,0.0,{},[],100.0,45.29980239262605,1054.540005493164,1093.1480017089843,1078.2180001831055,29.44311908224315,993.4138106636387,0.055959550919021495,1215.0,1242.199951171875,-0.06925519940616776,-0.13319600590764002,-0.057035338940383096,1,0.6224422418937385,0.8254056560037089,44.51,Nifty FMCG,0.0275639954647936,0.45414847161571725,0,15.0239,4.6401335218604345e-08,"['strong sector', 'near breakout/52W high', 'repeat gainer']",17.92452830188679,36.9496855345912,20.125786163522015,50.0,57.38993710691824,84.90259740259741,54.088050314465406
CDSL,2026-10-07,Central Depository Services (India) Ltd.,Financial Services,1275.0,0.009181573531739762,1,True,False,True,[],39.64581801845953,39.64581801845953,0.0,{},[],100.0,40.970700559000946,1310.5400024414062,1343.4440014648437,1316.7260046386718,30.26134387511746,1214.477312249765,0.047468774706066696,1445.0,1673.699951171875,-0.0892857142857143,-0.10957470615189524,-0.055239946502283976,1,0.9438898101145964,0.8900103519668737,34.39,Nifty Financial Services,0.00780339395834162,0.7619047619047619,3,141.2952,0.0,"['smooth (low ATR)', 'strong sector', 'near breakout/52W high']",19.18238993710692,36.9496855345912,41.509433962264154,42.295597484276726,20.440251572327043,67.37012987012987,79.55974842767296
CEATLTD,2026-10-07,Ceat Ltd.,Automobile and Auto Components,3301.9,-0.008051191155706405,2,True,False,True,[],30.956567017887775,30.956567017887775,0.0,{},[],100.0,43.6432180125158,3327.27998046875,3458.6439892578123,3540.5780114746094,78.42329491174686,3145.0533125202564,0.04750192145805543,3824.800048828125,4438.0,-0.010251549507320545,-0.1552002296677114,-0.03853562587099518,0,0.4695070475213456,0.8520966271649955,37.39,Nifty Auto,-0.04145903795535644,0.381062355658201,0,15.65295,-2.95757746071601e-08,"['smooth (low ATR)', 'relative strength', 'repeat gainer']",26.10062893081761,13.364779874213836,17.452830188679243,33.17610062893082,57.38993710691824,11.688311688311689,79.24528301886792
CENTRALBK,2026-10-07,Central Bank of India,Financial Services,30.44,0.008280887711162643,1,True,False,False,['PRICE_LT_50'],,,,{},[],100.0,46.56907362323837,30.708499908447266,30.880599975585938,33.87470005989075,0.5467878050466843,29.34642492396425,0.03592561073938971,32.400001525878906,40.91999816894531,-0.01679581930852947,-0.06625760862467989,0.0026635497499161165,0,0.8761012182848853,0.6798596217586274,34.87,Nifty Financial Services,0.00780339395834162,0.7758620689655197,1,13.642649999999998,1.75445997729895e-08,,,,,,,,
CGCL,2026-10-07,Capri Global Capital Ltd.,Financial Services,250.74,0.015635126377187447,3,True,False,True,[],52.279465817201675,52.279465817201675,0.0,{},[],100.0,46.74103975326025,258.80799865722656,247.96360046386718,205.7497003173828,9.315727138133273,232.10855121689752,0.07430587009688205,287.45001220703125,287.45001220703125,-0.09053320859167746,-0.007520558506469932,-0.004836619832552902,4,0.7559850433985819,0.9095708056001837,39.63,Nifty Financial Services,0.00780339395834162,0.8670886075949376,1,60.88889999999999,2.1907809122367894e-08,"['trend structure', 'relative strength', 'near breakout/52W high']",42.76729559748428,78.61635220125787,34.59119496855346,55.503144654088054,82.54716981132076,67.37012987012987,12.89308176100629
CGPOWER,2026-10-07,CG Power and Industrial Solutions Ltd.,Capital Goods,894.5,-0.01918859649122806,3,True,False,True,[],67.93045005309156,67.93045005309156,0.0,{},[],100.0,52.432970745131286,885.5974975585938,883.7699987792969,802.0107485961914,22.968618754998634,848.5627624900027,0.05135521242034358,931.0,980.9000244140625,-0.017788527495208206,-0.02411081843179197,0.023240590753020707,5,0.824621761289347,1.1306889352818372,54.16,Nifty India Manufacturing,-0.008940467208090608,0.19196428571428387,0,200.03795,0.0,"['relative strength', 'trend structure', 'near breakout/52W high']",56.918238993710695,91.98113207547169,62.106918238993714,83.80503144654088,82.54716981132076,29.383116883116884,68.23899371069183
CHENNPETRO,2026-10-07,Chennai Petroleum Corporation Ltd.,Oil Gas & Consumable Fuels,1612.3,0.14697303834388564,3,True,False,True,[],72.8829739442947,72.8829739442947,0.0,{},['LOW_DELIVERY'],75.61395296368786,67.6105193994177,1441.4500061035155,1400.1100024414063,1107.5362509155273,72.57119609747714,1467.1576566331707,0.09002194864439084,1677.5,1677.5,0.10598161258411065,0.3655459604515743,0.27995405023436326,5,11.123172744305416,0.3459915611814346,9.02,Nifty Oil & Gas,0.0008677160208944157,0.9250114311842703,3,251.31595000000002,3.0284764029886446e-08,"['relative strength', 'trend structure', 'near breakout/52W high']",97.16981132075472,91.98113207547169,49.84276729559748,91.50943396226415,82.54716981132076,51.785714285714285,1.5723270440251573
CHOLAHLDNG,2026-10-07,Cholamandalam Financial Holdings Ltd.,Financial Services,1402.7,-0.015372736206654358,1,True,False,True,[],25.69141550273626,25.69141550273626,0.0,{},[],100.0,37.92346799867277,1456.9799926757812,1513.8139916992188,1601.0579974365235,44.344285837126925,1314.0113794976212,0.06322704410174085,1658.0,2064.0,-0.07759584651072515,-0.15101077797698415,-0.07011304852733385,0,0.484118138757314,0.9583931133428981,53.44,Nifty Financial Services,0.00780339395834162,0.24457593688363077,0,23.703699999999998,-3.481009835937243e-08,"['strong sector', 'volume/delivery surge', 'near breakout/52W high']",13.20754716981132,13.364779874213836,29.559748427672957,24.528301886792452,20.440251572327043,67.37012987012987,34.905660377358494
CIEINDIA,2026-10-07,CIE Automotive India Ltd.,Automobile and Auto Components,378.7,-0.0007915567282321678,1,True,False,False,['LOW_TURNOVER'],,,,{},[],100.0,42.52773186592555,382.44750061035154,393.6029998779297,436.2192498779297,8.98156203499644,360.73688813703836,0.04743365062310223,476.0,526.0,-0.012258690047663667,-0.1843635103089999,-0.054120836461810984,0,0.9136345641497523,1.0527402402402404,56.09,Nifty Auto,-0.04145903795535644,0.7619047619047608,0,8.8472,3.2234040769907324e-08,,,,,,,,
CLEAN,2026-10-07,Clean Science and Technology Ltd.,Chemicals,813.7,-0.011480289133207755,4,True,False,True,[],56.633484440088225,56.633484440088225,0.0,{},[],100.0,49.421338894844226,819.8750030517579,814.4600036621093,790.0177493286133,24.674017578762523,764.3519770495062,0.06064647218534058,874.7999877929688,1097.9000244140625,-0.036357190098773695,0.06442540285637666,0.058224370095322275,3,0.413856021327609,0.9014150943396226,38.22,Nifty Chemicals,-0.008316086726218641,0.242320819112633,0,23.8587,1.5001881736864675e-08,"['relative strength', 'trend structure', 'repeat gainer']",71.06918238993711,68.08176100628931,20.440251572327043,52.9874213836478,95.75471698113208,39.44805194805195,41.19496855345912
CLEANMAX,2026-10-07,Clean Max Enviro Energy Solutions Ltd.,Power,1388.5,-0.0028725314183123407,1,True,False,False,['INELIGIBLE_HISTORY'],,,,{},[],100.0,55.12781112744598,1362.4150024414062,1317.8140014648438,,70.36131591712116,1247.7773681657577,0.10134867254896818,1481.0,1536.0,0.00586784659713091,0.046266314176483414,0.07025734410332796,3,0.5959133745799816,0.6886884711507117,31.69,Nifty Energy,0.014989779207088882,0.6864406779661031,0,37.807249999999996,0.0,,,,,,,,
CMPDI,2026-10-07,Central Mine Planning & Design Institute Ltd.,Services,209.05,-0.0048081500523659,1,True,False,False,['INELIGIBLE_HISTORY'],,,,{},[],100.0,43.95196657857038,209.43300170898436,226.5460006713867,,8.297810716118533,192.45438161952075,0.07938589423568787,269.75,283.69000244140625,-0.11737387517569997,-0.2170411870720681,-0.12301726740736324,0,0.4456624093912687,0.8199694122787852,37.53,Nifty Services Sector,0.0017563355922071144,0.2954545454545483,0,32.6026,1.4598219522099498e-08,,,,,,,,
COALINDIA,2026-10-07,Coal India Ltd.,Oil Gas & Consumable Fuels,414.5,0.006923357220940174,1,True,False,True,[],55.516621743036836,55.516621743036836,0.0,{},[],100.0,45.68036584699095,421.7049987792969,415.22100036621094,434.765499420166,7.793618899993352,398.9127622000133,0.03760491628464835,436.29998779296875,491.25,-0.013682331945270687,-0.03447469884417065,0.020111748321800127,1,0.8836127983013279,1.0255533715067089,60.0,Nifty Oil & Gas,0.0008677160208944157,0.7326732673267288,1,306.8042,0.0,"['relative strength', 'near breakout/52W high', 'smooth (low ATR)']",55.34591194968554,36.9496855345912,55.9748427672956,72.64150943396227,20.440251572327043,51.785714285714285,96.22641509433963
COCHINSHIP,2026-10-07,Cochin Shipyard Ltd.,Capital Goods,1255.1,-0.020982839313572588,1,True,False,True,[],25.61912929837458,25.61912929837458,0.0,{},[],100.0,30.03839945020556,1347.3900085449218,1433.3440014648438,1482.824998779297,38.551037242835186,1177.9979011002672,0.06143102221771257,1577.9000244140625,1874.800048828125,-0.17870696526100216,-0.1148801300522303,-0.10260328394009544,0,1.0990840985554893,1.1894484412470026,47.12,Nifty India Manufacturing,-0.008940467208090608,0.24438202247190563,0,113.00209999999998,-1.9451886212884517e-08,"['volume/delivery surge', 'smooth (low ATR)', 'strong sector']",5.031446540880503,13.364779874213836,76.25786163522012,13.364779874213836,20.440251572327043,29.383116883116884,39.308176100628934
COFORGE,2026-10-07,Coforge Ltd.,Information Technology,1822.2,-0.014867275774449906,3,True,False,True,[],59.45938495466798,59.45938495466798,0.0,{},[],100.0,50.74022176143787,1804.5799926757813,1836.3440014648438,1516.9320025634765,54.98341040848337,1712.2331303549083,0.06034838314326918,2021.199951171875,2021.199951171875,-0.06553848657852568,0.2117302114678552,0.11728612616118556,3,0.3926688918555498,0.9869397137185245,47.23,Nifty IT,-0.04433637332109952,0.0,0,469.58604999999994,-2.6796249108507197e-08,"['relative strength', 'trend structure', 'near breakout/52W high']",85.84905660377359,68.08176100628931,31.132075471698112,68.0817610062893,82.54716981132076,3.0844155844155843,43.39622641509434
COHANCE,2026-10-07,Cohance Lifesciences Ltd.,Healthcare,455.45,-0.003391684901531744,3,True,False,True,[],67.66876990933595,67.66876990933595,0.0,{},[],100.0,52.81031290068001,447.8675018310547,447.6420007324219,413.94100021362306,17.13247357958388,421.1850650478635,0.07523316772597244,484.0,917.8499755859375,0.013124290010612993,0.034760919056482376,0.06813286825006848,5,1.9063178788379656,0.9501284246575343,44.39,Nifty Healthcare Index,0.03009247179727903,0.10089686098654703,0,30.3838,2.6802132513381594e-08,"['relative strength', 'trend structure', 'volume/delivery surge']",74.84276729559748,91.98113207547169,68.39622641509435,41.19496855345912,82.54716981132076,93.66883116883118,11.0062893081761
COLPAL,2026-10-07,Colgate Palmolive (India) Ltd.,Fast Moving Consumer Goods,1757.4,-0.028738808444788377,1,True,False,True,[],35.39277546353018,35.39277546353018,0.0,{},[],100.0,39.53200252398009,1820.3050170898437,1886.5240112304687,2028.2259985351564,40.51254632194813,1676.3749317701663,0.04610509361459181,2213.39990234375,2329.89990234375,-0.03434254583304519,-0.1437341122423611,-0.04484806532118235,0,0.4688538089876503,1.0274476271911073,60.08,Nifty FMCG,0.0275639954647936,0.0,0,70.82865,1.3892148764682588e-08,"['strong sector', 'smooth (low ATR)', 'volume/delivery surge']",22.955974842767297,13.364779874213836,38.36477987421384,21.226415094339625,20.440251572327043,84.90259740259741,81.76100628930817
CONCORDBIO,2026-10-07,Concord Biotech Ltd.,Healthcare,1359.7,-0.006648158971361728,1,True,False,True,[],48.42348689046802,48.42348689046802,0.0,{},[],100.0,39.04071905167689,1448.0299987792969,1457.9219970703125,1269.7829949951172,49.80795908441485,1260.0840330030453,0.07326316227559948,1615.0,1647.800048828125,-0.07534855411637198,0.0421552863174397,0.027593629817054655,2,0.30294850354250663,1.133718347401155,51.04,Nifty Healthcare Index,0.03009247179727903,0.15744680851064025,0,19.8917,-3.591095465438343e-08,"['relative strength', 'strong sector', 'trend structure']",57.861635220125784,54.874213836477985,44.0251572327044,41.9811320754717,20.440251572327043,93.66883116883118,14.150943396226415
COROMANDEL,2026-10-07,Coromandel International Ltd.,Chemicals,1745.5,-0.023933344517139132,3,True,False,True,[],38.18222657845298,38.18222657845298,0.0,{},[],100.0,30.34783143224,1894.2950073242187,1966.6520043945313,2047.9280029296874,52.853796435052764,1639.7924071298944,0.06056006466348074,2129.89990234375,2499.0,-0.11602348750052782,-0.13344588309199856,-0.0805444215797424,0,2.602982128060349,1.1928331833428785,72.9,Nifty Chemicals,-0.008316086726218641,0.3017944535073412,0,21.28955,0.0,"['volume/delivery surge', 'repeat gainer', 'smooth (low ATR)']",11.0062893081761,13.364779874213836,92.61006289308176,20.59748427672956,82.54716981132076,39.44805194805195,42.45283018867924
CPPLUS,2026-10-07,Aditya Infotech Ltd.,Capital Goods,4064.9,0.022359154929577407,3,True,False,True,[],69.10969533611042,69.10969533611042,0.0,{},[],89.36644396664971,65.31333261510723,3744.6550048828126,3647.286005859375,2649.407505493164,158.86775669014457,3747.1643889634606,0.078165642700596,4188.89990234375,4188.89990234375,0.061664189956299076,0.10990061455124556,0.1299726659702931,5,0.9033047523921945,0.9660336011687362,52.9,Nifty India Manufacturing,-0.008940467208090608,0.7785714285714291,1,88.34209999999999,-2.402426879655195e-08,"['relative strength', 'near breakout/52W high', 'trend structure']",87.10691823899371,91.98113207547169,49.37106918238994,94.33962264150944,82.54716981132076,29.383116883116884,7.861635220125786
CREDITACC,2026-10-07,CreditAccess Grameen Ltd.,Financial Services,1239.6,-0.02069837257070628,1,True,False,True,[],28.33292493669852,28.33292493669852,0.0,{},[],100.0,33.48790502292283,1334.3049926757812,1430.3819970703125,1348.885001220703,41.24656325937065,1157.1068490671962,0.06654818340065571,1634.0,1634.0,-0.13144617573164785,-0.19824073788232444,-0.12065319309046535,1,0.9517361696222356,0.9709347996857816,49.44,Nifty Financial Services,0.00780339395834162,0.19540229885057472,0,20.3946,-1.9695113318007884e-08,"['volume/delivery surge', 'strong sector', 'trend structure']",2.5157232704402515,36.9496855345912,52.04402515723271,19.339622641509436,20.440251572327043,67.37012987012987,26.729559748427672
CRISIL,2026-10-07,CRISIL Ltd.,Financial Services,4509.1,-0.003139300952844093,1,True,False,True,[],63.12066078575512,63.12066078575512,0.0,{},[],100.0,46.63104423370091,4575.244970703125,4564.4619921875,4330.17,122.446734628058,4264.206628400134,0.05431094097543043,4872.0,5064.89990234375,-0.06099539823901501,0.1646004547732305,0.09599279198362853,3,0.3908953985184274,1.1054876866395191,57.01,Nifty Financial Services,0.00780339395834162,0.7964148527528865,0,14.637149999999998,2.1657592386148394e-08,"['relative strength', 'near breakout/52W high', 'trend structure']",82.0754716981132,68.08176100628931,43.08176100628931,74.68553459119497,20.440251572327043,67.37012987012987,59.43396226415094
CROMPTON,2026-10-07,Crompton Greaves Consumer Electricals Ltd.,Consumer Durables,210.7,-0.00603830550051887,1,True,False,True,[],19.840316915788613,19.840316915788613,0.0,{},[],100.0,35.34446515090579,219.05349884033203,234.8545993041992,253.28644897460939,5.493910082928374,199.71217678238543,0.05214912351686407,271.0,310.5,-0.09141870420964937,-0.19487968238397668,-0.09895892958029223,0,0.5543389598261953,0.9382815651472369,46.52,Nifty Consumer Durables,-0.028473784292969873,0.19256756756756474,0,45.663900000000005,-1.4483900301343056e-08,"['smooth (low ATR)', 'volume/delivery surge', 'repeat gainer']",5.660377358490566,13.364779874213836,29.245283018867926,11.635220125786164,20.440251572327043,16.72077922077922,65.72327044025157
CUB,2026-10-07,City Union Bank Ltd.,Financial Services,222.12,-0.007284916201117264,3,True,False,True,[],60.03103814424569,60.03103814424569,0.0,{},[],100.0,46.59913963993322,226.29250106811523,222.3886004638672,208.30800033569335,7.914588340439276,206.29081843630894,0.07126407810574331,248.85000610351562,248.85000610351562,-0.046572546021652506,-0.031439439481532494,0.005184270964928295,3,1.3797206360901333,1.0719119165041862,46.73,Nifty Financial Services,0.00780339395834162,0.3968253968253964,0,37.3296,-2.1982768383388418e-08,"['relative strength', 'volume/delivery surge', 'trend structure']",48.113207547169814,68.08176100628931,75.94339622641509,64.937106918239,82.54716981132076,67.37012987012987,16.666666666666668
CUMMINSIND,2026-10-07,Cummins India Ltd.,Capital Goods,4872.2,-0.009514128887985418,2,True,False,True,[],46.85340602793432,46.85340602793432,0.0,{},[],100.0,42.085581501513744,4947.225,5142.48,5025.849985351562,107.95028902396739,4656.299617264565,0.044312747710090084,5658.0,6100.0,-0.03329361204117065,-0.1332917912812417,-0.039102437944685375,1,1.6463765998823525,1.0232026143790849,62.62,Nifty India Manufacturing,-0.008940467208090608,0.194225721784775,0,189.7612,4.0087126951249274e-08,"['volume/delivery surge', 'smooth (low ATR)', 'relative strength']",25.471698113207548,36.9496855345912,75.94339622641509,41.509433962264154,57.38993710691824,29.383116883116884,86.47798742138365
CUPID,2026-10-07,Cupid Ltd.,Fast Moving Consumer Goods,343.95,0.060919185687847044,4,True,False,True,[],71.48554275912767,81.48554275912767,10.0,{'EXTENDED': 10},[],54.790738358532145,75.11167864818172,286.6525016784668,278.1037994384766,160.60169982910156,13.44720476484473,317.05560267734177,0.07819278550716002,324.95001220703125,324.95001220703125,0.25163765460629994,0.6205710672114988,0.48029462462542016,5,1.6644035558635444,0.8806093724126511,26.59,Nifty FMCG,0.0275639954647936,0.9474999999999995,2,731.439,3.549071458941455e-08,"['relative strength', 'near breakout/52W high', 'trend structure']",100.0,91.98113207547169,59.119496855345915,100.0,95.75471698113208,84.90259740259741,7.547169811320755
CYIENT,2026-10-07,Cyient Ltd.,Information Technology,1115.0,-0.003930677148472506,4,True,False,True,[],61.54271828800131,61.54271828800131,0.0,{},[],100.0,59.53651029883419,1081.1500061035156,1003.2730029296876,959.5580004882812,41.767321111217896,1031.4653577775641,0.07491896163447165,1219.0,1222.0,0.008684616766700515,0.3423222382814193,0.2196936912405807,5,0.6354765039032604,0.7211887211887212,30.82,Nifty IT,-0.04433637332109952,0.1928571428571461,0,43.680749999999996,0.0,"['relative strength', 'trend structure', 'near breakout/52W high']",94.65408805031447,91.98113207547169,13.522012578616351,73.58490566037736,95.75471698113208,3.0844155844155843,11.320754716981131
DABUR,2026-10-07,Dabur India Ltd.,Fast Moving Consumer Goods,383.55,-0.01375674980714825,1,True,False,True,[],51.878624520133954,51.878624520133954,0.0,{},[],100.0,48.251187835363986,382.72999877929686,392.44699951171873,445.5852510070801,7.1561651102349675,369.2376575724988,0.03731542348059058,438.0,534.0,0.02279996744791668,-0.13517477386027343,-0.011997139489657582,1,1.198245645188818,1.0708407567659286,63.11,Nifty FMCG,0.0275639954647936,0.3977272727272722,0,77.06945,-3.18264404830515e-08,"['volume/delivery surge', 'relative strength', 'smooth (low ATR)']",40.56603773584906,36.9496855345912,71.85534591194968,34.43396226415095,20.440251572327043,84.90259740259741,97.16981132075472
DALBHARAT,2026-10-07,Dalmia Bharat Ltd.,Construction Materials,1640.1,-0.025258528467847374,1,True,False,False,['LOW_TURNOVER'],,,,{},[],100.0,35.88610469313183,1706.5199890136719,1778.1179907226563,1879.8359912109374,48.19609833400692,1543.7077789179236,0.05877214688304422,1925.0,2319.89990234375,-0.04305971630600525,-0.05865813601447556,-0.0066686624437196085,0,0.927644470736126,0.9962568384681831,51.9,Nifty Cement,-0.027460905978277328,0.0509868421052617,0,9.057549999999999,-1.4885715771129071e-08,,,,,,,,
DATAPATTNS,2026-10-07,Data Patterns (India) Ltd.,Capital Goods,4233.4,-0.015305173055452204,1,True,False,True,[],41.13013558768275,41.13013558768275,0.0,{},[],100.0,40.05237515408611,4447.639990234375,4516.03201171875,3791.1195092773437,158.28198182850082,3916.8359386867482,0.07477771317605542,5000.0,5000.0,-0.07785133692364932,-0.011811414018732536,-0.0006411117546701317,2,0.49063062249022665,1.5595011625449164,36.89,Nifty India Manufacturing,-0.008940467208090608,0.15296803652967558,0,167.17595,-2.306804214313729e-08,"['relative strength', 'trend structure', 'volume/delivery surge']",46.22641509433962,54.874213836477985,54.55974842767296,46.540880503144656,20.440251572327043,29.383116883116884,11.949685534591195
DEEPAKFERT,2026-10-07,Deepak Fertilisers & Petrochemicals Corp. Ltd.,Chemicals,1415.4,0.02150692840646662,3,True,False,True,[],57.21524544637753,57.21524544637753,0.0,{},[],100.0,57.070676092949064,1338.6300048828125,1416.9900024414062,1298.2305017089843,47.019439250032924,1321.3611459139966,0.066439788666102,1681.0,1681.0,0.05163830800155966,-0.07259856526186892,0.033710135086366166,3,2.2518101111052045,0.9466130259867348,43.53,Nifty Chemicals,-0.008316086726218641,0.9052453468697137,2,25.199750000000005,1.724887832565969e-08,"['relative strength', 'volume/delivery surge', 'trend structure']",60.062893081761004,68.08176100628931,69.33962264150944,44.339622641509436,82.54716981132076,39.44805194805195,27.358490566037737
DEEPAKNTR,2026-10-07,Deepak Nitrite Ltd.,Chemicals,1553.9,-0.004293220556196187,1,True,False,True,[],38.252981295434125,38.252981295434125,0.0,{},[],100.0,42.939050240422986,1569.7150268554688,1666.9940161132813,1632.4420074462892,42.438006387540916,1469.0240116389807,0.05462128286347534,1851.0,1897.9000244140625,-0.0569850841313192,-0.05480533794765052,-0.011704947322964065,1,0.6725117525007825,0.9153429265557839,48.98,Nifty Chemicals,-0.008316086726218641,0.7019607843137291,0,28.418999999999997,1.5711475898072536e-08,"['relative strength', 'near breakout/52W high', 'smooth (low ATR)']",40.880503144654085,36.9496855345912,31.60377358490566,39.62264150943396,20.440251572327043,39.44805194805195,58.17610062893082
DELHIVERY,2026-10-07,Delhivery Ltd.,Services,398.15,-0.022944785276073687,1,True,False,True,[],27.28834844400882,27.28834844400882,0.0,{},[],100.0,33.03055016639921,420.6125,445.21700073242187,445.130750579834,10.759220412726322,376.6315530710317,0.05404606594329697,491.3999938964844,524.0,-0.12475269457337879,-0.23476839662177496,-0.13557028188105608,1,0.40355126899565164,0.9415245388096067,54.1,Nifty Services Sector,0.0017563355922071144,0.0,0,109.44795,-1.5329688851650758e-08,"['smooth (low ATR)', 'trend structure', 'strong sector']",1.5723270440251573,36.9496855345912,25.157232704402514,26.100628930817614,20.440251572327043,55.1948051948052,61.0062893081761
DEVYANI,2026-10-07,Devyani International Ltd.,Consumer Services,128.98,-0.0042461205898248755,1,True,False,True,[],42.07434860736747,42.07434860736747,0.0,{},[],100.0,38.79801137045489,134.95199890136718,136.25699890136718,122.80194980621337,4.300476598542722,120.37904253045362,0.06668439666608716,155.9499969482422,169.75,-0.06529465473549356,0.14679465037470663,0.08494026153612733,2,0.27757751123468366,0.6308724832214765,27.26,Nifty India Consumption,-0.0021929861068333834,0.1569965870307109,0,18.5694,-3.312498775276396e-08,"['relative strength', 'trend structure', 'strong sector']",80.18867924528301,54.874213836477985,2.8301886792452833,28.144654088050316,20.440251572327043,44.642857142857146,26.41509433962264
DIVISLAB,2026-10-07,Divi's Laboratories Ltd.,Healthcare,9588.0,0.003979057591622981,1,True,False,True,[],79.79927305399004,79.79927305399004,0.0,{},[],100.0,62.005606589273214,9392.45,9002.23,7117.7675,190.6311735840519,9206.737652831896,0.039764533496881915,9740.0,9740.0,0.0013577023498694274,0.40257460503218256,0.2461564174075468,5,0.85855813996049,0.9425426029256522,62.5,Nifty Healthcare Index,0.03009247179727903,0.5662650602409639,2,462.20099999999996,0.0,"['relative strength', 'near breakout/52W high', 'trend structure']",96.22641509433963,91.98113207547169,44.18238993710692,96.69811320754718,20.440251572327043,93.66883116883118,94.0251572327044
DLF,2026-10-07,DLF Ltd.,Realty,656.0,-0.015162888455186985,2,True,False,True,[],52.444355958506904,52.444355958506904,0.0,{},[],100.0,47.63146133576721,656.6724975585937,663.2199987792969,626.425499420166,15.938794993736101,624.1224100125278,0.04859388717602475,691.0499877929688,786.5,-0.028292069732871905,-0.04338315712723295,0.008352650286468366,2,0.8111868016383863,0.9735087069284919,52.55,Nifty Realty,-0.04259665398070134,0.25622775800711783,0,248.2657,0.0,"['relative strength', 'near breakout/52W high', 'trend structure']",50.314465408805034,54.874213836477985,46.22641509433963,70.59748427672956,57.38993710691824,7.305194805194805,76.41509433962264
DMART,2026-10-07,Avenue Supermarts Ltd.,Consumer Services,3636.0,0.015103715904966508,3,True,False,True,[],42.24730458221025,42.24730458221025,0.0,{},[],100.0,39.42880278490708,3736.339978027344,3840.2599853515626,4000.839501953125,83.42969996094115,3469.1406000781176,0.045890924070924766,4124.89990234375,4644.0,-0.022633178935812737,-0.10906375413626046,-0.021658202819515804,0,0.7282372048697333,0.7579284750337382,44.93,Nifty India Consumption,-0.0021929861068333834,1.0,2,211.24485,0.0,"['relative strength', 'smooth (low ATR)', 'repeat gainer']",36.477987421383645,13.364779874213836,21.38364779874214,45.75471698113208,82.54716981132076,44.642857142857146,83.33333333333333
DOMS,2026-10-07,DOMS Industries Ltd.,Fast Moving Consumer Goods,2058.9,-0.00689754968165146,1,True,False,False,['LOW_TURNOVER'],,,,{},[],100.0,37.49804489218338,2106.6,2180.926005859375,2294.0934985351564,43.74920273206735,1971.4014968796153,0.04249764904283637,2324.699951171875,2755.0,-0.06782272474296258,-0.08407847689434078,-0.03176033710213089,0,0.41356169871794873,1.1300284437220642,55.62,Nifty FMCG,0.0275639954647936,0.28691983122363307,0,4.17135,-4.743127401951597e-08,,,,,,,,
DRREDDY,2026-10-07,Dr. Reddy's Laboratories Ltd.,Healthcare,1203.8,-0.003476821192053059,1,True,False,True,[],64.2096504124806,64.2096504124806,0.0,{},[],100.0,52.91253822080831,1193.7,1181.0480004882813,1245.939501953125,23.080915777579115,1157.6382172729668,0.038346759995645296,1252.800048828125,1414.9000244140625,0.04587319620167252,-0.03254841952159582,0.050852652056559144,3,0.7442482498684578,0.8497911445279867,50.86,Nifty Healthcare Index,0.03009247179727903,0.3790849673202596,0,275.53665,4.056165892052377e-08,"['relative strength', 'near breakout/52W high', 'trend structure']",69.18238993710692,68.08176100628931,28.30188679245283,76.57232704402516,20.440251572327043,93.66883116883118,95.59748427672956
ECLERX,2026-10-07,eClerx Services Ltd.,Services,1896.0,-0.011057792614229123,2,True,False,True,[],67.52419750061259,67.52419750061259,0.0,{},[],100.0,52.238457575181485,1884.5549926757812,1884.4599975585938,1763.4120025634766,66.81959409289405,1762.360811814212,0.07048480389545786,2062.0,2497.5,-0.02524290586716338,0.1691435265999175,0.11614057408289785,5,0.9250687226102114,1.4124882726988428,67.75,Nifty Services Sector,0.0017563355922071144,0.5585215605749491,0,24.8143,0.0,"['relative strength', 'trend structure', 'volume/delivery surge']",85.53459119496856,91.98113207547169,73.42767295597484,53.93081761006289,57.38993710691824,55.1948051948052,19.81132075471698
EIDPARRY,2026-10-07,E.I.D. Parry (India) Ltd.,Fast Moving Consumer Goods,699.55,0.0005005720823796356,1,True,False,True,[],21.04529118680061,36.04529118680061,15.0,{'DOWNTREND_BOUNCE': 15},[],100.0,41.91149242112646,700.3100006103516,754.2119982910157,814.6945001220703,19.152538803547152,661.2449101858745,0.05475674115575946,865.4000244140625,1118.0,-0.08399898309373355,-0.07790158138693692,-0.03676001852381444,0,1.0288902293764794,1.0203954214360043,49.03,Nifty FMCG,0.0275639954647936,0.795348837209298,3,23.1331,-1.7449833800142756e-08,"['volume/delivery surge', 'strong sector', 'relative strength']",26.729559748427672,13.364779874213836,61.16352201257862,13.050314465408805,20.440251572327043,84.90259740259741,56.918238993710695
EIHOTEL,2026-10-07,EIH Ltd.,Consumer Services,296.5,-0.01396740937811769,1,True,False,False,['LOW_TURNOVER'],,,,{},[],100.0,47.66760548916542,297.32750091552737,300.9839990234375,318.4712495422363,7.517009104863756,281.4659817902725,0.05070495180346535,337.8999938964844,405.0,0.002535925612848766,-0.1008339651250948,-0.004958756039602219,0,0.6232086411196944,0.9383306243426713,49.07,Nifty India Consumption,-0.0021929861068333834,0.16071428571428265,0,4.36505,0.0,,,,,,,,
ELGIEQUIP,2026-10-07,Elgi Equipments Ltd.,Capital Goods,602.05,0.004672507300792494,1,True,False,True,[],54.895858858123006,54.895858858123006,0.0,{},[],100.0,48.82483411312151,603.8199981689453,606.6909973144532,548.1349992370606,16.705226931007086,568.6395339309546,0.05549448474285701,653.4000244140625,653.4000244140625,-0.056643722536212526,0.04459098342270895,0.03816389415976901,2,0.642954646778639,1.185208075813762,57.53,Nifty India Manufacturing,-0.008940467208090608,0.7615062761506244,3,19.99945,-2.0275776391187605e-08,"['relative strength', 'near breakout/52W high', 'volume/delivery surge']",64.15094339622641,54.874213836477985,55.0314465408805,79.24528301886792,20.440251572327043,29.383116883116884,55.0314465408805
EMCURE,2026-10-07,Emcure Pharmaceuticals Ltd.,Healthcare,1918.0,-0.002288805659592219,1,True,False,True,[],63.46279506656865,63.46279506656865,0.0,{},[],100.0,45.937398138709376,1956.2200073242188,1931.3200048828126,1702.4774987792969,51.97333233144864,1814.0533353371027,0.05419534132580672,2100.699951171875,2100.699951171875,-0.0040502900770365,0.05709875120807162,0.07071449428203835,3,0.3995824592340357,1.0658764088612516,54.85,Nifty Healthcare Index,0.03009247179727903,0.5299684542586729,0,19.25365,0.0,"['relative strength', 'near breakout/52W high', 'trend structure']",75.78616352201257,68.08176100628931,39.77987421383648,72.79874213836479,20.440251572327043,93.66883116883118,60.062893081761004
EMMVEE,2026-10-07,Emmvee Photovoltaic Power Ltd.,Capital Goods,305.8,0.031365935919055676,1,True,False,False,['INELIGIBLE_HISTORY'],,,,{},[],100.0,40.87137964909303,322.38499755859374,322.85900024414065,273.8196002960205,11.579919898788656,282.64014799539143,0.07573525415984284,354.79998779296875,371.54998779296875,-0.07683022553066032,-0.08237062927841332,-0.03541016368801603,2,1.530404560341569,0.8276259656404936,35.89,Nifty India Manufacturing,-0.008940467208090608,0.7094240837696333,2,63.74815,-3.9918349403755826e-08,,,,,,,,
ENGINERSIN,2026-10-07,Engineers India Ltd.,Construction,308.3,-0.01595914458985004,2,True,False,True,[],72.99906068773993,72.99906068773993,0.0,{},[],100.0,63.08871723824777,292.9050003051758,267.22640106201175,230.34175018310546,10.948214783508842,286.4035582259511,0.07102312823223877,321.3999938964844,321.3999938964844,0.10422626903167687,0.2865130553254631,0.2395599258950908,5,0.8534292121107867,1.0945923868648912,33.5,Nifty Infrastructure,0.0003333538178706963,0.26291079812206736,0,146.89925,-3.95946521125623e-08,"['relative strength', 'trend structure', 'near breakout/52W high']",95.9119496855346,91.98113207547169,61.79245283018868,90.56603773584905,57.38993710691824,48.701298701298704,17.61006289308176
ENRIN,2026-10-07,Siemens Energy India Ltd.,Capital Goods,3344.0,0.011035525321239525,3,True,False,True,[],58.60655068202239,58.60655068202239,0.0,{},[],100.0,57.655337492039486,3216.864990234375,3295.772001953125,3099.922998046875,105.2596350116346,3133.480729976731,0.06295432716006855,3735.0,3968.0,0.04496731288160083,-0.051858546431160835,0.04074464694174079,4,1.3347027213066027,0.7892842862854859,39.48,Nifty India Manufacturing,-0.008940467208090608,0.5183767228177631,1,99.44605,0.0,"['relative strength', 'trend structure', 'near breakout/52W high']",66.0377358490566,78.61635220125787,44.49685534591195,58.80503144654088,82.54716981132076,29.383116883116884,36.16352201257862
ESCORTS,2026-10-07,Escorts Kubota Ltd.,Capital Goods,2785.5,-0.009318206067503554,1,True,False,True,[],33.44931797761986,33.44931797761986,0.0,{},[],100.0,44.45243972711839,2802.05498046875,2954.7019970703127,3146.3955041503905,70.7221045056477,2644.0557909887048,0.05077875031818169,3173.10009765625,3987.800048828125,-0.07556748800666857,-0.05313075200008499,-0.020158856286855986,0,0.7069325253551536,0.9170152738593249,47.13,Nifty India Manufacturing,-0.008940467208090608,0.4264705882352941,0,15.626199999999999,0.0,"['relative strength', 'smooth (low ATR)', 'volume/delivery surge']",37.42138364779874,13.364779874213836,34.119496855345915,33.80503144654088,20.440251572327043,29.383116883116884,69.18238993710692
ETERNAL,2026-10-07,Eternal Ltd.,Consumer Services,328.0,-0.003039513677811523,2,True,False,True,[],73.23000898472597,73.23000898472597,0.0,{},[],100.0,53.58661239856657,326.3,322.55199951171875,277.14980026245115,8.137283416040747,311.7254331679185,0.04961758180512654,344.3999938964844,368.45001220703125,0.01990047815616136,0.13240119769248548,0.12034110164084422,5,1.0507002345204943,0.9716472429987824,55.86,Nifty India Consumption,-0.0021929861068333834,0.41975308641975206,0,728.6213,0.0,"['relative strength', 'trend structure', 'near breakout/52W high']",86.47798742138365,91.98113207547169,55.9748427672956,79.24528301886792,57.38993710691824,44.642857142857146,73.27044025157232
FACT,2026-10-07,Fertilisers and Chemicals Travancore Ltd.,Chemicals,746.95,-0.015876152832674517,1,True,False,False,['LOW_TURNOVER'],,,,{},[],100.0,40.551358155825476,765.9775024414063,796.5210021972656,833.7925003051757,22.522708412626848,701.9045953817775,0.060305798365484886,920.0,1058.5999755859375,-0.055927703889394276,-0.1269358624691106,-0.04724151946273164,0,0.5473847773751169,1.1836873406966864,34.83,Nifty Chemicals,-0.008316086726218641,0.16157205240174968,0,7.35,1.6342501130139908e-08,,,,,,,,
FEDERALBNK,2026-10-07,Federal Bank Ltd.,Financial Services,323.5,0.010937500000000044,4,True,False,True,[],65.95084946500042,65.95084946500042,0.0,{},[],100.0,41.63445427591149,329.8475006103516,343.7590002441406,305.9657504272461,7.167345007703835,309.16530998459234,0.044311251979621824,371.70001220703125,371.70001220703125,-0.06000288903882889,-0.019251192924103933,0.004563222735054384,2,1.597456619864196,1.1207579672695953,65.06,Nifty Financial Services,0.00780339395834162,0.7087912087912102,1,181.33724999999998,0.0,"['volume/delivery surge', 'relative strength', 'repeat gainer']",47.79874213836478,54.874213836477985,84.27672955974842,54.24528301886792,95.75471698113208,67.37012987012987,86.79245283018868
FINCABLES,2026-10-07,Finolex Cables Ltd.,Capital Goods,1483.5,0.006445047489823663,3,True,False,True,[],70.91787143673936,70.91787143673936,0.0,{},[],75.0,64.6144873317966,1429.2850036621094,1285.5770007324218,1017.202251586914,55.892716144364144,1371.7145677112717,0.07535249901498364,1498.0,1498.0,0.2090464547677262,0.417447004209478,0.3574369932051229,5,0.5240185637737372,0.9872340425531914,37.12,Nifty India Manufacturing,-0.008940467208090608,0.6380952380952352,6,113.76889999999999,0.0,"['relative strength', 'near breakout/52W high', 'trend structure']",99.05660377358491,91.98113207547169,35.534591194968556,98.42767295597484,82.54716981132076,29.383116883116884,10.69182389937107
FIRSTCRY,2026-10-07,Brainbees Solutions Ltd.,Consumer Services,172.2,-0.030241594863997356,1,True,False,True,[],7.8290655884995495,22.82906558849955,15.0,{'DOWNTREND_BOUNCE': 15},[],100.0,40.88036827983417,174.82200088500977,189.34059997558595,226.15489944458008,7.888572838416127,156.42285127140994,0.09162105665759301,222.5,389.6499938964844,-0.027283521800597454,-0.15355881399068327,-0.04623090417911957,0,0.5195462273884871,1.3272481406355645,39.26,Nifty India Consumption,-0.0021929861068333834,0.1468428781204111,0,42.9771,-1.772217073092719e-08,"['volume/delivery surge', 'relative strength', 'strong sector']",22.32704402515723,13.364779874213836,54.24528301886792,3.1446540880503147,20.440251572327043,44.642857142857146,1.2578616352201257
FIVESTAR,2026-10-07,Five-Star Business Finance Ltd.,Financial Services,509.35,-0.009721007096335166,2,True,False,True,[],52.76688720084946,52.76688720084946,0.0,{},[],100.0,44.402939078755615,526.3274978637695,531.5979986572265,485.13400039672854,17.640172435509612,474.0696612324964,0.06926542544077086,573.5999755859375,666.0,-0.028236225548384786,-0.06780749753859883,-0.0038315978269710116,2,1.1478028340943303,1.330324074074074,57.47,Nifty Financial Services,0.00780339395834162,0.2061403508771954,0,29.699949999999998,1.1982949965627654e-08,"['volume/delivery surge', 'relative strength', 'trend structure']",44.0251572327044,54.874213836477985,80.81761006289308,44.65408805031447,57.38993710691824,67.37012987012987,22.32704402515723
FLUOROCHEM,2026-10-07,Gujarat Fluorochemicals Ltd.,Chemicals,4555.9,-0.0046534999563051516,2,True,False,True,[],66.89291840235236,66.89291840235236,0.0,{},[],100.0,52.8464801086724,4523.405004882812,4579.218017578125,3824.4645080566406,132.90474916071875,4290.090404022312,0.05834401633466402,4958.89990234375,4958.89990234375,-0.0258093898969447,0.15587971643885568,0.10922542698747628,3,0.9736166418105503,1.0624313438300987,58.03,Nifty Chemicals,-0.008316086726218641,0.15947467166979307,0,60.400499999999994,-2.143511701468981e-08,"['relative strength', 'near breakout/52W high', 'trend structure']",84.59119496855345,68.08176100628931,63.0503144654088,77.20125786163521,57.38993710691824,39.44805194805195,48.113207547169814
FORCEMOT,2026-10-07,Force Motors Ltd.,Automobile and Auto Components,16956.0,-0.00900058445353591,1,True,False,True,[],19.70656701788777,34.70656701788777,15.0,{'DOWNTREND_BOUNCE': 15},[],100.0,43.98863017588414,17268.4,17689.06,19580.175,431.1391404794902,16093.72171904102,0.05085387361164073,19448.0,26450.0,-0.03795744680851065,-0.06681342872867368,-0.008195174052071375,0,0.8481054262595277,1.0225063257424423,38.39,Nifty Auto,-0.04145903795535644,0.5571428571428572,0,111.31244999999998,0.0,"['relative strength', 'volume/delivery surge', 'smooth (low ATR)']",41.82389937106918,13.364779874213836,54.088050314465406,26.88679245283019,20.440251572327043,11.688311688311689,68.86792452830188
FORTIS,2026-10-07,Fortis Healthcare Ltd.,Healthcare,779.1,0.019764397905759123,3,True,False,True,[],39.634178714367394,39.634178714367394,0.0,{},[],100.0,28.759129895290656,844.9724914550782,890.6599975585938,908.9802505493165,22.201967103595216,734.696041378747,0.05699388473705902,979.5999755859375,1104.300048828125,-0.14196037931064154,-0.1951446533203125,-0.12436225259895622,0,1.6372790310736416,1.0612551672303645,56.48,Nifty Healthcare Index,0.03009247179727903,0.8844827586206889,2,95.10375,-3.1336237382717513e-08,"['volume/delivery surge', 'strong sector', 'repeat gainer']",2.20125786163522,13.364779874213836,78.93081761006289,16.82389937106918,82.54716981132076,93.66883116883118,50.943396226415096
FRACTAL,2026-10-07,Fractal Analytics Ltd.,Information Technology,721.3,-0.028094051067843462,1,True,False,False,['INELIGIBLE_HISTORY'],,,,{},[],100.0,34.392636204413975,750.4850036621094,792.0650024414062,,23.86712834516285,673.5657311026431,0.0661780916375484,899.7000122070312,1118.0,-0.09972544083463675,-0.14258545284639668,-0.07696518312399592,0,0.45591773093255444,0.8347545103671125,46.5,Nifty IT,-0.04433637332109952,0.14347826086956325,0,19.23965,-1.692365336758428e-08,,,,,,,,
FSL,2026-10-07,Firstsource Solutions Ltd.,Services,259.2,-0.004034582132564912,2,True,False,True,[],50.983316997467945,50.983316997467945,0.0,{},[],100.0,47.35265704978092,261.2650032043457,272.3804006958008,262.3590501403809,9.50447650496228,240.19105919710668,0.07333700661534504,341.8999938964844,371.75,-0.0015408085018491224,0.06693014572413492,0.07688493232766369,1,1.360572674986513,1.096069868995633,40.16,Nifty Services Sector,0.0017563355922071144,0.1939393939393898,0,13.8849,4.709502809951971e-08,"['relative strength', 'volume/delivery surge', 'repeat gainer']",77.04402515723271,36.9496855345912,77.67295597484276,12.578616352201259,57.38993710691824,55.1948051948052,13.836477987421384
GABRIEL,2026-10-07,Gabriel India Ltd.,Automobile and Auto Components,1346.9,-0.00443491758444825,2,True,False,True,[],50.02889406191293,50.02889406191293,0.0,{},[],100.0,49.21981886816446,1341.7650024414063,1394.8380078125,1134.9685021972657,54.65584288202257,1237.5883386500172,0.08115798038655375,1600.0,1600.0,-0.03072823252883994,0.0768308057518654,0.06724155032803353,3,0.9026252455116324,0.9596387242449901,34.0,Nifty Auto,-0.04145903795535644,0.5073313782991236,0,28.268600000000003,1.812611349905069e-08,"['relative strength', 'trend structure', 'volume/delivery surge']",73.8993710691824,68.08176100628931,48.58490566037736,43.867924528301884,57.38993710691824,11.688311688311689,5.660377358490566
GAIL,2026-10-07,GAIL (India) Ltd.,Oil Gas & Consumable Fuels,170.71,-0.007961413296141306,3,True,False,True,[],66.74303683737645,66.74303683737645,0.0,{},[],100.0,46.56151519881372,171.94399948120116,173.47939971923827,166.25529991149904,3.2590387680376587,164.19192917779188,0.03818216437071831,182.3800048828125,186.8699951171875,-0.025015647470635005,-0.017383233108507756,0.022990823426949414,2,1.0478836233999245,1.0346774193548387,64.15,Nifty Oil & Gas,0.0008677160208944157,0.8082706766917325,0,117.1909,3.93290795486223e-08,"['relative strength', 'near breakout/52W high', 'smooth (low ATR)']",56.289308176100626,54.874213836477985,63.36477987421384,79.40251572327044,82.54716981132076,51.785714285714285,95.9119496855346
GESHIP,2026-10-07,Great Eastern Shipping Co. Ltd.,Services,1567.9,0.023032754795772048,2,True,False,True,[],72.17828555092706,72.17828555092706,0.0,{},[],100.0,68.64392726055377,1481.3299926757813,1394.9359985351562,1379.3279992675782,39.788658098524095,1488.3227082170142,0.05075407548819133,1598.9000244140625,1798.0,0.13303943423173248,0.1034555545599476,0.16243775811236083,5,0.5615204391477556,0.9853927423059257,53.63,Nifty Services Sector,0.0017563355922071144,0.9009661835748817,1,122.1103,1.557118589623485e-08,"['relative strength', 'trend structure', 'near breakout/52W high']",89.937106918239,91.98113207547169,36.32075471698113,81.60377358490567,57.38993710691824,55.1948051948052,69.49685534591195
GICRE,2026-10-07,General Insurance Corporation of India,Financial Services,316.55,0.0073190135242642285,2,True,False,True,[],41.22600669770481,41.22600669770481,0.0,{},[],100.0,33.29667175536423,334.79749908447263,346.9700006103516,369.3612498474121,7.85158848561551,300.84681082173773,0.049607258179713676,364.5,417.95001220703125,-0.09063492604813328,-0.13273975947131844,-0.06749707904320507,0,1.1458103520267098,1.0600720865038045,52.94,Nifty Financial Services,0.00780339395834162,0.737226277372262,1,20.042399999999997,-3.8562727122659624e-08,"['volume/delivery surge', 'smooth (low ATR)', 'strong sector']",14.150943396226415,13.364779874213836,68.71069182389937,36.9496855345912,57.38993710691824,67.37012987012987,73.58490566037736
GILLETTE,2026-10-07,Gillette India Ltd.,Fast Moving Consumer Goods,7223.5,0.02359359501204472,1,True,False,True,[],54.150637098750295,54.150637098750295,0.0,{},[],100.0,52.02430176904358,7138.6,7375.34,7836.0825,143.35216079164036,6936.795678416719,0.03969049928473467,8100.0,9664.0,-0.021272271526319386,-0.07254285164023877,-0.0027172978667582837,1,1.3865053076341254,1.0351608065322444,62.12,Nifty FMCG,0.0275639954647936,0.7823741007194245,3,13.3783,0.0,"['relative strength', 'volume/delivery surge', 'smooth (low ATR)']",45.59748427672956,36.9496855345912,72.48427672955975,42.45283018867924,20.440251572327043,84.90259740259741,94.33962264150944
GLAND,2026-10-07,Gland Pharma Ltd.,Healthcare,3150.6,0.048068926516083854,3,True,True,True,[],83.7536755697133,83.7536755697133,0.0,{},[],93.37665824472455,68.83454267382413,2928.349987792969,2857.877998046875,2186.6475006103515,86.06884749292287,2978.462402670404,0.05463647865493948,3042.0,3042.0,0.06464368116503749,0.2707107452404196,0.21186747691924934,5,3.6117047345659397,0.7358655697531945,42.04,Nifty Healthcare Index,0.03009247179727903,0.8657894736842099,3,110.54825000000001,3.09960801470055e-08,"['relative strength', 'near breakout/52W high', 'trend structure']",94.0251572327044,91.98113207547169,53.930817610062896,99.68553459119497,82.54716981132076,93.66883116883118,57.861635220125784
GLENMARK,2026-10-07,Glenmark Pharmaceuticals Ltd.,Healthcare,2282.3,-0.012418866291648567,1,True,False,True,[],57.25210324266928,57.25210324266928,0.0,{},[],100.0,39.30205762023662,2387.3749755859376,2365.8759814453124,2214.6204931640623,59.9458436295112,2162.4083615691025,0.0525310803549176,2537.60009765625,2537.60009765625,-0.07767223728909878,-0.0002627594468812555,0.005222765348530778,3,1.0165545452605718,0.9104290073595405,50.72,Nifty Healthcare Index,0.03009247179727903,0.15076335877862743,0,112.95575000000001,2.1394262361695837e-08,"['relative strength', 'trend structure', 'near breakout/52W high']",48.42767295597484,68.08176100628931,46.38364779874214,67.45283018867924,20.440251572327043,93.66883116883118,64.46540880503144
GODFRYPHLP,2026-10-07,Godfrey Phillips India Ltd.,Fast Moving Consumer Goods,1862.4,-0.019789473684210468,1,True,False,True,[],16.96510250755534,31.96510250755534,15.0,{'DOWNTREND_BOUNCE': 15},[],100.0,37.2551484954131,1927.825,2056.4200024414063,2149.766005859375,48.22388380753684,1765.9522567989889,0.051786816124756774,2410.0,3480.0,-0.0734328236745958,-0.11955751835498185,-0.05230490729826803,0,0.6701107052198361,1.0376992996572791,34.82,Nifty FMCG,0.0275639954647936,0.166212534059949,0,34.6451,1.3108925278615402e-08,"['strong sector', 'volume/delivery surge', 'smooth (low ATR)']",20.440251572327043,13.364779874213836,46.22641509433963,4.559748427672956,20.440251572327043,84.90259740259741,66.98113207547169
GODREJCP,2026-10-07,Godrej Consumer Products Ltd.,Fast Moving Consumer Goods,865.55,-0.007965616045845336,1,True,False,True,[],44.01698930000817,44.01698930000817,0.0,{},[],100.0,44.90592459708349,863.8399993896485,918.9360009765625,1056.0112512207031,18.0282264058761,829.4935349812165,0.04165727377998252,1100.0,1273.9000244140625,0.00063582403811413,-0.204750120931929,-0.05786688473038665,1,1.5465861255834983,1.1138731493328458,60.94,Nifty FMCG,0.0275639954647936,0.5639810426540267,0,73.95385,-1.4103207490734349e-08,"['volume/delivery surge', 'smooth (low ATR)', 'strong sector']",17.61006289308176,36.9496855345912,83.33333333333334,12.578616352201259,20.440251572327043,84.90259740259741,91.50943396226415
GODREJIND,2026-10-07,Godrej Industries Ltd.,Diversified,1029.0,-0.015311004784688942,1,True,False,False,['LOW_TURNOVER'],,,,{},[],100.0,30.89725573754825,1084.3650024414062,1166.6820068359375,1074.5867498779296,35.04021538412254,958.919569231755,0.06810537489625368,1373.0999755859375,1443.0,-0.10052447552447552,-0.27417645803724155,-0.14316020306433774,1,0.353715654745203,1.071859977813386,43.48,,,0.16666666666666666,0,5.1692,0.0,,,,,,,,
GPIL,2026-10-07,Godawari Power & Ispat Ltd.,Capital Goods,214.31,-0.021326148506712883,1,True,False,True,[],22.757494078248794,22.757494078248794,0.0,{},[],100.0,33.70840561423741,229.7654998779297,237.90779998779297,261.38554939270017,6.89436173248455,200.52127409362464,0.06434008502659416,256.0,320.0,-0.12779296038943666,-0.15742090656222096,-0.09841666975930802,0,0.830663318369236,1.0107156525066974,52.82,Nifty India Manufacturing,-0.008940467208090608,0.2693069306930714,0,33.51395,-1.1391938059546192e-08,"['volume/delivery surge', 'near breakout/52W high', 'smooth (low ATR)']",6.60377358490566,13.364779874213836,51.729559748427675,21.22641509433962,20.440251572327043,29.383116883116884,31.761006289308177
GRANULES,2026-10-07,Granules India Ltd.,Healthcare,845.3,0.010640841702534543,2,True,False,True,[],60.530405129461734,60.530405129461734,0.0,{},[],100.0,47.664257340912386,863.1625,854.0280004882812,725.6617495727539,26.956437473153244,791.3871128466623,0.06377957615623542,923.6500244140625,923.6500244140625,-0.02536607899186505,-0.04166430532123744,0.010675071559969551,3,1.5282423619205454,0.8240142362086729,43.99,Nifty Healthcare Index,0.03009247179727903,0.8105263157894705,2,67.60855,-1.4441063789227826e-08,"['relative strength', 'near breakout/52W high', 'trend structure']",51.257861635220124,68.08176100628931,52.20125786163521,74.68553459119497,57.38993710691824,93.66883116883118,33.64779874213836
GRAPHITE,2026-10-07,Graphite India Ltd.,Capital Goods,834.05,-0.020148026315789602,4,True,True,True,[],72.22290288328024,72.22290288328024,0.0,{},[],100.0,59.31798737149719,812.2074981689453,754.5639978027343,684.434499206543,30.433921018468517,773.1821457560317,0.07297864987445568,874.3499755859375,874.3499755859375,0.13592099120595003,0.3614920356391127,0.29289677713905216,5,0.3137127056743326,1.1497132508300636,38.09,Nifty India Manufacturing,-0.008940467208090608,0.13677130044842872,0,168.0472,-1.463585064254147e-08,"['relative strength', 'trend structure', 'near breakout/52W high']",97.79874213836477,91.98113207547169,45.283018867924525,87.73584905660377,95.75471698113208,29.383116883116884,15.09433962264151
GRAVITA,2026-10-07,Gravita India Ltd.,Metals & Mining,1496.0,-0.003264707841961534,1,True,False,True,[],24.64765580331618,24.64765580331618,0.0,{},[],100.0,37.637020696474686,1541.9449951171875,1667.3680004882813,1646.2325018310546,47.23483180438624,1401.5303363912276,0.06314817086147884,1858.5,1913.5999755859375,-0.11074127291258173,-0.19335704750704652,-0.10785889649329333,1,1.2355276117858207,0.7710244648318043,40.34,Nifty Metal,-0.024540237346309834,0.7312030075187981,0,32.02905,0.0,"['volume/delivery surge', 'trend structure', 'near breakout/52W high']",4.088050314465409,36.9496855345912,41.666666666666664,28.144654088050316,20.440251572327043,20.454545454545453,35.22012578616352
GROWW,2026-10-07,Billionbrains Garage Ventures Ltd.,Financial Services,197.75,0.02360370619597285,3,True,False,False,['INELIGIBLE_HISTORY'],,,,{},[],100.0,60.57979981335999,189.69550018310548,192.45560028076173,185.15070007324218,5.542024108928468,186.66595178214305,0.05605081273252566,206.97000122070312,227.1999969482422,0.012855943639705547,-0.0328654628091366,0.03418550413180527,4,1.9095226454569634,1.0751775666451435,58.28,Nifty Financial Services,0.00780339395834162,0.9410430839002257,3,425.7558,0.0,,,,,,,,
GVT&D,2026-10-07,GE Vernova T&D India Ltd.,Capital Goods,4316.3,0.01677227862712294,4,True,False,True,[],48.73233684554439,48.73233684554439,0.0,{},[],100.0,50.24706507043889,4321.405004882812,4324.474013671875,4115.652496337891,137.6455615821836,4041.008681523133,0.06377942580944007,4825.0,5650.0,-0.09130530427631578,-0.07714187967658659,-0.04003332825993039,2,1.0972591583006448,1.1724654747885666,54.76,Nifty India Manufacturing,-0.008940467208090608,0.8280575539568371,1,264.11760000000004,-4.524998264976432e-08,"['volume/delivery surge', 'repeat gainer', 'trend structure']",25.157232704402517,54.874213836477985,75.47169811320754,46.540880503144656,95.75471698113208,29.383116883116884,33.9622641509434
HAL,2026-10-07,Hindustan Aeronautics Ltd.,Capital Goods,4746.3,-0.014472591362126197,3,True,False,True,[],63.19774565057583,63.19774565057583,0.0,{},[],100.0,49.11217941818857,4758.7349853515625,4830.23400390625,4421.058997802735,104.09546333533144,4538.1088780168375,0.043863838197715777,5149.89990234375,5149.89990234375,-0.05660795600179469,0.05314192118116656,0.04245724630620673,2,0.6867640345051104,0.9877306733167082,49.51,Nifty India Manufacturing,-0.008940467208090608,0.14300100704934463,0,358.4794,-4.115047513852943e-08,"['relative strength', 'near breakout/52W high', 'smooth (low ATR)']",66.66666666666667,54.874213836477985,42.45283018867924,79.55974842767296,82.54716981132076,29.383116883116884,88.0503144654088
HAVELLS,2026-10-07,Havells India Ltd.,Consumer Durables,1060.5,0.0033112582781456013,2,True,False,True,[],29.769562198807485,29.769562198807485,0.0,{},[],100.0,37.683244188313815,1080.1400024414063,1181.5459985351563,1255.522000732422,24.443064771189114,1011.6138704576217,0.046097246150285986,1315.0,1520.0,-0.06973684210526321,-0.10762371405800275,-0.044490014365112185,0,0.6654835046044799,0.8528880866425993,47.25,Nifty Consumer Durables,-0.028473784292969873,0.571942446043165,3,79.5069,0.0,"['smooth (low ATR)', 'relative strength', 'repeat gainer']",23.270440251572328,13.364779874213836,24.056603773584904,17.92452830188679,57.38993710691824,16.72077922077922,82.38993710691824
HBLENGINE,2026-10-07,HBL Engineering Ltd.,Capital Goods,762.45,-0.0024205155043829363,1,True,False,True,[],48.60655068202237,48.60655068202237,0.0,{},[],100.0,53.470077861242544,760.35,721.8099987792968,758.0302499389649,24.73671884836385,712.9765745103035,0.06488745085532766,829.9000244140625,1122.0,0.042666683360042645,-0.004439463977660929,0.06330387340771165,4,0.5063901903954543,0.9197368421052632,34.95,Nifty India Manufacturing,-0.008940467208090608,0.5346153846153882,0,108.42110000000001,1.6010271108868324e-08,"['relative strength', 'trend structure', 'near breakout/52W high']",72.64150943396227,78.61635220125787,25.78616352201258,44.81132075471698,20.440251572327043,29.383116883116884,30.81761006289308
HCLTECH,2026-10-07,HCL Technologies Ltd.,Information Technology,1185.0,-0.01610760544669554,2,True,False,True,[],39.61661765907049,39.61661765907049,0.0,{},[],100.0,34.78252425975582,1236.2649963378906,1290.632001953125,1336.5869970703125,32.15655336347534,1120.6868932730492,0.05427266390459984,1379.800048828125,1780.0999755859375,-0.07204385277995307,0.017953805388186472,0.017145240020637498,0,0.669807713262455,1.1550609432962375,54.49,Nifty IT,-0.04433637332109952,0.40939597315436455,0,341.42364999999995,0.0,"['relative strength', 'volume/delivery surge', 'smooth (low ATR)']",53.77358490566038,13.364779874213836,55.660377358490564,25.31446540880503,57.38993710691824,3.0844155844155843,59.74842767295598
HDFCAMC,2026-10-07,HDFC Asset Management Company Ltd.,Financial Services,2314.8,-0.015983676245536427,3,True,False,True,[],43.89110103732745,43.89110103732745,0.0,{},[],100.0,40.11569731492262,2367.435009765625,2476.0940087890626,2584.6119995117188,52.13478230317362,2210.530484221778,0.04504473924611063,2698.0,2967.25,-0.05414129749372043,-0.16166880712651555,-0.0637147885935972,0,1.0729720516555177,1.0032583903551644,61.58,Nifty Financial Services,0.00780339395834162,0.3148936170212805,0,162.86780000000002,2.1093884861045353e-08,"['volume/delivery surge', 'smooth (low ATR)', 'repeat gainer']",14.465408805031446,13.364779874213836,60.69182389937107,38.522012578616355,82.54716981132076,67.37012987012987,83.9622641509434
HDFCBANK,2026-10-07,HDFC Bank Ltd.,Financial Services,702.75,-0.012228547332911677,2,True,False,True,[],44.55147839581802,44.55147839581802,0.0,{},[],100.0,42.10301607612396,719.2024993896484,722.05,806.4097506713867,13.48901884817559,675.7719623036488,0.0383892389844912,761.3499755859375,1020.5,-0.00035561877667145136,-0.14813020231383867,-0.030052646828734264,0,0.8952591207749945,0.880429631969673,55.74,Nifty Financial Services,0.00780339395834162,0.11290322580644728,0,2400.10705,0.0,"['smooth (low ATR)', 'relative strength', 'near breakout/52W high']",30.18867924528302,13.364779874213836,39.15094339622642,47.48427672955975,57.38993710691824,67.37012987012987,95.28301886792453
HDFCLIFE,2026-10-07,HDFC Life Insurance Company Ltd.,Financial Services,546.05,0.003860648956705459,2,True,False,True,[],58.41154128889978,58.41154128889978,0.0,{},[],100.0,54.01279177349589,537.2075042724609,539.6410009765625,614.2412493896485,13.82815518628729,518.3936774203942,0.05064794614199364,567.4000244140625,788.5,0.0229486704386197,-0.03813638180118106,0.03659640803524011,2,0.6168013649664584,1.029946198355497,50.73,Nifty Financial Services,0.00780339395834162,0.7699999999999931,2,217.37080000000003,-2.2355152839992343e-08,"['relative strength', 'near breakout/52W high', 'trend structure']",63.522012578616355,54.874213836477985,42.76729559748428,55.9748427672956,57.38993710691824,67.37012987012987,70.12578616352201
HEGAM,2026-10-07,HEG Advanced Materials Ltd.,Capital Goods,246.99,-0.02069703818246693,3,True,False,False,"['LOW_TURNOVER', 'MISSING_FACTOR']",,,,{'DOWNTREND_BOUNCE': 15},[],100.0,29.162610570837728,237.6515007019043,489.02559967041014,547.0454012298584,23.694651959086958,199.60070157499015,0.19186729367268063,753.9000244140625,753.9000244140625,-0.04489559294791423,-0.5468488927166428,-0.25168197911575774,1,,,45.29,Nifty India Manufacturing,-0.008940467208090608,0.1253164556962036,0,,2.224043105236717e-08,,,,,,,,
HEXT,2026-10-07,Hexaware Technologies Ltd.,Information Technology,505.5,0.010393763741754825,2,True,False,False,['LOW_TURNOVER'],,,,{'DOWNTREND_BOUNCE': 15},[],100.0,46.963738413627965,502.5550018310547,532.6039971923828,543.0610000610352,15.477426259596239,474.54514748080754,0.06123610785201272,622.7999877929688,807.75,-0.025729933919455994,-0.08132666969559288,-0.009338038091003642,1,0.9678919784299451,1.2854214123006833,56.43,Nifty IT,-0.04433637332109952,0.862660944206007,3,7.56525,0.0,,,,,,,,
HINDCOPPER,2026-10-07,Hindustan Copper Ltd.,Metals & Mining,479.95,-0.011431513903192636,1,True,False,True,[],8.570611778158948,23.57061177815895,15.0,{'DOWNTREND_BOUNCE': 15},[],100.0,42.745556532778316,491.1700012207031,516.518999633789,530.3374998474121,15.220104711354967,449.5098027843213,0.06342370798727937,586.75,760.0499877929688,-0.09927740602922219,-0.03750121712291665,-0.024199047859548628,0,0.3054492538373712,0.9108536296996927,38.52,Nifty Metal,-0.024540237346309834,0.21739130434782608,0,315.11424999999997,2.5433964490062522e-08,"['relative strength', 'smooth (low ATR)', 'volume/delivery surge']",35.22012578616352,13.364779874213836,20.12578616352201,14.622641509433963,20.440251572327043,20.454545454545453,34.59119496855346
HINDPETRO,2026-10-07,Hindustan Petroleum Corporation Ltd.,Oil Gas & Consumable Fuels,343.15,-0.022364672364672433,2,True,False,True,[],41.67228212039533,41.67228212039533,0.0,{},[],100.0,40.55794945521113,350.49000091552733,364.83900146484376,393.9232499694824,8.115574876875879,326.9188441427326,0.04730045182121756,403.0,508.45001220703125,-0.011095118453935515,-0.13192510879559394,-0.02731984990824393,0,1.121966576109983,0.9773974513998699,52.54,Nifty Oil & Gas,0.0008677160208944157,0.11428571428570779,0,139.1247,-1.7786727646296185e-08,"['volume/delivery surge', 'relative strength', 'smooth (low ATR)']",33.0188679245283,13.364779874213836,58.80503144654088,24.371069182389938,57.38993710691824,51.785714285714285,80.18867924528301
HINDUNILVR,2026-10-07,Hindustan Unilever Ltd.,Fast Moving Consumer Goods,1865.4,-0.015723934149430074,1,True,False,True,[],36.80786980315282,36.80786980315282,0.0,{},[],100.0,39.33683369093562,1909.3850036621093,1985.6439990234376,2174.9180004882815,31.28757559876443,1802.8248732165337,0.03354516477889735,2213.0,2667.199951171875,-0.05787877554845333,-0.132614182224302,-0.05105621516985687,0,0.4983220176106832,0.9914262159934049,60.13,Nifty FMCG,0.0275639954647936,0.046413502109710306,0,241.27555,1.308784303155619e-08,"['smooth (low ATR)', 'strong sector', 'volume/delivery surge']",20.754716981132077,13.364779874213836,35.22012578616352,25.943396226415093,20.440251572327043,84.90259740259741,99.05660377358491
HOMEFIRST,2026-10-07,Home First Finance Company India Ltd.,Financial Services,1087.9,-0.021232568600989543,2,True,False,True,[],36.22600669770481,36.22600669770481,0.0,{},[],100.0,36.220345489816296,1157.0500061035157,1176.7639990234375,1131.3959991455079,38.668524210537335,1010.5629759929878,0.07108837823836611,1289.5999755859375,1317.699951171875,-0.12060460279389162,-0.11024775671955811,-0.07123591604020407,1,0.7910615895105485,0.9741815278147458,54.9,Nifty Financial Services,0.00780339395834162,0.13865546218487643,0,21.39915,2.244145824725763e-08,"['volume/delivery surge', 'strong sector', 'near breakout/52W high']",12.89308176100629,36.9496855345912,45.44025157232704,42.924528301886795,57.38993710691824,67.37012987012987,17.29559748427673
HONASA,2026-10-07,Honasa Consumer Ltd.,Fast Moving Consumer Goods,477.05,-0.002613422538155996,2,True,False,True,[],64.52799558931633,64.52799558931633,0.0,{},['LOW_DELIVERY'],100.0,55.8156004567438,462.34749603271484,468.5919970703125,377.13200012207034,17.61009188947468,441.8298040140194,0.07382912625549487,509.79998779296875,509.79998779296875,0.017381091922734404,0.011556364755976878,0.058658992055876436,4,2.2074380851695805,0.46193001060445393,21.78,Nifty FMCG,0.0275639954647936,0.7578616352201276,0,33.42595,-2.5588578256297012e-08,"['relative strength', 'near breakout/52W high', 'trend structure']",71.38364779874213,78.61635220125787,46.069182389937104,82.86163522012578,57.38993710691824,84.90259740259741,13.20754716981132
HYUNDAI,2026-10-07,Hyundai Motor India Ltd.,Automobile and Auto Components,1945.0,-0.022121669180492742,1,True,False,True,[],31.797761986441227,31.797761986441227,0.0,{},[],100.0,31.145818854867088,2094.8050048828127,2159.33,2051.422996826172,54.72625562381536,1835.5474887523692,0.05627378470315214,2281.0,2549.5,-0.12387387387387383,-0.020101780403696146,-0.027797563422264193,1,0.8853181506481709,0.7741414141414141,38.32,Nifty Auto,-0.04145903795535644,0.18518518518518517,0,120.02584999999999,0.0,"['relative strength', 'trend structure', 'smooth (low ATR)']",32.38993710691824,36.9496855345912,29.245283018867923,34.74842767295597,20.440251572327043,11.688311688311689,53.459119496855344
ICICIBANK,2026-10-07,ICICI Bank Ltd.,Financial Services,1357.5,0.01094727435210019,2,True,False,True,[],67.19298782978028,67.19298782978028,0.0,{},[],100.0,51.16020699063521,1339.7050048828125,1392.1180029296875,1352.7745025634765,21.00406881308666,1315.4918623738267,0.030945221087420482,1466.4000244140625,1480.0,-0.029941420382357253,-0.031187519764989347,0.013625793642847495,3,1.495413135620026,0.9547897565602277,60.4,Nifty Financial Services,0.00780339395834162,0.9169435215946842,3,1339.3768,0.0,"['relative strength', 'near breakout/52W high', 'trend structure']",52.20125786163522,68.08176100628931,64.62264150943396,78.61635220125785,57.38993710691824,67.37012987012987,99.68553459119497
ICICIGI,2026-10-07,ICICI Lombard General Insurance Company Ltd.,Financial Services,1590.0,-0.0051930175811799595,2,True,False,True,[],59.21342808135261,59.21342808135261,0.0,{},[],100.0,56.75545026353601,1518.8399963378906,1567.392001953125,1757.0964947509765,37.42448803436234,1515.1510239312754,0.04707482771617899,1771.0,2064.89990234375,0.07113983686952641,-0.12933958903038256,0.015090387636092717,2,1.089966076252817,1.0472560975609755,61.83,Nifty Financial Services,0.00780339395834162,0.5833333333333348,0,123.7651,0.0,"['relative strength', 'volume/delivery surge', 'trend structure']",53.144654088050316,54.874213836477985,65.72327044025157,48.742138364779876,57.38993710691824,67.37012987012987,80.50314465408805
ICICIPRULI,2026-10-07,ICICI Prudential Life Insurance Company Ltd.,Financial Services,457.5,-0.0043525571273123065,2,True,False,True,[],27.36594380462305,42.36594380462305,15.0,{'DOWNTREND_BOUNCE': 15},[],100.0,41.08037521256414,467.2624984741211,489.6549975585938,548.2127487182618,12.98242873862093,431.5351425227581,0.05675378683550136,525.75,706.7999877929688,-0.027940070258189786,-0.0676584703100106,-0.003609006567579398,0,0.6720475209836066,1.0709134615384615,53.46,Nifty Financial Services,0.00780339395834162,0.7169811320754723,0,55.995,0.0,"['relative strength', 'volume/delivery surge', 'strong sector']",44.9685534591195,13.364779874213836,49.84276729559748,26.729559748427675,57.38993710691824,67.37012987012987,51.57232704402516
IDBI,2026-10-07,IDBI Bank Ltd.,Financial Services,85.67,-0.015400528674864966,2,True,False,True,[],51.65839663481173,51.65839663481173,0.0,{},[],100.0,52.45738818918308,83.88499908447265,85.10899948120117,86.94914985656739,2.7036659729417396,80.26266622306183,0.06311815176206692,96.25,118.37999725341797,0.05621991769547319,0.033538409938075775,0.08906942753329528,2,0.24551730171718747,0.7865139949109415,30.91,Nifty Financial Services,0.00780339395834162,0.18902439024390377,0,104.75040000000001,-2.137334764729104e-08,"['relative strength', 'trend structure', 'strong sector']",80.81761006289308,54.874213836477985,8.176100628930818,39.77987421383648,57.38993710691824,67.37012987012987,35.534591194968556
IDEA,2026-10-07,Vodafone Idea Ltd.,Telecommunication,13.18,-0.002271006813020504,1,True,False,False,['PRICE_LT_50'],,,,{},['LOW_DELIVERY'],100.0,41.557372079828546,13.854500150680542,13.932400054931641,12.30275004863739,0.45238413737621996,12.275232030423341,0.06864706022784672,15.789999961853027,15.789999961853027,-0.1452658728946341,-0.07117683615747061,-0.06403109080953157,2,0.7845152238979906,0.7199526346950859,24.32,,,0.29032258064516037,0,635.4633,2.315445990497267e-08,,,,,,,,
IDFCFIRSTB,2026-10-07,IDFC First Bank Ltd.,Financial Services,79.54,-0.02476704266797447,2,True,False,True,[],54.88952871028343,54.88952871028343,0.0,{},[],100.0,37.975234649196146,83.67500076293945,84.73660064697266,77.52160018920898,1.9093881386124292,75.72122463830249,0.048010764813549045,89.61000061035156,89.61000061035156,-0.08046241716153357,-0.015959431972098814,-0.004020660850295399,2,0.9762174246022542,0.8673718470301057,47.97,Nifty Financial Services,0.00780339395834162,0.2915129151291543,0,174.25474999999997,1.1510275843562567e-08,"['relative strength', 'near breakout/52W high', 'trend structure']",43.710691823899374,54.874213836477985,41.19496855345912,61.63522012578616,57.38993710691824,67.37012987012987,78.30188679245283
IEX,2026-10-07,Indian Energy Exchange Ltd.,Financial Services,105.85,0.009441159641426555,1,True,False,True,[],32.34235889896267,32.34235889896267,0.0,{},[],100.0,30.695103970529942,110.63699989318847,118.57939987182617,124.59539989471436,2.3546087008804815,101.14078107236013,0.04448953679401613,134.75999450683594,160.27000427246094,-0.091728182232938,-0.11526246226912373,-0.05930505853451007,0,2.3995809877659067,0.5722601589611552,25.56,Nifty Financial Services,0.00780339395834162,0.36073059360730475,2,33.0598,-1.441548325153974e-08,"['smooth (low ATR)', 'volume/delivery surge', 'strong sector']",16.9811320754717,13.364779874213836,47.484276729559745,10.69182389937107,20.440251572327043,67.37012987012987,85.84905660377359
IGL,2026-10-07,Indraprastha Gas Ltd.,Oil Gas & Consumable Fuels,146.35,0.035153487056160726,2,True,False,True,[],45.980458221024264,45.980458221024264,0.0,{},[],100.0,48.74772645052469,146.6620002746582,149.58940002441406,161.61790046691894,3.2679597959651074,139.8140865115854,0.04465951021079739,159.5,223.5,-0.04979871416817461,-0.05004538217096732,-0.0057317844530501705,0,3.2894649234509625,0.6358370874321964,34.58,Nifty Oil & Gas,0.0008677160208944157,0.7984395318595563,1,16.69005,4.170492395871861e-08,"['relative strength', 'smooth (low ATR)', 'volume/delivery surge']",42.45283018867924,13.364779874213836,50.78616352201258,41.82389937106918,57.38993710691824,51.785714285714285,85.53459119496856
IIFL,2026-10-07,IIFL Finance Ltd.,Financial Services,588.55,-0.021854744889479916,2,True,False,True,[],49.54361676059789,49.54361676059789,0.0,{},[],100.0,42.8894212368293,602.6274993896484,621.3210009765625,540.5760003662109,21.46238681764697,545.6252141576748,0.07293309748634869,705.0,705.0,-0.10014525070327374,0.08050298256514599,0.03436912964745692,2,0.6419164938371663,0.9910240718074256,48.58,Nifty Financial Services,0.00780339395834162,0.27760252365930416,0,107.13889999999999,-2.074085669878656e-08,"['relative strength', 'trend structure', 'strong sector']",60.691823899371066,54.874213836477985,39.15094339622642,41.666666666666664,57.38993710691824,67.37012987012987,15.40880503144654
IKS,2026-10-07,Inventurus Knowledge Solutions Ltd.,Information Technology,1737.4,-0.013401476433844373,2,True,False,True,[],47.57259250183778,47.57259250183778,0.0,{},[],100.0,44.0594645894433,1785.580010986328,1786.1880053710938,1659.079503173828,58.585541301383515,1620.2289418112955,0.06744047482230409,1970.0,1970.0,-0.028299762631956105,-0.06736808113976678,-0.0036436581693406467,2,2.179911371756517,0.969460565122253,50.95,Nifty IT,-0.04433637332109952,0.6712328767123303,0,26.5684,1.405206773164025e-08,"['relative strength', 'volume/delivery surge', 'near breakout/52W high']",44.65408805031446,54.874213836477985,72.0125786163522,58.9622641509434,57.38993710691824,3.0844155844155843,24.842767295597483
INDHOTEL,2026-10-07,Indian Hotels Co. Ltd.,Consumer Services,731.3,-0.006385869565217472,1,True,False,True,[],69.1576819407008,69.1576819407008,0.0,{},[],100.0,52.563040218648275,725.4075012207031,727.3490014648437,688.1935006713867,15.390592614725321,700.5188025635181,0.04209105120095369,757.4000244140625,757.4000244140625,0.021083461782422486,-0.00020510549122809696,0.05462944186211799,4,1.5481661597566054,0.9757526444263629,59.96,Nifty India Consumption,-0.0021929861068333834,0.19310344827585893,0,149.3406,-1.6692234705573128e-08,"['relative strength', 'near breakout/52W high', 'trend structure']",70.12578616352201,78.61635220125787,69.18238993710692,92.61006289308176,20.440251572327043,44.642857142857146,90.56603773584905
INDIACEM,2026-10-07,India Cements Ltd.,Construction Materials,303.05,0.02641828958509751,1,True,False,False,['LOW_TURNOVER'],,,,{'DOWNTREND_BOUNCE': 15},[],100.0,30.01225622099203,324.6699981689453,355.0379974365234,393.4997505187988,9.907867541043398,283.23425271088195,0.06538767820582825,416.3999938964844,485.79998779296875,-0.14259449051749074,-0.20354799528786138,-0.12888097918615526,0,1.873816450184365,1.0407618162815004,44.81,Nifty Cement,-0.027460905978277328,0.8765822784810134,1,4.07135,-4.0280584978624745e-08,,,,,,,,
INDIAMART,2026-10-07,Indiamart Intermesh Ltd.,Consumer Services,1605.3,0.007784543913616604,1,True,False,True,[],12.467430368373766,27.467430368373766,15.0,{'DOWNTREND_BOUNCE': 15},[],100.0,36.75424472889152,1640.435009765625,1709.0580078125,1983.0740002441407,39.56054057775022,1526.1789676726246,0.04928740967351186,1907.0,2525.89990234375,-0.047016889980335375,-0.16564446526604726,-0.06214041390667052,0,0.8883227499144454,0.7940822931114192,42.94,Nifty India Consumption,-0.0021929861068333834,0.6260330578512375,2,10.58535,3.041682239413035e-08,"['smooth (low ATR)', 'volume/delivery surge', 'strong sector']",15.40880503144654,13.364779874213836,31.132075471698112,19.654088050314463,20.440251572327043,44.642857142857146,74.84276729559748
INDIANB,2026-10-07,Indian Bank,Financial Services,828.3,0.018819188191881775,2,True,False,True,[],53.15996896185576,53.15996896185576,0.0,{},[],100.0,48.122502063652234,827.3775024414062,855.3320056152344,863.5002517700195,18.347324309415455,791.6053391741378,0.04430115798577394,906.7000122070312,1000.9000244140625,-0.03674850066741897,-0.048696478488139516,0.001467774138741551,1,1.2229805402390097,0.6281653488139325,31.38,Nifty Financial Services,0.00780339395834162,0.8008915304606226,3,77.24275,-1.473745170343932e-08,"['relative strength', 'near breakout/52W high', 'smooth (low ATR)']",46.855345911949684,36.9496855345912,36.320754716981135,61.79245283018868,57.38993710691824,67.37012987012987,87.10691823899371
INDIGO,2026-10-07,InterGlobe Aviation Ltd.,Services,4990.0,-0.011979011979011966,1,True,False,True,[],62.92514089683901,62.92514089683901,0.0,{},[],100.0,50.481266972859366,4928.039990234375,5090.86599609375,4824.27250366211,104.10847869870823,4781.783042602584,0.041726845169822835,5508.0,5970.0,-0.0020000000000000018,-0.060617469879518104,0.012881528776761741,3,2.7567585516367648,1.2083960843373494,64.19,Nifty Services Sector,0.0017563355922071144,0.18209876543209724,0,292.553,0.0,"['volume/delivery surge', 'relative strength', 'trend structure']",51.57232704402516,68.08176100628931,93.55345911949686,60.69182389937107,20.440251572327043,55.1948051948052,91.19496855345912
INDUSINDBK,2026-10-07,IndusInd Bank Ltd.,Financial Services,874.9,-0.034433285509325784,1,True,False,True,[],35.880094748019275,35.880094748019275,0.0,{},[],100.0,32.16450749696912,930.4799987792969,978.7040002441406,925.8885009765625,21.079294930238184,832.7414345535861,0.0481867512676214,1077.8499755859375,1077.8499755859375,-0.12308307736843715,-0.13870837278216552,-0.08670546135878054,1,1.1566296382708232,0.7819652383410772,45.44,Nifty Financial Services,0.00780339395834162,0.12364760432766607,0,190.4352,2.7904974775339042e-08,"['smooth (low ATR)', 'strong sector', 'volume/delivery surge']",10.377358490566039,36.9496855345912,40.25157232704402,34.59119496855346,20.440251572327043,67.37012987012987,77.35849056603773
INDUSTOWER,2026-10-07,Indus Towers Ltd.,Telecommunication,385.05,-0.010408635312259107,4,True,False,True,[],57.06761006289308,57.06761006289308,0.0,{},['SECTOR_UNMAPPED'],100.0,54.71323203814951,378.325,379.31,412.99699920654297,9.281399804330135,366.4871881843085,0.04820880456342458,406.5,481.5,0.0321672708555607,-0.051951265346795505,0.034298266470903394,2,0.5166544142763136,0.7501526118426789,43.01,,,0.35046728971962654,0,184.7166,-3.170245754802181e-08,"['relative strength', 'near breakout/52W high', 'repeat gainer']",60.37735849056604,54.874213836477985,11.477987421383649,64.937106918239,95.75471698113208,50.0,77.04402515723271
INFY,2026-10-07,Infosys Ltd.,Information Technology,992.0,-0.021551511564827153,3,True,False,True,[],17.171649105611365,32.171649105611365,15.0,{'DOWNTREND_BOUNCE': 15},[],100.0,35.709705136488395,1028.5524963378907,1095.6189990234375,1243.058250427246,26.24542684722776,939.5091463055445,0.052914167030701065,1195.0,1728.0,-0.08317929759704257,-0.07116104868913853,-0.03297990942656975,0,0.8172454658047231,0.9124692594954005,50.09,Nifty IT,-0.04433637332109952,0.10052910052909944,0,945.51615,0.0,"['repeat gainer', 'relative strength', 'smooth (low ATR)']",29.245283018867923,13.364779874213836,38.36477987421384,14.150943396226413,82.54716981132076,3.0844155844155843,64.15094339622641
INOXINDIA,2026-10-07,INOX India Ltd.,Capital Goods,2082.0,0.002262552351610214,3,True,False,True,[],53.858123009066404,53.858123009066404,0.0,{},[],100.0,48.97515133255206,2112.335028076172,2053.207998046875,1585.3844989013671,91.57831263438398,1898.843374731232,0.08797148187741022,2339.5,2339.5,-0.06042687316431783,0.05257836198179988,0.04026600812526182,4,0.7684055432421579,0.8763142350856468,37.09,Nifty India Manufacturing,-0.008940467208090608,0.21117166212534033,1,66.1592,0.0,"['relative strength', 'trend structure', 'near breakout/52W high']",65.40880503144655,78.61635220125787,32.075471698113205,63.0503144654088,82.54716981132076,29.383116883116884,2.5157232704402515
IOB,2026-10-07,Indian Overseas Bank,Financial Services,31.03,-0.013668150031786341,1,True,False,False,"['PRICE_LT_50', 'LOW_TURNOVER']",,,,{},[],100.0,38.13149700199807,31.799999904632568,32.78899990081787,34.011350049972535,0.6216098183450389,29.78678104995543,0.04006508569705336,35.36000061035156,41.79999923706055,-0.06928612643581755,-0.10266052505587464,-0.0417830620293253,0,1.6361335478121037,0.9044770358934774,46.87,Nifty Financial Services,0.00780339395834162,0.40909090909091056,0,6.31685,2.2128440413382577e-08,,,,,,,,
IOC,2026-10-07,Indian Oil Corporation Ltd.,Oil Gas & Consumable Fuels,130.0,-0.012158054711246202,1,True,False,True,[],42.395552560646905,42.395552560646905,0.0,{},[],100.0,38.30952255194334,134.10100021362305,137.00580078125,147.56785049438477,2.508965528320441,124.98206894335912,0.03859946966646832,145.1999969482422,188.9600067138672,-0.03237816081797551,-0.06447903195857463,-0.004238332671754275,0,0.8873252364071677,0.9622482435597189,51.36,Nifty Oil & Gas,0.0008677160208944157,0.20134228187920103,0,111.8176,0.0,"['relative strength', 'smooth (low ATR)', 'volume/delivery surge']",43.081761006289305,13.364779874213836,47.64150943396227,38.36477987421384,20.440251572327043,51.785714285714285,94.96855345911949
IPCALAB,2026-10-07,Ipca Laboratories Ltd.,Healthcare,1938.5,-0.0035980467746080658,3,True,True,True,[],75.82914726782651,75.82914726782651,0.0,{},[],100.0,49.205636672432824,1960.4049987792969,1900.4939990234375,1644.2265002441407,52.34587608092329,1833.8082478381534,0.05400657836566758,2038.0,2038.0,-0.014589239469418591,0.0842328841263329,0.07901208604497795,4,0.5321976123185066,1.154349698535745,67.01,Nifty Healthcare Index,0.03009247179727903,0.29411764705882315,0,49.958800000000004,0.0,"['relative strength', 'near breakout/52W high', 'trend structure']",78.30188679245283,78.61635220125787,50.94339622641509,87.1069182389937,82.54716981132076,93.66883116883118,61.320754716981135
IRB,2026-10-07,IRB Infrastructure Developers Ltd.,Construction,17.44,-0.022421524663677084,2,True,False,False,['PRICE_LT_50'],,,,{},[],100.0,40.90118117751901,18.108999919891357,18.894999961853028,20.445699987411498,0.515490775843116,16.409018982371386,0.05911591285062656,21.040000915527344,23.950000762939453,-0.0940259462827212,-0.1404632948680009,-0.07305435685884026,0,1.01098979371532,0.8288434742220157,35.69,Nifty Infrastructure,0.0003333538178706963,0.2641509433962287,0,18.6244,3.06225698132323e-08,,,,,,,,
IRCON,2026-10-07,IRCON International Ltd.,Construction,106.66,-0.011125533098460982,1,True,False,True,[],3.997488360695911,18.99748836069591,15.0,{'DOWNTREND_BOUNCE': 15},['LOW_DELIVERY'],100.0,41.452240968300835,109.13499946594239,118.20399993896484,137.80395015716553,3.7593430607772866,99.14131754055481,0.07049208572477816,133.82000732421875,186.44000244140625,-0.08751814339084518,-0.18803286261781393,-0.09358523928780876,0,1.1324175351069674,0.5692987299834346,20.62,Nifty Infrastructure,0.0003333538178706963,0.2621359223300929,0,21.397250000000003,3.433442130607034e-08,"['strong sector', 'volume/delivery surge', 'relative strength']",8.176100628930818,13.364779874213836,32.38993710691824,8.176100628930818,20.440251572327043,48.701298701298704,19.49685534591195
IRFC,2026-10-07,Indian Railway Finance Corporation Ltd.,Financial Services,76.15,-0.012321660181582206,1,True,False,True,[],15.463428081352607,30.463428081352607,15.0,{'DOWNTREND_BOUNCE': 15},[],100.0,31.440606066334325,79.25799942016602,83.36539993286132,98.26014980316162,1.5720680152608248,73.00586549535726,0.04128871920577892,90.8499984741211,137.1699981689453,-0.07134144480635485,-0.15294771709255062,-0.06795431723293194,0,0.6299020135048945,0.9336534816125364,36.94,Nifty Financial Services,0.00780339395834162,0.09482758620689634,0,66.12315000000001,2.0037805636974326e-08,"['smooth (low ATR)', 'strong sector', 'volume/delivery surge']",13.836477987421384,13.364779874213836,30.81761006289308,15.880503144654087,20.440251572327043,67.37012987012987,92.13836477987421
ITC,2026-10-07,ITC Ltd.,Fast Moving Consumer Goods,265.7,-0.0037495313085864623,1,True,False,True,[],41.988687413215715,56.988687413215715,15.0,{'DOWNTREND_BOUNCE': 15},[],100.0,50.261078555164765,263.7875,269.4409991455078,298.88650085449217,4.9590128426062385,255.78198652181877,0.037327908278319666,292.54998779296875,426.3999938964844,0.0083491924365513,-0.056965351527839436,0.019882184170876727,1,3.774456342850654,1.0061650198462968,59.57,Nifty FMCG,0.0275639954647936,0.6914893617021294,0,354.58964999999995,4.594291036497111e-08,"['relative strength', 'volume/delivery surge', 'smooth (low ATR)']",54.716981132075475,36.9496855345912,80.18867924528303,36.79245283018868,20.440251572327043,84.90259740259741,96.85534591194968
ITCHOTELS,2026-10-07,ITC Hotels Ltd.,Consumer Services,159.17,-0.006491479932588584,2,True,False,True,[],42.68755615453728,42.68755615453728,0.0,{},[],100.0,48.78019365178953,158.02200088500976,161.6429995727539,167.4809997558594,3.669026966132718,151.83194423667987,0.046101991686126165,173.0,226.6300048828125,0.014855916127637592,-0.14968750417764265,-0.023225530308481734,1,0.6297390634646064,0.781687402799378,40.21,Nifty India Consumption,-0.0021929861068333834,0.17272727272727006,0,25.3656,-1.150376749414761e-08,"['relative strength', 'smooth (low ATR)', 'near breakout/52W high']",36.16352201257862,36.9496855345912,16.50943396226415,48.11320754716981,57.38993710691824,44.642857142857146,82.0754716981132
ITI,2026-10-07,ITI Ltd.,Telecommunication,245.84,-0.00806972240154935,1,True,False,False,['LOW_TURNOVER'],,,,{},[],100.0,36.90244970909286,251.72299880981444,267.05720123291013,283.29555046081543,6.827468155601521,232.18506002668758,0.05554399818829825,296.25,372.8500061035156,-0.0901554950725747,-0.15300604190218559,-0.07739050477085935,0,0.6419771100847587,0.7300649734199645,30.9,,,0.26582278481012794,0,3.83565,-1.4896312183765303e-08,,,,,,,,
J&KBANK,2026-10-07,Jammu & Kashmir Bank Ltd.,Financial Services,139.4,-0.0007168458781361409,2,True,False,True,[],39.27632116311362,39.27632116311362,0.0,{},[],100.0,36.424232235358595,143.83500061035156,148.66620025634765,135.09325023651124,4.023292379997136,131.35340913649011,0.05772299219732746,188.52999877929688,201.75,-0.051894204898047414,-0.27640800252821474,-0.11996083999661028,2,1.4887313565074418,1.040152558533743,49.09,Nifty Financial Services,0.00780339395834162,0.5199999999999994,0,21.737350000000003,-4.3784186720685625e-08,"['volume/delivery surge', 'trend structure', 'strong sector']",2.830188679245283,54.874213836477985,75.0,11.163522012578616,57.38993710691824,67.37012987012987,49.37106918238994
JAINREC,2026-10-07,Jain Resource Recycling Ltd.,Metals & Mining,295.15,0.017232465965879795,4,True,False,True,[],22.878787878787882,37.87878787878788,15.0,{'DOWNTREND_BOUNCE': 15},['LOW_DELIVERY'],100.0,54.1219975810925,285.4150024414063,294.32000122070315,374.51325073242185,11.04739259780536,273.05520870087366,0.07485951432328286,363.0,593.9500122070312,-0.004720937292574612,-0.1335681808754895,-0.02495429536751126,2,1.6604053203391602,0.587784371909001,23.77,Nifty Metal,-0.024540237346309834,0.5818181818181818,1,22.2474,-2.0679368439857626e-08,"['repeat gainer', 'relative strength', 'trend structure']",34.905660377358494,54.874213836477985,44.18238993710692,10.062893081761006,95.75471698113208,20.454545454545453,11.635220125786164
JINDALSAW,2026-10-07,Jindal Saw Ltd.,Capital Goods,281.9,-0.001770538243626052,2,True,False,True,[],50.17887772604753,50.17887772604753,0.0,{},[],100.0,47.42323118127877,287.2250015258789,285.3669998168945,231.94630012512206,9.829242355158371,262.2415091861676,0.06973566915909724,320.0,320.0,-0.08355010304643007,0.022117499541351116,0.013473961963981318,3,0.4487021141554668,1.1985829959514172,59.21,Nifty India Manufacturing,-0.008940467208090608,0.7142857142857143,0,43.78655,-2.165135015719244e-08,"['relative strength', 'trend structure', 'near breakout/52W high']",51.886792452830186,68.08176100628931,49.52830188679245,58.33333333333333,57.38993710691824,29.383116883116884,21.38364779874214
JIOFIN,2026-10-07,Jio Financial Services Ltd.,Financial Services,216.44,-0.0067003212482790175,1,True,False,True,[],32.8690884587111,32.8690884587111,0.0,{},[],100.0,34.5326483751241,223.6489990234375,237.46479919433594,246.79314994812012,4.475796114665324,207.4884102120756,0.0413583077451406,268.20001220703125,316.8500061035156,-0.07167056355359436,-0.10547199357057357,-0.04438101484556317,0,0.798148169507158,0.8267668562144598,40.71,Nifty Financial Services,0.00780339395834162,0.2755417956656313,0,292.79335,1.1279829292831778e-08,"['smooth (low ATR)', 'strong sector', 'relative strength']",23.58490566037736,13.364779874213836,30.031446540880502,16.666666666666668,20.440251572327043,67.37012987012987,91.82389937106919
JKCEMENT,2026-10-07,J.K. Cement Ltd.,Construction Materials,5047.0,0.017540322580645196,2,True,False,True,[],45.012047700726946,45.012047700726946,0.0,{},[],100.0,50.6212833252881,4970.15,5149.87,5390.045,137.77072529668524,4771.45854940663,0.054595096214260064,5790.0,6764.5,0.011321510870654139,-0.06511067889228495,0.01729567970570539,1,0.9843691384269101,0.9262056943637421,47.82,Nifty Cement,-0.027460905978277328,0.7335907335907336,1,20.138650000000002,0.0,"['relative strength', 'volume/delivery surge', 'smooth (low ATR)']",54.088050314465406,36.9496855345912,47.327044025157235,35.84905660377358,57.38993710691824,18.83116883116883,58.490566037735846
JKTYRE,2026-10-07,JK Tyre & Industries Ltd.,Automobile and Auto Components,333.4,-0.017533519964638367,1,True,False,True,[],12.104365760026134,27.104365760026134,15.0,{'DOWNTREND_BOUNCE': 15},[],100.0,33.34441019575439,345.2850006103516,368.3830010986328,423.2915007019043,8.195807385112474,317.00837912625946,0.04916501220847136,422.0,611.9000244140625,-0.0843175273067781,-0.1874238269177989,-0.09168041339576771,0,1.586758436144088,1.0168632205444725,46.13,Nifty Auto,-0.04145903795535644,0.04242424242423829,0,16.2621,-1.8306885452012978e-08,"['volume/delivery surge', 'smooth (low ATR)', 'relative strength']",8.80503144654088,13.364779874213836,74.68553459119497,6.446540880503145,20.440251572327043,11.688311688311689,75.15723270440252
JMFINANCIL,2026-10-07,JM Financial Ltd.,Financial Services,124.92,0.007419354838709591,2,True,False,True,[],50.81720166625826,50.81720166625826,0.0,{},[],100.0,47.74580845963182,125.01600036621093,126.75380004882813,129.47115020751954,3.339117258455393,118.24176365203452,0.05346009137687435,136.3000030517578,182.5,-0.027632933899168655,0.0024877422123052995,0.03161766787308912,0,0.7840858242004667,1.0813338755591704,53.18,Nifty Financial Services,0.00780339395834162,0.8346456692913383,2,24.3076,-1.4657818514507426e-08,"['relative strength', 'volume/delivery surge', 'strong sector']",59.43396226415094,13.364779874213836,56.91823899371069,44.339622641509436,57.38993710691824,67.37012987012987,62.893081761006286
JSWENERGY,2026-10-07,JSW Energy Ltd.,Power,485.45,-0.019094766619519032,1,True,False,True,[],44.49593645348362,44.49593645348362,0.0,{},[],100.0,34.66157900201718,506.8300018310547,531.5910009765626,525.550752105713,11.609769505531968,462.2304731959673,0.04783095772415269,583.4000244140625,617.3499755859375,-0.07796768811580013,-0.12286565814468353,-0.056226409413721035,1,1.411281939181235,1.0636313768513441,58.17,Nifty Energy,0.014989779207088882,0.29739776951672886,0,83.8683,2.5145805437887248e-08,"['volume/delivery surge', 'strong sector', 'smooth (low ATR)']",18.553459119496857,36.9496855345912,75.94339622641509,33.64779874213836,20.440251572327043,79.70779220779221,78.61635220125787
JSWINFRA,2026-10-07,JSW Infrastructure Ltd.,Services,353.9,-0.025203140063352225,3,True,False,True,[],75.09495221759374,75.09495221759374,0.0,{},[],100.0,53.841171259026915,350.26000061035154,341.02500122070313,294.86865081787107,10.71981643173229,332.4603610330198,0.060581048977739305,375.5,375.5,0.06596383703760345,0.0722617996837378,0.11330308207719142,5,1.4401139632090953,0.9472715560872366,51.47,Nifty Services Sector,0.0017563355922071144,0.193877551020406,0,108.3018,-1.7246441386120637e-08,"['relative strength', 'trend structure', 'near breakout/52W high']",85.22012578616352,91.98113207547169,62.73584905660377,83.9622641509434,82.54716981132076,55.1948051948052,42.138364779874216
JUBLFOOD,2026-10-07,Jubilant Foodworks Ltd.,Consumer Services,460.6,0.02412451361867718,1,True,False,True,[],47.176549865229106,47.176549865229106,0.0,{},['LOW_DELIVERY'],100.0,44.46067825867827,471.51000061035154,480.41899963378904,475.01199966430664,13.577668708759157,433.4446686859973,0.05895644172313663,527.8499755859375,635.0,-0.031131653308753227,0.07278444056308153,0.06501665734368495,1,2.741908466681549,0.15499769691386459,6.73,Nifty India Consumption,-0.0021929861068333834,0.44104803493449923,3,43.8813,1.3251227892752127e-08,"['relative strength', 'volume/delivery surge', 'trend structure']",72.95597484276729,36.9496855345912,46.855345911949684,34.90566037735849,20.440251572327043,44.642857142857146,46.22641509433962
JUBLINGREA,2026-10-07,Jubilant Ingrevia Ltd.,Chemicals,642.55,-0.0026387272021731745,1,True,False,True,[],35.30486808788695,35.30486808788695,0.0,{},[],100.0,44.68721031276423,642.9049987792969,687.0909973144531,667.7344982910156,22.27058160860171,598.0088245757653,0.06931937446640302,795.0,795.0,-0.04856739317197911,-0.10195669071562719,-0.031071778227282354,1,1.2049151096115749,0.974420224942769,48.95,Nifty Chemicals,-0.008316086726218641,0.7736318407960168,0,16.839499999999997,-1.8997791895181138e-08,"['volume/delivery surge', 'relative strength', 'trend structure']",29.87421383647799,36.9496855345912,61.477987421383645,32.54716981132076,20.440251572327043,39.44805194805195,22.0125786163522
JWL,2026-10-07,Jupiter Wagons Ltd.,Capital Goods,223.56,-0.004807692307692291,1,True,False,True,[],6.955607285795963,21.955607285795963,15.0,{'DOWNTREND_BOUNCE': 15},[],100.0,39.12576913281193,229.06199951171874,242.28320068359375,273.203850479126,6.853356470282238,209.85328461802928,0.061311115987877196,270.0,358.25,-0.07776084245182502,-0.12943922046122902,-0.059409767740006225,0,0.7170380363500094,0.8725540679711636,33.89,Nifty India Manufacturing,-0.008940467208090608,0.3450980392156849,0,15.210899999999999,-1.0920586213103434e-08,"['volume/delivery surge', 'relative strength', 'smooth (low ATR)']",16.666666666666668,13.364779874213836,29.71698113207547,15.880503144654089,20.440251572327043,29.383116883116884,39.62264150943396
JYOTICNC,2026-10-07,Jyoti CNC Automation Ltd.,Capital Goods,1071.0,-0.001956947162426559,2,True,False,True,[],71.48390917258841,71.48390917258841,0.0,{},[],100.0,59.522312999511065,1037.667498779297,968.8100012207032,829.7325015258789,39.9346257121256,991.1307485757488,0.07457446444841376,1134.5999755859375,1134.5999755859375,0.03258778482387714,0.34454838542834,0.23275834884262936,5,1.0407007448687071,1.225293542074364,50.09,Nifty India Manufacturing,-0.008940467208090608,0.6,0,67.2446,0.0,"['relative strength', 'trend structure', 'near breakout/52W high']",94.96855345911949,91.98113207547169,75.31446540880503,84.74842767295597,57.38993710691824,29.383116883116884,12.578616352201259
KAJARIACER,2026-10-07,Kajaria Ceramics Ltd.,Consumer Durables,1226.2,0.01021585104630085,2,True,False,True,[],63.72396471453076,63.72396471453076,0.0,{},[],100.0,52.59066180391855,1215.9499938964843,1218.0619970703126,1098.5884982299804,32.973928361460615,1160.2520944489538,0.05378230251917315,1275.0,1293.800048828125,0.004670177117472418,0.009218066808127645,0.051134385679320826,4,1.4894043706970874,0.803924802110818,48.75,Nifty Consumer Durables,-0.028473784292969873,0.46904315196998164,1,19.27075,-3.982068585983711e-08,"['relative strength', 'near breakout/52W high', 'trend structure']",69.49685534591195,78.61635220125787,49.685534591194966,89.77987421383648,57.38993710691824,16.72077922077922,62.264150943396224
KALYANKJIL,2026-10-07,Kalyan Jewellers India Ltd.,Consumer Durables,569.0,0.03803703365867017,3,True,False,True,[],56.93151188434208,56.93151188434208,0.0,{},['LOW_DELIVERY'],100.0,48.965861432860024,573.9175018310547,591.2289978027344,461.6499987792969,20.792911600469587,527.4141767990608,0.07308580527405839,648.9500122070312,648.9500122070312,-0.0711720165255233,0.1950015904519813,0.10610505067974979,2,2.9917122500837623,0.7037919032789888,19.21,Nifty Consumer Durables,-0.028473784292969873,0.6843467011642945,1,375.68275,0.0,"['relative strength', 'near breakout/52W high', 'repeat gainer']",84.27672955974843,54.874213836477985,51.57232704402516,56.60377358490566,82.54716981132076,16.72077922077922,14.779874213836479
KARURVYSYA,2026-10-07,Karur Vysya Bank Ltd.,Financial Services,330.1,0.015067650676506839,4,True,False,True,[],75.83292493669853,75.83292493669853,0.0,{},[],100.0,51.015969615267714,327.1899978637695,335.24299987792966,304.06664932250976,8.581927797549913,312.9361505084158,0.05199592631851524,358.6499938964844,358.6499938964844,-0.032390408883670285,0.07999349810329726,0.06799180832633428,3,1.4045410229865418,1.1340549542048293,61.29,Nifty Financial Services,0.00780339395834162,0.8663594470046097,2,58.27834999999999,1.848989872321738e-08,"['relative strength', 'volume/delivery surge', 'near breakout/52W high']",74.52830188679245,68.08176100628931,81.44654088050314,78.61635220125785,95.75471698113208,67.37012987012987,66.66666666666667
KEI,2026-10-07,KEI Industries Ltd.,Capital Goods,4677.7,0.02639662965726086,4,True,False,True,[],43.30780854365759,43.30780854365759,0.0,{},[],100.0,47.39610183894114,4576.240014648438,5078.947998046875,4849.796009521484,135.4818966288335,4406.736402054833,0.057926712261123225,5899.0,5899.0,-0.004214966405002629,-0.09162050775560737,-0.003727473363784206,2,0.6882696814079873,0.6994122586062133,33.32,Nifty India Manufacturing,-0.008940467208090608,0.9422382671480153,1,144.3633,4.175396028927025e-08,"['relative strength', 'repeat gainer', 'trend structure']",44.339622641509436,54.874213836477985,16.666666666666668,27.358490566037734,95.75471698113208,29.383116883116884,48.742138364779876
KFINTECH,2026-10-07,Kfin Technologies Ltd.,Financial Services,858.0,-0.006714517249363228,1,True,False,True,[],35.518459527893484,35.518459527893484,0.0,{},[],100.0,41.13500012318972,880.4375,918.7600012207031,931.9022521972656,24.271590278128485,809.456819443743,0.05657713351545102,992.4000244140625,1215.0,-0.07253267469111957,-0.04783040367736313,-0.015991275467720556,0,0.7209121216953389,0.9090909090909092,39.7,Nifty Financial Services,0.00780339395834162,0.0,0,49.25629999999999,0.0,"['relative strength', 'strong sector', 'smooth (low ATR)']",39.308176100628934,13.364779874213836,33.64779874213836,30.50314465408805,20.440251572327043,67.37012987012987,52.83018867924528
KIRLOSBROS,2026-10-07,Kirloskar Brothers Ltd.,Capital Goods,1712.8,-0.018621440440038994,1,True,False,False,['LOW_TURNOVER'],,,,{},[],100.0,39.25454582229428,1775.09501953125,1851.4620043945313,1717.1975018310548,57.590034517729876,1597.6199797926652,0.06724665212046466,1993.0,2189.199951171875,-0.06526957759901875,-0.10235308907115304,-0.0396210696185651,1,1.4695988334633252,0.9636051657184141,53.35,Nifty India Manufacturing,-0.008940467208090608,0.08069164265129541,0,5.216900000000001,2.8507779692432678e-08,,,,,,,,
KIRLOSENG,2026-10-07,Kirloskar Oil Eng Ltd.,Capital Goods,2230.8,-0.015577423767706544,1,True,False,True,[],43.62227395246263,43.62227395246263,0.0,{},[],100.0,52.45317782960958,2190.0500061035154,2163.4419921875,1773.3450012207031,97.22961424894115,2036.3408203302427,0.0871701740369043,2444.0,2720.0,-0.018479408261917074,-0.10477943085516728,-0.01743915584202138,5,0.8734936150124488,0.902200996677741,43.45,Nifty India Manufacturing,-0.008940467208090608,0.2926540284360219,0,91.4459,2.1888167944794645e-08,"['trend structure', 'relative strength', 'near breakout/52W high']",38.679245283018865,91.98113207547169,39.465408805031444,59.59119496855346,20.440251572327043,29.383116883116884,3.1446540880503147
KOTAKBANK,2026-10-07,Kotak Mahindra Bank Ltd.,Financial Services,440.0,0.01875434128270448,4,True,True,True,[],88.60808216940292,88.60808216940292,0.0,{},[],97.54629887489968,70.7851843600321,415.35999755859376,408.6979992675781,399.1856495666504,8.798022985581001,422.403954028838,0.0399910135708228,435.6000061035156,453.20001220703125,0.04949314251639825,0.1652542184529997,0.15156394420121977,5,2.509710762059314,1.0490174267704857,70.73,Nifty Financial Services,0.00780339395834162,0.88,2,616.8586,0.0,"['relative strength', 'near breakout/52W high', 'trend structure']",88.99371069182389,91.98113207547169,82.23270440251572,97.16981132075472,95.75471698113208,67.37012987012987,93.39622641509433
KPIL,2026-10-07,Kalpataru Projects International Ltd.,Construction,1458.4,0.004753703065794035,1,True,False,True,[],69.08396634811729,69.08396634811729,0.0,{},[],100.0,61.30483198325129,1406.7999938964845,1380.613994140625,1256.8209997558595,42.04423541838954,1374.3115535772833,0.05765802895578198,1490.0,1490.0,0.023869699113481913,0.08037632271848838,0.09631327463250594,5,1.3243138055804957,0.9193074820289561,45.4,Nifty Infrastructure,0.0003333538178706963,0.7223719676549888,3,18.018150000000002,1.6740306030271768e-08,"['relative strength', 'near breakout/52W high', 'trend structure']",82.38993710691824,91.98113207547169,56.132075471698116,95.91194968553458,20.440251572327043,48.701298701298704,49.685534591194966
KPITTECH,2026-10-07,KPIT Technologies Ltd.,Information Technology,484.25,-0.01715039577836408,1,True,False,True,[],3.6103283508943917,18.61032835089439,15.0,{'DOWNTREND_BOUNCE': 15},[],100.0,26.20680822703821,523.7550003051758,568.4270013427735,744.003000946045,15.454135093287116,453.3417298134258,0.06382709382875418,662.6500244140625,1284.9000244140625,-0.1383451957295374,-0.13796172674677343,-0.09396319752163462,0,0.7820980462363575,1.1118472945259505,35.24,Nifty IT,-0.04433637332109952,0.06273062730627468,0,66.86965000000001,0.0,"['volume/delivery surge', 'smooth (low ATR)', 'repeat gainer']",7.547169811320755,13.364779874213836,59.27672955974843,0.9433962264150944,20.440251572327043,3.0844155844155843,33.333333333333336
KPRMILL,2026-10-07,K.P.R. Mill Ltd.,Textiles,1101.3,0.0008178844056705437,2,True,False,True,[],57.05188679245283,57.05188679245283,0.0,{},['SECTOR_UNMAPPED'],100.0,47.70113728177548,1110.9200134277344,1111.3680029296875,995.5542520141602,34.754530384158485,1031.7909880598081,0.06311546144239288,1197.9000244140625,1334.0,-0.07165134999696443,-0.005238846432764954,0.005745165501656102,2,1.3479756319759046,1.2911644586114155,64.81,,,0.4828897338403026,3,17.95465,4.4336806448441735e-08,"['volume/delivery surge', 'relative strength', 'near breakout/52W high']",48.742138364779876,54.874213836477985,84.59119496855345,64.15094339622641,57.38993710691824,50.0,35.84905660377358
KSB,2026-10-07,KSB Ltd.,Capital Goods,801.5,-0.009393152885922684,2,True,False,True,[],31.114412317242508,31.114412317242508,0.0,{},[],100.0,47.60154026644062,806.6674987792969,808.7399963378906,819.3707476806641,28.16306309679401,745.173873806412,0.07027589044739613,915.25,1028.300048828125,6.237169156819711e-05,-0.14066689234470475,-0.026111996610047483,0,0.5011250435756315,0.9027738331913282,47.68,Nifty India Manufacturing,-0.008940467208090608,0.2788732394366223,0,11.164200000000001,0.0,"['relative strength', 'near breakout/52W high', 'repeat gainer']",33.9622641509434,13.364779874213836,23.427672955974842,42.76729559748428,57.38993710691824,29.383116883116884,20.12578616352201
LALPATHLAB,2026-10-07,Dr. Lal Path Labs Ltd.,Healthcare,1945.1,-0.009724060686284508,3,True,False,True,[],79.72065670178878,79.72065670178878,0.0,{},[],100.0,52.69476394899474,1935.570001220703,1921.6060034179689,1606.1904992675782,59.136473712046055,1826.8270281618454,0.060805587840524145,2038.5999755859375,2038.5999755859375,0.022714102012372672,0.1546361176393778,0.13286537354239603,5,0.8314080819727552,1.1048566101393944,62.22,Nifty Healthcare Index,0.03009247179727903,0.36641221374045496,0,59.20635,-1.2551571892949198e-08,"['relative strength', 'trend structure', 'near breakout/52W high']",87.42138364779875,91.98113207547169,61.0062893081761,88.0503144654088,82.54716981132076,93.66883116883118,40.880503144654085
LAURUSLABS,2026-10-07,Laurus Labs Ltd.,Healthcare,2052.8,0.0013658536585365866,3,True,True,True,[],84.79927305399002,84.79927305399002,0.0,{},[],100.0,66.82242274849969,1986.0299987792969,1905.4819995117186,1382.8102517700195,45.93657575664368,1960.9268973148376,0.04475504156663224,2055.300048828125,2055.300048828125,0.054394176940818495,0.33489399378836926,0.23883434908111467,5,0.991628615419399,0.8640729601241876,44.53,Nifty Healthcare Index,0.03009247179727903,0.5810810810810921,2,298.89459999999997,2.378610908237988e-08,"['relative strength', 'near breakout/52W high', 'trend structure']",95.59748427672956,91.98113207547169,41.19496855345912,98.74213836477988,82.54716981132076,93.66883116883118,84.90566037735849
LEMONTREE,2026-10-07,Lemon Tree Hotels Ltd.,Consumer Services,112.52,0.02179440610243355,3,True,False,True,[],65.8636567834681,65.8636567834681,0.0,{},[],100.0,67.62867039312104,106.19999961853027,107.6802000427246,117.2326000213623,2.4937863541989604,107.53242393466849,0.044326100757178244,115.68000030517578,171.47999572753906,0.0642201179471309,-0.04974247814272925,0.051429083618721616,2,2.954050849016093,0.9519572953736655,48.15,Nifty India Consumption,-0.0021929861068333834,0.7827004219409278,3,22.06365,-2.983410585244428e-08,"['relative strength', 'volume/delivery surge', 'smooth (low ATR)']",69.81132075471699,54.874213836477985,72.0125786163522,53.61635220125786,82.54716981132076,44.642857142857146,86.16352201257861
LENSKART,2026-10-07,Lenskart Solutions Ltd.,Consumer Services,681.3,-0.005183616850405248,4,True,False,False,['INELIGIBLE_HISTORY'],,,,{},[],100.0,53.44151805404517,683.975,649.5860046386719,537.3225025939942,19.410570439458585,642.4788469140516,0.0569809798539348,725.0,725.0,-0.02076897191093241,0.2531959113351705,0.16040373342863984,4,0.3596196487760416,0.9861842105263159,59.96,Nifty India Consumption,-0.0021929861068333834,0.14457831325300788,0,349.81465,-1.7917262895572605e-08,,,,,,,,
LGEINDIA,2026-10-07,LG Electronics India Ltd.,Consumer Durables,1780.3,0.0123393608552258,2,True,False,False,['INELIGIBLE_HISTORY'],,,,{},[],100.0,68.22478570705283,1695.7650024414063,1653.9920068359374,1554.6770043945312,41.835480644949094,1696.6290875382267,0.04699823568784056,1825.0,1825.0,0.06464543763471209,0.13779005840370684,0.14540801173573026,5,0.6421755164535874,0.8197476125511596,48.07,Nifty Consumer Durables,-0.028473784292969873,0.7480519480519469,1,98.98634999999999,2.7426908522087956e-08,,,,,,,,
LICHSGFIN,2026-10-07,LIC Housing Finance Ltd.,Financial Services,515.4,0.026693227091633354,1,True,False,True,[],42.38952871028343,42.38952871028343,0.0,{},[],100.0,40.352881642142144,543.8075073242187,529.9290032958984,533.6130014038085,15.217354964459265,484.96531448514395,0.05905065674670573,579.4000244140625,598.2000122070312,-0.08454702590752661,-0.06145861513164985,-0.028812556803067435,1,0.9974938382745145,0.8988881896370883,42.85,Nifty Financial Services,0.00780339395834162,0.9122807017543859,1,169.43665000000001,4.7369155042886746e-08,"['near breakout/52W high', 'relative strength', 'strong sector']",31.761006289308177,36.9496855345912,44.339622641509436,59.43396226415094,20.440251572327043,67.37012987012987,45.59748427672956
LINDEINDIA,2026-10-07,Linde India Ltd.,Chemicals,6094.0,-0.009508329947175986,1,True,False,True,[],28.551723433798905,28.551723433798905,0.0,{},[],100.0,39.403459955188495,6195.275,6481.95,6743.7625,153.76853780589926,5786.462924388202,0.05046555228286809,7319.5,8049.0,-0.04482758620689653,-0.13351343665576565,-0.044980247714810295,0,0.3341644576257841,0.9336004006009014,46.61,Nifty Chemicals,-0.008316086726218641,0.5370370370370371,0,11.76015,0.0,"['smooth (low ATR)', 'relative strength', 'near breakout/52W high']",22.641509433962263,13.364779874213836,22.955974842767297,28.77358490566038,20.440251572327043,39.44805194805195,71.38364779874213
LLOYDSME,2026-10-07,Lloyds Metals And Energy Ltd.,Metals & Mining,1844.5,-0.007372726294263332,2,True,False,True,[],58.49985706117781,58.49985706117781,0.0,{},[],100.0,50.95045522177584,1827.235009765625,1877.4840014648437,1605.6745013427735,49.68871767662152,1745.122564646757,0.05387770959785476,2125.0,2125.0,0.025120852523353943,0.024950002791283232,0.06922569137383938,3,0.6759536199734556,1.074488993710692,54.67,Nifty Metal,-0.024540237346309834,0.631768953068591,0,67.7489,0.0,"['relative strength', 'trend structure', 'near breakout/52W high']",75.15723270440252,68.08176100628931,50.62893081761006,52.83018867924528,57.38993710691824,20.454545454545453,61.9496855345912
LODHA,2026-10-07,Lodha Developers Ltd.,Realty,1109.4,-0.02307150405072189,2,True,False,True,[],41.14718614718615,41.14718614718615,0.0,{},[],100.0,43.02414687603902,1125.604998779297,1188.4480029296874,1021.468003540039,36.5675092464811,1036.2650059211003,0.06592303667163613,1344.949951171875,1344.949951171875,-0.08465344520291873,-0.0912143973671411,-0.04374365756850912,2,1.2276607926956542,1.1659703759969617,61.4,Nifty Realty,-0.04259665398070134,0.0,0,181.27349999999998,2.2006546140929117e-08,"['volume/delivery surge', 'trend structure', 'relative strength']",23.89937106918239,54.874213836477985,79.24528301886792,37.73584905660377,57.38993710691824,7.305194805194805,29.245283018867923
LTFOODS,2026-10-07,LT Foods Ltd.,Fast Moving Consumer Goods,418.2,0.02462330025725845,2,True,False,True,[],57.86132892264967,57.86132892264967,0.0,{},[],100.0,48.77827489671327,421.3574981689453,425.997998046875,400.79724899291995,12.770750380511291,392.6585114460087,0.06107484460899104,490.70001220703125,490.70001220703125,-0.0684931488225905,0.07672507409587936,0.04830622635316523,2,1.304680263221302,0.8337119491140392,36.7,Nifty FMCG,0.0275639954647936,0.7457044673539519,3,15.5473,2.918945773977555e-08,"['relative strength', 'strong sector', 'trend structure']",67.9245283018868,54.874213836477985,47.64150943396226,48.11320754716981,57.38993710691824,84.90259740259741,40.56603773584906
LTM,2026-10-07,LTM Ltd.,Information Technology,3930.0,-0.010349777139835314,1,True,False,True,[],5.449950992403824,20.449950992403824,15.0,{'DOWNTREND_BOUNCE': 15},[],100.0,31.93831904266061,4134.289990234375,4399.892001953125,4572.833002929688,126.24301426650895,3677.513971466982,0.06424580878702746,4850.0,6429.5,-0.1128668171557562,-0.02655304480045828,-0.025519667261586443,0,0.6782715015715435,0.6934737923946557,26.99,Nifty IT,-0.04433637332109952,0.23828125000000067,0,158.75705,0.0,"['relative strength', 'smooth (low ATR)', 'volume/delivery surge']",34.59119496855346,13.364779874213836,15.251572327044025,12.578616352201259,20.440251572327043,3.0844155844155843,32.704402515723274
LTTS,2026-10-07,L&T Technology Services Ltd.,Information Technology,3252.1,0.0018792359827479732,3,True,False,True,[],39.45938495466798,39.45938495466798,0.0,{},[],100.0,44.123380723448534,3270.515026855469,3432.922001953125,3530.9500024414065,88.3160548149903,3075.4679880262693,0.054313245080395145,3708.0,4726.0,-0.040423710144986025,-0.007961641725452107,0.01999758778130173,0,0.9654258372207091,0.6954585930543187,31.24,Nifty IT,-0.04433637332109952,0.477150537634408,2,15.8751,3.002867376977747e-08,"['relative strength', 'repeat gainer', 'smooth (low ATR)']",55.0314465408805,13.364779874213836,29.245283018867926,32.23270440251572,82.54716981132076,3.0844155844155843,59.119496855345915
M&MFIN,2026-10-07,Mahindra & Mahindra Financial Services Ltd.,Financial Services,321.75,-0.01830663615560646,1,True,False,True,[],36.768459527893484,36.768459527893484,0.0,{},[],100.0,30.735940814412317,339.32249908447267,367.17100036621093,342.5937501525879,10.463161144511457,300.8236777109771,0.0650390747133579,415.0,415.0,-0.14051023172407973,-0.0560363965424574,-0.05408305041674777,1,1.1404686438475558,1.109592784913911,60.9,Nifty Financial Services,0.00780339395834162,0.16666666666666838,0,59.98955,0.0,"['volume/delivery surge', 'strong sector', 'trend structure']",19.49685534591195,36.9496855345912,73.58490566037736,23.427672955974842,20.440251572327043,67.37012987012987,30.18867924528302
MAHABANK,2026-10-07,Bank of Maharashtra,Financial Services,84.15,0.04146039603960405,3,True,False,True,[],70.01531487380545,70.01531487380545,0.0,{},[],100.0,56.43968107974621,81.95299987792968,81.69979965209961,75.85119985580444,2.33515843641967,79.47968465303957,0.05549990241417957,87.5,94.5,-0.007548052632833979,-0.0011869255088556852,0.03982277464567596,5,1.5075779675960428,0.7782453187460552,36.99,Nifty Financial Services,0.00780339395834162,0.9240780911062919,1,112.821,1.8132845003293596e-08,"['relative strength', 'trend structure', 'near breakout/52W high']",65.09433962264151,91.98113207547169,47.484276729559745,82.38993710691824,82.54716981132076,67.37012987012987,54.716981132075475
MANAPPURAM,2026-10-07,Manappuram Finance Ltd.,Financial Services,308.9,-0.004190844616376532,1,True,False,True,[],37.892673364371475,37.892673364371475,0.0,{},[],100.0,37.8682499408002,318.4699996948242,338.21800048828123,311.0192504119873,9.512991693502753,289.87401050947886,0.06159269589814664,381.54998779296875,381.54998779296875,-0.0495384803185096,-0.094931131131883,-0.02804454200867551,1,1.1315422215893296,0.854419410745234,39.44,Nifty Financial Services,0.00780339395834162,0.11392405063290884,0,121.93674999999999,-1.9758872094044477e-08,"['relative strength', 'strong sector', 'volume/delivery surge']",32.075471698113205,36.9496855345912,44.49685534591195,33.17610062893082,20.440251572327043,67.37012987012987,38.9937106918239
MANKIND,2026-10-07,Mankind Pharma Ltd.,Healthcare,2500.0,0.0,3,True,False,True,[],73.84801519235482,73.84801519235482,0.0,{},[],100.0,57.30812122282541,2415.834997558594,2406.683994140625,2305.4719970703127,56.96619419150919,2386.0676116169816,0.04557295535320738,2642.0,2642.0,0.0827197921178,-0.009940238677883517,0.08058004043647904,5,0.5198531936813187,0.7268997350200872,42.52,Nifty Healthcare Index,0.03009247179727903,0.3987975951903819,0,111.08515,0.0,"['relative strength', 'trend structure', 'near breakout/52W high']",78.61635220125787,91.98113207547169,11.0062893081761,85.062893081761,82.54716981132076,93.66883116883118,83.64779874213836
MAXHEALTH,2026-10-07,Max Healthcare Institute Ltd.,Healthcare,908.0,0.006094182825484795,2,True,False,True,[],33.37631707914727,33.37631707914727,0.0,{},[],100.0,27.838414975050284,1000.984994506836,1017.4019995117187,1029.8209979248047,26.296691854575954,855.4066162908481,0.057922228754572536,1135.9000244140625,1221.9000244140625,-0.08559919436052366,-0.18057935203917796,-0.08889900948333002,0,0.79883931257176,0.9301698571043409,51.75,Nifty Healthcare Index,0.03009247179727903,0.8346055979643764,1,258.6739,0.0,"['strong sector', 'volume/delivery surge', 'repeat gainer']",9.119496855345911,13.364779874213836,39.77987421383648,20.754716981132074,57.38993710691824,93.66883116883118,49.056603773584904
MCX,2026-10-07,Multi Commodity Exchange of India Ltd.,Financial Services,3362.6,0.015891238670694863,3,True,False,True,[],80.63638405619538,80.63638405619538,0.0,{},[],100.0,57.844770660102654,3270.914990234375,3134.18,2788.354997558594,104.21680526556993,3154.16648712511,0.06198584561881715,3481.39990234375,3481.39990234375,0.006164002889362585,0.21362838160589326,0.15408645596414872,5,1.2744871401133049,1.1320383575116792,46.04,Nifty Financial Services,0.00780339395834162,0.887640449438202,2,588.74795,2.9041887339431582e-08,"['relative strength', 'near breakout/52W high', 'trend structure']",89.30817610062893,91.98113207547169,78.14465408805032,93.0817610062893,82.54716981132076,67.37012987012987,38.36477987421384
MEESHO,2026-10-07,Meesho Ltd.,Consumer Services,236.52,-0.007136260599445832,4,True,False,False,['INELIGIBLE_HISTORY'],,,,{},[],98.89455937612615,62.5233832859057,222.575,208.78420074462892,181.1209496307373,9.086429884040191,218.34714450438057,0.07683434567820324,244.74000549316406,254.39999389648438,0.12062923817100435,0.21848438271473447,0.2137470741593902,5,0.8164432694301221,0.9535095715587969,41.84,Nifty India Consumption,-0.0021929861068333834,0.3974763406940077,0,359.12215,1.8063846196625377e-08,,,,,,,,
MFSL,2026-10-07,Max Financial Services Ltd.,Financial Services,1345.1,-0.011682586333578326,2,True,False,True,[],29.488585314057012,29.488585314057012,0.0,{},[],100.0,34.91595014872229,1456.945001220703,1506.3740014648438,1613.2354998779297,47.243957564812106,1250.6120604563132,0.07024601653751761,1604.9000244140625,1892.5,-0.11506580553556744,-0.1469432179523248,-0.08681424802742532,0,0.8696708836392293,0.9442757635292016,52.87,Nifty Financial Services,0.00780339395834162,0.516853932584267,0,130.3319,-1.8150369762715002e-08,"['strong sector', 'volume/delivery surge', 'repeat gainer']",10.062893081761006,13.364779874213836,44.49685534591195,25.157232704402517,57.38993710691824,67.37012987012987,20.440251572327043
MINDACORP,2026-10-07,Minda Corporation Ltd.,Automobile and Auto Components,639.45,-0.030548817465130385,1,True,False,True,[],40.8150575839255,40.8150575839255,0.0,{},[],100.0,34.80783413337322,678.5299926757813,701.3479968261719,612.559499206543,19.693237025722368,600.0635381555865,0.06159429712966036,769.0,769.0,-0.09720454153962499,-0.08506225515855781,-0.046943134632570604,2,1.8596387796807774,1.401369999007247,70.58,Nifty Auto,-0.04145903795535644,0.13118811881188538,0,10.213099999999999,1.9089891667434244e-08,"['volume/delivery surge', 'trend structure', 'near breakout/52W high']",22.0125786163522,54.874213836477985,93.23899371069183,40.09433962264151,20.440251572327043,11.688311688311689,38.679245283018865
MOTHERSON,2026-10-07,Samvardhana Motherson International Ltd.,Automobile and Auto Components,159.2,-0.0050000000000001155,1,True,False,True,[],54.989585885812296,54.989585885812296,0.0,{},[],100.0,46.79982573231925,161.20999908447266,162.79139953613281,137.24494987487793,4.097730397832981,151.00453615257624,0.05147902608522281,173.27000427246094,173.27000427246094,-0.028379670320767048,0.11180944363337986,0.0859051503728272,2,0.8470923471288239,0.8424848976647732,46.72,Nifty Auto,-0.04145903795535644,0.7391304347826066,0,216.4594,-1.916933289880518e-08,"['relative strength', 'near breakout/52W high', 'trend structure']",80.50314465408805,54.874213836477985,33.33333333333333,77.51572327044025,20.440251572327043,11.688311688311689,67.9245283018868
MOTILALOFS,2026-10-07,Motilal Oswal Financial Services Ltd.,Financial Services,1067.9,-0.01225546871386951,2,True,False,True,[],74.64581801845952,74.64581801845952,0.0,{},[],100.0,62.65795192887563,1013.5625030517579,979.1900024414062,863.3915008544922,29.476904487504676,1008.9462154390532,0.05520536344903282,1086.0,1097.0999755859375,0.015596789742332362,0.09041716550321666,0.0971972413392953,5,1.6034681547156486,0.7961936882678871,33.05,Nifty Financial Services,0.00780339395834162,0.2684124386252065,0,76.27074999999999,2.2861749604530246e-08,"['relative strength', 'near breakout/52W high', 'trend structure']",83.01886792452831,91.98113207547169,51.10062893081761,95.9119496855346,57.38993710691824,67.37012987012987,55.660377358490564
MPHASIS,2026-10-07,MphasiS Ltd.,Information Technology,2289.0,-0.003916449086161844,3,True,False,True,[],48.7675610552969,48.7675610552969,0.0,{},[],100.0,48.63628158909992,2271.4999755859376,2372.759990234375,2385.8875006103517,63.77001824458235,2161.459963510835,0.05571867037534506,2556.89990234375,2975.0,-0.028025477707006363,-0.014169388745199796,0.023092830490417715,1,0.9254757524050582,0.9842726081258192,45.06,Nifty IT,-0.04433637332109952,0.3341067285382859,0,67.8686,0.0,"['relative strength', 'repeat gainer', 'volume/delivery surge']",56.60377358490566,36.9496855345912,52.83018867924528,47.64150943396227,82.54716981132076,3.0844155844155843,54.40251572327044
MRF,2026-10-07,MRF Ltd.,Automobile and Auto Components,123075.0,-0.008099613152804608,1,True,False,True,[],40.60279343298211,40.60279343298211,0.0,{},[],100.0,35.32570062297616,125121.75,129634.5,133961.575,1803.6258326394775,119467.74833472105,0.029309377739418663,135800.0,163600.0,-0.04511599037939329,-0.08063793232240235,-0.018686697634377025,0,0.7681159420289855,1.1178945097616222,51.82,Nifty Auto,-0.04145903795535644,0.09090909090909091,0,35.579,0.0,"['smooth (low ATR)', 'relative strength', 'volume/delivery surge']",38.0503144654088,13.364779874213836,58.490566037735846,47.327044025157235,20.440251572327043,11.688311688311689,100.0
MRPL,2026-10-07,Mangalore Refinery & Petrochemicals Ltd.,Oil Gas & Consumable Fuels,182.86,0.046588827838828006,3,True,False,True,[],70.01347708894879,70.01347708894879,0.0,{},['LOW_DELIVERY'],92.45778113525373,64.0835434936994,169.61300048828124,171.6370001220703,168.40500045776366,7.278468676530726,168.30306325729012,0.07960700702435297,191.89999389648438,212.30999755859375,0.05723863038963817,0.1253615264235095,0.13549034212309463,4,2.0901902820200444,0.9734769995855781,23.49,Nifty Oil & Gas,0.0008677160208944157,0.8489634748272484,3,190.6462,3.3378078079238094e-09,"['relative strength', 'trend structure', 'near breakout/52W high']",87.73584905660377,78.61635220125787,72.32704402515724,75.62893081761007,82.54716981132076,51.785714285714285,6.60377358490566
MSUMI,2026-10-07,Motherson Sumi Wiring India Ltd.,Automobile and Auto Components,33.57,0.007805463824677172,1,True,False,False,['PRICE_LT_50'],,,,{'DOWNTREND_BOUNCE': 15},[],100.0,33.34337736866638,34.799499893188475,37.310599899291994,40.261450099945066,0.8421862472233252,31.88562720037757,0.050174933266572075,42.220001220703125,53.59000015258789,-0.08303744509274269,-0.16367712493086217,-0.07916702129528164,0,1.0267204096843752,0.8976995468804461,51.51,Nifty Auto,-0.04145903795535644,0.8356164383561672,2,32.7191,-9.090729280458731e-09,,,,,,,,
NATCOPHARM,2026-10-07,NATCO Pharma Ltd.,Healthcare,810.1,-0.016451162508346884,1,True,False,True,[],37.12631707914727,37.12631707914727,0.0,{},[],100.0,37.73197449899551,820.3273742675781,857.7019482421875,940.2667376708985,20.465436218201283,769.169103149535,0.050525705061029824,964.8499755859375,1226.800048828125,-0.018952497019754766,-0.1768113040510947,-0.05369163681890393,0,0.9409865616132468,1.0122040072859746,55.57,Nifty Healthcare Index,0.03009247179727903,0.1163434903047107,0,44.38635,-3.013709726218394e-08,"['strong sector', 'volume/delivery surge', 'smooth (low ATR)']",19.81132075471698,13.364779874213836,57.075471698113205,20.59748427672956,20.440251572327043,93.66883116883118,71.06918238993711
NAUKRI,2026-10-07,Info Edge (India) Ltd.,Consumer Services,1225.3,-0.012651087832393215,1,True,False,True,[],47.64824797843665,47.64824797843665,0.0,{},[],100.0,43.700997949025606,1248.9550048828125,1287.5650073242186,1140.4302536010741,37.47537762370238,1150.3492935807203,0.06116930732116388,1391.0,1419.9000244140625,-0.059270595909309054,0.01951164764200697,0.024310789582869752,2,0.7178984100984563,0.9660560344827586,53.79,Nifty India Consumption,-0.0021929861068333834,0.37592137592137437,0,180.50015,3.984993468542086e-08,"['relative strength', 'near breakout/52W high', 'trend structure']",57.23270440251572,54.874213836477985,40.40880503144654,56.76100628930818,20.440251572327043,44.642857142857146,40.25157232704402
NAVA,2026-10-07,Nava Ltd.,Power,570.45,-0.007913043478260828,2,True,False,True,[],61.736502491219476,61.736502491219476,0.0,{},[],100.0,56.7901963935128,554.5975006103515,561.72900390625,586.3667501831055,15.599894224494914,539.2502237580414,0.05469329087798602,600.4500122070312,739.4000244140625,0.025528111832865186,-0.04383165345124873,0.03503849290732902,2,1.40495381862211,0.9412592332043617,53.52,Nifty Energy,0.014989779207088882,0.2690217391304376,0,15.018600000000001,2.139895038943962e-08,"['relative strength', 'near breakout/52W high', 'volume/delivery surge']",62.57861635220126,54.874213836477985,60.69182389937107,61.9496855345912,57.38993710691824,79.70779220779221,57.54716981132076
NAVINFLUOR,2026-10-07,Navin Fluorine International Ltd.,Chemicals,8490.0,-0.005388940955951216,2,True,False,True,[],73.3394592828555,73.3394592828555,0.0,{},[],100.0,54.11109474586928,8394.825,8324.03,7085.345,211.14586160403096,8067.708276791938,0.049739896726509025,8949.5,8949.5,-0.027602794639789208,0.1008817427385893,0.08082973776592084,5,1.084416844556569,1.0543629774184555,56.73,Nifty Chemicals,-0.008316086726218641,0.3125,0,85.96845000000002,0.0,"['relative strength', 'trend structure', 'near breakout/52W high']",78.93081761006289,91.98113207547169,66.0377358490566,86.16352201257861,57.38993710691824,39.44805194805195,72.95597484276729
NCC,2026-10-07,NCC Ltd.,Construction,126.88,-0.012376430295010565,2,True,False,True,[],17.778934901576406,32.778934901576406,15.0,{'DOWNTREND_BOUNCE': 15},[],100.0,29.41982279031214,133.72650032043458,140.5281999206543,148.12964977264403,3.766894643700673,119.34620796601662,0.05937728129323705,153.86000061035156,217.25,-0.1464513793268395,-0.12952797725669862,-0.09379941457524826,0,1.4417580270094037,1.074519738230948,50.9,Nifty Infrastructure,0.0003333538178706963,0.372262773722627,0,27.2371,-2.1647084014198015e-08,"['volume/delivery surge', 'repeat gainer', 'strong sector']",7.861635220125786,13.364779874213836,78.14465408805032,13.20754716981132,57.38993710691824,48.701298701298704,44.9685534591195
NESTLEIND,2026-10-07,Nestle India Ltd.,Fast Moving Consumer Goods,1324.0,-0.012971522290144644,1,True,False,True,[],46.202523891203136,46.202523891203136,0.0,{},[],100.0,39.018793845225694,1357.8449951171874,1429.8799951171875,1366.4024993896485,28.97175549960621,1266.0564890007877,0.0437639811172299,1553.0,1553.0,-0.05293276108726752,-0.09513392278368371,-0.02984307821895482,1,1.1382240560458998,0.8179547228727557,52.39,Nifty FMCG,0.0275639954647936,0.46382978723404644,0,170.19934999999998,0.0,"['smooth (low ATR)', 'strong sector', 'relative strength']",30.81761006289308,36.9496855345912,42.13836477987421,48.42767295597484,20.440251572327043,84.90259740259741,88.36477987421384
NETWEB,2026-10-07,Netweb Technologies India Ltd.,Information Technology,4685.4,-0.012810248198558916,2,True,False,True,[],43.89334721881891,43.89334721881891,0.0,{},['LOW_DELIVERY'],100.0,46.73791262009568,4696.439990234375,4914.447998046875,4064.8190002441406,177.14017484692113,4331.119552649908,0.07561368444060079,5813.0,5813.0,-0.07903687423218675,0.08836234665360054,0.04885299992722769,2,0.683043413815252,1.012192513368984,23.66,Nifty IT,-0.04433637332109952,0.20200892857142372,0,426.08705000000003,-2.0842670811482833e-08,"['relative strength', 'trend structure', 'volume/delivery surge']",68.55345911949685,54.874213836477985,44.81132075471698,31.446540880503143,57.38993710691824,3.0844155844155843,10.377358490566039
NEULANDLAB,2026-10-07,Neuland Laboratories Ltd.,Healthcare,21655.0,-0.011412919424788837,3,True,False,True,[],64.78354978354979,64.78354978354979,0.0,{},[],100.0,42.0587815161741,22367.0,22349.82,17092.89,692.6495481052268,20269.700903789548,0.06397132746296252,24225.0,24225.0,-0.05312636641888935,0.10812608740149421,0.07169012420782322,3,0.7624043434723894,0.8798810703666997,44.39,Nifty Healthcare Index,0.03009247179727903,0.12389380530973451,0,124.04584999999999,0.0,"['relative strength', 'trend structure', 'near breakout/52W high']",76.1006289308176,68.08176100628931,32.23270440251572,65.25157232704402,82.54716981132076,93.66883116883118,33.0188679245283
NLCINDIA,2026-10-07,NLC India Ltd.,Power,250.35,-0.017850137308748626,1,True,False,True,[],12.278955321408151,27.27895532140815,15.0,{'DOWNTREND_BOUNCE': 15},[],100.0,34.63818219295496,260.57499771118165,272.1459957885742,285.2970993041992,6.9059705110599054,236.5380650813958,0.05517052400793154,307.70001220703125,387.79998779296875,-0.08044074893107211,-0.20498567495745323,-0.09852294822774188,0,0.8819722219940699,0.8905048826095989,42.86,Nifty Energy,0.014989779207088882,0.39156626506024045,0,31.8309,2.437993051884746e-08,"['strong sector', 'volume/delivery surge', 'smooth (low ATR)']",6.289308176100629,13.364779874213836,38.67924528301887,15.251572327044023,20.440251572327043,79.70779220779221,55.9748427672956
NTPC,2026-10-07,NTPC Ltd.,Power,316.75,-0.014621247472390686,2,True,False,True,[],49.81826349750878,49.81826349750878,0.0,{},[],100.0,36.41691529348327,325.125,332.75599975585936,358.44549911499024,5.319373939755408,306.1112521204892,0.033587207196561275,353.0,414.3999938964844,-0.04247275789430183,-0.08068491881553352,-0.01738857463839688,0,0.8900195121910072,0.9675567955360701,60.69,Nifty Energy,0.014989779207088882,0.14655172413793466,0,233.43794999999997,0.0,"['smooth (low ATR)', 'relative strength', 'strong sector']",38.9937106918239,13.364779874213836,48.742138364779876,47.79874213836478,57.38993710691824,79.70779220779221,98.74213836477988
NTPCGREEN,2026-10-07,NTPC Green Energy Ltd.,Power,88.51,-0.01797403750138682,1,True,False,True,[],50.87958425222576,50.87958425222576,0.0,{},[],100.0,42.84920624784685,90.32749977111817,90.57580001831055,95.3561001586914,1.9437888403359875,84.62242445555849,0.043922467369150064,99.5999984741211,119.94999694824219,0.0007914935876511819,-0.05940485046264865,0.01488358527902206,0,0.9293992216764397,1.286405631324241,58.48,Nifty Energy,0.014989779207088882,0.13483146067416232,0,19.0854,2.4135470066966036e-08,"['relative strength', 'volume/delivery surge', 'smooth (low ATR)']",52.83018867924528,13.364779874213836,72.32704402515724,40.40880503144654,20.440251572327043,79.70779220779221,87.42138364779875
NUVAMA,2026-10-07,Nuvama Wealth Management Ltd.,Financial Services,1825.9,-0.007015444855340336,4,True,False,True,[],55.95084946500042,55.95084946500042,0.0,{},[],98.64920082511708,62.021778060560955,1717.2949951171875,1737.6059936523438,1535.3159967041015,64.7350376032026,1696.4299492076573,0.07090753791295479,2066.0,2066.0,-0.0035472603762262134,-0.05618730101500846,0.014322983020903457,4,0.9276174046386813,0.6197209302325581,33.31,Nifty Financial Services,0.00780339395834162,0.5597579425113473,0,44.45815,1.3370974549786752e-08,"['relative strength', 'trend structure', 'repeat gainer']",52.515723270440255,78.61635220125787,26.257861635220124,59.90566037735849,95.75471698113208,67.37012987012987,17.92452830188679
NUVOCO,2026-10-07,Nuvoco Vistas Corporation Ltd.,Construction Materials,324.75,-0.0053598774885145195,2,True,False,False,['LOW_TURNOVER'],,,,{},[],100.0,46.32017553806496,329.09000091552736,332.4690008544922,326.7870008850098,10.706357830375909,303.3372843392482,0.06593599895535585,368.5,439.8500061035156,-0.05896843159548215,0.03787154469372056,0.03364182026564,1,0.31334778725226353,1.2166648584138007,56.07,Nifty Cement,-0.027460905978277328,0.35761589403973304,0,8.6442,0.0,,,,,,,,
NYKAA,2026-10-07,FSN E-Commerce Ventures Ltd.,Consumer Services,341.25,0.009018332347723312,4,True,False,True,[],74.71585804132974,74.71585804132974,0.0,{},[],100.0,56.7306339738311,333.49000244140626,333.7740008544922,286.78859970092776,8.577349628590232,324.0953007428195,0.05027018097342262,349.54998779296875,349.54998779296875,0.0007331378299120228,0.03377762402399909,0.06144564464347635,4,1.5276023330817954,0.9322874402668831,51.7,Nifty India Consumption,-0.0021929861068333834,0.44973544973545027,1,135.2516,0.0,"['relative strength', 'near breakout/52W high', 'trend structure']",72.0125786163522,78.61635220125787,62.26415094339623,95.59748427672956,95.75471698113208,44.642857142857146,72.0125786163522
OFSS,2026-10-07,Oracle Financial Services Software Ltd.,Information Technology,10576.0,0.008967754245372994,2,True,False,True,[],35.1983786653598,35.1983786653598,0.0,{},[],100.0,37.986498172909236,11036.4,11483.42,9336.795,344.1096002042179,9887.780799591565,0.065073676286728,12540.0,12540.0,-0.10220713073005094,-0.09226675821817865,-0.053046680757594,2,1.0399099256938504,0.8357558139534883,34.5,Nifty IT,-0.04433637332109952,0.5198776758409785,3,203.3089,0.0,"['trend structure', 'near breakout/52W high', 'volume/delivery surge']",20.12578616352201,54.874213836477985,40.72327044025157,45.283018867924525,57.38993710691824,3.0844155844155843,29.87421383647799
OIL,2026-10-07,Oil India Ltd.,Oil Gas & Consumable Fuels,453.75,0.013174053812660347,1,True,False,True,[],56.01190476190477,56.01190476190477,0.0,{},[],100.0,40.190385066666664,472.14250030517576,471.3389990234375,462.3162493896484,11.480823836707087,430.7883523265858,0.05060418220036178,514.4500122070312,531.0,-0.06827515400410678,0.07256828529222203,0.046336829360578424,2,0.6619483425970526,1.134502923976608,57.23,Nifty Oil & Gas,0.0008677160208944157,0.8587570621468931,3,99.31349999999999,0.0,"['relative strength', 'near breakout/52W high', 'trend structure']",67.61006289308176,54.874213836477985,54.08805031446541,56.44654088050314,20.440251572327043,51.785714285714285,70.75471698113208
OLAELEC,2026-10-07,Ola Electric Mobility Ltd.,Automobile and Auto Components,36.32,0.010011123470522687,3,True,False,False,['PRICE_LT_50'],,,,{},['LOW_DELIVERY'],100.0,42.88622053922917,37.882500076293944,38.41139991760254,36.0953501701355,1.6744116722773097,32.9711763502696,0.09220328669308442,44.54999923706055,57.95000076293945,-0.03481268498822898,-0.10121257530392735,-0.023822366429557373,2,1.0970126623945549,0.9413650939074669,20.55,Nifty Auto,-0.04145903795535644,0.3333333333333333,1,204.29510000000002,-8.402416873387608e-09,,,,,,,,
ONESOURCE,2026-10-07,Onesource Specialty Pharma Ltd.,Healthcare,1528.6,-0.004688110431045778,2,True,False,True,[],45.443927142040344,45.443927142040344,0.0,{},[],100.0,44.45126191000844,1566.9949951171875,1562.5579956054687,1578.241996459961,56.150193647029496,1416.2995882918785,0.0734661710635004,1755.199951171875,1925.0,-0.015267714035105073,-0.05972810389515215,0.006692354751392182,1,0.400414595651457,0.9837109155588841,52.54,Nifty Healthcare Index,0.03009247179727903,0.48128342245989186,0,39.836,-1.5971517997037665e-08,"['relative strength', 'strong sector', 'near breakout/52W high']",49.056603773584904,36.9496855345912,30.81761006289308,43.710691823899374,57.38993710691824,93.66883116883118,13.522012578616351
PAGEIND,2026-10-07,Page Industries Ltd.,Textiles,37570.0,-0.010534632604687899,3,True,False,True,[],61.87893081761007,61.87893081761007,0.0,{},['SECTOR_UNMAPPED'],100.0,56.86967975417058,36459.0,36890.9,36424.775,838.9738908332725,35892.052218333454,0.044661905287903814,41590.0,43855.0,0.046081024641514645,-0.04632567584718872,0.04406793811368376,4,0.5986106205110091,0.7346650998824913,31.26,,,0.40298507462686567,0,63.503600000000006,0.0,"['relative strength', 'trend structure', 'near breakout/52W high']",67.29559748427673,78.61635220125787,13.20754716981132,63.36477987421384,82.54716981132076,50.0,85.22012578616352
PAYTM,2026-10-07,One 97 Communications Ltd.,Financial Services,1732.0,0.022432113341204207,3,True,False,True,[],72.23229600588091,72.23229600588091,0.0,{},[],100.0,55.00577496246652,1735.7300048828124,1644.7519995117189,1283.0415014648438,55.681072219122655,1620.6378555617548,0.06429685013755493,1855.5,1855.5,0.037125748502994105,0.29080335144767666,0.20815481369185618,4,1.344062320892145,0.7782753473418302,33.89,Nifty Financial Services,0.00780339395834162,0.5527156549520771,3,638.57215,0.0,"['relative strength', 'near breakout/52W high', 'trend structure']",93.39622641509433,78.61635220125787,43.86792452830189,82.0754716981132,82.54716981132076,67.37012987012987,32.075471698113205
PERSISTENT,2026-10-07,Persistent Systems Ltd.,Information Technology,5507.0,-0.0025357725049809376,4,True,False,True,[],66.10246671567427,66.10246671567427,0.0,{},[],100.0,54.01938553679854,5405.675,5510.57400390625,5334.943493652344,143.45913955473776,5220.081720890525,0.0521006499200064,5910.0,6599.0,-0.009532374100719387,0.08965355594916402,0.08425085464074311,3,0.7453671259879405,1.2129917184265009,46.87,Nifty IT,-0.04433637332109952,0.7300613496932515,0,211.6189,0.0,"['relative strength', 'trend structure', 'near breakout/52W high']",79.55974842767296,68.08176100628931,62.10691823899371,67.76729559748428,95.75471698113208,3.0844155844155843,66.35220125786164
PETRONET,2026-10-07,Petronet LNG Ltd.,Oil Gas & Consumable Fuels,297.0,-0.001680672268907557,3,True,True,True,[],80.97259658580413,80.97259658580413,0.0,{},[],100.0,60.75086718024515,287.3300048828125,286.55500244140626,281.9031003570557,6.04492637271991,284.9101472545602,0.040706574900470804,300.6000061035156,326.3999938964844,0.020793908022467278,0.07162188901555444,0.09039816223553165,5,2.095561320539366,0.9812823576264436,61.6,Nifty Oil & Gas,0.0008677160208944157,0.5140186915887829,0,42.51690000000001,0.0,"['relative strength', 'trend structure', 'near breakout/52W high']",81.13207547169812,91.98113207547169,73.74213836477988,87.26415094339623,82.54716981132076,51.785714285714285,93.08176100628931
PFC,2026-10-07,Power Finance Corporation Ltd.,Financial Services,325.55,0.009144451332919967,1,True,False,True,[],31.312484685126194,31.312484685126194,0.0,{},[],100.0,33.20738074697883,336.8425003051758,360.5140002441406,400.8927491760254,7.104885030356527,311.3402177322557,0.04364850435733891,431.3999938964844,486.5,-0.0852767817476926,-0.19913902141951112,-0.09801763786708106,0,1.910898556145055,0.8292567086202802,52.38,Nifty Financial Services,0.00780339395834162,0.34951456310679796,3,281.38645,-3.7496640348244625e-08,"['smooth (low ATR)', 'volume/delivery surge', 'strong sector']",6.918238993710692,13.364779874213836,56.60377358490565,9.59119496855346,20.440251572327043,67.37012987012987,88.67924528301887
PFOCUS,2026-10-07,Prime Focus Ltd.,Media Entertainment & Publication,284.0,-0.02972326614280829,1,True,False,True,[],54.50318549375153,54.50318549375153,0.0,{},['LOW_DELIVERY'],100.0,37.474578811453185,317.48000183105466,301.8553991699219,274.3392496490479,15.556837978354988,252.88632404329002,0.10955519703066896,362.79998779296875,367.0,-0.09308636265252579,0.1063929147954552,0.0508435397879855,3,2.0429983725649685,1.008238276299113,15.91,Nifty Media,0.059692685691146385,0.6109324758842439,0,120.5244,0.0,"['relative strength', 'volume/delivery surge', 'trend structure']",68.86792452830188,68.08176100628931,76.72955974842768,23.58490566037736,20.440251572327043,99.51298701298701,0.31446540880503143
PGEL,2026-10-07,PG Electroplast Ltd.,Consumer Durables,522.0,-0.010707855586089221,1,True,False,True,[],32.30887037490811,32.30887037490811,0.0,{},['LOW_DELIVERY'],100.0,47.82500903414769,516.8175033569336,563.3850018310546,551.7692517089844,16.32196734289483,489.35606531421035,0.06253627334442458,643.9500122070312,644.4000244140625,-0.05725123985581282,-0.10486156538449054,-0.036866138903630885,2,1.1691653917062965,0.4306089544834429,17.36,Nifty Consumer Durables,-0.028473784292969873,0.2372881355932174,0,44.5643,0.0,"['trend structure', 'relative strength', 'near breakout/52W high']",26.41509433962264,54.874213836477985,32.86163522012579,34.119496855345915,20.440251572327043,16.72077922077922,37.106918238993714
PINELABS,2026-10-07,Pine Labs Ltd.,Financial Services,177.67,0.028599548428182686,2,True,False,False,['INELIGIBLE_HISTORY'],,,,{'DOWNTREND_BOUNCE': 15},['LOW_DELIVERY'],100.0,52.69711049522677,181.90499954223634,168.96160034179687,178.58840003967285,8.566823788141551,160.53635059266222,0.09643523246952934,206.3800048828125,284.0,0.04789144777961907,0.22303292451011858,0.17965244986138962,2,1.455917463802381,0.7331519129182007,22.9,Nifty Financial Services,0.00780339395834162,0.46580547112461984,2,499.00675,-1.0305930553400344e-08,,,,,,,,
PNB,2026-10-07,Punjab National Bank,Financial Services,114.59,0.023856325947105184,2,True,False,True,[],67.42097525116394,67.42097525116394,0.0,{},[],100.0,50.757467547456564,114.9009994506836,115.32479995727539,114.1170000076294,2.436944937616366,109.71610646265789,0.042533292878910056,119.5,135.14999389648438,-0.012155203983701512,0.08708843901768204,0.08165688123351106,2,1.5408127326676253,0.6787359400107124,31.68,Nifty Financial Services,0.00780339395834162,0.8879120879120899,1,137.0225,-3.19583679520008e-08,"['relative strength', 'near breakout/52W high', 'smooth (low ATR)']",79.24528301886792,54.874213836477985,43.867924528301884,75.31446540880503,57.38993710691824,67.37012987012987,90.25157232704403
PNBHOUSING,2026-10-07,PNB Housing Finance Ltd.,Financial Services,1131.0,0.026222665819798596,3,True,False,True,[],67.05147839581802,67.05147839581802,0.0,{},[],100.0,51.98183312411868,1123.6549987792969,1136.9780004882812,997.9835034179688,31.13728480046479,1068.7254303990703,0.05506151158349215,1211.5,1211.5,-0.03093134807736897,0.018368471873322134,0.03790882561449738,3,1.1384518864440138,0.9271535407626258,50.21,Nifty Financial Services,0.00780339395834162,0.7485549132947974,1,109.9858,0.0,"['relative strength', 'near breakout/52W high', 'trend structure']",63.83647798742138,68.08176100628931,52.672955974842765,82.38993710691824,82.54716981132076,67.37012987012987,56.289308176100626
POLICYBZR,2026-10-07,PB Fintech Ltd.,Financial Services,1040.0,0.004928012368344614,1,True,False,True,[],2.672547578207954,17.672547578207954,15.0,{'DOWNTREND_BOUNCE': 15},[],100.0,25.38257964548545,1431.5250091552734,1621.3560021972655,1609.0630026245117,81.02594389152705,877.9481122169459,0.15581912286832122,1904.9000244140625,1964.199951171875,-0.43044906900328583,-0.3419387598493725,-0.34200365070980837,1,0.7693962875016093,0.7178002894356006,34.72,Nifty Financial Services,0.00780339395834162,0.9589041095890396,2,642.5434,0.0,"['strong sector', 'trend structure', 'volume/delivery surge']",0.0,36.9496855345912,20.754716981132077,1.5723270440251573,20.440251572327043,67.37012987012987,0.0
POLYCAB,2026-10-07,Polycab India Ltd.,Capital Goods,8310.0,0.020007364674113237,1,True,False,True,[],51.38170791472678,51.38170791472678,0.0,{},[],100.0,47.91225963495294,8223.075,8699.85,8431.4825,177.24709386613347,7955.505812267733,0.042658747019526766,9445.0,10126.0,-0.007583447781692287,-0.09776885076814501,-0.008485885558397854,2,1.7761486414206247,1.0116625983184162,55.95,Nifty India Manufacturing,-0.008940467208090608,0.9142857142857143,3,246.0697,0.0,"['volume/delivery surge', 'relative strength', 'smooth (low ATR)']",41.509433962264154,54.874213836477985,75.62893081761007,49.685534591194966,20.440251572327043,29.383116883116884,89.937106918239
POLYMED,2026-10-07,Poly Medicure Ltd.,Healthcare,1615.0,-0.011506916391235134,1,True,False,True,[],53.5099648778894,53.5099648778894,0.0,{},[],100.0,37.16730326155802,1691.5249877929687,1723.0479931640625,1564.8569995117186,51.404604777309544,1512.190790445381,0.06365895328459381,1913.699951171875,2094.300048828125,-0.05061429476317558,-0.018773937636377913,0.009496147516744047,2,1.2401303523079168,1.3876262626262625,65.94,Nifty Healthcare Index,0.03009247179727903,0.37349397590361444,0,15.15655,0.0,"['relative strength', 'volume/delivery surge', 'strong sector']",50.62893081761006,54.874213836477985,83.80503144654088,34.74842767295598,20.440251572327043,93.66883116883118,34.276729559748425
POONAWALLA,2026-10-07,Poonawalla Fincorp Ltd.,Financial Services,448.9,-0.025084156803127367,1,True,False,True,[],47.782610471289715,47.782610471289715,0.0,{},[],100.0,46.89780228676521,451.4674987792969,467.0079992675781,441.50875,14.064916452605752,420.77016099127286,0.06266391910822389,511.8999938964844,545.0,-0.013948393417936522,-0.058909866045106174,0.0077611339849994465,2,1.040734287266068,0.9133302368787737,49.16,Nifty Financial Services,0.00780339395834162,0.08860759493670528,0,44.122600000000006,-1.35966041758806e-08,"['relative strength', 'trend structure', 'near breakout/52W high']",49.685534591194966,54.874213836477985,48.11320754716981,49.685534591194966,20.440251572327043,67.37012987012987,36.79245283018868
POWERINDIA,2026-10-07,Hitachi Energy India Ltd.,Capital Goods,31610.0,-0.0009481668773704266,3,True,False,True,[],48.543657600261376,48.543657600261376,0.0,{},[],100.0,49.89492023438605,31220.75,32463.8,28873.855,928.4913473770824,29753.017305245834,0.05874668442752817,36590.0,38785.0,-0.005192761605035456,-0.030665440049064685,0.026261162889470724,3,0.5340267576223201,0.6599111920756006,28.98,Nifty India Manufacturing,-0.008940467208090608,0.5904761904761905,0,275.9076,0.0,"['relative strength', 'trend structure', 'repeat gainer']",57.54716981132076,68.08176100628931,9.276729559748428,44.49685534591195,82.54716981132076,29.383116883116884,46.855345911949684
PPLPHARMA,2026-10-07,Piramal Pharma Ltd.,Healthcare,203.01,0.012417713943746245,3,True,False,True,[],60.89990198480764,60.89990198480764,0.0,{},[],100.0,46.655558243057506,206.21950149536133,209.07600036621093,175.08064964294434,6.704035939951848,189.60192262693224,0.06604636344370829,231.92999267578125,231.92999267578125,-0.10418321912919726,0.1459132440188322,0.06505527616133827,2,0.7571622874185588,0.9231496807755971,39.04,Nifty Healthcare Index,0.03009247179727903,0.5909980430528358,2,62.411100000000005,-2.705858848095488e-08,"['relative strength', 'strong sector', 'near breakout/52W high']",73.27044025157232,54.874213836477985,36.477987421383645,55.9748427672956,82.54716981132076,93.66883116883118,28.61635220125786
PREMIERENE,2026-10-07,Premier Energies Ltd.,Capital Goods,910.0,0.00330760749724357,2,True,False,True,[],39.70717961283999,39.70717961283999,0.0,{},[],100.0,44.54948629082707,909.4975036621094,975.6410034179687,934.0117510986328,26.80129858830666,856.3974028233866,0.058903952941333326,1072.4000244140625,1134.0,-0.07969254527283387,-0.1854636235479019,-0.0883878206938471,2,0.8407787576281834,1.160233918128655,49.6,Nifty India Manufacturing,-0.008940467208090608,0.6702355460385423,3,98.1242,0.0,"['volume/delivery surge', 'trend structure', 'near breakout/52W high']",9.748427672955975,54.874213836477985,65.09433962264151,39.62264150943396,57.38993710691824,29.383116883116884,46.540880503144656
PRESTIGE,2026-10-07,Prestige Estates Projects Ltd.,Realty,1429.3,-0.026163384887919916,3,True,False,True,[],37.92391570693458,37.92391570693458,0.0,{},[],100.0,39.77271399861886,1466.8299987792968,1544.9940014648437,1479.9245001220704,44.54999726149771,1340.2000543051295,0.06233820155260483,1709.699951171875,1805.199951171875,-0.08472075360283704,-0.17534035939608295,-0.0858402927829392,1,1.0353737532928162,1.6101939058171744,72.66,Nifty Realty,-0.04259665398070134,0.09047619047618939,0,82.95209999999999,3.4162264794801445e-08,"['volume/delivery surge', 'repeat gainer', 'trend structure']",10.69182389937107,36.9496855345912,78.14465408805032,35.062893081761004,82.54716981132076,7.305194805194805,37.42138364779874
PTCIL,2026-10-07,PTC Industries Ltd.,Capital Goods,24685.0,0.06745945945945953,4,True,False,True,[],76.72761986441232,76.72761986441232,0.0,{},[],86.71071547052968,69.11303274061001,22607.5,21235.4,18330.555,834.0572556881613,23016.885488623677,0.0675760385406653,24125.0,24125.0,0.03914965270469373,0.42243863086320155,0.27498440550046843,5,6.66894489534387,0.7998295212388125,28.15,Nifty India Manufacturing,-0.008940467208090608,0.8899521531100478,3,39.193400000000004,0.0,"['relative strength', 'near breakout/52W high', 'trend structure']",96.85534591194968,91.98113207547169,59.119496855345915,99.21383647798743,95.75471698113208,29.383116883116884,24.528301886792452
PVRINOX,2026-10-07,PVR INOX Ltd.,Media Entertainment & Publication,1343.8,0.07555626700816376,2,True,False,True,[],77.75004083966348,77.75004083966348,0.0,{},[],97.18957138426723,62.887471382112146,1259.7200012207031,1219.565,1054.933752746582,47.40515501325011,1248.9897388016248,0.07055388196270762,1357.800048828125,1357.800048828125,0.09136684442355913,0.34105091083117145,0.2603991413438861,5,11.050818763716965,0.514700039729837,25.91,Nifty Media,0.059692685691146385,0.686234817813765,3,59.44835,3.633585721196653e-08,"['relative strength', 'near breakout/52W high', 'trend structure']",96.54088050314465,91.98113207547169,50.15723270440252,98.11320754716981,57.38993710691824,99.51298701298701,18.867924528301888
PWL,2026-10-07,Physicswallah Ltd.,Consumer Services,139.57,0.0584711057181857,2,True,False,False,['INELIGIBLE_HISTORY'],,,,{},['LOW_DELIVERY'],96.95583309825818,61.953947744329284,130.76850242614745,126.18840057373046,115.87039989471435,5.979419786333638,127.61116775155148,0.08568344877196354,140.0,161.99000549316406,0.1021875570675772,-0.05331334017527689,0.06862737216267095,5,5.085601798357904,0.5010956902848795,17.15,Nifty India Consumption,-0.0021929861068333834,0.9336842105263162,3,89.38075,5.2477027612241045e-08,,,,,,,,
RADICO,2026-10-07,Radico Khaitan Ltd,Fast Moving Consumer Goods,4495.0,0.007824936660612902,2,True,False,True,[],78.49812137547985,78.49812137547985,0.0,{},[],100.0,53.66345726746102,4421.659985351563,4497.329990234375,3564.2409912109374,109.38220655802147,4276.235586883957,0.048668390014692586,4747.0,4747.0,0.0022296544035673715,0.10341950901585917,0.09701484542623406,3,1.8637294521588528,1.1194295900178253,59.66,Nifty FMCG,0.0275639954647936,0.6581680830972622,3,110.13445,0.0,"['relative strength', 'volume/delivery surge', 'near breakout/52W high']",82.70440251572327,68.08176100628931,86.63522012578616,85.37735849056604,57.38993710691824,84.90259740259741,75.78616352201257
RAILTEL,2026-10-07,Railtel Corporation Of India Ltd.,Telecommunication,254.65,-0.011643702697457736,2,True,False,True,[],15.031446540880506,30.031446540880506,15.0,{'DOWNTREND_BOUNCE': 15},['SECTOR_UNMAPPED'],100.0,41.28774233990069,259.30749893188477,272.5779971313477,306.04004852294923,7.7202803405500715,239.20943321538422,0.06063444355461778,297.6000061035156,400.79998779296875,-0.04374763210857335,-0.17186993854801824,-0.063618521611775,0,0.6453980864991887,0.9950248756218905,34.0,,,0.31531531531531626,0,12.49185,-2.3968253048956e-08,"['volume/delivery surge', 'repeat gainer', 'strong sector']",14.779874213836479,13.364779874213836,40.25157232704402,22.48427672955975,57.38993710691824,50.0,41.82389937106918
RAINBOW,2026-10-07,Rainbow Childrens Medicare Ltd.,Healthcare,1270.7,0.025006049850770262,1,True,False,True,[],34.22537368292085,34.22537368292085,0.0,{},[],100.0,27.3214676127414,1391.1499938964844,1446.0259912109375,1330.3849975585938,44.19093010349111,1182.3180909648927,0.06955368191009537,1610.0,1610.0,-0.12195965032826217,-0.11208163451221476,-0.07283037870371767,1,3.9368131603995806,0.7230945371279032,44.21,Nifty Healthcare Index,0.03009247179727903,0.8015435501653805,1,14.95145,-3.8426162807247977e-08,"['strong sector', 'volume/delivery surge', 'trend structure']",12.578616352201259,36.9496855345912,53.459119496855344,26.257861635220124,20.440251572327043,93.66883116883118,21.69811320754717
RBLBANK,2026-10-07,RBL Bank Ltd.,Financial Services,412.0,-0.006031363088057851,2,True,False,True,[],69.13481172915135,69.13481172915135,0.0,{},[],100.0,53.66738903171708,411.1574966430664,398.52899780273435,346.50449966430665,9.262656501333755,393.47468699733247,0.044964351948222125,429.6000061035156,429.6000061035156,-0.015531660692950977,0.0823591399085668,0.07760400332432871,5,0.46881753153940764,0.7664090437189988,33.22,Nifty Financial Services,0.00780339395834162,0.2615384615384598,0,148.52025,0.0,"['relative strength', 'trend structure', 'near breakout/52W high']",77.35849056603773,91.98113207547169,10.69182389937107,89.937106918239,57.38993710691824,67.37012987012987,84.27672955974843
RECLTD,2026-10-07,REC Ltd.,Financial Services,298.9,-0.003666666666666707,2,True,False,True,[],38.891101037327445,38.891101037327445,0.0,{},[],100.0,41.778173314867544,304.8800018310547,324.21800109863284,346.3412504577637,6.862395393298451,285.1752031098875,0.04591766834010069,378.70001220703125,388.29998779296875,-0.05961935454819445,-0.15073168481477617,-0.06098525596496451,0,1.4863810733210352,0.9015435597802389,51.69,Nifty Financial Services,0.00780339395834162,0.1542553191489344,0,146.00145,-2.0419925084169677e-08,"['volume/delivery surge', 'smooth (low ATR)', 'strong sector']",16.037735849056602,13.364779874213836,57.23270440251572,23.427672955974842,57.38993710691824,67.37012987012987,83.01886792452831
REDINGTON,2026-10-07,Redington Ltd.,Services,406.5,0.001971900419028838,1,True,False,True,[],70.73960630564405,70.73960630564405,0.0,{},[],100.0,60.09599111390962,400.07000427246095,370.9070013427734,279.14934951782226,13.559507764324428,379.38098447135116,0.06671344533492951,419.5,419.5,0.08820777214238062,0.4497147248514852,0.3131515122134537,5,0.5574694521350673,1.2267756279293354,51.04,Nifty Services Sector,0.0017563355922071144,0.5263157894736842,1,181.1739,0.0,"['relative strength', 'near breakout/52W high', 'trend structure']",98.11320754716981,91.98113207547169,54.24528301886792,94.0251572327044,20.440251572327043,55.1948051948052,26.10062893081761
RELIANCE,2026-10-07,Reliance Industries Ltd.,Oil Gas & Consumable Fuels,1207.7,-0.00845648604269289,1,True,False,True,[],39.98203054806828,39.98203054806828,0.0,{},[],100.0,43.194946235862254,1221.4849975585937,1273.3300024414064,1352.7140008544923,20.07520075346364,1167.5495496649478,0.033245344978252156,1337.0,1611.800048828125,-0.06734116271381274,-0.0765408272816217,-0.027750731281196428,0,0.8885751228334647,0.869756814101518,53.29,Nifty Oil & Gas,0.0008677160208944157,0.2427745664739917,0,1621.8819,-4.0430674030922376e-08,"['smooth (low ATR)', 'relative strength', 'near breakout/52W high']",32.704402515723274,13.364779874213836,37.735849056603776,46.54088050314465,20.440251572327043,51.785714285714285,99.37106918238993
RHIM,2026-10-07,RHI MAGNESITA INDIA LTD.,Capital Goods,369.45,-0.010578468130690966,1,True,False,True,[],32.37227395246263,32.37227395246263,0.0,{},[],100.0,42.41194499977453,376.92250366210936,381.8830010986328,401.4315003967285,12.008126038444509,345.4337601301422,0.06500541692614936,433.0,508.29998779296875,-0.011637174232190572,-0.08222575230324136,-0.0027411995511951726,0,1.4111574739647252,0.7244876399746462,34.29,Nifty India Manufacturing,-0.008940467208090608,0.17785234899328733,0,10.866599999999998,3.3041091418439805e-08,"['relative strength', 'volume/delivery surge', 'near breakout/52W high']",45.283018867924525,13.364779874213836,43.23899371069183,30.18867924528302,20.440251572327043,29.383116883116884,30.50314465408805
RITES,2026-10-07,RITES Ltd.,Construction,200.74,-0.013611124760453897,3,True,False,False,['LOW_TURNOVER'],,,,{},[],100.0,41.13653115511341,204.70299911499023,213.67160064697265,214.94390014648437,5.855477699911435,189.0290500933412,0.05833892138765362,234.89999389648438,259.70001220703125,-0.05742590814405346,-0.11419993902409464,-0.04162265986755326,0,1.0855190410898314,0.8673114119922631,33.63,Nifty Infrastructure,0.0003333538178706963,0.26328502415459104,0,8.0864,2.7364571275612093e-08,,,,,,,,
RKFORGE,2026-10-07,Ramkrishna Forgings Ltd.,Automobile and Auto Components,716.4,-0.022179758411246864,2,True,False,True,[],66.43612676631544,66.43612676631544,0.0,{},[],100.0,52.324827765535005,709.9350036621094,715.3529992675781,592.1827519226074,23.91447717426716,668.5710700655281,0.06676291557590786,772.7999877929688,772.7999877929688,0.014371715984513367,0.2776886192567818,0.19022043133716837,4,0.9842896569345493,1.0922652498211913,53.45,Nifty Auto,-0.04145903795535644,0.11999999999999886,0,40.396,3.407881421502168e-08,"['relative strength', 'near breakout/52W high', 'trend structure']",92.13836477987421,78.61635220125787,66.82389937106919,80.66037735849056,57.38993710691824,11.688311688311689,25.78616352201258
RPOWER,2026-10-07,Reliance Power Ltd.,Power,20.32,-0.00829673011224974,1,True,False,False,['PRICE_LT_50'],,,,{'DOWNTREND_BOUNCE': 15},['LOW_DELIVERY'],100.0,41.04201105506744,20.614499950408934,21.98340000152588,25.847249994277956,0.659014902422989,19.00196988997824,0.06486367247248026,25.299999237060547,50.72999954223633,-0.06402576915088809,-0.19108284172157952,-0.08336404171971301,0,1.0719321940007598,0.7293489544713035,24.59,Nifty Energy,0.014989779207088882,0.23076923076923286,0,38.48065,-1.5018493226826024e-08,,,,,,,,
RRKABEL,2026-10-07,R R Kabel Ltd.,Capital Goods,2722.5,-0.024088611678675043,3,True,False,True,[],67.38799722290288,67.38799722290288,0.0,{},[],88.12529348377329,61.8504520548776,2501.1499877929687,2639.5119970703126,1977.0269970703125,93.00588240745465,2536.4882351850906,0.06832388055644056,2983.800048828125,2983.800048828125,0.11190524811108848,0.22321070212835736,0.21174823883624372,4,1.5159989625554913,0.8248657579512597,39.94,Nifty India Manufacturing,-0.008940467208090608,0.3708609271523168,0,79.9341,0.0,"['relative strength', 'trend structure', 'near breakout/52W high']",93.71069182389937,78.61635220125787,51.729559748427675,72.16981132075472,82.54716981132076,29.383116883116884,23.89937106918239
RUBICON,2026-10-07,Rubicon Research Ltd.,Healthcare,1575.6,-0.013276553106212452,3,True,False,False,['INELIGIBLE_HISTORY'],,,,{},[],100.0,34.333872827088186,1693.3700073242187,1699.0380004882813,1150.5514999389648,63.374283693740516,1448.8514081984565,0.08044463655208267,1899.0,1899.0,-0.1531763967213039,0.1007404979128057,0.017972314312271698,2,0.7087896090646377,0.9891234804862444,54.11,Nifty Healthcare Index,0.03009247179727903,0.50812064965197,0,35.837849999999996,-1.5495089100703296e-08,,,,,,,,
RVNL,2026-10-07,Rail Vikas Nigam Ltd.,Construction,195.87,-0.01463929972834288,1,True,False,True,[],13.28207955566446,28.28207955566446,15.0,{'DOWNTREND_BOUNCE': 15},[],100.0,37.091341603030536,203.07649841308594,214.20759918212892,265.7351998901367,5.374526635982592,185.12094184522232,0.0548785089085958,236.75999450683594,400.70001220703125,-0.05604821630271084,-0.15816393751392377,-0.06291581319179651,0,0.7188531369565,1.0902692240014078,30.98,Nifty Infrastructure,0.0003333538178706963,0.33888888888888913,0,78.9015,-2.4928843100902043e-08,"['volume/delivery surge', 'smooth (low ATR)', 'strong sector']",15.09433962264151,13.364779874213836,54.716981132075475,11.477987421383649,20.440251572327043,48.701298701298704,56.60377358490566
SAGILITY,2026-10-07,Sagility Ltd.,Information Technology,43.11,-0.017547857793983712,3,True,False,False,['PRICE_LT_50'],,,,{},[],100.0,43.46508941345874,44.368000221252444,44.308800048828125,43.787000007629395,1.1719414694789332,40.766117671393694,0.05436981920141881,47.4900016784668,57.88999938964844,-0.05667396300545047,0.013637475845332592,0.022672020136461857,2,0.7169807679986205,0.7709597662396043,34.3,Nifty IT,-0.04433637332109952,0.08148148148148097,0,49.10014999999999,1.4158004324471563e-08,,,,,,,,
SAILIFE,2026-10-07,Sai Life Sciences Ltd.,Healthcare,1561.8,0.002374687118926966,3,True,False,True,[],79.92505921751204,79.92505921751204,0.0,{},[],100.0,52.98311180363395,1568.6949951171875,1505.4319946289063,1163.3029977416993,48.46902582671361,1464.8619971746978,0.06206815765319218,1697.0,1697.0,-0.05178794731477543,0.23462454452816206,0.1356085623232141,4,1.3639995054848586,1.4111355171425841,73.88,Nifty Healthcare Index,0.03009247179727903,0.38562091503268,2,75.59305,3.12640062727354e-08,"['relative strength', 'volume/delivery surge', 'trend structure']",88.0503144654088,78.61635220125787,86.32075471698113,78.30188679245283,82.54716981132076,93.66883116883118,38.0503144654088
SANSERA,2026-10-07,Sansera Engineering Ltd.,Automobile and Auto Components,4261.7,0.006803846062982899,2,True,False,True,[],56.09807645185004,56.09807645185004,0.0,{},[],100.0,52.331879004558765,4297.844995117188,4004.0020068359377,2831.6920025634768,176.67435349591562,3908.351488320669,0.08291261487152102,4743.5,4743.5,0.05655000300817847,0.28986083393235473,0.2173956821867874,4,0.4589744010173277,0.9029960192750891,43.1,Nifty Auto,-0.04145903795535644,0.44191919191919127,1,122.36145,4.5829715800138615e-08,"['relative strength', 'trend structure', 'near breakout/52W high']",94.33962264150944,78.61635220125787,22.012578616352204,67.13836477987422,57.38993710691824,11.688311688311689,4.40251572327044
SBILIFE,2026-10-07,SBI Life Insurance Company Ltd.,Financial Services,1726.1,-0.013657142857142923,2,True,False,True,[],54.92097525116393,54.92097525116393,0.0,{},[],100.0,48.02159104552392,1723.8749938964843,1766.4559985351561,1873.0269982910156,37.88657505625978,1650.326825473418,0.04389847122661461,1915.0,2132.0,0.01738771685989904,-0.07343391864045556,0.01616716282624253,1,1.0106439652964936,0.8765683814303639,55.89,Nifty Financial Services,0.00780339395834162,0.4989733059548241,0,174.9228,-1.4144060256349178e-08,"['relative strength', 'smooth (low ATR)', 'near breakout/52W high']",53.459119496855344,36.9496855345912,43.08176100628931,55.34591194968553,57.38993710691824,67.37012987012987,87.73584905660377
SCHNEIDER,2026-10-07,Schneider Electric Infrastructure Ltd.,Capital Goods,1256.2,-0.013971742543171128,2,True,False,True,[],44.84082741158213,44.84082741158213,0.0,{},[],100.0,53.778974428177854,1225.5249938964844,1252.0200024414062,1094.635751953125,45.58800090929547,1165.023949353284,0.07258080350467722,1449.0,1548.0,0.02154997239346579,-0.11172394672272012,-0.0008967234481063735,4,0.4659200901054163,0.9707038930397168,49.37,Nifty India Manufacturing,-0.008940467208090608,0.4500000000000013,0,30.9739,-3.8869706342481436e-08,"['trend structure', 'relative strength', 'near breakout/52W high']",45.911949685534594,78.61635220125787,30.50314465408805,44.96855345911949,57.38993710691824,29.383116883116884,15.723270440251572
SCI,2026-10-07,Shipping Corporation of India Ltd.,Services,285.35,-0.012629757785467044,1,True,False,True,[],51.83237360124153,51.83237360124153,0.0,{},[],100.0,54.42518741488943,276.77999725341795,286.57600036621096,273.3695993804932,8.588884859962194,268.1722363835912,0.060198946390394914,320.0,368.75,-0.011774870637175305,0.0015795444600632536,0.03909260062796477,3,1.1920112387850637,0.7978606692265496,29.09,Nifty Services Sector,0.0017563355922071144,0.28431372549020373,0,39.128099999999996,2.13895763323535e-08,"['relative strength', 'trend structure', 'near breakout/52W high']",64.46540880503144,68.08176100628931,42.92452830188679,47.327044025157235,20.440251572327043,55.1948051948052,44.0251572327044
SHREECEM,2026-10-07,Shree Cement Ltd.,Construction Materials,21780.0,-0.019360648356596122,1,True,False,True,[],32.567079147267826,32.567079147267826,0.0,{},[],100.0,37.410206263149526,22277.5,23876.1,25155.225,525.2003690530503,20729.599261893898,0.048227765753264595,27550.0,30285.0,-0.0678365075968329,-0.17170564746149453,-0.07558081381264292,0,2.519614449359857,1.1489007943838905,62.19,Nifty Cement,-0.027460905978277328,0.19148936170212766,0,38.1181,0.0,"['volume/delivery surge', 'smooth (low ATR)', 'relative strength']",11.320754716981131,13.364779874213836,90.40880503144655,17.138364779874216,20.440251572327043,18.83116883116883,76.72955974842768
SHRIPISTON,2026-10-07,SPR Auto Technologies Ltd.,Automobile and Auto Components,4411.6,0.001498297389330494,1,True,False,True,[],48.37795066568651,48.37795066568651,0.0,{},[],100.0,45.12319223951708,4488.314990234375,4495.46,3668.346993408203,156.39688208747526,4098.8063334813,0.07090256533930361,4843.0,4843.0,-0.00599344249597944,0.052988350874870305,0.06768771790596623,2,0.6909353012749299,0.9634441966450112,49.68,Nifty Auto,-0.04145903795535644,0.4461670973298917,2,33.1914,2.2136243060799643e-08,"['relative strength', 'near breakout/52W high', 'trend structure']",74.21383647798743,54.874213836477985,38.9937106918239,71.38364779874215,20.440251572327043,11.688311688311689,18.238993710691823
SHRIRAMFIN,2026-10-07,Shriram Finance Ltd.,Financial Services,948.0,-0.017667478368996403,1,True,False,True,[],40.770031854937514,40.770031854937514,0.0,{},[],100.0,34.70185463038318,988.8324951171875,1051.9869970703126,1009.9304995727539,24.78498603268043,898.4300279346392,0.05228900006894599,1153.699951171875,1153.699951171875,-0.07871720116618075,-0.09204097101142761,-0.041188822372283385,1,1.3983266993678276,0.8930877027239805,56.72,Nifty Financial Services,0.00780339395834162,0.6,0,427.34035000000006,0.0,"['volume/delivery surge', 'strong sector', 'smooth (low ATR)']",24.528301886792452,36.9496855345912,55.18867924528301,36.63522012578616,20.440251572327043,67.37012987012987,65.40880503144655
SHYAMMETL,2026-10-07,Shyam Metalics and Energy Ltd.,Capital Goods,1067.3,0.012618595825426793,2,True,False,True,[],63.98390917258841,63.98390917258841,0.0,{},[],100.0,51.59426977588754,1071.8450103759765,1046.0580065917968,926.1827508544922,30.156203871402465,1006.9876410853201,0.0565093272590278,1148.0,1148.0,-0.01349475483545215,0.09455448215633933,0.08472012737696438,4,1.2376299853505472,0.746268656716418,41.0,Nifty India Manufacturing,-0.008940467208090608,0.8339222614840971,2,44.2932,4.5749203536615823e-08,"['relative strength', 'near breakout/52W high', 'trend structure']",79.87421383647799,78.61635220125787,40.56603773584906,80.9748427672956,57.38993710691824,29.383116883116884,53.144654088050316
SIEMENS,2026-10-07,Siemens Ltd.,Capital Goods,3793.0,-0.015827711468604067,3,True,False,True,[],62.16787143673936,62.16787143673936,0.0,{},[],100.0,46.56858357407011,3829.2400024414064,3911.82400390625,3531.1800036621094,94.04529402038413,3604.909411959232,0.04958887108905041,4149.39990234375,4149.39990234375,-0.040062776015978185,0.08479908479908471,0.06655841810807406,2,1.1806248941534543,0.7660710141564167,33.01,Nifty India Manufacturing,-0.008940467208090608,0.27631578947368424,0,80.1773,0.0,"['relative strength', 'near breakout/52W high', 'repeat gainer']",73.58490566037736,54.874213836477985,39.465408805031444,73.58490566037736,82.54716981132076,29.383116883116884,73.8993710691824
SIGNATURE,2026-10-07,Signatureglobal (India) Ltd.,Realty,712.5,-0.009522485577257322,2,True,False,True,[],5.793412562280487,20.793412562280487,15.0,{'DOWNTREND_BOUNCE': 15},['LOW_DELIVERY'],100.0,31.352096963705748,755.4999969482421,782.0440014648437,850.2775012207031,25.346828518351995,661.8063429632961,0.07114899233221605,838.0,1153.9000244140625,-0.10931934604983629,-0.1190108191653787,-0.0699748188910867,0,0.851162634465037,0.769397721106891,7.09,Nifty Realty,-0.04259665398070134,0.19512195121951106,0,17.596,0.0,"['repeat gainer', 'volume/delivery surge', 'relative strength']",13.522012578616351,13.364779874213836,27.830188679245282,20.440251572327043,57.38993710691824,7.305194805194805,16.9811320754717
SOLARINDS,2026-10-07,Solar Industries India Ltd.,Chemicals,20050.0,-0.001046285685815329,2,True,False,True,[],58.52813852813853,58.52813852813853,0.0,{},[],100.0,52.20631521177028,19827.05,19868.78,16492.98,648.9287927505218,18752.142414498958,0.06473105164593729,22700.0,22700.0,-0.10710309507904703,0.09947356876508007,0.040375500559537314,4,0.7757564161061313,1.09079201545396,42.35,Nifty Chemicals,-0.008316086726218641,0.7368421052631579,0,388.2196,0.0,"['relative strength', 'trend structure', 'near breakout/52W high']",65.72327044025157,78.61635220125787,56.91823899371069,59.59119496855345,57.38993710691824,39.44805194805195,31.446540880503143
SONACOMS,2026-10-07,Sona BLW Precision Forgings Ltd.,Automobile and Auto Components,810.5,-0.011585365853658547,3,True,False,True,[],72.68612676631544,72.68612676631544,0.0,{},[],100.0,52.0703727630179,804.6250030517579,803.2060009765624,622.1712481689453,21.868166849219623,766.7636663015608,0.05396216372416929,844.0,844.0,0.008084577114427782,0.2123252034984544,0.1543951540229619,5,0.683017184451143,1.0510510510510511,50.75,Nifty Auto,-0.04145903795535644,0.08259587020648866,0,206.5031,0.0,"['relative strength', 'trend structure', 'near breakout/52W high']",89.62264150943396,91.98113207547169,48.42767295597484,90.88050314465409,82.54716981132076,11.688311688311689,61.63522012578616
SRF,2026-10-07,SRF Ltd.,Chemicals,2460.0,-0.004048582995951455,3,True,False,True,[],47.58474230172344,47.58474230172344,0.0,{},[],100.0,40.97816801979107,2497.475,2557.093994140625,2679.3949963378905,50.45786569756528,2359.0842686048695,0.041022655038670974,2970.0,3210.0,-0.03377847604084838,-0.10769339216536067,-0.02654567038658373,0,1.0351089963255027,1.2439927818406307,65.49,Nifty Chemicals,-0.008316086726218641,0.6259351620947623,0,48.01735000000001,0.0,"['volume/delivery surge', 'smooth (low ATR)', 'relative strength']",33.333333333333336,13.364779874213836,75.15723270440252,30.18867924528302,82.54716981132076,39.44805194805195,92.45283018867924
STARHEALTH,2026-10-07,Star Health and Allied Insurance Company Ltd.,Financial Services,553.85,0.005994005994006013,3,True,False,True,[],54.284182798333745,54.284182798333745,0.0,{},[],100.0,50.449390274750456,549.0650024414062,566.7840002441407,517.9672509765625,15.753545894029182,522.3428837978792,0.05688741207350578,624.9000244140625,624.9000244140625,-0.03190001884077798,-0.08188980425041437,-0.012704647829075377,3,0.4399967263847678,0.9804080310880828,60.55,Nifty Financial Services,0.00780339395834162,0.6721991701244857,2,29.10235,-4.408064013805557e-08,"['trend structure', 'relative strength', 'near breakout/52W high']",40.25157232704402,68.08176100628931,31.446540880503143,61.16352201257861,82.54716981132076,67.37012987012987,51.257861635220124
SUMICHEM,2026-10-07,Sumitomo Chemical India Ltd.,Chemicals,421.95,0.009329027628274034,1,True,False,True,[],19.9510945029813,19.9510945029813,0.0,{},[],100.0,28.210160795855543,445.8175018310547,493.3969995117188,456.4709997558594,14.445005483722085,393.0600012395871,0.06846785195320515,572.0499877929688,572.0499877929688,-0.13303882961987024,-0.17860618613928114,-0.1116322441630549,1,0.7918863764475872,0.5669943093636834,32.88,Nifty Chemicals,-0.008316086726218641,0.5483870967741914,2,12.736199999999998,2.8930042139663215e-08,"['trend structure', 'strong sector', 'volume/delivery surge']",3.7735849056603774,36.9496855345912,19.18238993710692,14.937106918238994,20.440251572327043,39.44805194805195,23.58490566037736
SUNDARMFIN,2026-10-07,Sundaram Finance Ltd.,Financial Services,4301.2,-0.010718064308385955,2,True,False,True,[],42.082924936698525,42.082924936698525,0.0,{},[],100.0,35.355966659613244,4546.194970703125,4572.71,4766.881999511719,115.26376651805163,4070.6726622763967,0.053596094710340325,4965.2998046875,5642.0,-0.08731724551655118,-0.05982638153263897,-0.02938154980807428,0,0.6928863699900882,1.0879189261267668,61.19,Nifty Financial Services,0.00780339395834162,0.21855670103092595,0,17.0398,4.540883935533202e-08,"['volume/delivery surge', 'relative strength', 'strong sector']",31.132075471698112,13.364779874213836,53.301886792452834,37.106918238993714,57.38993710691824,67.37012987012987,62.57861635220126
SUNPHARMA,2026-10-07,Sun Pharmaceutical Industries Ltd.,Healthcare,1781.0,-0.012804168283354511,1,True,False,True,[],53.164052928203866,53.164052928203866,0.0,{},[],100.0,36.38207296353397,1835.145001220703,1889.7000024414062,1809.591001586914,30.14976254084342,1720.7004749183131,0.03385711683418691,2046.9000244140625,2046.9000244140625,-0.05562332205104792,-0.07982433479721007,-0.0235335647076082,1,0.7984735388183145,1.1457160725453408,73.28,Nifty Healthcare Index,0.03009247179727903,0.2772585669781948,0,264.43989999999997,0.0,"['smooth (low ATR)', 'strong sector', 'volume/delivery surge']",35.84905660377358,36.9496855345912,62.264150943396224,53.77358490566037,20.440251572327043,93.66883116883118,98.42767295597484
SUNTV,2026-10-07,Sun TV Network Ltd.,Media Entertainment & Publication,636.5,0.006960923904445471,4,True,False,True,[],63.787776688720086,73.78777668872009,10.0,{'EXTENDED': 10},['LOW_DELIVERY'],50.0,84.17986203758764,517.0450012207032,494.92599914550783,540.6644992065429,23.308511142795414,589.8829777144092,0.0732396265288151,663.9000244140625,663.9000244140625,0.4055426552307573,0.2749123685528292,0.384417775608314,4,0.7183592253869796,0.7153507285665877,21.11,Nifty Media,0.059692685691146385,0.3439490445859873,3,88.9957,0.0,"['relative strength', 'near breakout/52W high', 'trend structure']",99.37106918238993,78.61635220125787,18.71069182389937,89.15094339622641,95.75471698113208,99.51298701298701,14.465408805031446
SUPREMEIND,2026-10-07,Supreme Industries Ltd.,Capital Goods,3550.0,0.014894651076360121,2,True,False,True,[],61.876990933594705,61.876990933594705,0.0,{},[],100.0,55.70367306837609,3440.4249877929688,3499.7539892578125,3576.7899841308595,94.11752590331116,3361.7649481933777,0.05302395825538653,3710.0,4293.89990234375,-0.0008443568815086344,0.06940592106453436,0.07847104580803366,2,2.9331024579778697,0.7959941487566107,35.37,Nifty India Manufacturing,-0.008940467208090608,0.4766474728087007,3,44.5784,0.0,"['relative strength', 'near breakout/52W high', 'volume/delivery surge']",77.67295597484276,54.874213836477985,56.44654088050315,71.54088050314465,57.38993710691824,29.383116883116884,63.522012578616355
SWANCORP,2026-10-07,Swan Corp Ltd.,Chemicals,271.85,0.011158638646085128,1,True,False,True,[],13.135056767132237,28.135056767132237,15.0,{'DOWNTREND_BOUNCE': 15},['LOW_DELIVERY'],100.0,36.31510434027564,287.94750213623047,295.1829992675781,341.6710008239746,9.255662145537201,253.33868181244122,0.06809388955476281,317.20001220703125,493.6000061035156,-0.017882882614703832,-0.1483396124458939,-0.038920983813778065,0,1.6817945996739712,0.8394618834080717,23.4,Nifty Chemicals,-0.008316086726218641,0.23584905660377392,2,26.074749999999998,2.2451777104137705e-08,"['volume/delivery surge', 'relative strength', 'strong sector']",25.78616352201258,13.364779874213836,55.503144654088054,19.654088050314467,20.440251572327043,39.44805194805195,24.21383647798742
SWIGGY,2026-10-07,Swiggy Ltd.,Consumer Services,246.0,0.0073710073710073765,1,True,False,True,[],6.201707097933518,21.201707097933518,15.0,{'DOWNTREND_BOUNCE': 15},[],100.0,35.83180867169209,263.1400016784668,273.8363998413086,286.5676490020752,8.711133116349695,228.5777337673006,0.0708222204581277,305.0,459.95001220703125,-0.10772582840775735,-0.09972552607502283,-0.059535413524869296,0,1.180267730602558,0.6835635809855325,31.42,Nifty India Consumption,-0.0021929861068333834,0.3090909090909096,3,338.43575,0.0,"['volume/delivery surge', 'strong sector', 'relative strength']",16.352201257861637,13.364779874213836,35.84905660377359,9.119496855345911,20.440251572327043,44.642857142857146,18.553459119496857
SYRMA,2026-10-07,Syrma SGS Technology Ltd.,Capital Goods,1746.7,0.03655569402409364,2,True,False,True,[],69.22761986441232,69.22761986441232,0.0,{},[],100.0,60.52467498012168,1676.9250061035157,1551.8120068359376,1129.546004333496,67.55593536155719,1611.5880804487606,0.07735265042657546,1822.5999755859375,1822.5999755859375,0.0655807730613629,0.20304423293661955,0.17850276671551202,5,1.4059157033964766,0.9693639693639693,29.11,Nifty India Manufacturing,-0.008940467208090608,0.7106598984771578,1,215.57495,-2.795449993708843e-08,"['relative strength', 'trend structure', 'near breakout/52W high']",91.19496855345912,91.98113207547169,64.77987421383648,88.83647798742138,57.38993710691824,29.383116883116884,9.119496855345911
TARIL,2026-10-07,Transformers And Rectifiers (India) Ltd.,Capital Goods,289.15,0.019390093424995536,4,True,False,True,[],22.042085273217353,37.04208527321735,15.0,{'DOWNTREND_BOUNCE': 15},[],100.0,53.27215868480943,280.8575012207031,291.4920001220703,298.51284934997557,10.103742421001158,268.94250905448206,0.06988582143714861,326.95001220703125,499.6000061035156,-0.02692243030227659,-0.16127630486879074,-0.04990910386901287,1,3.0642528885033187,0.5590198008970573,25.55,Nifty India Manufacturing,-0.008940467208090608,0.6835443037974674,1,27.46565,-2.1108475189990372e-08,"['repeat gainer', 'volume/delivery surge', 'trend structure']",21.38364779874214,36.9496855345912,48.89937106918239,27.9874213836478,95.75471698113208,29.383116883116884,21.069182389937108
TATACAP,2026-10-07,Tata Capital Ltd.,Financial Services,320.55,-0.004812170133498994,1,True,False,False,['INELIGIBLE_HISTORY'],,,,{},[],100.0,32.89992429706669,338.86499938964846,356.0399993896484,340.6287498474121,8.295471283161444,303.95904522664586,0.051757738880459314,390.20001220703125,390.20001220703125,-0.12905855610765338,-0.11106494074503681,-0.0758714847098243,1,0.830145624949705,1.1653393351800554,67.31,Nifty Financial Services,0.00780339395834162,0.5803571428571463,0,47.095699999999994,-3.808152004847187e-08,,,,,,,,
TATACOMM,2026-10-07,Tata Communications Ltd.,Telecommunication,1659.6,-0.013200142704245521,2,True,False,True,[],50.72327044025157,50.72327044025157,0.0,{},['SECTOR_UNMAPPED'],100.0,39.501738629178284,1715.4799926757812,1720.8619970703126,1704.455997314453,47.54497728768709,1564.5100210105634,0.05729691249350721,1854.0,2110.0,-0.0453839657256615,-0.11270318973298876,-0.03485331401280434,1,4.034110477118652,1.4783649052841477,74.14,,,0.5696969696969684,0,25.418950000000006,-1.4710811235829624e-08,"['volume/delivery surge', 'near breakout/52W high', 'relative strength']",27.9874213836478,36.9496855345912,98.74213836477986,50.47169811320755,57.38993710691824,50.0,50.62893081761006
TATACONSUM,2026-10-07,Tata Consumer Products Ltd.,Fast Moving Consumer Goods,968.5,-0.007684426229508157,3,True,False,True,[],44.787429551580495,44.787429551580495,0.0,{},[],100.0,41.12300957204098,980.772494506836,1027.63099609375,1108.7262451171875,17.730949158711432,933.0381016825771,0.03661527962563027,1123.4000244140625,1282.699951171875,-0.044965956694348885,-0.12896845153828462,-0.04277694039979596,0,0.46049839774450896,0.9904046057892212,61.93,Nifty FMCG,0.0275639954647936,0.5958549222797942,0,112.96,0.0,"['smooth (low ATR)', 'strong sector', 'repeat gainer']",24.21383647798742,13.364779874213836,33.333333333333336,34.90566037735849,82.54716981132076,84.90259740259741,97.48427672955975
TATAELXSI,2026-10-07,Tata Elxsi Ltd.,Information Technology,3082.5,-0.003394762366634385,2,True,False,True,[],12.171649105611369,27.17164910561137,15.0,{'DOWNTREND_BOUNCE': 15},[],100.0,24.733094028081226,3234.1949951171873,3494.3659912109374,4222.013509521485,78.19091412251831,2926.1181717549634,0.05073214217195021,3857.0,5950.0,-0.11726804123711343,-0.16470206779558083,-0.09679479079982634,0,0.7785029863025058,1.1540983606557378,42.24,Nifty IT,-0.04433637332109952,0.09171075837742212,0,72.51859999999999,0.0,"['volume/delivery surge', 'smooth (low ATR)', 'repeat gainer']",7.232704402515723,13.364779874213836,61.477987421383645,7.389937106918239,57.38993710691824,3.0844155844155843,69.81132075471699
TATASTEEL,2026-10-07,Tata Steel Ltd.,Metals & Mining,175.64,-0.01706866640550686,1,True,False,True,[],37.24985706117781,37.24985706117781,0.0,{},[],100.0,35.21691431904175,183.7254997253418,185.525400390625,194.7117505645752,4.279075687054136,167.08184801554017,0.04872552609797287,193.64999389648438,224.39999389648438,-0.046212298609250246,-0.0813327206087745,-0.01958224589249158,0,0.6452872955287595,1.0076211767096839,49.58,Nifty Metal,-0.024540237346309834,0.28493150684931245,0,540.35725,-3.4750144983775044e-09,"['relative strength', 'near breakout/52W high', 'smooth (low ATR)']",37.735849056603776,13.364779874213836,41.35220125786164,53.144654088050316,20.440251572327043,20.454545454545453,75.47169811320755
TATATECH,2026-10-07,Tata Technologies Ltd.,Information Technology,697.6,-0.007822500355568196,1,True,False,True,[],31.06315853957363,31.06315853957363,0.0,{},[],100.0,35.196267950630556,723.3549987792969,776.7409985351562,678.9857485961915,22.632705446001204,652.3345646939351,0.06488734586606382,891.0,891.0,-0.1263619591910614,-0.029155956527644467,-0.033568694142832145,2,0.4030322061932696,1.092379318794413,44.58,Nifty IT,-0.04433637332109952,0.21940928270042345,0,57.06370000000001,-3.499722267541472e-08,"['trend structure', 'relative strength', 'volume/delivery surge']",28.61635220125786,54.874213836477985,42.924528301886795,25.157232704402517,20.440251572327043,3.0844155844155843,31.132075471698112
TBOTEK,2026-10-07,TBO Tek Ltd.,Consumer Services,1704.5,0.0066737538388850215,2,True,False,True,[],74.91239892183289,74.91239892183289,0.0,{},[],100.0,55.23206614697903,1681.8799865722656,1667.2019897460937,1430.2469995117187,56.515530729059584,1591.4689385418808,0.06631332441074755,1750.0,1764.800048828125,-0.0005277497368230133,0.13868660044093395,0.11326968906857626,5,15.108644149690612,1.041413032631474,52.18,Nifty India Consumption,-0.0021929861068333834,0.2924037460978141,2,21.3924,0.0,"['relative strength', 'near breakout/52W high', 'trend structure']",84.90566037735849,91.98113207547169,85.37735849056604,93.86792452830188,57.38993710691824,44.642857142857146,27.9874213836478
TCS,2026-10-07,Tata Consultancy Services Ltd.,Information Technology,2080.3,-0.009380952380952268,3,True,False,True,[],18.665359797435272,33.66535979743527,15.0,{'DOWNTREND_BOUNCE': 15},[],100.0,38.93500493500874,2121.5600158691404,2255.0980053710937,2475.4889990234374,53.83411825877067,1972.6318123105837,0.05175610921039642,2495.0,3350.0,-0.07767676842025051,0.005461599240273118,0.0080826791265321,0,0.4066692457132389,0.7597908651474795,38.51,Nifty IT,-0.04433637332109952,0.14827586206897178,0,701.34485,2.3471674603925408e-08,"['relative strength', 'repeat gainer', 'smooth (low ATR)']",50.0,13.364779874213836,9.119496855345911,16.666666666666668,82.54716981132076,3.0844155844155843,67.29559748427673
TDPOWERSYS,2026-10-07,TD Power Systems Ltd.,Capital Goods,821.1,0.006250000000000089,4,True,False,True,[],73.72447521032426,73.72447521032426,0.0,{},[],96.2595655240561,62.33121228159678,768.1175018310547,729.6769982910156,553.6624984741211,36.80418335266246,747.4916088806126,0.08964604663737552,856.0999755859375,856.0999755859375,0.06802808093573054,0.42775171351618346,0.2920801609424778,5,1.0053549874626777,1.0391101542877643,43.44,Nifty India Manufacturing,-0.008940467208090608,0.5397631133671745,3,214.9633,-2.973336077349842e-08,"['relative strength', 'trend structure', 'near breakout/52W high']",97.48427672955975,91.98113207547169,62.10691823899371,90.25157232704403,95.75471698113208,29.383116883116884,1.8867924528301887
TECHM,2026-10-07,Tech Mahindra Ltd.,Information Technology,1491.1,-0.00890661349285482,2,True,False,True,[],46.13391325655476,46.13391325655476,0.0,{},[],100.0,35.53557151735062,1538.604998779297,1583.0100024414062,1515.2465026855468,36.827816988935055,1417.4443416080674,0.04939684473465744,1686.5999755859375,1854.0,-0.04355357563442108,0.024951832237738003,0.034889392018179255,1,0.6248390895757943,0.9140395894428152,49.87,Nifty IT,-0.04433637332109952,0.18283582089551761,0,309.85740000000004,-1.6373189248852782e-08,"['relative strength', 'smooth (low ATR)', 'near breakout/52W high']",61.9496855345912,36.9496855345912,28.301886792452834,49.056603773584904,57.38993710691824,3.0844155844155843,74.52830188679245
TECHNOE,2026-10-07,Techno Electric & Engineering Company Ltd.,Construction,988.3,-0.00793013451114244,1,True,False,True,[],38.03836886384056,38.03836886384056,0.0,{},[],100.0,48.60107938985953,991.7249969482422,992.6810021972656,1069.9820001220703,31.764944687884714,924.7700984171993,0.06428198943687313,1079.0,1389.5999755859375,0.026805182122564997,-0.05443930925858753,0.030373200148509527,0,0.5295705055112124,0.9316576651433319,44.85,Nifty Infrastructure,0.0003333538178706963,0.41935483870967444,0,13.0047,-1.235154423184781e-08,"['relative strength', 'near breakout/52W high', 'strong sector']",58.80503144654088,13.364779874213836,27.67295597484277,46.855345911949684,20.440251572327043,48.701298701298704,32.38993710691824
TEGA,2026-10-07,Tega Industries Ltd.,Capital Goods,2123.6,0.01486260454002375,3,True,False,True,[],74.3769909335947,74.3769909335947,0.0,{},[],88.97501334028185,68.13323377466249,1954.6050109863281,1757.3420043945312,1735.633999633789,85.119736200297,1953.360625255656,0.08016550413068912,2198.0,2198.0,0.3243530387628626,0.2787379780180814,0.3457357721069928,5,1.235418130709768,1.016508795669824,37.56,Nifty India Manufacturing,-0.008940467208090608,0.4657701711491421,2,82.25785,4.598617908690983e-08,"['relative strength', 'near breakout/52W high', 'trend structure']",98.74213836477988,91.98113207547169,67.29559748427673,93.39622641509433,82.54716981132076,29.383116883116884,5.9748427672955975
TEJASNET,2026-10-07,Tejas Networks Ltd.,Telecommunication,466.7,-0.019228748555217057,1,True,False,True,[],22.93238993710692,22.93238993710692,0.0,{},['SECTOR_UNMAPPED'],100.0,33.339468770235925,505.3299987792969,522.9529986572265,473.4477490234375,19.547378558663123,427.605255089705,0.08376849388206908,622.7999877929688,644.75,-0.20905004345024647,-0.17347030544924535,-0.14706991073322512,1,0.6698231628783474,1.0712735166425469,29.61,,,0.13654618473895502,0,81.70765,2.6156055765724773e-08,"['volume/delivery surge', 'trend structure', 'strong sector']",1.2578616352201257,36.9496855345912,49.68553459119497,14.465408805031446,20.440251572327043,50.0,4.088050314465409
TENNIND,2026-10-07,Tenneco Clean Air India Ltd.,Automobile and Auto Components,480.4,-0.027825559040777104,1,True,False,False,['INELIGIBLE_HISTORY'],,,,{},[],100.0,33.48768539914006,507.6074981689453,528.8250012207031,553.7015013122559,14.678470988959939,451.0430519185645,0.061109372087639224,584.9000244140625,657.0,-0.08617085268909375,-0.18514120287763347,-0.09146576406684281,0,1.0308660262629703,1.2420754382858155,70.14,Nifty Auto,-0.04145903795535644,0.0741839762611275,0,27.343199999999996,-1.2705069996066243e-08,,,,,,,,
THANGAMAYL,2026-10-07,Thangamayil Jewellery Ltd.,Consumer Durables,4803.0,0.009351686455815855,2,True,False,True,[],19.98182634975088,19.98182634975088,0.0,{},[],100.0,40.61251051560462,5009.6,5227.38,4546.917012939453,210.33679678228495,4382.32640643543,0.08758559099824492,7430.0,7430.0,-0.12257946656923635,-0.2721072971129802,-0.15315311812458748,2,0.6859198124143048,0.7538832609744331,39.07,Nifty Consumer Durables,-0.028473784292969873,0.6715686274509803,2,36.50695,0.0,"['trend structure', 'repeat gainer', 'volume/delivery surge']",0.9433962264150944,54.874213836477985,18.867924528301888,6.603773584905661,57.38993710691824,16.72077922077922,2.830188679245283
THERMAX,2026-10-07,Thermax Ltd.,Capital Goods,3230.4,0.001643359895817209,1,True,False,True,[],0.0,13.771645021645023,15.0,{'DOWNTREND_BOUNCE': 15},[],100.0,26.10181336186031,3453.4849853515625,3760.4979931640623,3809.702990722656,107.10138680593238,3016.197128731885,0.06630843861048119,4840.0,5277.7998046875,-0.10998462215445626,-0.32825953371932837,-0.17493181422037152,0,0.6519234343058911,0.8129581033390645,44.92,Nifty India Manufacturing,-0.008940467208090608,0.39378238341969124,1,53.88309999999999,-3.02303894139655e-08,"['volume/delivery surge', 'strong sector', 'smooth (low ATR)']",0.6289308176100629,13.364779874213836,20.59748427672956,4.716981132075472,20.440251572327043,29.383116883116884,28.30188679245283
TIINDIA,2026-10-07,Tube Investments of India Ltd.,Automobile and Auto Components,2388.0,-0.034254054272657375,1,True,False,True,[],20.421975822919222,20.421975822919222,0.0,{},[],100.0,36.18922276164242,2502.7250244140623,2675.5920068359374,2741.129501953125,74.25176709476796,2239.496465810464,0.06218740962710889,2989.0,3335.199951171875,-0.09500888915412165,-0.19280689601559908,-0.09971762886833957,0,2.818884724116898,0.6120792079207921,30.91,Nifty Auto,-0.04145903795535644,0.27896995708154504,0,50.970299999999995,0.0,"['volume/delivery surge', 'smooth (low ATR)', 'near breakout/52W high']",5.345911949685535,13.364779874213836,49.056603773584904,18.238993710691823,20.440251572327043,11.688311688311689,37.735849056603776
TIMKEN,2026-10-07,Timken India Ltd.,Capital Goods,3132.0,-0.00788748455763566,1,True,False,True,[],43.472902883280234,43.472902883280234,0.0,{},[],100.0,46.5499318490909,3188.1699829101562,3190.7780029296873,3292.3790002441406,90.1376093417067,2951.724781316587,0.05755913751066832,3390.39990234375,3925.0,0.010746457983300761,-0.026633916298088423,0.036246534559126964,0,0.9107718070075471,0.9146914691469146,45.73,Nifty India Manufacturing,-0.008940467208090608,0.4347826086956512,0,13.728,0.0,"['relative strength', 'near breakout/52W high', 'volume/delivery surge']",63.20754716981132,13.364779874213836,43.55345911949685,61.00628930817611,20.440251572327043,29.383116883116884,50.0
TMCV,2026-10-07,Tata Motors Ltd.,Capital Goods,427.9,-0.013600737667127771,1,True,False,False,['INELIGIBLE_HISTORY'],,,,{},[],100.0,44.55666871373227,432.82249755859374,449.64999816894533,431.4627487182617,12.856620441473945,402.1867530135365,0.060091706589667115,487.79998779296875,509.0,-0.06172567624157799,0.012781050642566516,0.01971795091701506,1,0.9184068869671992,0.8839704896042925,46.13,Nifty India Manufacturing,-0.008940467208090608,0.39487179487179136,0,265.9194,-1.4263883185705595e-08,,,,,,,,
TMPV,2026-10-07,Tata Motors Passenger Vehicles Ltd.,Automobile and Auto Components,283.0,-0.009797060881735487,1,True,False,True,[],4.7458751939884,19.7458751939884,15.0,{'DOWNTREND_BOUNCE': 15},[],100.0,35.51830617766315,293.78499908447264,313.4519995117187,343.3952500915527,7.502177839741554,267.9956443205169,0.05301892466248459,353.20001220703125,712.9000244140625,-0.07652149216162829,-0.1625980477058494,-0.07536950621721805,0,0.7905102037464845,0.817664701623746,39.53,Nifty Auto,-0.04145903795535644,0.37606837606837634,0,348.4539,0.0,"['smooth (low ATR)', 'volume/delivery surge', 'relative strength']",11.635220125786164,13.364779874213836,28.301886792452834,6.603773584905661,20.440251572327043,11.688311688311689,63.83647798742138
TORNTPOWER,2026-10-07,Torrent Power Ltd.,Power,1236.5,0.0012956514697546329,1,True,False,True,[],39.881156579269785,39.881156579269785,0.0,{},[],100.0,41.579614758177286,1259.2050048828125,1280.1839990234375,1409.7205004882812,29.53157801592686,1177.4368439681464,0.04776640196672355,1448.0,1824.0999755859375,-0.026531217499090376,-0.1288572786164104,-0.03350398434122959,0,1.0213118567191952,1.0098710538016897,56.78,Nifty Energy,0.014989779207088882,0.5406504065040652,2,21.5915,0.0,"['volume/delivery surge', 'strong sector', 'smooth (low ATR)']",28.930817610062892,13.364779874213836,59.59119496855346,25.31446540880503,20.440251572327043,79.70779220779221,78.93081761006289
TRENT,2026-10-07,Trent Ltd.,Consumer Services,2890.3,-0.005402615278733647,1,True,False,True,[],55.74573225516622,55.74573225516622,0.0,{},[],100.0,61.12473980562505,2734.839990234375,2860.227998046875,2821.280001220703,67.98519341744213,2754.3296619932407,0.04704369253635576,3244.5,4866.5,0.03461481521746923,-0.0043061870572334016,0.05934457779663871,4,1.8278271350315989,0.5850193327938136,32.53,Nifty India Consumption,-0.0021929861068333834,0.4192546583850955,0,198.2047,1.6893791254801727e-08,"['relative strength', 'trend structure', 'smooth (low ATR)']",71.69811320754717,78.61635220125787,45.44025157232704,30.81761006289308,20.440251572327043,44.642857142857146,80.81761006289308
TRIDENT,2026-10-07,Trident Ltd.,Textiles,22.31,-0.011081560283687897,1,True,False,False,"['PRICE_LT_50', 'LOW_TURNOVER']",,,,{},[],100.0,36.198061102267886,22.874499988555907,23.83619987487793,25.027400016784668,0.45652601488903477,21.396947436164314,0.04092568586439904,26.799999237060547,30.940000534057617,-0.06496232626820297,-0.1247548188987796,-0.05066830886697049,0,0.9296167923500566,0.8826008428657435,43.98,,,0.11904761904761281,0,5.9273,-2.3938037441162408e-08,,,,,,,,
TTML,2026-10-07,Tata Teleservices (Maharashtra) Ltd.,Telecommunication,34.01,-0.004973668812170873,2,True,False,False,"['PRICE_LT_50', 'LOW_TURNOVER']",,,,{'DOWNTREND_BOUNCE': 15},[],100.0,37.38783220747003,35.23749980926514,37.084599838256835,41.28770002365113,1.1478451828813367,31.71430795577053,0.0675004551326065,42.81999969482422,60.08000183105469,-0.06796391457545681,-0.17611435738243741,-0.07784887226242632,0,0.8613376508183376,0.9109617231444643,33.2,,,0.47222222222220794,0,5.7798,-4.935215514034752e-08,,,,,,,,
UBL,2026-10-07,United Breweries Ltd.,Fast Moving Consumer Goods,1185.7,0.0062802342357635155,2,True,False,True,[],17.641203136486155,32.641203136486155,15.0,{'DOWNTREND_BOUNCE': 15},[],100.0,37.3400887294346,1225.0800048828125,1306.7440014648437,1430.4889978027343,33.61405942099664,1118.4718323298816,0.056699098937761705,1464.0,1844.0,-0.08156471636570484,-0.10728806297144633,-0.05023612595205479,0,0.3862693988851907,0.9496080627099664,50.88,Nifty FMCG,0.0275639954647936,0.5367647058823531,1,15.323049999999999,-4.118084262483279e-08,"['strong sector', 'repeat gainer', 'relative strength']",21.069182389937108,13.364779874213836,25.31446540880503,14.150943396226417,57.38993710691824,84.90259740259741,52.20125786163522
UNIONBANK,2026-10-07,Union Bank of India,Financial Services,173.15,0.027962479221087744,2,True,False,True,[],56.49330229518908,56.49330229518908,0.0,{},[],100.0,46.239236469305766,174.6239990234375,179.92659942626952,174.87424995422364,4.681011816171645,163.78797026414108,0.05406886492840579,192.3300018310547,205.49000549316406,-0.05496128838078451,0.052519601715076414,0.042969420383666745,1,1.8167691118792257,0.5335365853658536,26.25,Nifty Financial Services,0.00780339395834162,0.8150105708245244,3,132.0447,-3.524987368663801e-08,"['relative strength', 'near breakout/52W high', 'strong sector']",66.98113207547169,36.9496855345912,44.49685534591195,59.90566037735849,57.38993710691824,67.37012987012987,60.691823899371066
UNITDSPR,2026-10-07,United Spirits Ltd.,Fast Moving Consumer Goods,1344.0,-0.010309278350515427,1,True,False,True,[],55.6757943314547,55.6757943314547,0.0,{},[],100.0,36.514987176628836,1383.3900024414063,1460.5080004882811,1371.3320037841797,28.92380539958279,1286.1523892008345,0.043041377082712495,1563.4000244140625,1563.4000244140625,-0.06666666666666665,-0.03009305956647379,-0.004189599400049426,1,1.8062920884936864,1.0679562229574955,62.94,Nifty FMCG,0.0275639954647936,0.34482758620689474,0,77.1847,0.0,"['volume/delivery surge', 'relative strength', 'smooth (low ATR)']",43.39622641509434,36.9496855345912,81.44654088050314,50.47169811320755,20.440251572327043,84.90259740259741,89.62264150943396
URBANCO,2026-10-07,Urban Company Ltd.,Consumer Services,168.23,-0.030598132995274918,3,True,False,True,[],68.56805929919138,68.56805929919138,0.0,{},[],100.0,54.09428482754309,165.50349884033204,159.16580017089845,134.91350009918213,6.860202159606052,154.50959140832697,0.08155741941189432,183.97000122070312,183.97000122070312,-0.0206090030673034,0.2672692710172435,0.16752039769149085,5,1.4240511404299185,0.8389314996032795,31.72,Nifty India Consumption,-0.0021929861068333834,0.09125475285170924,0,71.43175000000001,-2.5396545977329765e-08,"['relative strength', 'trend structure', 'near breakout/52W high']",90.88050314465409,91.98113207547169,51.41509433962264,73.8993710691824,82.54716981132076,44.642857142857146,5.345911949685535
USHAMART,2026-10-07,Usha Martin Ltd.,Capital Goods,520.25,0.006870524482291307,2,True,False,True,[],70.95717961284,70.95717961284,0.0,{},[],100.0,57.578415902714276,506.2675018310547,503.1380010986328,465.05974945068357,15.211910810559132,489.82617837888176,0.05847923425491253,542.5999755859375,542.5999755859375,0.040812230964061724,0.019898047000659336,0.07454540269888132,5,1.1818291782126482,1.1063372717508055,61.8,Nifty India Manufacturing,-0.008940467208090608,0.7649253731343296,3,41.3139,0.0,"['relative strength', 'trend structure', 'near breakout/52W high']",76.41509433962264,91.98113207547169,74.52830188679246,89.46540880503144,57.38993710691824,29.383116883116884,47.79874213836478
UTIAMC,2026-10-07,UTI Asset Management Company Ltd.,Financial Services,892.3,0.004616077460031454,2,True,False,False,['LOW_TURNOVER'],,,,{'DOWNTREND_BOUNCE': 15},[],100.0,47.70739362258615,899.8775024414062,897.9180004882812,967.5269982910156,17.738694565088164,856.8225986627924,0.039759486288828416,946.25,1409.0,-0.009051057031013388,-0.11152046336884769,-0.016095496483409744,1,1.0089424379312546,0.9489704565801254,53.0,Nifty Financial Services,0.00780339395834162,0.6036446469248279,1,6.2378,-1.368041158134048e-08,,,,,,,,
VAML,2026-10-07,Vedanta Aluminium Metal Ltd.,Metals & Mining,394.0,-0.017578855504301272,1,True,False,False,['INELIGIBLE_HISTORY'],,,,{},[],100.0,36.570825124307696,415.6024963378906,436.65799926757813,,14.896423652086941,364.2071526958261,0.07561636371617741,487.70001220703125,537.0,-0.09757216103523225,-0.11171229659935578,-0.06045196510077322,0,0.43734523907370265,1.0127388535031847,60.42,Nifty Metal,-0.024540237346309834,0.10857142857142728,0,323.01625,0.0,,,,,,,,
VBL,2026-10-07,Varun Beverages Ltd.,Fast Moving Consumer Goods,440.75,0.0033007056681082503,1,True,False,True,[],60.6443477905742,60.6443477905742,0.0,{},[],100.0,60.8906436137494,426.0174987792969,427.3520001220703,464.6545001220703,9.583984574488126,421.5820308510238,0.043489436526321534,470.0,555.7999877929688,0.08639385442039993,-0.07812174362413371,0.048326319114653904,2,0.6837374255783017,1.0011205930523233,58.07,Nifty FMCG,0.0275639954647936,0.6353591160220986,1,226.78975,0.0,"['relative strength', 'near breakout/52W high', 'smooth (low ATR)']",68.23899371069183,54.874213836477985,43.39622641509434,62.735849056603776,20.440251572327043,84.90259740259741,88.99371069182389
VEDL,2026-10-07,Vedanta Ltd.,Metals & Mining,261.4,-0.01581325301204839,1,True,False,True,[],26.23570611778159,41.23570611778159,15.0,{'DOWNTREND_BOUNCE': 15},[],100.0,47.95771730897706,261.35000228881836,268.55300201416014,455.6230006408691,7.149300549637087,247.1013927972102,0.05470008199363807,291.0,795.0,-0.038970610674689765,-0.04090990422261187,0.004250006267869977,1,1.1905330535941647,1.0005802707930367,51.73,Nifty Metal,-0.024540237346309834,0.4062499999999961,0,223.3071,-2.334933280057072e-08,"['relative strength', 'volume/delivery surge', 'smooth (low ATR)']",47.484276729559745,36.9496855345912,63.99371069182391,29.40251572327044,20.440251572327043,20.454545454545453,57.23270440251572
VEDPOWER,2026-10-07,Vedanta Power Ltd.,Power,32.42,-0.0033814940055333365,1,True,False,False,"['PRICE_LT_50', 'INELIGIBLE_HISTORY']",,,,{},[],100.0,45.38268024233994,32.376999855041504,34.36860000610351,,1.1949133554050362,30.03017145813524,0.07371458500263761,38.349998474121094,49.880001068115234,-0.05425906291090343,-0.22495824169731127,-0.09541838858758656,1,0.592199473519342,0.8401052323881906,43.11,Nifty Energy,0.014989779207088882,0.7236842105263153,0,40.22445,-5.647916989648394e-08,,,,,,,,
VIJAYA,2026-10-07,Vijaya Diagnostic Centre Ltd.,Healthcare,1462.4,-0.002931751551101036,1,True,False,True,[],57.30713468921016,57.30713468921016,0.0,{},[],100.0,47.683614684639174,1487.7049926757813,1469.1419970703125,1210.6587506103515,50.31389569833575,1361.772233017391,0.06881003126144625,1593.5999755859375,1593.5999755859375,-0.027012625140344304,0.052768015345480146,0.057067958819088715,3,0.6896829190567241,0.8733546071001196,43.79,Nifty Healthcare Index,0.03009247179727903,0.37748344370861264,0,18.31055,1.6694517546156362e-08,"['relative strength', 'near breakout/52W high', 'trend structure']",70.75471698113208,68.08176100628931,28.77358490566038,76.1006289308176,20.440251572327043,93.66883116883118,22.641509433962263
VISL,2026-10-07,Vedanta Iron and Steel Ltd.,Metals & Mining,29.44,-0.04260162601626016,1,True,False,False,"['PRICE_LT_50', 'INELIGIBLE_HISTORY']",,,,{},[],100.0,35.94869453279563,31.85399980545044,34.5053999710083,,1.5360820392506738,26.36783645555627,0.1043533975125891,40.70000076293945,44.779998779296875,-0.13335297391407464,-0.15109572448118247,-0.09803408548110776,0,1.9742982172596608,0.8582654528030667,44.78,Nifty Metal,-0.024540237346309834,0.14765100671141082,0,56.8407,1.8140543955880162e-08,,,,,,,,
VMM,2026-10-07,Vishal Mega Mart Ltd.,Consumer Services,100.5,-0.004457652303120341,2,True,False,True,[],38.11208445642408,38.11208445642408,0.0,{},[],100.0,44.21126799900719,101.86149978637695,105.26099990844726,115.84804988861084,2.8832020295638796,94.73359594087223,0.057377154817191744,115.4000015258789,150.99000549316406,-0.032723787063968945,-0.15396919584615143,-0.04915622773853939,0,1.184255626911821,1.1077522255192878,59.73,Nifty India Consumption,-0.0021929861068333834,0.3956043956043965,0,96.9718,0.0,"['volume/delivery surge', 'repeat gainer', 'relative strength']",21.69811320754717,13.364779874213836,74.84276729559748,28.144654088050316,57.38993710691824,44.642857142857146,50.314465408805034
VOGL,2026-10-07,Vedanta Oil and Gas Ltd.,Oil Gas & Consumable Fuels,31.11,-0.009551098376313294,1,True,False,False,"['PRICE_LT_50', 'INELIGIBLE_HISTORY']",,,,{},[],100.0,33.313014660993446,34.002499675750734,36.231199760437015,,1.4315677507952735,28.246865108761014,0.09203264048274773,43.29999923706055,47.599998474121094,-0.15115963669511712,-0.19695407169680856,-0.12986659047944205,0,0.455131908139028,0.9922394678492239,44.75,Nifty Oil & Gas,0.0008677160208944157,0.5714285714285714,0,78.66040000000001,1.9619143865057254e-08,,,,,,,,
VTL,2026-10-07,Vardhman Textiles Ltd.,Textiles,536.4,-0.023662176920276612,1,True,False,True,[],31.218553459119498,31.218553459119498,0.0,{},['SECTOR_UNMAPPED'],100.0,41.08874941731297,551.4700012207031,577.7880004882812,559.8952500915527,17.794353238101756,500.811317937859,0.06634732448992509,650.0,688.0,-0.08213552018264592,-0.15680263486883705,-0.07527881380922069,1,0.7763610948061457,1.0656156795909673,50.02,,,0.1521126760563342,0,13.44975,4.551465804247812e-08,"['volume/delivery surge', 'trend structure', 'strong sector']",11.949685534591195,36.9496855345912,54.55974842767296,31.28930817610063,20.440251572327043,50.0,27.67295597484277
WELCORP,2026-10-07,Welspun Corp Ltd.,Capital Goods,2704.6,0.01642301476943886,3,True,False,True,[],66.7512047700727,66.7512047700727,0.0,{},[],100.0,55.954933824476115,2663.860009765625,2344.5940063476564,1414.2335034179687,127.4436051078678,2449.7128874405144,0.09424210641588593,2900.0,2900.0,0.04043088965426045,0.677167393403646,0.402989405245474,5,0.5769245183478965,0.9404289118347895,35.52,Nifty India Manufacturing,-0.008940467208090608,0.8373812038014771,2,539.61745,3.6107465017920504e-08,"['relative strength', 'trend structure', 'near breakout/52W high']",99.68553459119497,91.98113207547169,30.031446540880502,81.60377358490567,82.54716981132076,29.383116883116884,0.9433962264150944
WELSPUNLIV,2026-10-07,Welspun Living Ltd.,Textiles,235.86,-0.008408307407718807,3,True,False,True,[],78.87578616352202,78.87578616352202,0.0,{},['SECTOR_UNMAPPED'],97.80585581559242,68.39166217531724,221.4095001220703,196.99739959716797,151.95145008087158,8.277176088528536,219.3056484332945,0.07018719636317394,244.88999938964844,244.88999938964844,0.1346514944467314,0.41938980086256183,0.3212109113711674,5,1.2439469988579404,1.0914936369725385,40.74,,,0.2624330527926556,0,99.14970000000001,2.5877704423749037e-09,"['relative strength', 'near breakout/52W high', 'trend structure']",98.42767295597484,91.98113207547169,75.31446540880503,92.29559748427673,82.54716981132076,50.0,20.754716981132077
WIPRO,2026-10-07,Wipro Ltd.,Information Technology,159.6,-0.01384083044982709,3,True,False,True,[],25.253410111900685,40.253410111900685,15.0,{'DOWNTREND_BOUNCE': 15},[],100.0,35.495065500754635,163.6729995727539,174.0857995605469,198.27734977722167,3.4424688539952255,152.71506839552518,0.043138705793813736,191.33999633789062,273.1000061035156,-0.06938771951302847,-0.09039097232120474,-0.03569908220059581,0,1.090362769614186,1.2491579054812698,61.19,Nifty IT,-0.04433637332109952,0.2571428571428588,0,192.96805,3.824257910345352e-08,"['volume/delivery surge', 'smooth (low ATR)', 'repeat gainer']",27.358490566037737,13.364779874213836,77.35849056603774,15.40880503144654,82.54716981132076,3.0844155844155843,89.30817610062893
WOCKPHARMA,2026-10-07,Wockhardt Ltd.,Healthcare,2150.4,-0.011946333394596609,1,True,False,True,[],63.91876990933594,63.91876990933594,0.0,{},[],100.0,52.922452551120614,2156.764990234375,2037.3559936523438,1676.3024920654298,83.90830497497132,1982.5832923938074,0.0780397217127089,2360.0,2422.300048828125,-0.033093569090040464,0.1876069809092462,0.12144696962612367,4,0.5529199790299003,1.16875793035387,41.45,Nifty Healthcare Index,0.03009247179727903,0.3003003003003007,0,184.51605,-4.541306275474e-08,"['relative strength', 'trend structure', 'near breakout/52W high']",86.79245283018868,78.61635220125787,52.04402515723271,68.8679245283019,20.440251572327043,93.66883116883118,8.80503144654088
ZEEL,2026-10-07,Zee Entertainment Enterprises Ltd.,Media Entertainment & Publication,70.12,-0.03175918254625787,1,True,False,True,[],11.759474801927635,26.759474801927635,15.0,{'DOWNTREND_BOUNCE': 15},[],100.0,25.186311027604702,76.3439998626709,89.62620010375977,91.19464996337891,3.3358714391157123,63.448259868350604,0.09514749881490325,117.31999969482422,118.3499984741211,-0.1875795999301324,-0.28059913954645377,-0.1898991060217723,0,1.212540298720017,1.206042672480922,38.72,Nifty Media,0.059692685691146385,0.1013986013986036,0,109.68005000000001,3.9169737897637447e-08,"['volume/delivery surge', 'strong sector', 'repeat gainer']",0.31446540880503143,13.364779874213836,80.34591194968553,3.7735849056603774,20.440251572327043,99.51298701298701,0.6289308176100629
ZENSARTECH,2026-10-07,Zensar Technolgies Ltd.,Information Technology,439.3,-0.013806263329217638,3,True,False,True,[],16.98296986032835,31.98296986032835,15.0,{'DOWNTREND_BOUNCE': 15},[],100.0,47.252184577340806,434.8250015258789,463.55800170898436,534.9142506408691,15.101617208140084,409.0967533766886,0.0687530964160058,553.0999755859375,822.0,-0.024969482421048128,-0.13566160788397685,-0.036125281435991696,1,0.4718075214256233,1.260215053763441,43.95,Nifty IT,-0.04433637332109952,0.2990196078431387,0,44.168899999999994,-2.7787460221695426e-08,"['repeat gainer', 'volume/delivery surge', 'relative strength']",27.044025157232703,36.9496855345912,52.0440251572327,6.761006289308176,82.54716981132076,3.0844155844155843,22.955974842767297
ZFCVINDIA,2026-10-07,ZF Commercial Vehicle Control Systems India Ltd.,Automobile and Auto Components,2172.2,-0.0069488890920729185,1,True,False,True,[],26.42826513109532,26.42826513109532,0.0,{},[],100.0,23.730947463833857,2361.3099853515623,2486.283984375,2446.018494873047,61.618898765796565,2048.962153640282,0.05673409460538281,2691.0,3044.0,-0.13712559170693817,-0.06924333459389309,-0.058994199433894834,1,0.6949390452822264,0.9268128728678263,55.15,Nifty Auto,-0.04145903795535644,0.5155615696887668,0,21.695,-2.247865060756027e-08,"['trend structure', 'volume/delivery surge', 'smooth (low ATR)']",17.29559748427673,36.9496855345912,34.59119496855346,19.81132075471698,20.440251572327043,11.688311688311689,51.886792452830186
ZYDUSWELL,2026-10-07,Zydus Wellness Ltd.,Fast Moving Consumer Goods,507.55,0.010250796178344013,2,True,False,False,['LOW_TURNOVER'],,,,{},[],100.0,44.69053850597545,524.3375,526.6419995117187,489.69399978637693,17.189471417527624,473.1710449579135,0.06773508750251123,592.25,611.8499755859375,-0.09065669516759922,-0.14330327059626125,-0.07278971916540944,2,0.9131550854935548,0.7623839874762384,34.09,Nifty FMCG,0.0275639954647936,0.6292517006802726,2,8.6721,-2.405089405410621e-08,,,,,,,,
