symbol,action,code,mqs,date,book
LAURUSLABS,ADD,FREE_SLOT,86.85096279743719,2026-09-17,c0.003
REDINGTON,ADD,FREE_SLOT,85.6901939561111,2026-09-17,c0.003
GLAND,ADD,FREE_SLOT,85.35679370122728,2026-09-17,c0.003
DIVISLAB,ADD,FREE_SLOT,84.53317854087742,2026-09-17,c0.003
AUROPHARMA,ADD,FREE_SLOT,84.39469457586286,2026-09-17,c0.003
PAYTM,ADD,FREE_SLOT,82.3022468183167,2026-09-17,c0.003
ACE,ADD,FREE_SLOT,79.20169864352926,2026-09-17,c0.003
GRANULES,ADD,FREE_SLOT,78.62209982367627,2026-09-17,c0.003
EMCURE,ADD,FREE_SLOT,78.32326600443427,2026-09-17,c0.003
SAILIFE,ADD,FREE_SLOT,78.00985492571708,2026-09-17,c0.003
ANANDRATHI,ADD,FREE_SLOT,77.89262582706307,2026-09-17,c0.003
ANTHEM,ADD,FREE_SLOT,77.52880536303485,2026-09-17,c0.003
IDFCFIRSTB,ADD,FREE_SLOT,76.60982699324383,2026-09-17,c0.003
APARINDS,WATCH,STOP_TOO_WIDE,77.0369756114593,2026-09-17,c0.003
WELSPUNLIV,WATCH,NO_SLOT,76.43586005830903,2026-09-17,c0.003
KOTAKBANK,WATCH,NO_SLOT,76.3547249524275,2026-09-17,c0.003
KIMS,WATCH,NO_SLOT,76.17312023183952,2026-09-17,c0.003
VIJAYA,WATCH,NO_SLOT,75.96174996944886,2026-09-17,c0.003
AEGISVOPAK,WATCH,STOP_TOO_WIDE,75.2643110280896,2026-09-17,c0.003
RBLBANK,WATCH,NO_SLOT,75.13752378624675,2026-09-17,c0.003
SANSERA,WATCH,NO_SLOT,74.8437527277806,2026-09-17,c0.003
PVRINOX,WATCH,NO_SLOT,74.51148722962238,2026-09-17,c0.003
PFOCUS,WATCH,STOP_TOO_WIDE,74.46046682145912,2026-09-17,c0.003
SHYAMMETL,WATCH,NO_SLOT,73.85184441612402,2026-09-17,c0.003
LICHSGFIN,WATCH,NO_SLOT,73.82557043347707,2026-09-17,c0.003
GRAPHITE,WATCH,NO_SLOT,72.5763342120424,2026-09-17,c0.003
GLENMARK,WATCH,NO_SLOT,71.96758087323894,2026-09-17,c0.003
CGCL,WATCH,STOP_TOO_WIDE,71.87221766379776,2026-09-17,c0.003
LAURUSLABS,ADD,FREE_SLOT,86.85096279743719,2026-09-17,c0.006
REDINGTON,ADD,FREE_SLOT,85.6901939561111,2026-09-17,c0.006
GLAND,ADD,FREE_SLOT,85.35679370122728,2026-09-17,c0.006
DIVISLAB,ADD,FREE_SLOT,84.53317854087742,2026-09-17,c0.006
AUROPHARMA,ADD,FREE_SLOT,84.39469457586286,2026-09-17,c0.006
PAYTM,ADD,FREE_SLOT,82.3022468183167,2026-09-17,c0.006
ACE,ADD,FREE_SLOT,79.20169864352926,2026-09-17,c0.006
GRANULES,ADD,FREE_SLOT,78.62209982367627,2026-09-17,c0.006
EMCURE,ADD,FREE_SLOT,78.32326600443427,2026-09-17,c0.006
SAILIFE,ADD,FREE_SLOT,78.00985492571708,2026-09-17,c0.006
ANANDRATHI,ADD,FREE_SLOT,77.89262582706307,2026-09-17,c0.006
ANTHEM,ADD,FREE_SLOT,77.52880536303485,2026-09-17,c0.006
IDFCFIRSTB,ADD,FREE_SLOT,76.60982699324383,2026-09-17,c0.006
APARINDS,WATCH,STOP_TOO_WIDE,77.0369756114593,2026-09-17,c0.006
WELSPUNLIV,WATCH,NO_SLOT,76.43586005830903,2026-09-17,c0.006
KOTAKBANK,WATCH,NO_SLOT,76.3547249524275,2026-09-17,c0.006
KIMS,WATCH,NO_SLOT,76.17312023183952,2026-09-17,c0.006
VIJAYA,WATCH,NO_SLOT,75.96174996944886,2026-09-17,c0.006
AEGISVOPAK,WATCH,STOP_TOO_WIDE,75.2643110280896,2026-09-17,c0.006
RBLBANK,WATCH,NO_SLOT,75.13752378624675,2026-09-17,c0.006
SANSERA,WATCH,NO_SLOT,74.8437527277806,2026-09-17,c0.006
PVRINOX,WATCH,NO_SLOT,74.51148722962238,2026-09-17,c0.006
PFOCUS,WATCH,STOP_TOO_WIDE,74.46046682145912,2026-09-17,c0.006
SHYAMMETL,WATCH,NO_SLOT,73.85184441612402,2026-09-17,c0.006
LICHSGFIN,WATCH,NO_SLOT,73.82557043347707,2026-09-17,c0.006
GRAPHITE,WATCH,NO_SLOT,72.5763342120424,2026-09-17,c0.006
GLENMARK,WATCH,NO_SLOT,71.96758087323894,2026-09-17,c0.006
CGCL,WATCH,STOP_TOO_WIDE,71.87221766379776,2026-09-17,c0.006
LAURUSLABS,ADD,FREE_SLOT,86.85096279743719,2026-09-17,c0.010
REDINGTON,ADD,FREE_SLOT,85.6901939561111,2026-09-17,c0.010
GLAND,ADD,FREE_SLOT,85.35679370122728,2026-09-17,c0.010
DIVISLAB,ADD,FREE_SLOT,84.53317854087742,2026-09-17,c0.010
AUROPHARMA,ADD,FREE_SLOT,84.39469457586286,2026-09-17,c0.010
PAYTM,ADD,FREE_SLOT,82.3022468183167,2026-09-17,c0.010
ACE,ADD,FREE_SLOT,79.20169864352926,2026-09-17,c0.010
GRANULES,ADD,FREE_SLOT,78.62209982367627,2026-09-17,c0.010
EMCURE,ADD,FREE_SLOT,78.32326600443427,2026-09-17,c0.010
SAILIFE,ADD,FREE_SLOT,78.00985492571708,2026-09-17,c0.010
ANANDRATHI,ADD,FREE_SLOT,77.89262582706307,2026-09-17,c0.010
ANTHEM,ADD,FREE_SLOT,77.52880536303485,2026-09-17,c0.010
IDFCFIRSTB,ADD,FREE_SLOT,76.60982699324383,2026-09-17,c0.010
APARINDS,WATCH,STOP_TOO_WIDE,77.0369756114593,2026-09-17,c0.010
WELSPUNLIV,WATCH,NO_SLOT,76.43586005830903,2026-09-17,c0.010
KOTAKBANK,WATCH,NO_SLOT,76.3547249524275,2026-09-17,c0.010
KIMS,WATCH,NO_SLOT,76.17312023183952,2026-09-17,c0.010
VIJAYA,WATCH,NO_SLOT,75.96174996944886,2026-09-17,c0.010
AEGISVOPAK,WATCH,STOP_TOO_WIDE,75.2643110280896,2026-09-17,c0.010
RBLBANK,WATCH,NO_SLOT,75.13752378624675,2026-09-17,c0.010
SANSERA,WATCH,NO_SLOT,74.8437527277806,2026-09-17,c0.010
PVRINOX,WATCH,NO_SLOT,74.51148722962238,2026-09-17,c0.010
PFOCUS,WATCH,STOP_TOO_WIDE,74.46046682145912,2026-09-17,c0.010
SHYAMMETL,WATCH,NO_SLOT,73.85184441612402,2026-09-17,c0.010
LICHSGFIN,WATCH,NO_SLOT,73.82557043347707,2026-09-17,c0.010
GRAPHITE,WATCH,NO_SLOT,72.5763342120424,2026-09-17,c0.010
GLENMARK,WATCH,NO_SLOT,71.96758087323894,2026-09-17,c0.010
CGCL,WATCH,STOP_TOO_WIDE,71.87221766379776,2026-09-17,c0.010
LAURUSLABS,ADD,FREE_SLOT,86.85096279743719,2026-09-17,frac0.006
REDINGTON,ADD,FREE_SLOT,85.6901939561111,2026-09-17,frac0.006
GLAND,ADD,FREE_SLOT,85.35679370122728,2026-09-17,frac0.006
DIVISLAB,ADD,FREE_SLOT,84.53317854087742,2026-09-17,frac0.006
AUROPHARMA,ADD,FREE_SLOT,84.39469457586286,2026-09-17,frac0.006
PAYTM,ADD,FREE_SLOT,82.3022468183167,2026-09-17,frac0.006
ACE,ADD,FREE_SLOT,79.20169864352926,2026-09-17,frac0.006
GRANULES,ADD,FREE_SLOT,78.62209982367627,2026-09-17,frac0.006
EMCURE,ADD,FREE_SLOT,78.32326600443427,2026-09-17,frac0.006
SAILIFE,ADD,FREE_SLOT,78.00985492571708,2026-09-17,frac0.006
ANANDRATHI,ADD,FREE_SLOT,77.89262582706307,2026-09-17,frac0.006
ANTHEM,ADD,FREE_SLOT,77.52880536303485,2026-09-17,frac0.006
IDFCFIRSTB,ADD,FREE_SLOT,76.60982699324383,2026-09-17,frac0.006
APARINDS,WATCH,STOP_TOO_WIDE,77.0369756114593,2026-09-17,frac0.006
WELSPUNLIV,WATCH,NO_SLOT,76.43586005830903,2026-09-17,frac0.006
KOTAKBANK,WATCH,NO_SLOT,76.3547249524275,2026-09-17,frac0.006
KIMS,WATCH,NO_SLOT,76.17312023183952,2026-09-17,frac0.006
VIJAYA,WATCH,NO_SLOT,75.96174996944886,2026-09-17,frac0.006
AEGISVOPAK,WATCH,STOP_TOO_WIDE,75.2643110280896,2026-09-17,frac0.006
RBLBANK,WATCH,NO_SLOT,75.13752378624675,2026-09-17,frac0.006
SANSERA,WATCH,NO_SLOT,74.8437527277806,2026-09-17,frac0.006
PVRINOX,WATCH,NO_SLOT,74.51148722962238,2026-09-17,frac0.006
PFOCUS,WATCH,STOP_TOO_WIDE,74.46046682145912,2026-09-17,frac0.006
SHYAMMETL,WATCH,NO_SLOT,73.85184441612402,2026-09-17,frac0.006
LICHSGFIN,WATCH,NO_SLOT,73.82557043347707,2026-09-17,frac0.006
GRAPHITE,WATCH,NO_SLOT,72.5763342120424,2026-09-17,frac0.006
GLENMARK,WATCH,NO_SLOT,71.96758087323894,2026-09-17,frac0.006
CGCL,WATCH,STOP_TOO_WIDE,71.87221766379776,2026-09-17,frac0.006
LAURUSLABS,KEEP,,81.40595492886817,2026-09-18,c0.003
REDINGTON,KEEP,,76.0614017733494,2026-09-18,c0.003
GLAND,KEEP,,76.19145788744807,2026-09-18,c0.003
DIVISLAB,KEEP,,76.44702303973878,2026-09-18,c0.003
AUROPHARMA,KEEP,,81.60565907088001,2026-09-18,c0.003
PAYTM,KEEP,,77.03768817107606,2026-09-18,c0.003
ACE,KEEP,,74.49483822233412,2026-09-18,c0.003
GRANULES,KEEP,,71.59086617147173,2026-09-18,c0.003
EMCURE,KEEP,,83.75802593478535,2026-09-18,c0.003
SAILIFE,KEEP,,74.66039279869068,2026-09-18,c0.003
ANANDRATHI,KEEP,,76.19449290480387,2026-09-18,c0.003
ANTHEM,KEEP,,81.37636913005161,2026-09-18,c0.003
IDFCFIRSTB,KEEP,,71.15751065628315,2026-09-18,c0.003
ACMESOLAR,WATCH,NO_SLOT,83.56333519181311,2026-09-18,c0.003
SHYAMMETL,WATCH,NO_SLOT,80.46377313357672,2026-09-18,c0.003
RADICO,WATCH,NO_SLOT,77.91845020773007,2026-09-18,c0.003
ABBOTINDIA,WATCH,NOT_AFFORDABLE,77.50802593478535,2026-09-18,c0.003
RBLBANK,WATCH,NO_SLOT,77.14863491663819,2026-09-18,c0.003
APLAPOLLO,WATCH,NO_SLOT,76.5140689915649,2026-09-18,c0.003
PVRINOX,WATCH,NO_SLOT,75.97864696678117,2026-09-18,c0.003
MEDANTA,WATCH,NO_SLOT,75.89559989928239,2026-09-18,c0.003
AEGISVOPAK,WATCH,STOP_TOO_WIDE,75.88197604359635,2026-09-18,c0.003
GLENMARK,WATCH,NO_SLOT,75.44441646732972,2026-09-18,c0.003
APARINDS,WATCH,NOT_AFFORDABLE,75.2640689915649,2026-09-18,c0.003
ADANIPORTS,WATCH,NO_SLOT,74.88536627039082,2026-09-18,c0.003
WELCORP,WATCH,STOP_TOO_WIDE,74.78329976079566,2026-09-18,c0.003
VIJAYA,WATCH,NO_SLOT,74.76394309454865,2026-09-18,c0.003
PFOCUS,WATCH,NO_SLOT,74.41799607920721,2026-09-18,c0.003
LAURUSLABS,KEEP,,81.40595492886817,2026-09-18,c0.006
REDINGTON,KEEP,,76.0614017733494,2026-09-18,c0.006
GLAND,KEEP,,76.19145788744807,2026-09-18,c0.006
DIVISLAB,KEEP,,76.44702303973878,2026-09-18,c0.006
AUROPHARMA,KEEP,,81.60565907088001,2026-09-18,c0.006
PAYTM,KEEP,,77.03768817107606,2026-09-18,c0.006
ACE,KEEP,,74.49483822233412,2026-09-18,c0.006
GRANULES,KEEP,,71.59086617147173,2026-09-18,c0.006
EMCURE,KEEP,,83.75802593478535,2026-09-18,c0.006
SAILIFE,KEEP,,74.66039279869068,2026-09-18,c0.006
ANANDRATHI,KEEP,,76.19449290480387,2026-09-18,c0.006
ANTHEM,KEEP,,81.37636913005161,2026-09-18,c0.006
IDFCFIRSTB,KEEP,,71.15751065628315,2026-09-18,c0.006
ACMESOLAR,WATCH,NO_SLOT,83.56333519181311,2026-09-18,c0.006
SHYAMMETL,WATCH,NO_SLOT,80.46377313357672,2026-09-18,c0.006
RADICO,WATCH,NO_SLOT,77.91845020773007,2026-09-18,c0.006
ABBOTINDIA,WATCH,NOT_AFFORDABLE,77.50802593478535,2026-09-18,c0.006
RBLBANK,WATCH,NO_SLOT,77.14863491663819,2026-09-18,c0.006
APLAPOLLO,WATCH,NO_SLOT,76.5140689915649,2026-09-18,c0.006
PVRINOX,WATCH,NO_SLOT,75.97864696678117,2026-09-18,c0.006
MEDANTA,WATCH,NO_SLOT,75.89559989928239,2026-09-18,c0.006
AEGISVOPAK,WATCH,STOP_TOO_WIDE,75.88197604359635,2026-09-18,c0.006
GLENMARK,WATCH,NO_SLOT,75.44441646732972,2026-09-18,c0.006
APARINDS,WATCH,NOT_AFFORDABLE,75.2640689915649,2026-09-18,c0.006
ADANIPORTS,WATCH,NO_SLOT,74.88536627039082,2026-09-18,c0.006
WELCORP,WATCH,STOP_TOO_WIDE,74.78329976079566,2026-09-18,c0.006
VIJAYA,WATCH,NO_SLOT,74.76394309454865,2026-09-18,c0.006
PFOCUS,WATCH,NO_SLOT,74.41799607920721,2026-09-18,c0.006
LAURUSLABS,KEEP,,81.40595492886817,2026-09-18,c0.010
REDINGTON,KEEP,,76.0614017733494,2026-09-18,c0.010
GLAND,KEEP,,76.19145788744807,2026-09-18,c0.010
DIVISLAB,KEEP,,76.44702303973878,2026-09-18,c0.010
AUROPHARMA,KEEP,,81.60565907088001,2026-09-18,c0.010
PAYTM,KEEP,,77.03768817107606,2026-09-18,c0.010
ACE,KEEP,,74.49483822233412,2026-09-18,c0.010
GRANULES,KEEP,,71.59086617147173,2026-09-18,c0.010
EMCURE,KEEP,,83.75802593478535,2026-09-18,c0.010
SAILIFE,KEEP,,74.66039279869068,2026-09-18,c0.010
ANANDRATHI,KEEP,,76.19449290480387,2026-09-18,c0.010
ANTHEM,KEEP,,81.37636913005161,2026-09-18,c0.010
IDFCFIRSTB,KEEP,,71.15751065628315,2026-09-18,c0.010
ACMESOLAR,WATCH,NO_SLOT,83.56333519181311,2026-09-18,c0.010
SHYAMMETL,WATCH,NO_SLOT,80.46377313357672,2026-09-18,c0.010
RADICO,WATCH,NO_SLOT,77.91845020773007,2026-09-18,c0.010
ABBOTINDIA,WATCH,NOT_AFFORDABLE,77.50802593478535,2026-09-18,c0.010
RBLBANK,WATCH,NO_SLOT,77.14863491663819,2026-09-18,c0.010
APLAPOLLO,WATCH,NO_SLOT,76.5140689915649,2026-09-18,c0.010
PVRINOX,WATCH,NO_SLOT,75.97864696678117,2026-09-18,c0.010
MEDANTA,WATCH,NO_SLOT,75.89559989928239,2026-09-18,c0.010
AEGISVOPAK,WATCH,STOP_TOO_WIDE,75.88197604359635,2026-09-18,c0.010
GLENMARK,WATCH,NO_SLOT,75.44441646732972,2026-09-18,c0.010
APARINDS,WATCH,NOT_AFFORDABLE,75.2640689915649,2026-09-18,c0.010
ADANIPORTS,WATCH,NO_SLOT,74.88536627039082,2026-09-18,c0.010
WELCORP,WATCH,STOP_TOO_WIDE,74.78329976079566,2026-09-18,c0.010
VIJAYA,WATCH,NO_SLOT,74.76394309454865,2026-09-18,c0.010
PFOCUS,WATCH,NO_SLOT,74.41799607920721,2026-09-18,c0.010
LAURUSLABS,KEEP,,81.40595492886817,2026-09-18,frac0.006
REDINGTON,KEEP,,76.0614017733494,2026-09-18,frac0.006
GLAND,KEEP,,76.19145788744807,2026-09-18,frac0.006
DIVISLAB,KEEP,,76.44702303973878,2026-09-18,frac0.006
AUROPHARMA,KEEP,,81.60565907088001,2026-09-18,frac0.006
PAYTM,KEEP,,77.03768817107606,2026-09-18,frac0.006
ACE,KEEP,,74.49483822233412,2026-09-18,frac0.006
GRANULES,KEEP,,71.59086617147173,2026-09-18,frac0.006
EMCURE,KEEP,,83.75802593478535,2026-09-18,frac0.006
SAILIFE,KEEP,,74.66039279869068,2026-09-18,frac0.006
ANANDRATHI,KEEP,,76.19449290480387,2026-09-18,frac0.006
ANTHEM,KEEP,,81.37636913005161,2026-09-18,frac0.006
IDFCFIRSTB,KEEP,,71.15751065628315,2026-09-18,frac0.006
ACMESOLAR,WATCH,NO_SLOT,83.56333519181311,2026-09-18,frac0.006
SHYAMMETL,WATCH,NO_SLOT,80.46377313357672,2026-09-18,frac0.006
RADICO,WATCH,NO_SLOT,77.91845020773007,2026-09-18,frac0.006
ABBOTINDIA,WATCH,NOT_AFFORDABLE,77.50802593478535,2026-09-18,frac0.006
RBLBANK,WATCH,NO_SLOT,77.14863491663819,2026-09-18,frac0.006
APLAPOLLO,WATCH,NO_SLOT,76.5140689915649,2026-09-18,frac0.006
PVRINOX,WATCH,NO_SLOT,75.97864696678117,2026-09-18,frac0.006
MEDANTA,WATCH,NO_SLOT,75.89559989928239,2026-09-18,frac0.006
AEGISVOPAK,WATCH,STOP_TOO_WIDE,75.88197604359635,2026-09-18,frac0.006
GLENMARK,WATCH,NO_SLOT,75.44441646732972,2026-09-18,frac0.006
APARINDS,WATCH,NOT_AFFORDABLE,75.2640689915649,2026-09-18,frac0.006
ADANIPORTS,WATCH,NO_SLOT,74.88536627039082,2026-09-18,frac0.006
WELCORP,WATCH,STOP_TOO_WIDE,74.78329976079566,2026-09-18,frac0.006
VIJAYA,WATCH,NO_SLOT,74.76394309454865,2026-09-18,frac0.006
PFOCUS,WATCH,NO_SLOT,74.41799607920721,2026-09-18,frac0.006
LAURUSLABS,KEEP,,84.71578708472269,2026-09-21,c0.003
REDINGTON,KEEP,,72.52732145039369,2026-09-21,c0.003
GLAND,KEEP,,71.33386288647196,2026-09-21,c0.003
DIVISLAB,KEEP,,76.10399136053782,2026-09-21,c0.003
AUROPHARMA,KEEP,,83.57876084565564,2026-09-21,c0.003
PAYTM,KEEP,,83.78166407709362,2026-09-21,c0.003
ACE,KEEP,,75.22957001448997,2026-09-21,c0.003
GRANULES,KEEP,,72.26680749288595,2026-09-21,c0.003
EMCURE,KEEP,,77.84989787189468,2026-09-21,c0.003
SAILIFE,KEEP,,69.83240516052443,2026-09-21,c0.003
ANANDRATHI,KEEP,,75.33414221120442,2026-09-21,c0.003
ANTHEM,KEEP,,69.80325064157401,2026-09-21,c0.003
IDFCFIRSTB,KEEP,,73.48283025785165,2026-09-21,c0.003
AEGISVOPAK,WATCH,STOP_TOO_WIDE,82.7036451877586,2026-09-21,c0.003
SHYAMMETL,WATCH,NO_SLOT,80.18583823606431,2026-09-21,c0.003
ACMESOLAR,WATCH,NO_SLOT,79.84056668005097,2026-09-21,c0.003
PVRINOX,WATCH,NO_SLOT,78.92634555960964,2026-09-21,c0.003
AEGISLOG,WATCH,STOP_TOO_WIDE,78.57828075627172,2026-09-21,c0.003
GLENMARK,WATCH,NO_SLOT,77.41986871737573,2026-09-21,c0.003
HOMEFIRST,WATCH,NO_SLOT,77.06883608875545,2026-09-21,c0.003
KPIL,WATCH,NO_SLOT,76.56465494666644,2026-09-21,c0.003
SANSERA,WATCH,NO_SLOT,76.24199123618652,2026-09-21,c0.003
TORNTPHARM,WATCH,NO_SLOT,75.94756551037867,2026-09-21,c0.003
CONCORDBIO,WATCH,NO_SLOT,75.07292994186555,2026-09-21,c0.003
ETERNAL,WATCH,NO_SLOT,75.04748520451808,2026-09-21,c0.003
LALPATHLAB,WATCH,NO_SLOT,74.62103489813376,2026-09-21,c0.003
VIJAYA,WATCH,NO_SLOT,74.04523314886262,2026-09-21,c0.003
ZYDUSLIFE,WATCH,NO_SLOT,73.90674918384805,2026-09-21,c0.003
LAURUSLABS,KEEP,,84.71578708472269,2026-09-21,c0.006
REDINGTON,KEEP,,72.52732145039369,2026-09-21,c0.006
GLAND,KEEP,,71.33386288647196,2026-09-21,c0.006
DIVISLAB,KEEP,,76.10399136053782,2026-09-21,c0.006
AUROPHARMA,KEEP,,83.57876084565564,2026-09-21,c0.006
PAYTM,KEEP,,83.78166407709362,2026-09-21,c0.006
ACE,KEEP,,75.22957001448997,2026-09-21,c0.006
GRANULES,KEEP,,72.26680749288595,2026-09-21,c0.006
EMCURE,KEEP,,77.84989787189468,2026-09-21,c0.006
SAILIFE,KEEP,,69.83240516052443,2026-09-21,c0.006
ANANDRATHI,KEEP,,75.33414221120442,2026-09-21,c0.006
ANTHEM,KEEP,,69.80325064157401,2026-09-21,c0.006
IDFCFIRSTB,KEEP,,73.48283025785165,2026-09-21,c0.006
AEGISVOPAK,WATCH,STOP_TOO_WIDE,82.7036451877586,2026-09-21,c0.006
SHYAMMETL,WATCH,NO_SLOT,80.18583823606431,2026-09-21,c0.006
ACMESOLAR,WATCH,NO_SLOT,79.84056668005097,2026-09-21,c0.006
PVRINOX,WATCH,NO_SLOT,78.92634555960964,2026-09-21,c0.006
AEGISLOG,WATCH,STOP_TOO_WIDE,78.57828075627172,2026-09-21,c0.006
GLENMARK,WATCH,NO_SLOT,77.41986871737573,2026-09-21,c0.006
HOMEFIRST,WATCH,NO_SLOT,77.06883608875545,2026-09-21,c0.006
KPIL,WATCH,NO_SLOT,76.56465494666644,2026-09-21,c0.006
SANSERA,WATCH,NO_SLOT,76.24199123618652,2026-09-21,c0.006
TORNTPHARM,WATCH,NO_SLOT,75.94756551037867,2026-09-21,c0.006
CONCORDBIO,WATCH,NO_SLOT,75.07292994186555,2026-09-21,c0.006
ETERNAL,WATCH,NO_SLOT,75.04748520451808,2026-09-21,c0.006
LALPATHLAB,WATCH,NO_SLOT,74.62103489813376,2026-09-21,c0.006
VIJAYA,WATCH,NO_SLOT,74.04523314886262,2026-09-21,c0.006
ZYDUSLIFE,WATCH,NO_SLOT,73.90674918384805,2026-09-21,c0.006
LAURUSLABS,KEEP,,84.71578708472269,2026-09-21,c0.010
REDINGTON,KEEP,,72.52732145039369,2026-09-21,c0.010
GLAND,KEEP,,71.33386288647196,2026-09-21,c0.010
DIVISLAB,KEEP,,76.10399136053782,2026-09-21,c0.010
AUROPHARMA,KEEP,,83.57876084565564,2026-09-21,c0.010
PAYTM,KEEP,,83.78166407709362,2026-09-21,c0.010
ACE,KEEP,,75.22957001448997,2026-09-21,c0.010
GRANULES,KEEP,,72.26680749288595,2026-09-21,c0.010
EMCURE,KEEP,,77.84989787189468,2026-09-21,c0.010
SAILIFE,KEEP,,69.83240516052443,2026-09-21,c0.010
ANANDRATHI,KEEP,,75.33414221120442,2026-09-21,c0.010
ANTHEM,KEEP,,69.80325064157401,2026-09-21,c0.010
IDFCFIRSTB,KEEP,,73.48283025785165,2026-09-21,c0.010
AEGISVOPAK,WATCH,STOP_TOO_WIDE,82.7036451877586,2026-09-21,c0.010
SHYAMMETL,WATCH,NO_SLOT,80.18583823606431,2026-09-21,c0.010
ACMESOLAR,WATCH,NO_SLOT,79.84056668005097,2026-09-21,c0.010
PVRINOX,WATCH,NO_SLOT,78.92634555960964,2026-09-21,c0.010
AEGISLOG,WATCH,STOP_TOO_WIDE,78.57828075627172,2026-09-21,c0.010
GLENMARK,WATCH,NO_SLOT,77.41986871737573,2026-09-21,c0.010
HOMEFIRST,WATCH,NO_SLOT,77.06883608875545,2026-09-21,c0.010
KPIL,WATCH,NO_SLOT,76.56465494666644,2026-09-21,c0.010
SANSERA,WATCH,NO_SLOT,76.24199123618652,2026-09-21,c0.010
TORNTPHARM,WATCH,NO_SLOT,75.94756551037867,2026-09-21,c0.010
CONCORDBIO,WATCH,NO_SLOT,75.07292994186555,2026-09-21,c0.010
ETERNAL,WATCH,NO_SLOT,75.04748520451808,2026-09-21,c0.010
LALPATHLAB,WATCH,NO_SLOT,74.62103489813376,2026-09-21,c0.010
VIJAYA,WATCH,NO_SLOT,74.04523314886262,2026-09-21,c0.010
ZYDUSLIFE,WATCH,NO_SLOT,73.90674918384805,2026-09-21,c0.010
LAURUSLABS,KEEP,,84.71578708472269,2026-09-21,frac0.006
REDINGTON,KEEP,,72.52732145039369,2026-09-21,frac0.006
GLAND,KEEP,,71.33386288647196,2026-09-21,frac0.006
DIVISLAB,KEEP,,76.10399136053782,2026-09-21,frac0.006
AUROPHARMA,KEEP,,83.57876084565564,2026-09-21,frac0.006
PAYTM,KEEP,,83.78166407709362,2026-09-21,frac0.006
ACE,KEEP,,75.22957001448997,2026-09-21,frac0.006
GRANULES,KEEP,,72.26680749288595,2026-09-21,frac0.006
EMCURE,KEEP,,77.84989787189468,2026-09-21,frac0.006
SAILIFE,KEEP,,69.83240516052443,2026-09-21,frac0.006
ANANDRATHI,KEEP,,75.33414221120442,2026-09-21,frac0.006
ANTHEM,KEEP,,69.80325064157401,2026-09-21,frac0.006
IDFCFIRSTB,KEEP,,73.48283025785165,2026-09-21,frac0.006
AEGISVOPAK,WATCH,STOP_TOO_WIDE,82.7036451877586,2026-09-21,frac0.006
SHYAMMETL,WATCH,NO_SLOT,80.18583823606431,2026-09-21,frac0.006
ACMESOLAR,WATCH,NO_SLOT,79.84056668005097,2026-09-21,frac0.006
PVRINOX,WATCH,NO_SLOT,78.92634555960964,2026-09-21,frac0.006
AEGISLOG,WATCH,STOP_TOO_WIDE,78.57828075627172,2026-09-21,frac0.006
GLENMARK,WATCH,NO_SLOT,77.41986871737573,2026-09-21,frac0.006
HOMEFIRST,WATCH,NO_SLOT,77.06883608875545,2026-09-21,frac0.006
KPIL,WATCH,NO_SLOT,76.56465494666644,2026-09-21,frac0.006
SANSERA,WATCH,NO_SLOT,76.24199123618652,2026-09-21,frac0.006
TORNTPHARM,WATCH,NO_SLOT,75.94756551037867,2026-09-21,frac0.006
CONCORDBIO,WATCH,NO_SLOT,75.07292994186555,2026-09-21,frac0.006
ETERNAL,WATCH,NO_SLOT,75.04748520451808,2026-09-21,frac0.006
LALPATHLAB,WATCH,NO_SLOT,74.62103489813376,2026-09-21,frac0.006
VIJAYA,WATCH,NO_SLOT,74.04523314886262,2026-09-21,frac0.006
ZYDUSLIFE,WATCH,NO_SLOT,73.90674918384805,2026-09-21,frac0.006
IDFCFIRSTB,REPLACED,BY_ACMESOLAR,61.34328021143222,2026-09-22,c0.003
ACMESOLAR,ADD,REPLACES_IDFCFIRSTB,80.53053053053053,2026-09-22,c0.003
ANTHEM,REPLACED,BY_PVRINOX,64.74557891224558,2026-09-22,c0.003
PVRINOX,ADD,REPLACES_ANTHEM,80.02293960627294,2026-09-22,c0.003
LAURUSLABS,KEEP,,85.42876209542878,2026-09-22,c0.003
REDINGTON,KEEP,,80.38413413413413,2026-09-22,c0.003
GLAND,KEEP,,66.54738071404738,2026-09-22,c0.003
DIVISLAB,KEEP,,76.16541963722008,2026-09-22,c0.003
AUROPHARMA,KEEP,,84.46780113446779,2026-09-22,c0.003
PAYTM,KEEP,,71.74257590924259,2026-09-22,c0.003
ACE,KEEP,,76.913997330664,2026-09-22,c0.003
GRANULES,KEEP,,67.38822155488822,2026-09-22,c0.003
EMCURE,KEEP,,72.53086419753085,2026-09-22,c0.003
SAILIFE,KEEP,,69.8732065398732,2026-09-22,c0.003
ANANDRATHI,KEEP,,70.64586413927783,2026-09-22,c0.003
WELSPUNLIV,WATCH,CHURN_GUARD,78.64864864864865,2026-09-22,c0.003
PFOCUS,WATCH,CHURN_GUARD,78.60402068735402,2026-09-22,c0.003
GLENMARK,WATCH,CHURN_GUARD,78.22155488822156,2026-09-22,c0.003
AEGISVOPAK,WATCH,STOP_TOO_WIDE,77.80905905905905,2026-09-22,c0.003
RBLBANK,WATCH,CHURN_GUARD,77.75608942275609,2026-09-22,c0.003
FINCABLES,WATCH,STOP_TOO_WIDE,77.24432766099433,2026-09-22,c0.003
ETERNAL,WATCH,CHURN_GUARD,76.79721388054722,2026-09-22,c0.003
VIJAYA,WATCH,CHURN_GUARD,76.69002335669003,2026-09-22,c0.003
CASTROLIND,WATCH,CHURN_GUARD,76.06731731731732,2026-09-22,c0.003
APARINDS,WATCH,STOP_TOO_WIDE,75.96054387721055,2026-09-22,c0.003
ABBOTINDIA,WATCH,NOT_AFFORDABLE,75.75158491825158,2026-09-22,c0.003
ZYDUSLIFE,WATCH,CHURN_GUARD,75.35368702035369,2026-09-22,c0.003
SHYAMMETL,WATCH,CHURN_GUARD,75.28486820153488,2026-09-22,c0.003
JSWINFRA,WATCH,CHURN_GUARD,75.23398398398399,2026-09-22,c0.003
MANKIND,WATCH,CHURN_GUARD,73.79963296629964,2026-09-22,c0.003
IDFCFIRSTB,REPLACED,BY_ACMESOLAR,61.34328021143222,2026-09-22,c0.006
ACMESOLAR,ADD,REPLACES_IDFCFIRSTB,80.53053053053053,2026-09-22,c0.006
ANTHEM,REPLACED,BY_PVRINOX,64.74557891224558,2026-09-22,c0.006
PVRINOX,ADD,REPLACES_ANTHEM,80.02293960627294,2026-09-22,c0.006
LAURUSLABS,KEEP,,85.42876209542878,2026-09-22,c0.006
REDINGTON,KEEP,,80.38413413413413,2026-09-22,c0.006
GLAND,KEEP,,66.54738071404738,2026-09-22,c0.006
DIVISLAB,KEEP,,76.16541963722008,2026-09-22,c0.006
AUROPHARMA,KEEP,,84.46780113446779,2026-09-22,c0.006
PAYTM,KEEP,,71.74257590924259,2026-09-22,c0.006
ACE,KEEP,,76.913997330664,2026-09-22,c0.006
GRANULES,KEEP,,67.38822155488822,2026-09-22,c0.006
EMCURE,KEEP,,72.53086419753085,2026-09-22,c0.006
SAILIFE,KEEP,,69.8732065398732,2026-09-22,c0.006
ANANDRATHI,KEEP,,70.64586413927783,2026-09-22,c0.006
WELSPUNLIV,WATCH,CHURN_GUARD,78.64864864864865,2026-09-22,c0.006
PFOCUS,WATCH,CHURN_GUARD,78.60402068735402,2026-09-22,c0.006
GLENMARK,WATCH,CHURN_GUARD,78.22155488822156,2026-09-22,c0.006
AEGISVOPAK,WATCH,STOP_TOO_WIDE,77.80905905905905,2026-09-22,c0.006
RBLBANK,WATCH,CHURN_GUARD,77.75608942275609,2026-09-22,c0.006
FINCABLES,WATCH,STOP_TOO_WIDE,77.24432766099433,2026-09-22,c0.006
ETERNAL,WATCH,CHURN_GUARD,76.79721388054722,2026-09-22,c0.006
VIJAYA,WATCH,CHURN_GUARD,76.69002335669003,2026-09-22,c0.006
CASTROLIND,WATCH,CHURN_GUARD,76.06731731731732,2026-09-22,c0.006
APARINDS,WATCH,STOP_TOO_WIDE,75.96054387721055,2026-09-22,c0.006
ABBOTINDIA,WATCH,NOT_AFFORDABLE,75.75158491825158,2026-09-22,c0.006
ZYDUSLIFE,WATCH,CHURN_GUARD,75.35368702035369,2026-09-22,c0.006
SHYAMMETL,WATCH,CHURN_GUARD,75.28486820153488,2026-09-22,c0.006
JSWINFRA,WATCH,CHURN_GUARD,75.23398398398399,2026-09-22,c0.006
MANKIND,WATCH,CHURN_GUARD,73.79963296629964,2026-09-22,c0.006
IDFCFIRSTB,REPLACED,BY_ACMESOLAR,61.34328021143222,2026-09-22,c0.010
ACMESOLAR,ADD,REPLACES_IDFCFIRSTB,80.53053053053053,2026-09-22,c0.010
ANTHEM,REPLACED,BY_PVRINOX,64.74557891224558,2026-09-22,c0.010
PVRINOX,ADD,REPLACES_ANTHEM,80.02293960627294,2026-09-22,c0.010
LAURUSLABS,KEEP,,85.42876209542878,2026-09-22,c0.010
REDINGTON,KEEP,,80.38413413413413,2026-09-22,c0.010
GLAND,KEEP,,66.54738071404738,2026-09-22,c0.010
DIVISLAB,KEEP,,76.16541963722008,2026-09-22,c0.010
AUROPHARMA,KEEP,,84.46780113446779,2026-09-22,c0.010
PAYTM,KEEP,,71.74257590924259,2026-09-22,c0.010
ACE,KEEP,,76.913997330664,2026-09-22,c0.010
GRANULES,KEEP,,67.38822155488822,2026-09-22,c0.010
EMCURE,KEEP,,72.53086419753085,2026-09-22,c0.010
SAILIFE,KEEP,,69.8732065398732,2026-09-22,c0.010
ANANDRATHI,KEEP,,70.64586413927783,2026-09-22,c0.010
WELSPUNLIV,WATCH,CHURN_GUARD,78.64864864864865,2026-09-22,c0.010
PFOCUS,WATCH,CHURN_GUARD,78.60402068735402,2026-09-22,c0.010
GLENMARK,WATCH,CHURN_GUARD,78.22155488822156,2026-09-22,c0.010
AEGISVOPAK,WATCH,STOP_TOO_WIDE,77.80905905905905,2026-09-22,c0.010
RBLBANK,WATCH,CHURN_GUARD,77.75608942275609,2026-09-22,c0.010
FINCABLES,WATCH,STOP_TOO_WIDE,77.24432766099433,2026-09-22,c0.010
ETERNAL,WATCH,CHURN_GUARD,76.79721388054722,2026-09-22,c0.010
VIJAYA,WATCH,CHURN_GUARD,76.69002335669003,2026-09-22,c0.010
CASTROLIND,WATCH,CHURN_GUARD,76.06731731731732,2026-09-22,c0.010
APARINDS,WATCH,STOP_TOO_WIDE,75.96054387721055,2026-09-22,c0.010
ABBOTINDIA,WATCH,NOT_AFFORDABLE,75.75158491825158,2026-09-22,c0.010
ZYDUSLIFE,WATCH,CHURN_GUARD,75.35368702035369,2026-09-22,c0.010
SHYAMMETL,WATCH,CHURN_GUARD,75.28486820153488,2026-09-22,c0.010
JSWINFRA,WATCH,CHURN_GUARD,75.23398398398399,2026-09-22,c0.010
MANKIND,WATCH,CHURN_GUARD,73.79963296629964,2026-09-22,c0.010
IDFCFIRSTB,REPLACED,BY_ACMESOLAR,61.34328021143222,2026-09-22,frac0.006
ACMESOLAR,ADD,REPLACES_IDFCFIRSTB,80.53053053053053,2026-09-22,frac0.006
ANTHEM,REPLACED,BY_PVRINOX,64.74557891224558,2026-09-22,frac0.006
PVRINOX,ADD,REPLACES_ANTHEM,80.02293960627294,2026-09-22,frac0.006
LAURUSLABS,KEEP,,85.42876209542878,2026-09-22,frac0.006
REDINGTON,KEEP,,80.38413413413413,2026-09-22,frac0.006
GLAND,KEEP,,66.54738071404738,2026-09-22,frac0.006
DIVISLAB,KEEP,,76.16541963722008,2026-09-22,frac0.006
AUROPHARMA,KEEP,,84.46780113446779,2026-09-22,frac0.006
PAYTM,KEEP,,71.74257590924259,2026-09-22,frac0.006
ACE,KEEP,,76.913997330664,2026-09-22,frac0.006
GRANULES,KEEP,,67.38822155488822,2026-09-22,frac0.006
EMCURE,KEEP,,72.53086419753085,2026-09-22,frac0.006
SAILIFE,KEEP,,69.8732065398732,2026-09-22,frac0.006
ANANDRATHI,KEEP,,70.64586413927783,2026-09-22,frac0.006
WELSPUNLIV,WATCH,CHURN_GUARD,78.64864864864865,2026-09-22,frac0.006
PFOCUS,WATCH,CHURN_GUARD,78.60402068735402,2026-09-22,frac0.006
GLENMARK,WATCH,CHURN_GUARD,78.22155488822156,2026-09-22,frac0.006
AEGISVOPAK,WATCH,STOP_TOO_WIDE,77.80905905905905,2026-09-22,frac0.006
RBLBANK,WATCH,CHURN_GUARD,77.75608942275609,2026-09-22,frac0.006
FINCABLES,WATCH,STOP_TOO_WIDE,77.24432766099433,2026-09-22,frac0.006
ETERNAL,WATCH,CHURN_GUARD,76.79721388054722,2026-09-22,frac0.006
VIJAYA,WATCH,CHURN_GUARD,76.69002335669003,2026-09-22,frac0.006
CASTROLIND,WATCH,CHURN_GUARD,76.06731731731732,2026-09-22,frac0.006
APARINDS,WATCH,STOP_TOO_WIDE,75.96054387721055,2026-09-22,frac0.006
ABBOTINDIA,WATCH,NOT_AFFORDABLE,75.75158491825158,2026-09-22,frac0.006
ZYDUSLIFE,WATCH,CHURN_GUARD,75.35368702035369,2026-09-22,frac0.006
SHYAMMETL,WATCH,CHURN_GUARD,75.28486820153488,2026-09-22,frac0.006
JSWINFRA,WATCH,CHURN_GUARD,75.23398398398399,2026-09-22,frac0.006
MANKIND,WATCH,CHURN_GUARD,73.79963296629964,2026-09-22,frac0.006
GRANULES,REPLACED,BY_GLENMARK,61.16599053414469,2026-09-23,c0.003
GLENMARK,ADD,REPLACES_GRANULES,80.83553076402976,2026-09-23,c0.003
GLAND,REPLACED,BY_WOCKPHARMA,64.49932386747803,2026-09-23,c0.003
WOCKPHARMA,ADD,REPLACES_GLAND,78.93179513184585,2026-09-23,c0.003
LAURUSLABS,KEEP,,83.52949628127114,2026-09-23,c0.003
REDINGTON,KEEP,,74.95858688302908,2026-09-23,c0.003
DIVISLAB,KEEP,,81.46053076402974,2026-09-23,c0.003
AUROPHARMA,KEEP,,80.90736984448952,2026-09-23,c0.003
PAYTM,KEEP,,73.31313387423936,2026-09-23,c0.003
ACE,KEEP,,76.16768086544963,2026-09-23,c0.003
EMCURE,KEEP,,67.03524340770791,2026-09-23,c0.003
SAILIFE,KEEP,,66.81254225828262,2026-09-23,c0.003
ANANDRATHI,KEEP,,68.74334117184952,2026-09-23,c0.003
ACMESOLAR,KEEP,,77.81482420554428,2026-09-23,c0.003
PVRINOX,KEEP,,72.6435936443543,2026-09-23,c0.003
MCX,WATCH,CHURN_GUARD,78.70824881676809,2026-09-23,c0.003
POLICYBZR,WATCH,CHURN_GUARD,77.8964672075727,2026-09-23,c0.003
VIJAYA,WATCH,CHURN_GUARD,77.51656524678837,2026-09-23,c0.003
ETERNAL,WATCH,CHURN_GUARD,77.32699459093982,2026-09-23,c0.003
SONACOMS,WATCH,CHURN_GUARD,76.83231913455037,2026-09-23,c0.003
RADICO,WATCH,CHURN_GUARD,76.19202163624071,2026-09-23,c0.003
USHAMART,WATCH,CHURN_GUARD,75.54268086544963,2026-09-23,c0.003
APOLLOHOSP,WATCH,CHURN_GUARD,74.55679513184583,2026-09-23,c0.003
SANSERA,WATCH,CHURN_GUARD,74.47599729546991,2026-09-23,c0.003
WELSPUNLIV,WATCH,CHURN_GUARD,74.41810344827587,2026-09-23,c0.003
ZYDUSLIFE,WATCH,CHURN_GUARD,73.98208248816768,2026-09-23,c0.003
IDFCFIRSTB,WATCH,CHURN_GUARD,73.88784651791751,2026-09-23,c0.003
RBLBANK,WATCH,CHURN_GUARD,73.58612237998648,2026-09-23,c0.003
CARBORUNIV,WATCH,CHURN_GUARD,73.31566937119676,2026-09-23,c0.003
ENGINERSIN,WATCH,CHURN_GUARD,73.26360716700472,2026-09-23,c0.003
GRANULES,REPLACED,BY_GLENMARK,61.16599053414469,2026-09-23,c0.006
GLENMARK,ADD,REPLACES_GRANULES,80.83553076402976,2026-09-23,c0.006
GLAND,REPLACED,BY_WOCKPHARMA,64.49932386747803,2026-09-23,c0.006
WOCKPHARMA,ADD,REPLACES_GLAND,78.93179513184585,2026-09-23,c0.006
LAURUSLABS,KEEP,,83.52949628127114,2026-09-23,c0.006
REDINGTON,KEEP,,74.95858688302908,2026-09-23,c0.006
DIVISLAB,KEEP,,81.46053076402974,2026-09-23,c0.006
AUROPHARMA,KEEP,,80.90736984448952,2026-09-23,c0.006
PAYTM,KEEP,,73.31313387423936,2026-09-23,c0.006
ACE,KEEP,,76.16768086544963,2026-09-23,c0.006
EMCURE,KEEP,,67.03524340770791,2026-09-23,c0.006
SAILIFE,KEEP,,66.81254225828262,2026-09-23,c0.006
ANANDRATHI,KEEP,,68.74334117184952,2026-09-23,c0.006
ACMESOLAR,KEEP,,77.81482420554428,2026-09-23,c0.006
PVRINOX,KEEP,,72.6435936443543,2026-09-23,c0.006
MCX,WATCH,CHURN_GUARD,78.70824881676809,2026-09-23,c0.006
POLICYBZR,WATCH,CHURN_GUARD,77.8964672075727,2026-09-23,c0.006
VIJAYA,WATCH,CHURN_GUARD,77.51656524678837,2026-09-23,c0.006
ETERNAL,WATCH,CHURN_GUARD,77.32699459093982,2026-09-23,c0.006
SONACOMS,WATCH,CHURN_GUARD,76.83231913455037,2026-09-23,c0.006
RADICO,WATCH,CHURN_GUARD,76.19202163624071,2026-09-23,c0.006
USHAMART,WATCH,CHURN_GUARD,75.54268086544963,2026-09-23,c0.006
APOLLOHOSP,WATCH,CHURN_GUARD,74.55679513184583,2026-09-23,c0.006
SANSERA,WATCH,CHURN_GUARD,74.47599729546991,2026-09-23,c0.006
WELSPUNLIV,WATCH,CHURN_GUARD,74.41810344827587,2026-09-23,c0.006
ZYDUSLIFE,WATCH,CHURN_GUARD,73.98208248816768,2026-09-23,c0.006
IDFCFIRSTB,WATCH,CHURN_GUARD,73.88784651791751,2026-09-23,c0.006
RBLBANK,WATCH,CHURN_GUARD,73.58612237998648,2026-09-23,c0.006
CARBORUNIV,WATCH,CHURN_GUARD,73.31566937119676,2026-09-23,c0.006
ENGINERSIN,WATCH,CHURN_GUARD,73.26360716700472,2026-09-23,c0.006
GRANULES,REPLACED,BY_GLENMARK,61.16599053414469,2026-09-23,c0.010
GLENMARK,ADD,REPLACES_GRANULES,80.83553076402976,2026-09-23,c0.010
GLAND,REPLACED,BY_WOCKPHARMA,64.49932386747803,2026-09-23,c0.010
WOCKPHARMA,ADD,REPLACES_GLAND,78.93179513184585,2026-09-23,c0.010
LAURUSLABS,KEEP,,83.52949628127114,2026-09-23,c0.010
REDINGTON,KEEP,,74.95858688302908,2026-09-23,c0.010
DIVISLAB,KEEP,,81.46053076402974,2026-09-23,c0.010
AUROPHARMA,KEEP,,80.90736984448952,2026-09-23,c0.010
PAYTM,KEEP,,73.31313387423936,2026-09-23,c0.010
ACE,KEEP,,76.16768086544963,2026-09-23,c0.010
EMCURE,KEEP,,67.03524340770791,2026-09-23,c0.010
SAILIFE,KEEP,,66.81254225828262,2026-09-23,c0.010
ANANDRATHI,KEEP,,68.74334117184952,2026-09-23,c0.010
ACMESOLAR,KEEP,,77.81482420554428,2026-09-23,c0.010
PVRINOX,KEEP,,72.6435936443543,2026-09-23,c0.010
MCX,WATCH,CHURN_GUARD,78.70824881676809,2026-09-23,c0.010
POLICYBZR,WATCH,CHURN_GUARD,77.8964672075727,2026-09-23,c0.010
VIJAYA,WATCH,CHURN_GUARD,77.51656524678837,2026-09-23,c0.010
ETERNAL,WATCH,CHURN_GUARD,77.32699459093982,2026-09-23,c0.010
SONACOMS,WATCH,CHURN_GUARD,76.83231913455037,2026-09-23,c0.010
RADICO,WATCH,CHURN_GUARD,76.19202163624071,2026-09-23,c0.010
USHAMART,WATCH,CHURN_GUARD,75.54268086544963,2026-09-23,c0.010
APOLLOHOSP,WATCH,CHURN_GUARD,74.55679513184583,2026-09-23,c0.010
SANSERA,WATCH,CHURN_GUARD,74.47599729546991,2026-09-23,c0.010
WELSPUNLIV,WATCH,CHURN_GUARD,74.41810344827587,2026-09-23,c0.010
ZYDUSLIFE,WATCH,CHURN_GUARD,73.98208248816768,2026-09-23,c0.010
IDFCFIRSTB,WATCH,CHURN_GUARD,73.88784651791751,2026-09-23,c0.010
RBLBANK,WATCH,CHURN_GUARD,73.58612237998648,2026-09-23,c0.010
CARBORUNIV,WATCH,CHURN_GUARD,73.31566937119676,2026-09-23,c0.010
ENGINERSIN,WATCH,CHURN_GUARD,73.26360716700472,2026-09-23,c0.010
GRANULES,REPLACED,BY_GLENMARK,61.16599053414469,2026-09-23,frac0.006
GLENMARK,ADD,REPLACES_GRANULES,80.83553076402976,2026-09-23,frac0.006
GLAND,REPLACED,BY_WOCKPHARMA,64.49932386747803,2026-09-23,frac0.006
WOCKPHARMA,ADD,REPLACES_GLAND,78.93179513184585,2026-09-23,frac0.006
LAURUSLABS,KEEP,,83.52949628127114,2026-09-23,frac0.006
REDINGTON,KEEP,,74.95858688302908,2026-09-23,frac0.006
DIVISLAB,KEEP,,81.46053076402974,2026-09-23,frac0.006
AUROPHARMA,KEEP,,80.90736984448952,2026-09-23,frac0.006
PAYTM,KEEP,,73.31313387423936,2026-09-23,frac0.006
ACE,KEEP,,76.16768086544963,2026-09-23,frac0.006
EMCURE,KEEP,,67.03524340770791,2026-09-23,frac0.006
SAILIFE,KEEP,,66.81254225828262,2026-09-23,frac0.006
ANANDRATHI,KEEP,,68.74334117184952,2026-09-23,frac0.006
ACMESOLAR,KEEP,,77.81482420554428,2026-09-23,frac0.006
PVRINOX,KEEP,,72.6435936443543,2026-09-23,frac0.006
MCX,WATCH,CHURN_GUARD,78.70824881676809,2026-09-23,frac0.006
POLICYBZR,WATCH,CHURN_GUARD,77.8964672075727,2026-09-23,frac0.006
VIJAYA,WATCH,CHURN_GUARD,77.51656524678837,2026-09-23,frac0.006
ETERNAL,WATCH,CHURN_GUARD,77.32699459093982,2026-09-23,frac0.006
SONACOMS,WATCH,CHURN_GUARD,76.83231913455037,2026-09-23,frac0.006
RADICO,WATCH,CHURN_GUARD,76.19202163624071,2026-09-23,frac0.006
USHAMART,WATCH,CHURN_GUARD,75.54268086544963,2026-09-23,frac0.006
APOLLOHOSP,WATCH,CHURN_GUARD,74.55679513184583,2026-09-23,frac0.006
SANSERA,WATCH,CHURN_GUARD,74.47599729546991,2026-09-23,frac0.006
WELSPUNLIV,WATCH,CHURN_GUARD,74.41810344827587,2026-09-23,frac0.006
ZYDUSLIFE,WATCH,CHURN_GUARD,73.98208248816768,2026-09-23,frac0.006
IDFCFIRSTB,WATCH,CHURN_GUARD,73.88784651791751,2026-09-23,frac0.006
RBLBANK,WATCH,CHURN_GUARD,73.58612237998648,2026-09-23,frac0.006
CARBORUNIV,WATCH,CHURN_GUARD,73.31566937119676,2026-09-23,frac0.006
ENGINERSIN,WATCH,CHURN_GUARD,73.26360716700472,2026-09-23,frac0.006
ANANDRATHI,REPLACED,BY_VIJAYA,60.83310775859674,2026-09-24,c0.003
VIJAYA,ADD,REPLACES_ANANDRATHI,80.1171014936285,2026-09-24,c0.003
EMCURE,REPLACED,BY_ZYDUSLIFE,64.65600639276394,2026-09-24,c0.003
ZYDUSLIFE,ADD,REPLACES_EMCURE,79.87934933224521,2026-09-24,c0.003
LAURUSLABS,KEEP,,81.45715913051609,2026-09-24,c0.003
REDINGTON,KEEP,,79.02812136050258,2026-09-24,c0.003
DIVISLAB,KEEP,,83.034968928787,2026-09-24,c0.003
AUROPHARMA,KEEP,,77.72517065789363,2026-09-24,c0.003
PAYTM,KEEP,,74.90944292842995,2026-09-24,c0.003
ACE,KEEP,,78.7109272058011,2026-09-24,c0.003
SAILIFE,KEEP,,69.46148189708671,2026-09-24,c0.003
ACMESOLAR,KEEP,,76.11465320105754,2026-09-24,c0.003
PVRINOX,KEEP,,78.72984196611495,2026-09-24,c0.003
GLENMARK,KEEP,,74.02920524002617,2026-09-24,c0.003
WOCKPHARMA,KEEP,,76.84620812187057,2026-09-24,c0.003
CASTROLIND,WATCH,CHURN_GUARD,79.34856715377488,2026-09-24,c0.003
RADICO,WATCH,CHURN_GUARD,78.78618244880262,2026-09-24,c0.003
MEDANTA,WATCH,CHURN_GUARD,78.58972397201465,2026-09-24,c0.003
LALPATHLAB,WATCH,CHURN_GUARD,78.30874414492531,2026-09-24,c0.003
SONACOMS,WATCH,CHURN_GUARD,78.07114075131979,2026-09-24,c0.003
FINCABLES,WATCH,CHURN_GUARD,78.0553076092593,2026-09-24,c0.003
ABDL,WATCH,CHURN_GUARD,77.69828619520032,2026-09-24,c0.003
CAPLIPOINT,WATCH,CHURN_GUARD,76.81738967806653,2026-09-24,c0.003
WELSPUNLIV,WATCH,CHURN_GUARD,76.1743515850144,2026-09-24,c0.003
MANKIND,WATCH,CHURN_GUARD,76.05370091725962,2026-09-24,c0.003
MCX,WATCH,CHURN_GUARD,75.45699336070659,2026-09-24,c0.003
WELCORP,WATCH,STOP_TOO_WIDE,75.08700789744374,2026-09-24,c0.003
IPCALAB,WATCH,CHURN_GUARD,75.03785077316739,2026-09-24,c0.003
ETERNAL,WATCH,CHURN_GUARD,74.69457975228039,2026-09-24,c0.003
APOLLOHOSP,WATCH,CHURN_GUARD,73.98597757432015,2026-09-24,c0.003
ANANDRATHI,REPLACED,BY_VIJAYA,60.83310775859674,2026-09-24,c0.006
VIJAYA,ADD,REPLACES_ANANDRATHI,80.1171014936285,2026-09-24,c0.006
EMCURE,REPLACED,BY_ZYDUSLIFE,64.65600639276394,2026-09-24,c0.006
ZYDUSLIFE,ADD,REPLACES_EMCURE,79.87934933224521,2026-09-24,c0.006
LAURUSLABS,KEEP,,81.45715913051609,2026-09-24,c0.006
REDINGTON,KEEP,,79.02812136050258,2026-09-24,c0.006
DIVISLAB,KEEP,,83.034968928787,2026-09-24,c0.006
AUROPHARMA,KEEP,,77.72517065789363,2026-09-24,c0.006
PAYTM,KEEP,,74.90944292842995,2026-09-24,c0.006
ACE,KEEP,,78.7109272058011,2026-09-24,c0.006
SAILIFE,KEEP,,69.46148189708671,2026-09-24,c0.006
ACMESOLAR,KEEP,,76.11465320105754,2026-09-24,c0.006
PVRINOX,KEEP,,78.72984196611495,2026-09-24,c0.006
GLENMARK,KEEP,,74.02920524002617,2026-09-24,c0.006
WOCKPHARMA,KEEP,,76.84620812187057,2026-09-24,c0.006
CASTROLIND,WATCH,CHURN_GUARD,79.34856715377488,2026-09-24,c0.006
RADICO,WATCH,CHURN_GUARD,78.78618244880262,2026-09-24,c0.006
MEDANTA,WATCH,CHURN_GUARD,78.58972397201465,2026-09-24,c0.006
LALPATHLAB,WATCH,CHURN_GUARD,78.30874414492531,2026-09-24,c0.006
SONACOMS,WATCH,CHURN_GUARD,78.07114075131979,2026-09-24,c0.006
FINCABLES,WATCH,CHURN_GUARD,78.0553076092593,2026-09-24,c0.006
ABDL,WATCH,CHURN_GUARD,77.69828619520032,2026-09-24,c0.006
CAPLIPOINT,WATCH,CHURN_GUARD,76.81738967806653,2026-09-24,c0.006
WELSPUNLIV,WATCH,CHURN_GUARD,76.1743515850144,2026-09-24,c0.006
MANKIND,WATCH,CHURN_GUARD,76.05370091725962,2026-09-24,c0.006
MCX,WATCH,CHURN_GUARD,75.45699336070659,2026-09-24,c0.006
WELCORP,WATCH,STOP_TOO_WIDE,75.08700789744374,2026-09-24,c0.006
IPCALAB,WATCH,CHURN_GUARD,75.03785077316739,2026-09-24,c0.006
ETERNAL,WATCH,CHURN_GUARD,74.69457975228039,2026-09-24,c0.006
APOLLOHOSP,WATCH,CHURN_GUARD,73.98597757432015,2026-09-24,c0.006
ANANDRATHI,REPLACED,BY_VIJAYA,60.83310775859674,2026-09-24,c0.010
VIJAYA,ADD,REPLACES_ANANDRATHI,80.1171014936285,2026-09-24,c0.010
EMCURE,REPLACED,BY_ZYDUSLIFE,64.65600639276394,2026-09-24,c0.010
ZYDUSLIFE,ADD,REPLACES_EMCURE,79.87934933224521,2026-09-24,c0.010
LAURUSLABS,KEEP,,81.45715913051609,2026-09-24,c0.010
REDINGTON,KEEP,,79.02812136050258,2026-09-24,c0.010
DIVISLAB,KEEP,,83.034968928787,2026-09-24,c0.010
AUROPHARMA,KEEP,,77.72517065789363,2026-09-24,c0.010
PAYTM,KEEP,,74.90944292842995,2026-09-24,c0.010
ACE,KEEP,,78.7109272058011,2026-09-24,c0.010
SAILIFE,KEEP,,69.46148189708671,2026-09-24,c0.010
ACMESOLAR,KEEP,,76.11465320105754,2026-09-24,c0.010
PVRINOX,KEEP,,78.72984196611495,2026-09-24,c0.010
GLENMARK,KEEP,,74.02920524002617,2026-09-24,c0.010
WOCKPHARMA,KEEP,,76.84620812187057,2026-09-24,c0.010
CASTROLIND,WATCH,CHURN_GUARD,79.34856715377488,2026-09-24,c0.010
RADICO,WATCH,CHURN_GUARD,78.78618244880262,2026-09-24,c0.010
MEDANTA,WATCH,CHURN_GUARD,78.58972397201465,2026-09-24,c0.010
LALPATHLAB,WATCH,CHURN_GUARD,78.30874414492531,2026-09-24,c0.010
SONACOMS,WATCH,CHURN_GUARD,78.07114075131979,2026-09-24,c0.010
FINCABLES,WATCH,CHURN_GUARD,78.0553076092593,2026-09-24,c0.010
ABDL,WATCH,CHURN_GUARD,77.69828619520032,2026-09-24,c0.010
CAPLIPOINT,WATCH,CHURN_GUARD,76.81738967806653,2026-09-24,c0.010
WELSPUNLIV,WATCH,CHURN_GUARD,76.1743515850144,2026-09-24,c0.010
MANKIND,WATCH,CHURN_GUARD,76.05370091725962,2026-09-24,c0.010
MCX,WATCH,CHURN_GUARD,75.45699336070659,2026-09-24,c0.010
WELCORP,WATCH,STOP_TOO_WIDE,75.08700789744374,2026-09-24,c0.010
IPCALAB,WATCH,CHURN_GUARD,75.03785077316739,2026-09-24,c0.010
ETERNAL,WATCH,CHURN_GUARD,74.69457975228039,2026-09-24,c0.010
APOLLOHOSP,WATCH,CHURN_GUARD,73.98597757432015,2026-09-24,c0.010
ANANDRATHI,REPLACED,BY_VIJAYA,60.83310775859674,2026-09-24,frac0.006
VIJAYA,ADD,REPLACES_ANANDRATHI,80.1171014936285,2026-09-24,frac0.006
EMCURE,REPLACED,BY_ZYDUSLIFE,64.65600639276394,2026-09-24,frac0.006
ZYDUSLIFE,ADD,REPLACES_EMCURE,79.87934933224521,2026-09-24,frac0.006
LAURUSLABS,KEEP,,81.45715913051609,2026-09-24,frac0.006
REDINGTON,KEEP,,79.02812136050258,2026-09-24,frac0.006
DIVISLAB,KEEP,,83.034968928787,2026-09-24,frac0.006
AUROPHARMA,KEEP,,77.72517065789363,2026-09-24,frac0.006
PAYTM,KEEP,,74.90944292842995,2026-09-24,frac0.006
ACE,KEEP,,78.7109272058011,2026-09-24,frac0.006
SAILIFE,KEEP,,69.46148189708671,2026-09-24,frac0.006
ACMESOLAR,KEEP,,76.11465320105754,2026-09-24,frac0.006
PVRINOX,KEEP,,78.72984196611495,2026-09-24,frac0.006
GLENMARK,KEEP,,74.02920524002617,2026-09-24,frac0.006
WOCKPHARMA,KEEP,,76.84620812187057,2026-09-24,frac0.006
CASTROLIND,WATCH,CHURN_GUARD,79.34856715377488,2026-09-24,frac0.006
RADICO,WATCH,CHURN_GUARD,78.78618244880262,2026-09-24,frac0.006
MEDANTA,WATCH,CHURN_GUARD,78.58972397201465,2026-09-24,frac0.006
LALPATHLAB,WATCH,CHURN_GUARD,78.30874414492531,2026-09-24,frac0.006
SONACOMS,WATCH,CHURN_GUARD,78.07114075131979,2026-09-24,frac0.006
FINCABLES,WATCH,CHURN_GUARD,78.0553076092593,2026-09-24,frac0.006
ABDL,WATCH,CHURN_GUARD,77.69828619520032,2026-09-24,frac0.006
CAPLIPOINT,WATCH,CHURN_GUARD,76.81738967806653,2026-09-24,frac0.006
WELSPUNLIV,WATCH,CHURN_GUARD,76.1743515850144,2026-09-24,frac0.006
MANKIND,WATCH,CHURN_GUARD,76.05370091725962,2026-09-24,frac0.006
MCX,WATCH,CHURN_GUARD,75.45699336070659,2026-09-24,frac0.006
WELCORP,WATCH,STOP_TOO_WIDE,75.08700789744374,2026-09-24,frac0.006
IPCALAB,WATCH,CHURN_GUARD,75.03785077316739,2026-09-24,frac0.006
ETERNAL,WATCH,CHURN_GUARD,74.69457975228039,2026-09-24,frac0.006
APOLLOHOSP,WATCH,CHURN_GUARD,73.98597757432015,2026-09-24,frac0.006
CASTROLIND,ADD,FREE_SLOT,85.55731776664177,2026-09-25,c0.003
SONACOMS,ADD,FREE_SLOT,81.29353697977753,2026-09-25,c0.003
PAYTM,REPLACED,BY_ETERNAL,65.21728506948146,2026-09-25,c0.003
ETERNAL,ADD,REPLACES_PAYTM,80.28547819596972,2026-09-25,c0.003
LAURUSLABS,KEEP,,81.40504495859544,2026-09-25,c0.003
REDINGTON,KEEP,,74.17208657639407,2026-09-25,c0.003
DIVISLAB,KEEP,,83.9935405338167,2026-09-25,c0.003
AUROPHARMA,KEEP,,75.98469097629456,2026-09-25,c0.003
ACE,KEEP,,71.99403809929986,2026-09-25,c0.003
SAILIFE,KEEP,,71.79590041582257,2026-09-25,c0.003
ACMESOLAR,KEEP,,78.83880655364821,2026-09-25,c0.003
WOCKPHARMA,KEEP,,77.07613640402317,2026-09-25,c0.003
VIJAYA,KEEP,,75.54221310018835,2026-09-25,c0.003
ZYDUSLIFE,KEEP,,81.03631339517362,2026-09-25,c0.003
NAVINFLUOR,WATCH,CHURN_GUARD,79.70816895902192,2026-09-25,c0.003
WELSPUNLIV,WATCH,CHURN_GUARD,78.90117994100294,2026-09-25,c0.003
ENGINERSIN,WATCH,CHURN_GUARD,78.65004264846999,2026-09-25,c0.003
TORNTPHARM,WATCH,CHURN_GUARD,78.26345203824147,2026-09-25,c0.003
RADICO,WATCH,CHURN_GUARD,77.96655649145254,2026-09-25,c0.003
APLAPOLLO,WATCH,CHURN_GUARD,77.28902335003731,2026-09-25,c0.003
LALPATHLAB,WATCH,CHURN_GUARD,77.02451398514411,2026-09-25,c0.003
APOLLOHOSP,WATCH,CHURN_GUARD,76.48616590254824,2026-09-25,c0.003
JSL,WATCH,CHURN_GUARD,76.38549774318513,2026-09-25,c0.003
MEDANTA,WATCH,CHURN_GUARD,76.30917475210576,2026-09-25,c0.003
WELCORP,WATCH,STOP_TOO_WIDE,76.26394960372464,2026-09-25,c0.003
JSWINFRA,WATCH,CHURN_GUARD,75.53639336105483,2026-09-25,c0.003
BOSCHLTD,WATCH,NOT_AFFORDABLE,75.23896470839108,2026-09-25,c0.003
ABDL,WATCH,CHURN_GUARD,75.12732345310447,2026-09-25,c0.003
IPCALAB,WATCH,CHURN_GUARD,74.59088566656004,2026-09-25,c0.003
CASTROLIND,ADD,FREE_SLOT,85.55731776664177,2026-09-25,c0.006
SONACOMS,ADD,FREE_SLOT,81.29353697977753,2026-09-25,c0.006
PAYTM,REPLACED,BY_ETERNAL,65.21728506948146,2026-09-25,c0.006
ETERNAL,ADD,REPLACES_PAYTM,80.28547819596972,2026-09-25,c0.006
LAURUSLABS,KEEP,,81.40504495859544,2026-09-25,c0.006
REDINGTON,KEEP,,74.17208657639407,2026-09-25,c0.006
DIVISLAB,KEEP,,83.9935405338167,2026-09-25,c0.006
AUROPHARMA,KEEP,,75.98469097629456,2026-09-25,c0.006
ACE,KEEP,,71.99403809929986,2026-09-25,c0.006
SAILIFE,KEEP,,71.79590041582257,2026-09-25,c0.006
ACMESOLAR,KEEP,,78.83880655364821,2026-09-25,c0.006
WOCKPHARMA,KEEP,,77.07613640402317,2026-09-25,c0.006
VIJAYA,KEEP,,75.54221310018835,2026-09-25,c0.006
ZYDUSLIFE,KEEP,,81.03631339517362,2026-09-25,c0.006
NAVINFLUOR,WATCH,CHURN_GUARD,79.70816895902192,2026-09-25,c0.006
WELSPUNLIV,WATCH,CHURN_GUARD,78.90117994100294,2026-09-25,c0.006
ENGINERSIN,WATCH,CHURN_GUARD,78.65004264846999,2026-09-25,c0.006
TORNTPHARM,WATCH,CHURN_GUARD,78.26345203824147,2026-09-25,c0.006
RADICO,WATCH,CHURN_GUARD,77.96655649145254,2026-09-25,c0.006
APLAPOLLO,WATCH,CHURN_GUARD,77.28902335003731,2026-09-25,c0.006
LALPATHLAB,WATCH,CHURN_GUARD,77.02451398514411,2026-09-25,c0.006
APOLLOHOSP,WATCH,CHURN_GUARD,76.48616590254824,2026-09-25,c0.006
JSL,WATCH,CHURN_GUARD,76.38549774318513,2026-09-25,c0.006
MEDANTA,WATCH,CHURN_GUARD,76.30917475210576,2026-09-25,c0.006
WELCORP,WATCH,STOP_TOO_WIDE,76.26394960372464,2026-09-25,c0.006
JSWINFRA,WATCH,CHURN_GUARD,75.53639336105483,2026-09-25,c0.006
BOSCHLTD,WATCH,NOT_AFFORDABLE,75.23896470839108,2026-09-25,c0.006
ABDL,WATCH,CHURN_GUARD,75.12732345310447,2026-09-25,c0.006
IPCALAB,WATCH,CHURN_GUARD,74.59088566656004,2026-09-25,c0.006
CASTROLIND,ADD,FREE_SLOT,85.55731776664177,2026-09-25,c0.010
SONACOMS,ADD,FREE_SLOT,81.29353697977753,2026-09-25,c0.010
PAYTM,REPLACED,BY_ETERNAL,65.21728506948146,2026-09-25,c0.010
ETERNAL,ADD,REPLACES_PAYTM,80.28547819596972,2026-09-25,c0.010
LAURUSLABS,KEEP,,81.40504495859544,2026-09-25,c0.010
REDINGTON,KEEP,,74.17208657639407,2026-09-25,c0.010
DIVISLAB,KEEP,,83.9935405338167,2026-09-25,c0.010
AUROPHARMA,KEEP,,75.98469097629456,2026-09-25,c0.010
ACE,KEEP,,71.99403809929986,2026-09-25,c0.010
SAILIFE,KEEP,,71.79590041582257,2026-09-25,c0.010
ACMESOLAR,KEEP,,78.83880655364821,2026-09-25,c0.010
WOCKPHARMA,KEEP,,77.07613640402317,2026-09-25,c0.010
VIJAYA,KEEP,,75.54221310018835,2026-09-25,c0.010
ZYDUSLIFE,KEEP,,81.03631339517362,2026-09-25,c0.010
NAVINFLUOR,WATCH,CHURN_GUARD,79.70816895902192,2026-09-25,c0.010
WELSPUNLIV,WATCH,CHURN_GUARD,78.90117994100294,2026-09-25,c0.010
ENGINERSIN,WATCH,CHURN_GUARD,78.65004264846999,2026-09-25,c0.010
TORNTPHARM,WATCH,CHURN_GUARD,78.26345203824147,2026-09-25,c0.010
RADICO,WATCH,CHURN_GUARD,77.96655649145254,2026-09-25,c0.010
APLAPOLLO,WATCH,CHURN_GUARD,77.28902335003731,2026-09-25,c0.010
LALPATHLAB,WATCH,CHURN_GUARD,77.02451398514411,2026-09-25,c0.010
APOLLOHOSP,WATCH,CHURN_GUARD,76.48616590254824,2026-09-25,c0.010
JSL,WATCH,CHURN_GUARD,76.38549774318513,2026-09-25,c0.010
MEDANTA,WATCH,CHURN_GUARD,76.30917475210576,2026-09-25,c0.010
WELCORP,WATCH,STOP_TOO_WIDE,76.26394960372464,2026-09-25,c0.010
JSWINFRA,WATCH,CHURN_GUARD,75.53639336105483,2026-09-25,c0.010
BOSCHLTD,WATCH,NOT_AFFORDABLE,75.23896470839108,2026-09-25,c0.010
ABDL,WATCH,CHURN_GUARD,75.12732345310447,2026-09-25,c0.010
IPCALAB,WATCH,CHURN_GUARD,74.59088566656004,2026-09-25,c0.010
CASTROLIND,ADD,FREE_SLOT,85.55731776664177,2026-09-25,frac0.006
SONACOMS,ADD,FREE_SLOT,81.29353697977753,2026-09-25,frac0.006
PAYTM,REPLACED,BY_ETERNAL,65.21728506948146,2026-09-25,frac0.006
ETERNAL,ADD,REPLACES_PAYTM,80.28547819596972,2026-09-25,frac0.006
LAURUSLABS,KEEP,,81.40504495859544,2026-09-25,frac0.006
REDINGTON,KEEP,,74.17208657639407,2026-09-25,frac0.006
DIVISLAB,KEEP,,83.9935405338167,2026-09-25,frac0.006
AUROPHARMA,KEEP,,75.98469097629456,2026-09-25,frac0.006
ACE,KEEP,,71.99403809929986,2026-09-25,frac0.006
SAILIFE,KEEP,,71.79590041582257,2026-09-25,frac0.006
ACMESOLAR,KEEP,,78.83880655364821,2026-09-25,frac0.006
WOCKPHARMA,KEEP,,77.07613640402317,2026-09-25,frac0.006
VIJAYA,KEEP,,75.54221310018835,2026-09-25,frac0.006
ZYDUSLIFE,KEEP,,81.03631339517362,2026-09-25,frac0.006
NAVINFLUOR,WATCH,CHURN_GUARD,79.70816895902192,2026-09-25,frac0.006
WELSPUNLIV,WATCH,CHURN_GUARD,78.90117994100294,2026-09-25,frac0.006
ENGINERSIN,WATCH,CHURN_GUARD,78.65004264846999,2026-09-25,frac0.006
TORNTPHARM,WATCH,CHURN_GUARD,78.26345203824147,2026-09-25,frac0.006
RADICO,WATCH,CHURN_GUARD,77.96655649145254,2026-09-25,frac0.006
APLAPOLLO,WATCH,CHURN_GUARD,77.28902335003731,2026-09-25,frac0.006
LALPATHLAB,WATCH,CHURN_GUARD,77.02451398514411,2026-09-25,frac0.006
APOLLOHOSP,WATCH,CHURN_GUARD,76.48616590254824,2026-09-25,frac0.006
JSL,WATCH,CHURN_GUARD,76.38549774318513,2026-09-25,frac0.006
MEDANTA,WATCH,CHURN_GUARD,76.30917475210576,2026-09-25,frac0.006
WELCORP,WATCH,STOP_TOO_WIDE,76.26394960372464,2026-09-25,frac0.006
JSWINFRA,WATCH,CHURN_GUARD,75.53639336105483,2026-09-25,frac0.006
BOSCHLTD,WATCH,NOT_AFFORDABLE,75.23896470839108,2026-09-25,frac0.006
ABDL,WATCH,CHURN_GUARD,75.12732345310447,2026-09-25,frac0.006
IPCALAB,WATCH,CHURN_GUARD,74.59088566656004,2026-09-25,frac0.006
ACE,REPLACED,BY_WELSPUNLIV,68.86065766019327,2026-09-28,c0.003
WELSPUNLIV,ADD,REPLACES_ACE,83.09848484848484,2026-09-28,c0.003
SAILIFE,REPLACED,BY_SYRMA,70.25431560183883,2026-09-28,c0.003
SYRMA,ADD,REPLACES_SAILIFE,81.45156675110233,2026-09-28,c0.003
LAURUSLABS,KEEP,,81.20128529880853,2026-09-28,c0.003
REDINGTON,KEEP,,79.17907402195328,2026-09-28,c0.003
DIVISLAB,KEEP,,80.53461863214186,2026-09-28,c0.003
AUROPHARMA,KEEP,,78.02797932267946,2026-09-28,c0.003
ACMESOLAR,KEEP,,74.15294586734214,2026-09-28,c0.003
WOCKPHARMA,KEEP,,73.62552772305095,2026-09-28,c0.003
VIJAYA,KEEP,,76.23158832911156,2026-09-28,c0.003
ZYDUSLIFE,KEEP,,84.436133783657,2026-09-28,c0.003
CASTROLIND,KEEP,,86.28171029177223,2026-09-28,c0.003
SONACOMS,KEEP,,79.56848672483346,2026-09-28,c0.003
ETERNAL,KEEP,,80.04109203490007,2026-09-28,c0.003
ENGINERSIN,WATCH,CHURN_GUARD,78.8292522750727,2026-09-28,c0.003
ABDL,WATCH,CHURN_GUARD,78.41615067079464,2026-09-28,c0.003
PETRONET,WATCH,CHURN_GUARD,78.28928604934796,2026-09-28,c0.003
CAPLIPOINT,WATCH,CHURN_GUARD,77.57249742002064,2026-09-28,c0.003
APOLLOHOSP,WATCH,CHURN_GUARD,76.9891640866873,2026-09-28,c0.003
APLAPOLLO,WATCH,CHURN_GUARD,76.45914250867811,2026-09-28,c0.003
WELCORP,WATCH,STOP_TOO_WIDE,76.37580917534477,2026-09-28,c0.003
MANKIND,WATCH,CHURN_GUARD,76.11037620789942,2026-09-28,c0.003
GESHIP,WATCH,CHURN_GUARD,75.67907402195326,2026-09-28,c0.003
LALPATHLAB,WATCH,CHURN_GUARD,75.07249742002065,2026-09-28,c0.003
JSL,WATCH,CHURN_GUARD,74.54892579041187,2026-09-28,c0.003
CARBORUNIV,WATCH,CHURN_GUARD,73.46671826625386,2026-09-28,c0.003
TORNTPHARM,WATCH,CHURN_GUARD,73.1709822685055,2026-09-28,c0.003
RADICO,WATCH,CHURN_GUARD,72.94645370109765,2026-09-28,c0.003
NAVINFLUOR,WATCH,CHURN_GUARD,72.81593019983113,2026-09-28,c0.003
ACE,REPLACED,BY_WELSPUNLIV,68.86065766019327,2026-09-28,c0.006
WELSPUNLIV,ADD,REPLACES_ACE,83.09848484848484,2026-09-28,c0.006
SAILIFE,REPLACED,BY_SYRMA,70.25431560183883,2026-09-28,c0.006
SYRMA,ADD,REPLACES_SAILIFE,81.45156675110233,2026-09-28,c0.006
LAURUSLABS,KEEP,,81.20128529880853,2026-09-28,c0.006
REDINGTON,KEEP,,79.17907402195328,2026-09-28,c0.006
DIVISLAB,KEEP,,80.53461863214186,2026-09-28,c0.006
AUROPHARMA,KEEP,,78.02797932267946,2026-09-28,c0.006
ACMESOLAR,KEEP,,74.15294586734214,2026-09-28,c0.006
WOCKPHARMA,KEEP,,73.62552772305095,2026-09-28,c0.006
VIJAYA,KEEP,,76.23158832911156,2026-09-28,c0.006
ZYDUSLIFE,KEEP,,84.436133783657,2026-09-28,c0.006
CASTROLIND,KEEP,,86.28171029177223,2026-09-28,c0.006
SONACOMS,KEEP,,79.56848672483346,2026-09-28,c0.006
ETERNAL,KEEP,,80.04109203490007,2026-09-28,c0.006
ENGINERSIN,WATCH,CHURN_GUARD,78.8292522750727,2026-09-28,c0.006
ABDL,WATCH,CHURN_GUARD,78.41615067079464,2026-09-28,c0.006
PETRONET,WATCH,CHURN_GUARD,78.28928604934796,2026-09-28,c0.006
CAPLIPOINT,WATCH,CHURN_GUARD,77.57249742002064,2026-09-28,c0.006
APOLLOHOSP,WATCH,CHURN_GUARD,76.9891640866873,2026-09-28,c0.006
APLAPOLLO,WATCH,CHURN_GUARD,76.45914250867811,2026-09-28,c0.006
WELCORP,WATCH,STOP_TOO_WIDE,76.37580917534477,2026-09-28,c0.006
MANKIND,WATCH,CHURN_GUARD,76.11037620789942,2026-09-28,c0.006
GESHIP,WATCH,CHURN_GUARD,75.67907402195326,2026-09-28,c0.006
LALPATHLAB,WATCH,CHURN_GUARD,75.07249742002065,2026-09-28,c0.006
JSL,WATCH,CHURN_GUARD,74.54892579041187,2026-09-28,c0.006
CARBORUNIV,WATCH,CHURN_GUARD,73.46671826625386,2026-09-28,c0.006
TORNTPHARM,WATCH,CHURN_GUARD,73.1709822685055,2026-09-28,c0.006
RADICO,WATCH,CHURN_GUARD,72.94645370109765,2026-09-28,c0.006
NAVINFLUOR,WATCH,CHURN_GUARD,72.81593019983113,2026-09-28,c0.006
ACE,REPLACED,BY_WELSPUNLIV,68.86065766019327,2026-09-28,c0.010
WELSPUNLIV,ADD,REPLACES_ACE,83.09848484848484,2026-09-28,c0.010
SAILIFE,REPLACED,BY_SYRMA,70.25431560183883,2026-09-28,c0.010
SYRMA,ADD,REPLACES_SAILIFE,81.45156675110233,2026-09-28,c0.010
LAURUSLABS,KEEP,,81.20128529880853,2026-09-28,c0.010
REDINGTON,KEEP,,79.17907402195328,2026-09-28,c0.010
DIVISLAB,KEEP,,80.53461863214186,2026-09-28,c0.010
AUROPHARMA,KEEP,,78.02797932267946,2026-09-28,c0.010
ACMESOLAR,KEEP,,74.15294586734214,2026-09-28,c0.010
WOCKPHARMA,KEEP,,73.62552772305095,2026-09-28,c0.010
VIJAYA,KEEP,,76.23158832911156,2026-09-28,c0.010
ZYDUSLIFE,KEEP,,84.436133783657,2026-09-28,c0.010
CASTROLIND,KEEP,,86.28171029177223,2026-09-28,c0.010
SONACOMS,KEEP,,79.56848672483346,2026-09-28,c0.010
ETERNAL,KEEP,,80.04109203490007,2026-09-28,c0.010
ENGINERSIN,WATCH,CHURN_GUARD,78.8292522750727,2026-09-28,c0.010
ABDL,WATCH,CHURN_GUARD,78.41615067079464,2026-09-28,c0.010
PETRONET,WATCH,CHURN_GUARD,78.28928604934796,2026-09-28,c0.010
CAPLIPOINT,WATCH,CHURN_GUARD,77.57249742002064,2026-09-28,c0.010
APOLLOHOSP,WATCH,CHURN_GUARD,76.9891640866873,2026-09-28,c0.010
APLAPOLLO,WATCH,CHURN_GUARD,76.45914250867811,2026-09-28,c0.010
WELCORP,WATCH,STOP_TOO_WIDE,76.37580917534477,2026-09-28,c0.010
MANKIND,WATCH,CHURN_GUARD,76.11037620789942,2026-09-28,c0.010
GESHIP,WATCH,CHURN_GUARD,75.67907402195326,2026-09-28,c0.010
LALPATHLAB,WATCH,CHURN_GUARD,75.07249742002065,2026-09-28,c0.010
JSL,WATCH,CHURN_GUARD,74.54892579041187,2026-09-28,c0.010
CARBORUNIV,WATCH,CHURN_GUARD,73.46671826625386,2026-09-28,c0.010
TORNTPHARM,WATCH,CHURN_GUARD,73.1709822685055,2026-09-28,c0.010
RADICO,WATCH,CHURN_GUARD,72.94645370109765,2026-09-28,c0.010
NAVINFLUOR,WATCH,CHURN_GUARD,72.81593019983113,2026-09-28,c0.010
ACE,REPLACED,BY_WELSPUNLIV,68.86065766019327,2026-09-28,frac0.006
WELSPUNLIV,ADD,REPLACES_ACE,83.09848484848484,2026-09-28,frac0.006
SAILIFE,REPLACED,BY_SYRMA,70.25431560183883,2026-09-28,frac0.006
SYRMA,ADD,REPLACES_SAILIFE,81.45156675110233,2026-09-28,frac0.006
LAURUSLABS,KEEP,,81.20128529880853,2026-09-28,frac0.006
REDINGTON,KEEP,,79.17907402195328,2026-09-28,frac0.006
DIVISLAB,KEEP,,80.53461863214186,2026-09-28,frac0.006
AUROPHARMA,KEEP,,78.02797932267946,2026-09-28,frac0.006
ACMESOLAR,KEEP,,74.15294586734214,2026-09-28,frac0.006
WOCKPHARMA,KEEP,,73.62552772305095,2026-09-28,frac0.006
VIJAYA,KEEP,,76.23158832911156,2026-09-28,frac0.006
ZYDUSLIFE,KEEP,,84.436133783657,2026-09-28,frac0.006
CASTROLIND,KEEP,,86.28171029177223,2026-09-28,frac0.006
SONACOMS,KEEP,,79.56848672483346,2026-09-28,frac0.006
ETERNAL,KEEP,,80.04109203490007,2026-09-28,frac0.006
ENGINERSIN,WATCH,CHURN_GUARD,78.8292522750727,2026-09-28,frac0.006
ABDL,WATCH,CHURN_GUARD,78.41615067079464,2026-09-28,frac0.006
PETRONET,WATCH,CHURN_GUARD,78.28928604934796,2026-09-28,frac0.006
CAPLIPOINT,WATCH,CHURN_GUARD,77.57249742002064,2026-09-28,frac0.006
APOLLOHOSP,WATCH,CHURN_GUARD,76.9891640866873,2026-09-28,frac0.006
APLAPOLLO,WATCH,CHURN_GUARD,76.45914250867811,2026-09-28,frac0.006
WELCORP,WATCH,STOP_TOO_WIDE,76.37580917534477,2026-09-28,frac0.006
MANKIND,WATCH,CHURN_GUARD,76.11037620789942,2026-09-28,frac0.006
GESHIP,WATCH,CHURN_GUARD,75.67907402195326,2026-09-28,frac0.006
LALPATHLAB,WATCH,CHURN_GUARD,75.07249742002065,2026-09-28,frac0.006
JSL,WATCH,CHURN_GUARD,74.54892579041187,2026-09-28,frac0.006
CARBORUNIV,WATCH,CHURN_GUARD,73.46671826625386,2026-09-28,frac0.006
TORNTPHARM,WATCH,CHURN_GUARD,73.1709822685055,2026-09-28,frac0.006
RADICO,WATCH,CHURN_GUARD,72.94645370109765,2026-09-28,frac0.006
NAVINFLUOR,WATCH,CHURN_GUARD,72.81593019983113,2026-09-28,frac0.006
LALPATHLAB,ADD,FREE_SLOT,80.9984639016897,2026-09-29,c0.003
ACMESOLAR,REPLACED,BY_MANKIND,63.539426523297486,2026-09-29,c0.003
MANKIND,ADD,REPLACES_ACMESOLAR,80.81592421915003,2026-09-29,c0.003
VIJAYA,REPLACED,BY_ADANIPORTS,64.22862263184844,2026-09-29,c0.003
ADANIPORTS,ADD,REPLACES_VIJAYA,79.5873015873016,2026-09-29,c0.003
LAURUSLABS,KEEP,,86.2921146953405,2026-09-29,c0.003
REDINGTON,KEEP,,74.57142857142858,2026-09-29,c0.003
DIVISLAB,KEEP,,82.54608294930875,2026-09-29,c0.003
AUROPHARMA,KEEP,,77.51085516456361,2026-09-29,c0.003
ZYDUSLIFE,KEEP,,83.86354326676908,2026-09-29,c0.003
CASTROLIND,KEEP,,83.85816692268304,2026-09-29,c0.003
SONACOMS,KEEP,,80.41269841269842,2026-09-29,c0.003
ETERNAL,KEEP,,78.0937019969278,2026-09-29,c0.003
WELSPUNLIV,KEEP,,75.72222222222223,2026-09-29,c0.003
SYRMA,KEEP,,71.39605734767025,2026-09-29,c0.003
CUPID,WATCH,STOP_TOO_WIDE,84.66769073220686,2026-09-29,c0.003
GLENMARK,WATCH,COOLDOWN,80.0857654889913,2026-09-29,c0.003
TDPOWERSYS,WATCH,STOP_TOO_WIDE,77.6500256016385,2026-09-29,c0.003
EMCURE,WATCH,CHURN_GUARD,77.56989247311827,2026-09-29,c0.003
DRREDDY,WATCH,CHURN_GUARD,77.1889400921659,2026-09-29,c0.003
GLAND,WATCH,CHURN_GUARD,77.05401945724526,2026-09-29,c0.003
ABBOTINDIA,WATCH,NOT_AFFORDABLE,76.784178187404,2026-09-29,c0.003
WELCORP,WATCH,STOP_TOO_WIDE,76.75320020481311,2026-09-29,c0.003
GESHIP,WATCH,CHURN_GUARD,74.96825396825396,2026-09-29,c0.003
ENGINERSIN,WATCH,CHURN_GUARD,73.91679467485919,2026-09-29,c0.003
FINCABLES,WATCH,STOP_TOO_WIDE,72.82462877624167,2026-09-29,c0.003
SHRIPISTON,WATCH,CHURN_GUARD,72.68253968253968,2026-09-29,c0.003
GRANULES,WATCH,CHURN_GUARD,72.65719406041987,2026-09-29,c0.003
ABDL,WATCH,CHURN_GUARD,72.6041986687148,2026-09-29,c0.003
IPCALAB,WATCH,CHURN_GUARD,72.4032258064516,2026-09-29,c0.003
LALPATHLAB,ADD,FREE_SLOT,80.9984639016897,2026-09-29,c0.006
ACMESOLAR,REPLACED,BY_MANKIND,63.539426523297486,2026-09-29,c0.006
MANKIND,ADD,REPLACES_ACMESOLAR,80.81592421915003,2026-09-29,c0.006
VIJAYA,REPLACED,BY_ADANIPORTS,64.22862263184844,2026-09-29,c0.006
ADANIPORTS,ADD,REPLACES_VIJAYA,79.5873015873016,2026-09-29,c0.006
LAURUSLABS,KEEP,,86.2921146953405,2026-09-29,c0.006
REDINGTON,KEEP,,74.57142857142858,2026-09-29,c0.006
DIVISLAB,KEEP,,82.54608294930875,2026-09-29,c0.006
AUROPHARMA,KEEP,,77.51085516456361,2026-09-29,c0.006
ZYDUSLIFE,KEEP,,83.86354326676908,2026-09-29,c0.006
CASTROLIND,KEEP,,83.85816692268304,2026-09-29,c0.006
SONACOMS,KEEP,,80.41269841269842,2026-09-29,c0.006
ETERNAL,KEEP,,78.0937019969278,2026-09-29,c0.006
WELSPUNLIV,KEEP,,75.72222222222223,2026-09-29,c0.006
SYRMA,KEEP,,71.39605734767025,2026-09-29,c0.006
CUPID,WATCH,STOP_TOO_WIDE,84.66769073220686,2026-09-29,c0.006
GLENMARK,WATCH,COOLDOWN,80.0857654889913,2026-09-29,c0.006
TDPOWERSYS,WATCH,STOP_TOO_WIDE,77.6500256016385,2026-09-29,c0.006
EMCURE,WATCH,CHURN_GUARD,77.56989247311827,2026-09-29,c0.006
DRREDDY,WATCH,CHURN_GUARD,77.1889400921659,2026-09-29,c0.006
GLAND,WATCH,CHURN_GUARD,77.05401945724526,2026-09-29,c0.006
ABBOTINDIA,WATCH,NOT_AFFORDABLE,76.784178187404,2026-09-29,c0.006
WELCORP,WATCH,STOP_TOO_WIDE,76.75320020481311,2026-09-29,c0.006
GESHIP,WATCH,CHURN_GUARD,74.96825396825396,2026-09-29,c0.006
ENGINERSIN,WATCH,CHURN_GUARD,73.91679467485919,2026-09-29,c0.006
FINCABLES,WATCH,STOP_TOO_WIDE,72.82462877624167,2026-09-29,c0.006
SHRIPISTON,WATCH,CHURN_GUARD,72.68253968253968,2026-09-29,c0.006
GRANULES,WATCH,CHURN_GUARD,72.65719406041987,2026-09-29,c0.006
ABDL,WATCH,CHURN_GUARD,72.6041986687148,2026-09-29,c0.006
IPCALAB,WATCH,CHURN_GUARD,72.4032258064516,2026-09-29,c0.006
LALPATHLAB,ADD,FREE_SLOT,80.9984639016897,2026-09-29,c0.010
ACMESOLAR,REPLACED,BY_MANKIND,63.539426523297486,2026-09-29,c0.010
MANKIND,ADD,REPLACES_ACMESOLAR,80.81592421915003,2026-09-29,c0.010
VIJAYA,REPLACED,BY_ADANIPORTS,64.22862263184844,2026-09-29,c0.010
ADANIPORTS,ADD,REPLACES_VIJAYA,79.5873015873016,2026-09-29,c0.010
LAURUSLABS,KEEP,,86.2921146953405,2026-09-29,c0.010
REDINGTON,KEEP,,74.57142857142858,2026-09-29,c0.010
DIVISLAB,KEEP,,82.54608294930875,2026-09-29,c0.010
AUROPHARMA,KEEP,,77.51085516456361,2026-09-29,c0.010
ZYDUSLIFE,KEEP,,83.86354326676908,2026-09-29,c0.010
CASTROLIND,KEEP,,83.85816692268304,2026-09-29,c0.010
SONACOMS,KEEP,,80.41269841269842,2026-09-29,c0.010
ETERNAL,KEEP,,78.0937019969278,2026-09-29,c0.010
WELSPUNLIV,KEEP,,75.72222222222223,2026-09-29,c0.010
SYRMA,KEEP,,71.39605734767025,2026-09-29,c0.010
CUPID,WATCH,STOP_TOO_WIDE,84.66769073220686,2026-09-29,c0.010
GLENMARK,WATCH,COOLDOWN,80.0857654889913,2026-09-29,c0.010
TDPOWERSYS,WATCH,STOP_TOO_WIDE,77.6500256016385,2026-09-29,c0.010
EMCURE,WATCH,CHURN_GUARD,77.56989247311827,2026-09-29,c0.010
DRREDDY,WATCH,CHURN_GUARD,77.1889400921659,2026-09-29,c0.010
GLAND,WATCH,CHURN_GUARD,77.05401945724526,2026-09-29,c0.010
ABBOTINDIA,WATCH,NOT_AFFORDABLE,76.784178187404,2026-09-29,c0.010
WELCORP,WATCH,STOP_TOO_WIDE,76.75320020481311,2026-09-29,c0.010
GESHIP,WATCH,CHURN_GUARD,74.96825396825396,2026-09-29,c0.010
ENGINERSIN,WATCH,CHURN_GUARD,73.91679467485919,2026-09-29,c0.010
FINCABLES,WATCH,STOP_TOO_WIDE,72.82462877624167,2026-09-29,c0.010
SHRIPISTON,WATCH,CHURN_GUARD,72.68253968253968,2026-09-29,c0.010
GRANULES,WATCH,CHURN_GUARD,72.65719406041987,2026-09-29,c0.010
ABDL,WATCH,CHURN_GUARD,72.6041986687148,2026-09-29,c0.010
IPCALAB,WATCH,CHURN_GUARD,72.4032258064516,2026-09-29,c0.010
LALPATHLAB,ADD,FREE_SLOT,80.9984639016897,2026-09-29,frac0.006
ACMESOLAR,REPLACED,BY_MANKIND,63.539426523297486,2026-09-29,frac0.006
MANKIND,ADD,REPLACES_ACMESOLAR,80.81592421915003,2026-09-29,frac0.006
VIJAYA,REPLACED,BY_ADANIPORTS,64.22862263184844,2026-09-29,frac0.006
ADANIPORTS,ADD,REPLACES_VIJAYA,79.5873015873016,2026-09-29,frac0.006
LAURUSLABS,KEEP,,86.2921146953405,2026-09-29,frac0.006
REDINGTON,KEEP,,74.57142857142858,2026-09-29,frac0.006
DIVISLAB,KEEP,,82.54608294930875,2026-09-29,frac0.006
AUROPHARMA,KEEP,,77.51085516456361,2026-09-29,frac0.006
ZYDUSLIFE,KEEP,,83.86354326676908,2026-09-29,frac0.006
CASTROLIND,KEEP,,83.85816692268304,2026-09-29,frac0.006
SONACOMS,KEEP,,80.41269841269842,2026-09-29,frac0.006
ETERNAL,KEEP,,78.0937019969278,2026-09-29,frac0.006
WELSPUNLIV,KEEP,,75.72222222222223,2026-09-29,frac0.006
SYRMA,KEEP,,71.39605734767025,2026-09-29,frac0.006
CUPID,WATCH,STOP_TOO_WIDE,84.66769073220686,2026-09-29,frac0.006
GLENMARK,WATCH,COOLDOWN,80.0857654889913,2026-09-29,frac0.006
TDPOWERSYS,WATCH,STOP_TOO_WIDE,77.6500256016385,2026-09-29,frac0.006
EMCURE,WATCH,CHURN_GUARD,77.56989247311827,2026-09-29,frac0.006
DRREDDY,WATCH,CHURN_GUARD,77.1889400921659,2026-09-29,frac0.006
GLAND,WATCH,CHURN_GUARD,77.05401945724526,2026-09-29,frac0.006
ABBOTINDIA,WATCH,NOT_AFFORDABLE,76.784178187404,2026-09-29,frac0.006
WELCORP,WATCH,STOP_TOO_WIDE,76.75320020481311,2026-09-29,frac0.006
GESHIP,WATCH,CHURN_GUARD,74.96825396825396,2026-09-29,frac0.006
ENGINERSIN,WATCH,CHURN_GUARD,73.91679467485919,2026-09-29,frac0.006
FINCABLES,WATCH,STOP_TOO_WIDE,72.82462877624167,2026-09-29,frac0.006
SHRIPISTON,WATCH,CHURN_GUARD,72.68253968253968,2026-09-29,frac0.006
GRANULES,WATCH,CHURN_GUARD,72.65719406041987,2026-09-29,frac0.006
ABDL,WATCH,CHURN_GUARD,72.6041986687148,2026-09-29,frac0.006
IPCALAB,WATCH,CHURN_GUARD,72.4032258064516,2026-09-29,frac0.006
KOTAKBANK,ADD,FREE_SLOT,79.45074914701082,2026-09-30,c0.003
LAURUSLABS,KEEP,,75.41440439103991,2026-09-30,c0.003
REDINGTON,KEEP,,77.20449488206498,2026-09-30,c0.003
DIVISLAB,KEEP,,75.65583741284675,2026-09-30,c0.003
AUROPHARMA,KEEP,,69.23751676798986,2026-09-30,c0.003
ZYDUSLIFE,KEEP,,75.35209909508974,2026-09-30,c0.003
CASTROLIND,KEEP,,80.50682391336596,2026-09-30,c0.003
SONACOMS,KEEP,,77.17475152054591,2026-09-30,c0.003
WELSPUNLIV,KEEP,,76.83021806853583,2026-09-30,c0.003
SYRMA,KEEP,,74.83570686841715,2026-09-30,c0.003
LALPATHLAB,KEEP,,80.94399940661623,2026-09-30,c0.003
MANKIND,KEEP,,79.9081738614449,2026-09-30,c0.003
ADANIPORTS,KEEP,,75.3587004895416,2026-09-30,c0.003
CUPID,WATCH,STOP_TOO_WIDE,81.93999406616228,2026-09-30,c0.003
AJANTPHARM,WATCH,NO_SLOT,78.70879691440439,2026-09-30,c0.003
MCX,WATCH,NO_SLOT,77.16881768283638,2026-09-30,c0.003
PETRONET,WATCH,NO_SLOT,75.2420264055778,2026-09-30,c0.003
IPCALAB,WATCH,NO_SLOT,74.90817386144488,2026-09-30,c0.003
KAJARIACER,WATCH,NO_SLOT,73.643228007714,2026-09-30,c0.003
DRREDDY,WATCH,NO_SLOT,73.59197448449785,2026-09-30,c0.003
AETHER,WATCH,NO_SLOT,73.25641596202344,2026-09-30,c0.003
AZAD,WATCH,STOP_TOO_WIDE,72.94318350393115,2026-09-30,c0.003
RADICO,WATCH,NO_SLOT,72.92909063937103,2026-09-30,c0.003
FINCABLES,WATCH,STOP_TOO_WIDE,72.81857291203086,2026-09-30,c0.003
JINDALSTEL,WATCH,NO_SLOT,72.39282005637145,2026-09-30,c0.003
ACE,WATCH,NO_SLOT,72.28897789645453,2026-09-30,c0.003
INDHOTEL,WATCH,NO_SLOT,72.23631508678237,2026-09-30,c0.003
ABDL,WATCH,NO_SLOT,71.90884141818721,2026-09-30,c0.003
KOTAKBANK,ADD,FREE_SLOT,79.45074914701082,2026-09-30,c0.006
LAURUSLABS,KEEP,,75.41440439103991,2026-09-30,c0.006
REDINGTON,KEEP,,77.20449488206498,2026-09-30,c0.006
DIVISLAB,KEEP,,75.65583741284675,2026-09-30,c0.006
AUROPHARMA,KEEP,,69.23751676798986,2026-09-30,c0.006
ZYDUSLIFE,KEEP,,75.35209909508974,2026-09-30,c0.006
CASTROLIND,KEEP,,80.50682391336596,2026-09-30,c0.006
SONACOMS,KEEP,,77.17475152054591,2026-09-30,c0.006
WELSPUNLIV,KEEP,,76.83021806853583,2026-09-30,c0.006
SYRMA,KEEP,,74.83570686841715,2026-09-30,c0.006
LALPATHLAB,KEEP,,80.94399940661623,2026-09-30,c0.006
MANKIND,KEEP,,79.9081738614449,2026-09-30,c0.006
ADANIPORTS,KEEP,,75.3587004895416,2026-09-30,c0.006
CUPID,WATCH,STOP_TOO_WIDE,81.93999406616228,2026-09-30,c0.006
AJANTPHARM,WATCH,NO_SLOT,78.70879691440439,2026-09-30,c0.006
MCX,WATCH,NO_SLOT,77.16881768283638,2026-09-30,c0.006
PETRONET,WATCH,NO_SLOT,75.2420264055778,2026-09-30,c0.006
IPCALAB,WATCH,NO_SLOT,74.90817386144488,2026-09-30,c0.006
KAJARIACER,WATCH,NO_SLOT,73.643228007714,2026-09-30,c0.006
DRREDDY,WATCH,NO_SLOT,73.59197448449785,2026-09-30,c0.006
AETHER,WATCH,NO_SLOT,73.25641596202344,2026-09-30,c0.006
AZAD,WATCH,STOP_TOO_WIDE,72.94318350393115,2026-09-30,c0.006
RADICO,WATCH,NO_SLOT,72.92909063937103,2026-09-30,c0.006
FINCABLES,WATCH,STOP_TOO_WIDE,72.81857291203086,2026-09-30,c0.006
JINDALSTEL,WATCH,NO_SLOT,72.39282005637145,2026-09-30,c0.006
ACE,WATCH,NO_SLOT,72.28897789645453,2026-09-30,c0.006
INDHOTEL,WATCH,NO_SLOT,72.23631508678237,2026-09-30,c0.006
ABDL,WATCH,NO_SLOT,71.90884141818721,2026-09-30,c0.006
KOTAKBANK,ADD,FREE_SLOT,79.45074914701082,2026-09-30,c0.010
LAURUSLABS,KEEP,,75.41440439103991,2026-09-30,c0.010
REDINGTON,KEEP,,77.20449488206498,2026-09-30,c0.010
DIVISLAB,KEEP,,75.65583741284675,2026-09-30,c0.010
AUROPHARMA,KEEP,,69.23751676798986,2026-09-30,c0.010
ZYDUSLIFE,KEEP,,75.35209909508974,2026-09-30,c0.010
CASTROLIND,KEEP,,80.50682391336596,2026-09-30,c0.010
SONACOMS,KEEP,,77.17475152054591,2026-09-30,c0.010
WELSPUNLIV,KEEP,,76.83021806853583,2026-09-30,c0.010
SYRMA,KEEP,,74.83570686841715,2026-09-30,c0.010
LALPATHLAB,KEEP,,80.94399940661623,2026-09-30,c0.010
MANKIND,KEEP,,79.9081738614449,2026-09-30,c0.010
ADANIPORTS,KEEP,,75.3587004895416,2026-09-30,c0.010
CUPID,WATCH,STOP_TOO_WIDE,81.93999406616228,2026-09-30,c0.010
AJANTPHARM,WATCH,NO_SLOT,78.70879691440439,2026-09-30,c0.010
MCX,WATCH,NO_SLOT,77.16881768283638,2026-09-30,c0.010
PETRONET,WATCH,NO_SLOT,75.2420264055778,2026-09-30,c0.010
IPCALAB,WATCH,NO_SLOT,74.90817386144488,2026-09-30,c0.010
KAJARIACER,WATCH,NO_SLOT,73.643228007714,2026-09-30,c0.010
DRREDDY,WATCH,NO_SLOT,73.59197448449785,2026-09-30,c0.010
AETHER,WATCH,NO_SLOT,73.25641596202344,2026-09-30,c0.010
AZAD,WATCH,STOP_TOO_WIDE,72.94318350393115,2026-09-30,c0.010
RADICO,WATCH,NO_SLOT,72.92909063937103,2026-09-30,c0.010
FINCABLES,WATCH,STOP_TOO_WIDE,72.81857291203086,2026-09-30,c0.010
JINDALSTEL,WATCH,NO_SLOT,72.39282005637145,2026-09-30,c0.010
ACE,WATCH,NO_SLOT,72.28897789645453,2026-09-30,c0.010
INDHOTEL,WATCH,NO_SLOT,72.23631508678237,2026-09-30,c0.010
ABDL,WATCH,NO_SLOT,71.90884141818721,2026-09-30,c0.010
KOTAKBANK,ADD,FREE_SLOT,79.45074914701082,2026-09-30,frac0.006
LAURUSLABS,KEEP,,75.41440439103991,2026-09-30,frac0.006
REDINGTON,KEEP,,77.20449488206498,2026-09-30,frac0.006
DIVISLAB,KEEP,,75.65583741284675,2026-09-30,frac0.006
AUROPHARMA,KEEP,,69.23751676798986,2026-09-30,frac0.006
ZYDUSLIFE,KEEP,,75.35209909508974,2026-09-30,frac0.006
CASTROLIND,KEEP,,80.50682391336596,2026-09-30,frac0.006
SONACOMS,KEEP,,77.17475152054591,2026-09-30,frac0.006
WELSPUNLIV,KEEP,,76.83021806853583,2026-09-30,frac0.006
SYRMA,KEEP,,74.83570686841715,2026-09-30,frac0.006
LALPATHLAB,KEEP,,80.94399940661623,2026-09-30,frac0.006
MANKIND,KEEP,,79.9081738614449,2026-09-30,frac0.006
ADANIPORTS,KEEP,,75.3587004895416,2026-09-30,frac0.006
CUPID,WATCH,STOP_TOO_WIDE,81.93999406616228,2026-09-30,frac0.006
AJANTPHARM,WATCH,NO_SLOT,78.70879691440439,2026-09-30,frac0.006
MCX,WATCH,NO_SLOT,77.16881768283638,2026-09-30,frac0.006
PETRONET,WATCH,NO_SLOT,75.2420264055778,2026-09-30,frac0.006
IPCALAB,WATCH,NO_SLOT,74.90817386144488,2026-09-30,frac0.006
KAJARIACER,WATCH,NO_SLOT,73.643228007714,2026-09-30,frac0.006
DRREDDY,WATCH,NO_SLOT,73.59197448449785,2026-09-30,frac0.006
AETHER,WATCH,NO_SLOT,73.25641596202344,2026-09-30,frac0.006
AZAD,WATCH,STOP_TOO_WIDE,72.94318350393115,2026-09-30,frac0.006
RADICO,WATCH,NO_SLOT,72.92909063937103,2026-09-30,frac0.006
FINCABLES,WATCH,STOP_TOO_WIDE,72.81857291203086,2026-09-30,frac0.006
JINDALSTEL,WATCH,NO_SLOT,72.39282005637145,2026-09-30,frac0.006
ACE,WATCH,NO_SLOT,72.28897789645453,2026-09-30,frac0.006
INDHOTEL,WATCH,NO_SLOT,72.23631508678237,2026-09-30,frac0.006
ABDL,WATCH,NO_SLOT,71.90884141818721,2026-09-30,frac0.006
IPCALAB,ADD,FREE_SLOT,82.1609592215014,2026-10-01,c0.003
PETRONET,ADD,FREE_SLOT,76.38586654309546,2026-10-01,c0.003
LAURUSLABS,KEEP,,80.98626042632067,2026-10-01,c0.003
REDINGTON,KEEP,,70.21109823911029,2026-10-01,c0.003
DIVISLAB,KEEP,,79.75885078776645,2026-10-01,c0.003
AUROPHARMA,KEEP,,77.00282669138092,2026-10-01,c0.003
CASTROLIND,KEEP,,79.4656858202039,2026-10-01,c0.003
SONACOMS,KEEP,,74.2475671918443,2026-10-01,c0.003
WELSPUNLIV,KEEP,,78.94578313253011,2026-10-01,c0.003
SYRMA,KEEP,,71.54506487488413,2026-10-01,c0.003
LALPATHLAB,KEEP,,83.40342910101946,2026-10-01,c0.003
MANKIND,KEEP,,79.10373030583874,2026-10-01,c0.003
KOTAKBANK,KEEP,,84.34907321594068,2026-10-01,c0.003
ZYDUSLIFE,WATCH,COOLDOWN,81.16698331788693,2026-10-01,c0.003
CUPID,WATCH,STOP_TOO_WIDE,76.94392956441149,2026-10-01,c0.003
MCX,WATCH,NO_SLOT,75.86262743280815,2026-10-01,c0.003
KAJARIACER,WATCH,NO_SLOT,75.77233549582947,2026-10-01,c0.003
AJANTPHARM,WATCH,NO_SLOT,75.70011584800741,2026-10-01,c0.003
ABDL,WATCH,NO_SLOT,74.74513438368861,2026-10-01,c0.003
PRIVISCL,WATCH,NO_SLOT,73.61369323447636,2026-10-01,c0.003
ENGINERSIN,WATCH,NO_SLOT,73.24789156626507,2026-10-01,c0.003
KARURVYSYA,WATCH,NO_SLOT,73.2346153846154,2026-10-01,c0.003
FINCABLES,WATCH,NO_SLOT,73.08873957367932,2026-10-01,c0.003
AETHER,WATCH,NO_SLOT,73.04893419833179,2026-10-01,c0.003
DRREDDY,WATCH,NO_SLOT,72.87632066728452,2026-10-01,c0.003
CYIENT,WATCH,NO_SLOT,72.75678869323447,2026-10-01,c0.003
TDPOWERSYS,WATCH,STOP_TOO_WIDE,72.68964318813715,2026-10-01,c0.003
GLAND,WATCH,NO_SLOT,72.37180259499536,2026-10-01,c0.003
IPCALAB,ADD,FREE_SLOT,82.1609592215014,2026-10-01,c0.006
PETRONET,ADD,FREE_SLOT,76.38586654309546,2026-10-01,c0.006
LAURUSLABS,KEEP,,80.98626042632067,2026-10-01,c0.006
REDINGTON,KEEP,,70.21109823911029,2026-10-01,c0.006
DIVISLAB,KEEP,,79.75885078776645,2026-10-01,c0.006
AUROPHARMA,KEEP,,77.00282669138092,2026-10-01,c0.006
CASTROLIND,KEEP,,79.4656858202039,2026-10-01,c0.006
SONACOMS,KEEP,,74.2475671918443,2026-10-01,c0.006
WELSPUNLIV,KEEP,,78.94578313253011,2026-10-01,c0.006
SYRMA,KEEP,,71.54506487488413,2026-10-01,c0.006
LALPATHLAB,KEEP,,83.40342910101946,2026-10-01,c0.006
MANKIND,KEEP,,79.10373030583874,2026-10-01,c0.006
KOTAKBANK,KEEP,,84.34907321594068,2026-10-01,c0.006
ZYDUSLIFE,WATCH,COOLDOWN,81.16698331788693,2026-10-01,c0.006
CUPID,WATCH,STOP_TOO_WIDE,76.94392956441149,2026-10-01,c0.006
MCX,WATCH,NO_SLOT,75.86262743280815,2026-10-01,c0.006
KAJARIACER,WATCH,NO_SLOT,75.77233549582947,2026-10-01,c0.006
AJANTPHARM,WATCH,NO_SLOT,75.70011584800741,2026-10-01,c0.006
ABDL,WATCH,NO_SLOT,74.74513438368861,2026-10-01,c0.006
PRIVISCL,WATCH,NO_SLOT,73.61369323447636,2026-10-01,c0.006
ENGINERSIN,WATCH,NO_SLOT,73.24789156626507,2026-10-01,c0.006
KARURVYSYA,WATCH,NO_SLOT,73.2346153846154,2026-10-01,c0.006
FINCABLES,WATCH,NO_SLOT,73.08873957367932,2026-10-01,c0.006
AETHER,WATCH,NO_SLOT,73.04893419833179,2026-10-01,c0.006
DRREDDY,WATCH,NO_SLOT,72.87632066728452,2026-10-01,c0.006
CYIENT,WATCH,NO_SLOT,72.75678869323447,2026-10-01,c0.006
TDPOWERSYS,WATCH,STOP_TOO_WIDE,72.68964318813715,2026-10-01,c0.006
GLAND,WATCH,NO_SLOT,72.37180259499536,2026-10-01,c0.006
IPCALAB,ADD,FREE_SLOT,82.1609592215014,2026-10-01,c0.010
PETRONET,ADD,FREE_SLOT,76.38586654309546,2026-10-01,c0.010
LAURUSLABS,KEEP,,80.98626042632067,2026-10-01,c0.010
REDINGTON,KEEP,,70.21109823911029,2026-10-01,c0.010
DIVISLAB,KEEP,,79.75885078776645,2026-10-01,c0.010
AUROPHARMA,KEEP,,77.00282669138092,2026-10-01,c0.010
CASTROLIND,KEEP,,79.4656858202039,2026-10-01,c0.010
SONACOMS,KEEP,,74.2475671918443,2026-10-01,c0.010
WELSPUNLIV,KEEP,,78.94578313253011,2026-10-01,c0.010
SYRMA,KEEP,,71.54506487488413,2026-10-01,c0.010
LALPATHLAB,KEEP,,83.40342910101946,2026-10-01,c0.010
MANKIND,KEEP,,79.10373030583874,2026-10-01,c0.010
KOTAKBANK,KEEP,,84.34907321594068,2026-10-01,c0.010
ZYDUSLIFE,WATCH,COOLDOWN,81.16698331788693,2026-10-01,c0.010
CUPID,WATCH,STOP_TOO_WIDE,76.94392956441149,2026-10-01,c0.010
MCX,WATCH,NO_SLOT,75.86262743280815,2026-10-01,c0.010
KAJARIACER,WATCH,NO_SLOT,75.77233549582947,2026-10-01,c0.010
AJANTPHARM,WATCH,NO_SLOT,75.70011584800741,2026-10-01,c0.010
ABDL,WATCH,NO_SLOT,74.74513438368861,2026-10-01,c0.010
PRIVISCL,WATCH,NO_SLOT,73.61369323447636,2026-10-01,c0.010
ENGINERSIN,WATCH,NO_SLOT,73.24789156626507,2026-10-01,c0.010
KARURVYSYA,WATCH,NO_SLOT,73.2346153846154,2026-10-01,c0.010
FINCABLES,WATCH,NO_SLOT,73.08873957367932,2026-10-01,c0.010
AETHER,WATCH,NO_SLOT,73.04893419833179,2026-10-01,c0.010
DRREDDY,WATCH,NO_SLOT,72.87632066728452,2026-10-01,c0.010
CYIENT,WATCH,NO_SLOT,72.75678869323447,2026-10-01,c0.010
TDPOWERSYS,WATCH,STOP_TOO_WIDE,72.68964318813715,2026-10-01,c0.010
GLAND,WATCH,NO_SLOT,72.37180259499536,2026-10-01,c0.010
IPCALAB,ADD,FREE_SLOT,82.1609592215014,2026-10-01,frac0.006
PETRONET,ADD,FREE_SLOT,76.38586654309546,2026-10-01,frac0.006
LAURUSLABS,KEEP,,80.98626042632067,2026-10-01,frac0.006
REDINGTON,KEEP,,70.21109823911029,2026-10-01,frac0.006
DIVISLAB,KEEP,,79.75885078776645,2026-10-01,frac0.006
AUROPHARMA,KEEP,,77.00282669138092,2026-10-01,frac0.006
CASTROLIND,KEEP,,79.4656858202039,2026-10-01,frac0.006
SONACOMS,KEEP,,74.2475671918443,2026-10-01,frac0.006
WELSPUNLIV,KEEP,,78.94578313253011,2026-10-01,frac0.006
SYRMA,KEEP,,71.54506487488413,2026-10-01,frac0.006
LALPATHLAB,KEEP,,83.40342910101946,2026-10-01,frac0.006
MANKIND,KEEP,,79.10373030583874,2026-10-01,frac0.006
KOTAKBANK,KEEP,,84.34907321594068,2026-10-01,frac0.006
ZYDUSLIFE,WATCH,COOLDOWN,81.16698331788693,2026-10-01,frac0.006
CUPID,WATCH,STOP_TOO_WIDE,76.94392956441149,2026-10-01,frac0.006
MCX,WATCH,NO_SLOT,75.86262743280815,2026-10-01,frac0.006
KAJARIACER,WATCH,NO_SLOT,75.77233549582947,2026-10-01,frac0.006
AJANTPHARM,WATCH,NO_SLOT,75.70011584800741,2026-10-01,frac0.006
ABDL,WATCH,NO_SLOT,74.74513438368861,2026-10-01,frac0.006
PRIVISCL,WATCH,NO_SLOT,73.61369323447636,2026-10-01,frac0.006
ENGINERSIN,WATCH,NO_SLOT,73.24789156626507,2026-10-01,frac0.006
KARURVYSYA,WATCH,NO_SLOT,73.2346153846154,2026-10-01,frac0.006
FINCABLES,WATCH,NO_SLOT,73.08873957367932,2026-10-01,frac0.006
AETHER,WATCH,NO_SLOT,73.04893419833179,2026-10-01,frac0.006
DRREDDY,WATCH,NO_SLOT,72.87632066728452,2026-10-01,frac0.006
CYIENT,WATCH,NO_SLOT,72.75678869323447,2026-10-01,frac0.006
TDPOWERSYS,WATCH,STOP_TOO_WIDE,72.68964318813715,2026-10-01,frac0.006
GLAND,WATCH,NO_SLOT,72.37180259499536,2026-10-01,frac0.006
SONACOMS,REPLACED,BY_GESHIP,67.19944469015677,2026-10-05,c0.003
GESHIP,ADD,REPLACES_SONACOMS,78.00990220649662,2026-10-05,c0.003
LAURUSLABS,KEEP,,79.24782544596786,2026-10-05,c0.003
REDINGTON,KEEP,,82.83188363064524,2026-10-05,c0.003
DIVISLAB,KEEP,,77.00801559772393,2026-10-05,c0.003
AUROPHARMA,KEEP,,77.81593690107623,2026-10-05,c0.003
CASTROLIND,KEEP,,75.51543073369699,2026-10-05,c0.003
WELSPUNLIV,KEEP,,78.94736842105264,2026-10-05,c0.003
SYRMA,KEEP,,72.56405720182809,2026-10-05,c0.003
LALPATHLAB,KEEP,,84.48002358838272,2026-10-05,c0.003
MANKIND,KEEP,,79.843800678166,2026-10-05,c0.003
KOTAKBANK,KEEP,,82.99334119612757,2026-10-05,c0.003
IPCALAB,KEEP,,78.52027126640131,2026-10-05,c0.003
PETRONET,KEEP,,76.52162268416139,2026-10-05,c0.003
CUPID,WATCH,STOP_TOO_WIDE,79.66470096810656,2026-10-05,c0.003
ADANIPORTS,WATCH,COOLDOWN,77.47584647894246,2026-10-05,c0.003
CPPLUS,WATCH,CHURN_GUARD,76.077989090373,2026-10-05,c0.003
TDPOWERSYS,WATCH,STOP_TOO_WIDE,75.19563614919652,2026-10-05,c0.003
ABDL,WATCH,CHURN_GUARD,74.34736350680622,2026-10-05,c0.003
BHEL,WATCH,CHURN_GUARD,74.02690549904172,2026-10-05,c0.003
GLAND,WATCH,CHURN_GUARD,73.6982898422527,2026-10-05,c0.003
ENGINERSIN,WATCH,CHURN_GUARD,73.62582927908005,2026-10-05,c0.003
NYKAA,WATCH,CHURN_GUARD,73.56174750601996,2026-10-05,c0.003
FINCABLES,WATCH,CHURN_GUARD,73.50058970956803,2026-10-05,c0.003
NAVINFLUOR,WATCH,CHURN_GUARD,73.45707405769326,2026-10-05,c0.003
RBLBANK,WATCH,CHURN_GUARD,73.32615853358888,2026-10-05,c0.003
APARINDS,WATCH,NOT_AFFORDABLE,73.20647206250922,2026-10-05,c0.003
CARBORUNIV,WATCH,STOP_TOO_WIDE,72.8891346012089,2026-10-05,c0.003
AJANTPHARM,WATCH,CHURN_GUARD,72.79271708683474,2026-10-05,c0.003
SONACOMS,REPLACED,BY_GESHIP,67.19944469015677,2026-10-05,c0.006
GESHIP,ADD,REPLACES_SONACOMS,78.00990220649662,2026-10-05,c0.006
LAURUSLABS,KEEP,,79.24782544596786,2026-10-05,c0.006
REDINGTON,KEEP,,82.83188363064524,2026-10-05,c0.006
DIVISLAB,KEEP,,77.00801559772393,2026-10-05,c0.006
AUROPHARMA,KEEP,,77.81593690107623,2026-10-05,c0.006
CASTROLIND,KEEP,,75.51543073369699,2026-10-05,c0.006
WELSPUNLIV,KEEP,,78.94736842105264,2026-10-05,c0.006
SYRMA,KEEP,,72.56405720182809,2026-10-05,c0.006
LALPATHLAB,KEEP,,84.48002358838272,2026-10-05,c0.006
MANKIND,KEEP,,79.843800678166,2026-10-05,c0.006
KOTAKBANK,KEEP,,82.99334119612757,2026-10-05,c0.006
IPCALAB,KEEP,,78.52027126640131,2026-10-05,c0.006
PETRONET,KEEP,,76.52162268416139,2026-10-05,c0.006
CUPID,WATCH,STOP_TOO_WIDE,79.66470096810656,2026-10-05,c0.006
ADANIPORTS,WATCH,COOLDOWN,77.47584647894246,2026-10-05,c0.006
CPPLUS,WATCH,CHURN_GUARD,76.077989090373,2026-10-05,c0.006
TDPOWERSYS,WATCH,STOP_TOO_WIDE,75.19563614919652,2026-10-05,c0.006
ABDL,WATCH,CHURN_GUARD,74.34736350680622,2026-10-05,c0.006
BHEL,WATCH,CHURN_GUARD,74.02690549904172,2026-10-05,c0.006
GLAND,WATCH,CHURN_GUARD,73.6982898422527,2026-10-05,c0.006
ENGINERSIN,WATCH,CHURN_GUARD,73.62582927908005,2026-10-05,c0.006
NYKAA,WATCH,CHURN_GUARD,73.56174750601996,2026-10-05,c0.006
FINCABLES,WATCH,CHURN_GUARD,73.50058970956803,2026-10-05,c0.006
NAVINFLUOR,WATCH,CHURN_GUARD,73.45707405769326,2026-10-05,c0.006
RBLBANK,WATCH,CHURN_GUARD,73.32615853358888,2026-10-05,c0.006
APARINDS,WATCH,NOT_AFFORDABLE,73.20647206250922,2026-10-05,c0.006
CARBORUNIV,WATCH,STOP_TOO_WIDE,72.8891346012089,2026-10-05,c0.006
AJANTPHARM,WATCH,CHURN_GUARD,72.79271708683474,2026-10-05,c0.006
SONACOMS,REPLACED,BY_GESHIP,67.19944469015677,2026-10-05,c0.010
GESHIP,ADD,REPLACES_SONACOMS,78.00990220649662,2026-10-05,c0.010
LAURUSLABS,KEEP,,79.24782544596786,2026-10-05,c0.010
REDINGTON,KEEP,,82.83188363064524,2026-10-05,c0.010
DIVISLAB,KEEP,,77.00801559772393,2026-10-05,c0.010
AUROPHARMA,KEEP,,77.81593690107623,2026-10-05,c0.010
CASTROLIND,KEEP,,75.51543073369699,2026-10-05,c0.010
WELSPUNLIV,KEEP,,78.94736842105264,2026-10-05,c0.010
SYRMA,KEEP,,72.56405720182809,2026-10-05,c0.010
LALPATHLAB,KEEP,,84.48002358838272,2026-10-05,c0.010
MANKIND,KEEP,,79.843800678166,2026-10-05,c0.010
KOTAKBANK,KEEP,,82.99334119612757,2026-10-05,c0.010
IPCALAB,KEEP,,78.52027126640131,2026-10-05,c0.010
PETRONET,KEEP,,76.52162268416139,2026-10-05,c0.010
CUPID,WATCH,STOP_TOO_WIDE,79.66470096810656,2026-10-05,c0.010
ADANIPORTS,WATCH,COOLDOWN,77.47584647894246,2026-10-05,c0.010
CPPLUS,WATCH,CHURN_GUARD,76.077989090373,2026-10-05,c0.010
TDPOWERSYS,WATCH,STOP_TOO_WIDE,75.19563614919652,2026-10-05,c0.010
ABDL,WATCH,CHURN_GUARD,74.34736350680622,2026-10-05,c0.010
BHEL,WATCH,CHURN_GUARD,74.02690549904172,2026-10-05,c0.010
GLAND,WATCH,CHURN_GUARD,73.6982898422527,2026-10-05,c0.010
ENGINERSIN,WATCH,CHURN_GUARD,73.62582927908005,2026-10-05,c0.010
NYKAA,WATCH,CHURN_GUARD,73.56174750601996,2026-10-05,c0.010
FINCABLES,WATCH,CHURN_GUARD,73.50058970956803,2026-10-05,c0.010
NAVINFLUOR,WATCH,CHURN_GUARD,73.45707405769326,2026-10-05,c0.010
RBLBANK,WATCH,CHURN_GUARD,73.32615853358888,2026-10-05,c0.010
APARINDS,WATCH,NOT_AFFORDABLE,73.20647206250922,2026-10-05,c0.010
CARBORUNIV,WATCH,STOP_TOO_WIDE,72.8891346012089,2026-10-05,c0.010
AJANTPHARM,WATCH,CHURN_GUARD,72.79271708683474,2026-10-05,c0.010
SONACOMS,REPLACED,BY_GESHIP,67.19944469015677,2026-10-05,frac0.006
GESHIP,ADD,REPLACES_SONACOMS,78.00990220649662,2026-10-05,frac0.006
LAURUSLABS,KEEP,,79.24782544596786,2026-10-05,frac0.006
REDINGTON,KEEP,,82.83188363064524,2026-10-05,frac0.006
DIVISLAB,KEEP,,77.00801559772393,2026-10-05,frac0.006
AUROPHARMA,KEEP,,77.81593690107623,2026-10-05,frac0.006
CASTROLIND,KEEP,,75.51543073369699,2026-10-05,frac0.006
WELSPUNLIV,KEEP,,78.94736842105264,2026-10-05,frac0.006
SYRMA,KEEP,,72.56405720182809,2026-10-05,frac0.006
LALPATHLAB,KEEP,,84.48002358838272,2026-10-05,frac0.006
MANKIND,KEEP,,79.843800678166,2026-10-05,frac0.006
KOTAKBANK,KEEP,,82.99334119612757,2026-10-05,frac0.006
IPCALAB,KEEP,,78.52027126640131,2026-10-05,frac0.006
PETRONET,KEEP,,76.52162268416139,2026-10-05,frac0.006
CUPID,WATCH,STOP_TOO_WIDE,79.66470096810656,2026-10-05,frac0.006
ADANIPORTS,WATCH,COOLDOWN,77.47584647894246,2026-10-05,frac0.006
CPPLUS,WATCH,CHURN_GUARD,76.077989090373,2026-10-05,frac0.006
TDPOWERSYS,WATCH,STOP_TOO_WIDE,75.19563614919652,2026-10-05,frac0.006
ABDL,WATCH,CHURN_GUARD,74.34736350680622,2026-10-05,frac0.006
BHEL,WATCH,CHURN_GUARD,74.02690549904172,2026-10-05,frac0.006
GLAND,WATCH,CHURN_GUARD,73.6982898422527,2026-10-05,frac0.006
ENGINERSIN,WATCH,CHURN_GUARD,73.62582927908005,2026-10-05,frac0.006
NYKAA,WATCH,CHURN_GUARD,73.56174750601996,2026-10-05,frac0.006
FINCABLES,WATCH,CHURN_GUARD,73.50058970956803,2026-10-05,frac0.006
NAVINFLUOR,WATCH,CHURN_GUARD,73.45707405769326,2026-10-05,frac0.006
RBLBANK,WATCH,CHURN_GUARD,73.32615853358888,2026-10-05,frac0.006
APARINDS,WATCH,NOT_AFFORDABLE,73.20647206250922,2026-10-05,frac0.006
CARBORUNIV,WATCH,STOP_TOO_WIDE,72.8891346012089,2026-10-05,frac0.006
AJANTPHARM,WATCH,CHURN_GUARD,72.79271708683474,2026-10-05,frac0.006
SYRMA,REPLACED,BY_GLAND,67.76092786269777,2026-10-06,c0.003
GLAND,ADD,REPLACES_SYRMA,81.29324215607403,2026-10-06,c0.003
REDINGTON,REPLACED,BY_AJANTPHARM,69.83293108071868,2026-10-06,c0.003
AJANTPHARM,ADD,REPLACES_REDINGTON,80.09117725931885,2026-10-06,c0.003
LAURUSLABS,KEEP,,90.34191472244571,2026-10-06,c0.003
DIVISLAB,KEEP,,79.86256368999732,2026-10-06,c0.003
AUROPHARMA,KEEP,,79.64869938321266,2026-10-06,c0.003
CASTROLIND,KEEP,,71.85250737463127,2026-10-06,c0.003
WELSPUNLIV,KEEP,,76.08407079646018,2026-10-06,c0.003
LALPATHLAB,KEEP,,74.9363100026817,2026-10-06,c0.003
MANKIND,KEEP,,70.78439259855189,2026-10-06,c0.003
KOTAKBANK,KEEP,,85.52762134620542,2026-10-06,c0.003
IPCALAB,KEEP,,78.41713596138375,2026-10-06,c0.003
PETRONET,KEEP,,82.75221238938053,2026-10-06,c0.003
GESHIP,KEEP,,73.3801287208367,2026-10-06,c0.003
CUPID,WATCH,STOP_TOO_WIDE,80.18744971842318,2026-10-06,c0.003
ABDL,WATCH,CHURN_GUARD,78.75677125234647,2026-10-06,c0.003
GRAPHITE,WATCH,CHURN_GUARD,78.58688656476266,2026-10-06,c0.003
MOTILALOFS,WATCH,CHURN_GUARD,77.75475998927325,2026-10-06,c0.003
BHEL,WATCH,CHURN_GUARD,77.50281576830248,2026-10-06,c0.003
RADICO,WATCH,CHURN_GUARD,77.17860016090104,2026-10-06,c0.003
PTCIL,WATCH,NOT_AFFORDABLE,76.47774202198983,2026-10-06,c0.003
ETERNAL,WATCH,COOLDOWN,76.2322338428533,2026-10-06,c0.003
ZYDUSLIFE,WATCH,COOLDOWN,75.38616251005632,2026-10-06,c0.003
ENGINERSIN,WATCH,CHURN_GUARD,75.25288281040493,2026-10-06,c0.003
HAL,WATCH,CHURN_GUARD,74.70783051756503,2026-10-06,c0.003
RBLBANK,WATCH,CHURN_GUARD,74.11906677393404,2026-10-06,c0.003
AEGISLOG,WATCH,STOP_TOO_WIDE,73.10619469026548,2026-10-06,c0.003
AZAD,WATCH,CHURN_GUARD,73.08541163850899,2026-10-06,c0.003
BALRAMCHIN,WATCH,STOP_TOO_WIDE,72.88656476267096,2026-10-06,c0.003
SYRMA,REPLACED,BY_GLAND,67.76092786269777,2026-10-06,c0.006
GLAND,ADD,REPLACES_SYRMA,81.29324215607403,2026-10-06,c0.006
REDINGTON,REPLACED,BY_AJANTPHARM,69.83293108071868,2026-10-06,c0.006
AJANTPHARM,ADD,REPLACES_REDINGTON,80.09117725931885,2026-10-06,c0.006
LAURUSLABS,KEEP,,90.34191472244571,2026-10-06,c0.006
DIVISLAB,KEEP,,79.86256368999732,2026-10-06,c0.006
AUROPHARMA,KEEP,,79.64869938321266,2026-10-06,c0.006
CASTROLIND,KEEP,,71.85250737463127,2026-10-06,c0.006
WELSPUNLIV,KEEP,,76.08407079646018,2026-10-06,c0.006
LALPATHLAB,KEEP,,74.9363100026817,2026-10-06,c0.006
MANKIND,KEEP,,70.78439259855189,2026-10-06,c0.006
KOTAKBANK,KEEP,,85.52762134620542,2026-10-06,c0.006
IPCALAB,KEEP,,78.41713596138375,2026-10-06,c0.006
PETRONET,KEEP,,82.75221238938053,2026-10-06,c0.006
GESHIP,KEEP,,73.3801287208367,2026-10-06,c0.006
CUPID,WATCH,STOP_TOO_WIDE,80.18744971842318,2026-10-06,c0.006
ABDL,WATCH,CHURN_GUARD,78.75677125234647,2026-10-06,c0.006
GRAPHITE,WATCH,CHURN_GUARD,78.58688656476266,2026-10-06,c0.006
MOTILALOFS,WATCH,CHURN_GUARD,77.75475998927325,2026-10-06,c0.006
BHEL,WATCH,CHURN_GUARD,77.50281576830248,2026-10-06,c0.006
RADICO,WATCH,CHURN_GUARD,77.17860016090104,2026-10-06,c0.006
PTCIL,WATCH,NOT_AFFORDABLE,76.47774202198983,2026-10-06,c0.006
ETERNAL,WATCH,COOLDOWN,76.2322338428533,2026-10-06,c0.006
ZYDUSLIFE,WATCH,COOLDOWN,75.38616251005632,2026-10-06,c0.006
ENGINERSIN,WATCH,CHURN_GUARD,75.25288281040493,2026-10-06,c0.006
HAL,WATCH,CHURN_GUARD,74.70783051756503,2026-10-06,c0.006
RBLBANK,WATCH,CHURN_GUARD,74.11906677393404,2026-10-06,c0.006
AEGISLOG,WATCH,STOP_TOO_WIDE,73.10619469026548,2026-10-06,c0.006
AZAD,WATCH,CHURN_GUARD,73.08541163850899,2026-10-06,c0.006
BALRAMCHIN,WATCH,STOP_TOO_WIDE,72.88656476267096,2026-10-06,c0.006
SYRMA,REPLACED,BY_GLAND,67.76092786269777,2026-10-06,c0.010
GLAND,ADD,REPLACES_SYRMA,81.29324215607403,2026-10-06,c0.010
REDINGTON,REPLACED,BY_AJANTPHARM,69.83293108071868,2026-10-06,c0.010
AJANTPHARM,ADD,REPLACES_REDINGTON,80.09117725931885,2026-10-06,c0.010
LAURUSLABS,KEEP,,90.34191472244571,2026-10-06,c0.010
DIVISLAB,KEEP,,79.86256368999732,2026-10-06,c0.010
AUROPHARMA,KEEP,,79.64869938321266,2026-10-06,c0.010
CASTROLIND,KEEP,,71.85250737463127,2026-10-06,c0.010
WELSPUNLIV,KEEP,,76.08407079646018,2026-10-06,c0.010
LALPATHLAB,KEEP,,74.9363100026817,2026-10-06,c0.010
MANKIND,KEEP,,70.78439259855189,2026-10-06,c0.010
KOTAKBANK,KEEP,,85.52762134620542,2026-10-06,c0.010
IPCALAB,KEEP,,78.41713596138375,2026-10-06,c0.010
PETRONET,KEEP,,82.75221238938053,2026-10-06,c0.010
GESHIP,KEEP,,73.3801287208367,2026-10-06,c0.010
CUPID,WATCH,STOP_TOO_WIDE,80.18744971842318,2026-10-06,c0.010
ABDL,WATCH,CHURN_GUARD,78.75677125234647,2026-10-06,c0.010
GRAPHITE,WATCH,CHURN_GUARD,78.58688656476266,2026-10-06,c0.010
MOTILALOFS,WATCH,CHURN_GUARD,77.75475998927325,2026-10-06,c0.010
BHEL,WATCH,CHURN_GUARD,77.50281576830248,2026-10-06,c0.010
RADICO,WATCH,CHURN_GUARD,77.17860016090104,2026-10-06,c0.010
PTCIL,WATCH,NOT_AFFORDABLE,76.47774202198983,2026-10-06,c0.010
ETERNAL,WATCH,COOLDOWN,76.2322338428533,2026-10-06,c0.010
ZYDUSLIFE,WATCH,COOLDOWN,75.38616251005632,2026-10-06,c0.010
ENGINERSIN,WATCH,CHURN_GUARD,75.25288281040493,2026-10-06,c0.010
HAL,WATCH,CHURN_GUARD,74.70783051756503,2026-10-06,c0.010
RBLBANK,WATCH,CHURN_GUARD,74.11906677393404,2026-10-06,c0.010
AEGISLOG,WATCH,STOP_TOO_WIDE,73.10619469026548,2026-10-06,c0.010
AZAD,WATCH,CHURN_GUARD,73.08541163850899,2026-10-06,c0.010
BALRAMCHIN,WATCH,STOP_TOO_WIDE,72.88656476267096,2026-10-06,c0.010
SYRMA,REPLACED,BY_GLAND,67.76092786269777,2026-10-06,frac0.006
GLAND,ADD,REPLACES_SYRMA,81.29324215607403,2026-10-06,frac0.006
REDINGTON,REPLACED,BY_AJANTPHARM,69.83293108071868,2026-10-06,frac0.006
AJANTPHARM,ADD,REPLACES_REDINGTON,80.09117725931885,2026-10-06,frac0.006
LAURUSLABS,KEEP,,90.34191472244571,2026-10-06,frac0.006
DIVISLAB,KEEP,,79.86256368999732,2026-10-06,frac0.006
AUROPHARMA,KEEP,,79.64869938321266,2026-10-06,frac0.006
CASTROLIND,KEEP,,71.85250737463127,2026-10-06,frac0.006
WELSPUNLIV,KEEP,,76.08407079646018,2026-10-06,frac0.006
LALPATHLAB,KEEP,,74.9363100026817,2026-10-06,frac0.006
MANKIND,KEEP,,70.78439259855189,2026-10-06,frac0.006
KOTAKBANK,KEEP,,85.52762134620542,2026-10-06,frac0.006
IPCALAB,KEEP,,78.41713596138375,2026-10-06,frac0.006
PETRONET,KEEP,,82.75221238938053,2026-10-06,frac0.006
GESHIP,KEEP,,73.3801287208367,2026-10-06,frac0.006
CUPID,WATCH,STOP_TOO_WIDE,80.18744971842318,2026-10-06,frac0.006
ABDL,WATCH,CHURN_GUARD,78.75677125234647,2026-10-06,frac0.006
GRAPHITE,WATCH,CHURN_GUARD,78.58688656476266,2026-10-06,frac0.006
MOTILALOFS,WATCH,CHURN_GUARD,77.75475998927325,2026-10-06,frac0.006
BHEL,WATCH,CHURN_GUARD,77.50281576830248,2026-10-06,frac0.006
RADICO,WATCH,CHURN_GUARD,77.17860016090104,2026-10-06,frac0.006
PTCIL,WATCH,NOT_AFFORDABLE,76.47774202198983,2026-10-06,frac0.006
ETERNAL,WATCH,COOLDOWN,76.2322338428533,2026-10-06,frac0.006
ZYDUSLIFE,WATCH,COOLDOWN,75.38616251005632,2026-10-06,frac0.006
ENGINERSIN,WATCH,CHURN_GUARD,75.25288281040493,2026-10-06,frac0.006
HAL,WATCH,CHURN_GUARD,74.70783051756503,2026-10-06,frac0.006
RBLBANK,WATCH,CHURN_GUARD,74.11906677393404,2026-10-06,frac0.006
AEGISLOG,WATCH,STOP_TOO_WIDE,73.10619469026548,2026-10-06,frac0.006
AZAD,WATCH,CHURN_GUARD,73.08541163850899,2026-10-06,frac0.006
BALRAMCHIN,WATCH,STOP_TOO_WIDE,72.88656476267096,2026-10-06,frac0.006
CASTROLIND,REPLACED,BY_MCX,70.18782848670828,2026-10-07,c0.003
MCX,ADD,REPLACES_CASTROLIND,81.49910199805431,2026-10-07,c0.003
LAURUSLABS,KEEP,,85.22931789268877,2026-10-07,c0.003
DIVISLAB,KEEP,,81.03504078425503,2026-10-07,c0.003
AUROPHARMA,KEEP,,71.75040223003816,2026-10-07,c0.003
WELSPUNLIV,KEEP,,79.63855421686746,2026-10-07,c0.003
LALPATHLAB,KEEP,,79.1449805432912,2026-10-07,c0.003
MANKIND,KEEP,,72.4657636758213,2026-10-07,c0.003
KOTAKBANK,KEEP,,89.17229476913866,2026-10-07,c0.003
IPCALAB,KEEP,,74.58172753124299,2026-10-07,c0.003
PETRONET,KEEP,,82.15309997754994,2026-10-07,c0.003
GESHIP,KEEP,,75.7472592232283,2026-10-07,c0.003
GLAND,KEEP,,84.46877572401408,2026-10-07,c0.003
AJANTPHARM,KEEP,,78.37690825413456,2026-10-07,c0.003
BHEL,WATCH,CHURN_GUARD,80.202752001796,2026-10-07,c0.003
RADICO,WATCH,CHURN_GUARD,79.11125869939384,2026-10-07,c0.003
PVRINOX,WATCH,CHURN_GUARD,78.56787398039361,2026-10-07,c0.003
SAILIFE,WATCH,CHURN_GUARD,78.41455885654419,2026-10-07,c0.003
BALRAMCHIN,WATCH,CHURN_GUARD,77.95162014517697,2026-10-07,c0.003
ABDL,WATCH,CHURN_GUARD,76.95764424156252,2026-10-07,c0.003
PTCIL,WATCH,NOT_AFFORDABLE,76.88196886926588,2026-10-07,c0.003
KARURVYSYA,WATCH,CHURN_GUARD,75.82892127516276,2026-10-07,c0.003
MOTILALOFS,WATCH,CHURN_GUARD,75.21898151612662,2026-10-07,c0.003
TBOTEK,WATCH,CHURN_GUARD,74.97890630846366,2026-10-07,c0.003
CHENNPETRO,WATCH,STOP_TOO_WIDE,74.55520841128488,2026-10-07,c0.003
ETERNAL,WATCH,COOLDOWN,74.42167739280102,2026-10-07,c0.003
NAVINFLUOR,WATCH,CHURN_GUARD,74.32247624036519,2026-10-07,c0.003
AEGISLOG,WATCH,STOP_TOO_WIDE,74.3142445558632,2026-10-07,c0.003
NYKAA,WATCH,CHURN_GUARD,74.29366534460826,2026-10-07,c0.003
CASTROLIND,REPLACED,BY_MCX,70.18782848670828,2026-10-07,c0.006
MCX,ADD,REPLACES_CASTROLIND,81.49910199805431,2026-10-07,c0.006
LAURUSLABS,KEEP,,85.22931789268877,2026-10-07,c0.006
DIVISLAB,KEEP,,81.03504078425503,2026-10-07,c0.006
AUROPHARMA,KEEP,,71.75040223003816,2026-10-07,c0.006
WELSPUNLIV,KEEP,,79.63855421686746,2026-10-07,c0.006
LALPATHLAB,KEEP,,79.1449805432912,2026-10-07,c0.006
MANKIND,KEEP,,72.4657636758213,2026-10-07,c0.006
KOTAKBANK,KEEP,,89.17229476913866,2026-10-07,c0.006
IPCALAB,KEEP,,74.58172753124299,2026-10-07,c0.006
PETRONET,KEEP,,82.15309997754994,2026-10-07,c0.006
GESHIP,KEEP,,75.7472592232283,2026-10-07,c0.006
GLAND,KEEP,,84.46877572401408,2026-10-07,c0.006
AJANTPHARM,KEEP,,78.37690825413456,2026-10-07,c0.006
BHEL,WATCH,CHURN_GUARD,80.202752001796,2026-10-07,c0.006
RADICO,WATCH,CHURN_GUARD,79.11125869939384,2026-10-07,c0.006
PVRINOX,WATCH,CHURN_GUARD,78.56787398039361,2026-10-07,c0.006
SAILIFE,WATCH,CHURN_GUARD,78.41455885654419,2026-10-07,c0.006
BALRAMCHIN,WATCH,CHURN_GUARD,77.95162014517697,2026-10-07,c0.006
ABDL,WATCH,CHURN_GUARD,76.95764424156252,2026-10-07,c0.006
PTCIL,WATCH,NOT_AFFORDABLE,76.88196886926588,2026-10-07,c0.006
KARURVYSYA,WATCH,CHURN_GUARD,75.82892127516276,2026-10-07,c0.006
MOTILALOFS,WATCH,CHURN_GUARD,75.21898151612662,2026-10-07,c0.006
TBOTEK,WATCH,CHURN_GUARD,74.97890630846366,2026-10-07,c0.006
CHENNPETRO,WATCH,STOP_TOO_WIDE,74.55520841128488,2026-10-07,c0.006
ETERNAL,WATCH,COOLDOWN,74.42167739280102,2026-10-07,c0.006
NAVINFLUOR,WATCH,CHURN_GUARD,74.32247624036519,2026-10-07,c0.006
AEGISLOG,WATCH,STOP_TOO_WIDE,74.3142445558632,2026-10-07,c0.006
NYKAA,WATCH,CHURN_GUARD,74.29366534460826,2026-10-07,c0.006
CASTROLIND,REPLACED,BY_MCX,70.18782848670828,2026-10-07,c0.010
MCX,ADD,REPLACES_CASTROLIND,81.49910199805431,2026-10-07,c0.010
LAURUSLABS,KEEP,,85.22931789268877,2026-10-07,c0.010
DIVISLAB,KEEP,,81.03504078425503,2026-10-07,c0.010
AUROPHARMA,KEEP,,71.75040223003816,2026-10-07,c0.010
WELSPUNLIV,KEEP,,79.63855421686746,2026-10-07,c0.010
LALPATHLAB,KEEP,,79.1449805432912,2026-10-07,c0.010
MANKIND,KEEP,,72.4657636758213,2026-10-07,c0.010
KOTAKBANK,KEEP,,89.17229476913866,2026-10-07,c0.010
IPCALAB,KEEP,,74.58172753124299,2026-10-07,c0.010
PETRONET,KEEP,,82.15309997754994,2026-10-07,c0.010
GESHIP,KEEP,,75.7472592232283,2026-10-07,c0.010
GLAND,KEEP,,84.46877572401408,2026-10-07,c0.010
AJANTPHARM,KEEP,,78.37690825413456,2026-10-07,c0.010
BHEL,WATCH,CHURN_GUARD,80.202752001796,2026-10-07,c0.010
RADICO,WATCH,CHURN_GUARD,79.11125869939384,2026-10-07,c0.010
PVRINOX,WATCH,CHURN_GUARD,78.56787398039361,2026-10-07,c0.010
SAILIFE,WATCH,CHURN_GUARD,78.41455885654419,2026-10-07,c0.010
BALRAMCHIN,WATCH,CHURN_GUARD,77.95162014517697,2026-10-07,c0.010
ABDL,WATCH,CHURN_GUARD,76.95764424156252,2026-10-07,c0.010
PTCIL,WATCH,NOT_AFFORDABLE,76.88196886926588,2026-10-07,c0.010
KARURVYSYA,WATCH,CHURN_GUARD,75.82892127516276,2026-10-07,c0.010
MOTILALOFS,WATCH,CHURN_GUARD,75.21898151612662,2026-10-07,c0.010
TBOTEK,WATCH,CHURN_GUARD,74.97890630846366,2026-10-07,c0.010
CHENNPETRO,WATCH,STOP_TOO_WIDE,74.55520841128488,2026-10-07,c0.010
ETERNAL,WATCH,COOLDOWN,74.42167739280102,2026-10-07,c0.010
NAVINFLUOR,WATCH,CHURN_GUARD,74.32247624036519,2026-10-07,c0.010
AEGISLOG,WATCH,STOP_TOO_WIDE,74.3142445558632,2026-10-07,c0.010
NYKAA,WATCH,CHURN_GUARD,74.29366534460826,2026-10-07,c0.010
CASTROLIND,REPLACED,BY_MCX,70.18782848670828,2026-10-07,frac0.006
MCX,ADD,REPLACES_CASTROLIND,81.49910199805431,2026-10-07,frac0.006
LAURUSLABS,KEEP,,85.22931789268877,2026-10-07,frac0.006
DIVISLAB,KEEP,,81.03504078425503,2026-10-07,frac0.006
AUROPHARMA,KEEP,,71.75040223003816,2026-10-07,frac0.006
WELSPUNLIV,KEEP,,79.63855421686746,2026-10-07,frac0.006
LALPATHLAB,KEEP,,79.1449805432912,2026-10-07,frac0.006
MANKIND,KEEP,,72.4657636758213,2026-10-07,frac0.006
KOTAKBANK,KEEP,,89.17229476913866,2026-10-07,frac0.006
IPCALAB,KEEP,,74.58172753124299,2026-10-07,frac0.006
PETRONET,KEEP,,82.15309997754994,2026-10-07,frac0.006
GESHIP,KEEP,,75.7472592232283,2026-10-07,frac0.006
GLAND,KEEP,,84.46877572401408,2026-10-07,frac0.006
AJANTPHARM,KEEP,,78.37690825413456,2026-10-07,frac0.006
BHEL,WATCH,CHURN_GUARD,80.202752001796,2026-10-07,frac0.006
RADICO,WATCH,CHURN_GUARD,79.11125869939384,2026-10-07,frac0.006
PVRINOX,WATCH,CHURN_GUARD,78.56787398039361,2026-10-07,frac0.006
SAILIFE,WATCH,CHURN_GUARD,78.41455885654419,2026-10-07,frac0.006
BALRAMCHIN,WATCH,CHURN_GUARD,77.95162014517697,2026-10-07,frac0.006
ABDL,WATCH,CHURN_GUARD,76.95764424156252,2026-10-07,frac0.006
PTCIL,WATCH,NOT_AFFORDABLE,76.88196886926588,2026-10-07,frac0.006
KARURVYSYA,WATCH,CHURN_GUARD,75.82892127516276,2026-10-07,frac0.006
MOTILALOFS,WATCH,CHURN_GUARD,75.21898151612662,2026-10-07,frac0.006
TBOTEK,WATCH,CHURN_GUARD,74.97890630846366,2026-10-07,frac0.006
CHENNPETRO,WATCH,STOP_TOO_WIDE,74.55520841128488,2026-10-07,frac0.006
ETERNAL,WATCH,COOLDOWN,74.42167739280102,2026-10-07,frac0.006
NAVINFLUOR,WATCH,CHURN_GUARD,74.32247624036519,2026-10-07,frac0.006
AEGISLOG,WATCH,STOP_TOO_WIDE,74.3142445558632,2026-10-07,frac0.006
NYKAA,WATCH,CHURN_GUARD,74.29366534460826,2026-10-07,frac0.006
PNBHOUSING,ADD,FREE_SLOT,79.03824604859638,2026-10-08,c0.003
WELSPUNLIV,REPLACED,BY_PNB,66.36574074074075,2026-10-08,c0.003
PNB,ADD,REPLACES_WELSPUNLIV,78.52898678933711,2026-10-08,c0.003
LAURUSLABS,KEEP,,79.4052744357946,2026-10-08,c0.003
DIVISLAB,KEEP,,77.05959542344894,2026-10-08,c0.003
AUROPHARMA,KEEP,,71.30342258394276,2026-10-08,c0.003
LALPATHLAB,KEEP,,73.85743492962177,2026-10-08,c0.003
KOTAKBANK,KEEP,,88.61386333254698,2026-10-08,c0.003
IPCALAB,KEEP,,79.86052134937484,2026-10-08,c0.003
PETRONET,KEEP,,80.43701344656758,2026-10-08,c0.003
GESHIP,KEEP,,77.00086498387984,2026-10-08,c0.003
GLAND,KEEP,,80.89447196665878,2026-10-08,c0.003
AJANTPHARM,KEEP,,66.08737320122671,2026-10-08,c0.003
MCX,KEEP,,81.24503617205315,2026-10-08,c0.003
PTCIL,WATCH,NOT_AFFORDABLE,78.85886018715105,2026-10-08,c0.003
PVRINOX,WATCH,CHURN_GUARD,78.26241448454823,2026-10-08,c0.003
KARURVYSYA,WATCH,CHURN_GUARD,77.68793740662106,2026-10-08,c0.003
BALRAMCHIN,WATCH,STOP_TOO_WIDE,76.87617952347252,2026-10-08,c0.003
ABDL,WATCH,CHURN_GUARD,75.53358693087992,2026-10-08,c0.003
BHEL,WATCH,CHURN_GUARD,75.47151450813871,2026-10-08,c0.003
AZAD,WATCH,STOP_TOO_WIDE,74.39126759455847,2026-10-08,c0.003
MANKIND,WATCH,COOLDOWN,73.61823739875756,2026-10-08,c0.003
NAVINFLUOR,WATCH,CHURN_GUARD,73.60821144924117,2026-10-08,c0.003
RADICO,WATCH,CHURN_GUARD,73.21105606668239,2026-10-08,c0.003
CHENNPETRO,WATCH,STOP_TOO_WIDE,72.25800110088856,2026-10-08,c0.003
CYIENT,WATCH,CHURN_GUARD,72.09444051269953,2026-10-08,c0.003
MOTILALOFS,WATCH,CHURN_GUARD,71.90861641896673,2026-10-08,c0.003
CPPLUS,WATCH,STOP_TOO_WIDE,71.713798458756,2026-10-08,c0.003
SONACOMS,WATCH,CHURN_GUARD,71.50674294251789,2026-10-08,c0.003
PNBHOUSING,ADD,FREE_SLOT,79.03824604859638,2026-10-08,c0.006
WELSPUNLIV,REPLACED,BY_PNB,66.36574074074075,2026-10-08,c0.006
PNB,ADD,REPLACES_WELSPUNLIV,78.52898678933711,2026-10-08,c0.006
LAURUSLABS,KEEP,,79.4052744357946,2026-10-08,c0.006
DIVISLAB,KEEP,,77.05959542344894,2026-10-08,c0.006
AUROPHARMA,KEEP,,71.30342258394276,2026-10-08,c0.006
LALPATHLAB,KEEP,,73.85743492962177,2026-10-08,c0.006
KOTAKBANK,KEEP,,88.61386333254698,2026-10-08,c0.006
IPCALAB,KEEP,,79.86052134937484,2026-10-08,c0.006
PETRONET,KEEP,,80.43701344656758,2026-10-08,c0.006
GESHIP,KEEP,,77.00086498387984,2026-10-08,c0.006
GLAND,KEEP,,80.89447196665878,2026-10-08,c0.006
AJANTPHARM,KEEP,,66.08737320122671,2026-10-08,c0.006
MCX,KEEP,,81.24503617205315,2026-10-08,c0.006
PTCIL,WATCH,NOT_AFFORDABLE,78.85886018715105,2026-10-08,c0.006
PVRINOX,WATCH,CHURN_GUARD,78.26241448454823,2026-10-08,c0.006
KARURVYSYA,WATCH,CHURN_GUARD,77.68793740662106,2026-10-08,c0.006
BALRAMCHIN,WATCH,STOP_TOO_WIDE,76.87617952347252,2026-10-08,c0.006
ABDL,WATCH,CHURN_GUARD,75.53358693087992,2026-10-08,c0.006
BHEL,WATCH,CHURN_GUARD,75.47151450813871,2026-10-08,c0.006
AZAD,WATCH,STOP_TOO_WIDE,74.39126759455847,2026-10-08,c0.006
MANKIND,WATCH,COOLDOWN,73.61823739875756,2026-10-08,c0.006
NAVINFLUOR,WATCH,CHURN_GUARD,73.60821144924117,2026-10-08,c0.006
RADICO,WATCH,CHURN_GUARD,73.21105606668239,2026-10-08,c0.006
CHENNPETRO,WATCH,STOP_TOO_WIDE,72.25800110088856,2026-10-08,c0.006
CYIENT,WATCH,CHURN_GUARD,72.09444051269953,2026-10-08,c0.006
MOTILALOFS,WATCH,CHURN_GUARD,71.90861641896673,2026-10-08,c0.006
CPPLUS,WATCH,STOP_TOO_WIDE,71.713798458756,2026-10-08,c0.006
SONACOMS,WATCH,CHURN_GUARD,71.50674294251789,2026-10-08,c0.006
PNBHOUSING,ADD,FREE_SLOT,79.03824604859638,2026-10-08,c0.010
WELSPUNLIV,REPLACED,BY_PNB,66.36574074074075,2026-10-08,c0.010
PNB,ADD,REPLACES_WELSPUNLIV,78.52898678933711,2026-10-08,c0.010
LAURUSLABS,KEEP,,79.4052744357946,2026-10-08,c0.010
DIVISLAB,KEEP,,77.05959542344894,2026-10-08,c0.010
AUROPHARMA,KEEP,,71.30342258394276,2026-10-08,c0.010
LALPATHLAB,KEEP,,73.85743492962177,2026-10-08,c0.010
KOTAKBANK,KEEP,,88.61386333254698,2026-10-08,c0.010
IPCALAB,KEEP,,79.86052134937484,2026-10-08,c0.010
PETRONET,KEEP,,80.43701344656758,2026-10-08,c0.010
GESHIP,KEEP,,77.00086498387984,2026-10-08,c0.010
GLAND,KEEP,,80.89447196665878,2026-10-08,c0.010
AJANTPHARM,KEEP,,66.08737320122671,2026-10-08,c0.010
MCX,KEEP,,81.24503617205315,2026-10-08,c0.010
PTCIL,WATCH,NOT_AFFORDABLE,78.85886018715105,2026-10-08,c0.010
PVRINOX,WATCH,CHURN_GUARD,78.26241448454823,2026-10-08,c0.010
KARURVYSYA,WATCH,CHURN_GUARD,77.68793740662106,2026-10-08,c0.010
BALRAMCHIN,WATCH,STOP_TOO_WIDE,76.87617952347252,2026-10-08,c0.010
ABDL,WATCH,CHURN_GUARD,75.53358693087992,2026-10-08,c0.010
BHEL,WATCH,CHURN_GUARD,75.47151450813871,2026-10-08,c0.010
AZAD,WATCH,STOP_TOO_WIDE,74.39126759455847,2026-10-08,c0.010
MANKIND,WATCH,COOLDOWN,73.61823739875756,2026-10-08,c0.010
NAVINFLUOR,WATCH,CHURN_GUARD,73.60821144924117,2026-10-08,c0.010
RADICO,WATCH,CHURN_GUARD,73.21105606668239,2026-10-08,c0.010
CHENNPETRO,WATCH,STOP_TOO_WIDE,72.25800110088856,2026-10-08,c0.010
CYIENT,WATCH,CHURN_GUARD,72.09444051269953,2026-10-08,c0.010
MOTILALOFS,WATCH,CHURN_GUARD,71.90861641896673,2026-10-08,c0.010
CPPLUS,WATCH,STOP_TOO_WIDE,71.713798458756,2026-10-08,c0.010
SONACOMS,WATCH,CHURN_GUARD,71.50674294251789,2026-10-08,c0.010
PNBHOUSING,ADD,FREE_SLOT,79.03824604859638,2026-10-08,frac0.006
WELSPUNLIV,REPLACED,BY_PNB,66.36574074074075,2026-10-08,frac0.006
PNB,ADD,REPLACES_WELSPUNLIV,78.52898678933711,2026-10-08,frac0.006
LAURUSLABS,KEEP,,79.4052744357946,2026-10-08,frac0.006
DIVISLAB,KEEP,,77.05959542344894,2026-10-08,frac0.006
AUROPHARMA,KEEP,,71.30342258394276,2026-10-08,frac0.006
LALPATHLAB,KEEP,,73.85743492962177,2026-10-08,frac0.006
KOTAKBANK,KEEP,,88.61386333254698,2026-10-08,frac0.006
IPCALAB,KEEP,,79.86052134937484,2026-10-08,frac0.006
PETRONET,KEEP,,80.43701344656758,2026-10-08,frac0.006
GESHIP,KEEP,,77.00086498387984,2026-10-08,frac0.006
GLAND,KEEP,,80.89447196665878,2026-10-08,frac0.006
AJANTPHARM,KEEP,,66.08737320122671,2026-10-08,frac0.006
MCX,KEEP,,81.24503617205315,2026-10-08,frac0.006
PTCIL,WATCH,NOT_AFFORDABLE,78.85886018715105,2026-10-08,frac0.006
PVRINOX,WATCH,CHURN_GUARD,78.26241448454823,2026-10-08,frac0.006
KARURVYSYA,WATCH,CHURN_GUARD,77.68793740662106,2026-10-08,frac0.006
BALRAMCHIN,WATCH,STOP_TOO_WIDE,76.87617952347252,2026-10-08,frac0.006
ABDL,WATCH,CHURN_GUARD,75.53358693087992,2026-10-08,frac0.006
BHEL,WATCH,CHURN_GUARD,75.47151450813871,2026-10-08,frac0.006
AZAD,WATCH,STOP_TOO_WIDE,74.39126759455847,2026-10-08,frac0.006
MANKIND,WATCH,COOLDOWN,73.61823739875756,2026-10-08,frac0.006
NAVINFLUOR,WATCH,CHURN_GUARD,73.60821144924117,2026-10-08,frac0.006
RADICO,WATCH,CHURN_GUARD,73.21105606668239,2026-10-08,frac0.006
CHENNPETRO,WATCH,STOP_TOO_WIDE,72.25800110088856,2026-10-08,frac0.006
CYIENT,WATCH,CHURN_GUARD,72.09444051269953,2026-10-08,frac0.006
MOTILALOFS,WATCH,CHURN_GUARD,71.90861641896673,2026-10-08,frac0.006
CPPLUS,WATCH,STOP_TOO_WIDE,71.713798458756,2026-10-08,frac0.006
SONACOMS,WATCH,CHURN_GUARD,71.50674294251789,2026-10-08,frac0.006
